2,-18.352,-19.429,6.305
2,46.761,24.901,-0.740
3,42.050,28.721,-0.095
2,-32.047,25.425,5.649
2,34.054,-20.270,0.428
2,23.532,22.987,0.262
2,36.795,22.672,-0.693
2,-12.812,33.096,2.157
2,-16.498,15.588,3.770
2,-0.574,-5.074,3.954
4,26.917,-2.375,-1.176
2,26.735,8.000,-1.193
2,-1.234,30.469,-0.033
2,-4.644,-48.812,4.076
2,-2.504,45.425,0.890
2,17.699,-11.549,1.467
2,20.846,11.839,-0.274
2,-27.184,25.931,5.343
2,-29.748,6.187,5.922
2,-29.895,-12.866,6.514
2,-0.863,28.061,0.010
2,12.769,42.344,-1.441
7,-29.133,-18.385,-5.617
2,20.744,-22.247,2.803
2,-0.568,-37.067,4.513
2,-39.809,22.019,6.922
2,-7.440,0.859,3.746
2,44.559,-39.779,1.699
2,-39.240,20.999,6.899
2,10.337,31.925,51.945
2,24.368,-47.341,2.377
2,-29.477,-15.894,6.148
2,-1.120,7.157,2.294
2,-27.000,4.627,5.963
2,22.608,0.530,-1.993
2,11.058,-46.165,2.304
2,-43.933,10.261,8.274
4,22.045,-22.342,3.444
2,-25.441,-19.569,6.509
2,-10.060,-41.207,5.043
3,-20.842,19.316,4.622
2,27.578,-6.027,-1.380
2,-15.392,-31.770,5.467
4,-28.454,32.054,4.856
2,26.450,-17.719,1.905
2,37.483,43.414,-0.532
2,14.700,-39.179,2.352
2,21.126,23.350,0.445
2,-9.279,-33.153,5.513
4,15.496,-30.713,2.729
2,32.296,-0.150,-2.163
2,-35.900,-16.931,5.283
2,-26.614,-3.042,6.359
2,27.190,-15.901,1.497
2,41.671,5.615,-1.802
2,-10.049,-27.098,6.079
4,30.417,32.913,1.355
4,32.505,43.473,0.087
2,-43.590,-8.705,6.430
4,-26.686,31.975,5.202
2,4.043,45.834,0.260
2,-36.617,19.262,6.525
4,42.123,-30.776,1.714
2,32.525,44.225,-0.577
2,-19.677,-8.075,5.401
2,3.744,-12.955,3.709
2,-26.623,23.328,5.063
2,16.076,-14.031,2.158
2,-19.947,-43.216,4.506
3,5.518,-17.635,4.327
2,-32.163,1.966,6.243
2,13.494,-5.913,0.298
2,31.828,-16.841,0.726
2,44.581,17.280,-1.857
3,42.287,-18.919,0.719
2,41.408,23.646,-0.706
2,34.087,-30.348,1.559
2,11.948,0.040,-0.911
2,21.905,19.382,0.520
2,-18.155,-14.791,6.061
4,-21.670,-9.886,6.737
2,-47.216,-2.874,7.448
2,48.791,15.365,-2.206
2,-30.742,29.262,4.723
2,-33.628,36.363,3.528
2,-48.016,-46.729,0.878
2,42.350,-31.156,1.102
2,11.898,-9.941,1.756
2,16.975,-16.299,2.692
2,4.639,-17.245,4.371
4,-0.422,12.658,2.756
2,1.419,-33.040,4.484
2,42.082,28.022,-0.330
3,-20.236,7.784,5.079
2,-25.781,-31.186,4.765
3,-36.244,-25.922,4.980
4,-43.311,-10.178,6.394
3,-16.488,-23.420,6.634
2,15.884,-31.356,2.205
2,27.799,-17.049,1.554
2,-8.171,40.950,1.046
2,-32.110,19.338,5.692
2,11.057,-23.659,3.055
2,23.013,-3.420,-1.373
2,18.105,-25.281,2.407
2,44.786,-0.952,-2.532
2,-3.725,-30.042,5.538
2,31.652,-11.760,0.551
3,-19.917,19.551,4.447
2,41.954,28.627,-0.241
3,42.001,21.858,-0.937
2,1.711,7.260,1.832
2,-17.942,24.543,4.042
2,36.231,-21.104,-0.025
2,-45.744,-24.295,2.642
4,27.512,-2.757,-1.023
7,8.340,34.946,7.081
3,-0.634,13.538,2.200
4,-1.418,13.179,2.476
2,-30.058,-47.041,3.104
2,-46.459,16.021,8.825
3,25.953,37.046,0.695
2,-27.380,11.214,5.471
2,-31.135,44.519,2.662
2,-25.558,2.707,6.257
4,-36.860,-36.714,2.952
2,49.033,39.483,-0.193
2,-23.064,13.526,4.514
2,-25.096,28.832,5.176
2,22.837,-16.401,2.058
2,-3.512,-7.717,4.890
4,41.280,18.020,-0.986
2,15.070,-31.550,1.992
2,-18.171,-28.950,5.586
2,-12.199,6.500,3.099
2,40.189,-29.796,1.112
2,35.338,8.218,-1.843
2,-11.128,14.040,3.235
2,2.263,-32.698,4.458
2,-15.847,9.753,3.568
7,21.023,26.123,3.764
2,-49.090,6.250,8.437
2,-12.579,43.495,1.661
4,7.704,21.796,0.422
2,-39.090,-2.481,7.254
4,39.845,-17.111,0.985
2,28.139,14.295,-0.163
7,-60.204,-4.112,-44.567
3,14.613,-28.762,2.795
2,-33.770,-19.018,5.088
2,-35.462,-35.485,3.172
2,-32.275,-43.968,2.449
2,16.472,46.463,-0.862
4,-26.292,33.179,5.198
2,-6.567,-22.732,5.855
2,34.058,24.818,0.008
2,21.383,33.222,51.945
2,49.230,24.780,-0.527
2,1.966,-46.874,3.528
2,-12.373,37.525,2.197
2,-26.317,-25.163,5.685
4,-36.103,-36.021,3.022
2,-6.784,1.065,3.705
2,30.427,-30.154,2.473
2,48.109,-49.998,1.270
2,-2.115,22.141,0.938
2,-6.363,-31.141,5.876
2,-34.847,-18.037,5.263
3,41.427,28.277,0.044
2,13.775,28.204,51.945
2,-11.550,40.523,1.716
2,46.896,-25.769,1.536
2,8.699,-13.545,3.027
2,-22.932,-39.797,4.006
4,-21.417,41.306,2.826
2,36.041,16.279,-1.199
2,-13.192,-8.149,5.437
4,40.835,16.597,-0.603
3,6.748,22.252,0.233
2,-24.533,28.470,5.059
2,-37.495,32.129,4.167
2,-25.702,12.643,4.753
2,6.983,-24.052,4.370
2,-39.959,32.905,4.339
2,27.616,40.355,-0.515
2,29.176,13.753,0.054
2,26.245,36.589,0.280
2,0.890,7.558,2.071
3,-43.617,-9.495,6.402
2,-11.586,25.223,3.664
2,-9.069,45.955,1.365
2,21.487,29.068,51.945
2,-2.459,44.863,0.674
2,45.076,-38.603,1.805
2,29.998,21.669,0.304
2,4.228,-34.050,3.931
2,-5.391,-31.632,5.910
2,-21.542,30.713,3.904
2,-36.279,-25.062,4.642
2,-22.466,-32.129,4.795
4,-23.933,-20.078,7.595
3,10.164,37.847,23.229
2,-6.194,-8.647,5.820
2,45.967,8.803,-2.795
2,30.600,31.045,0.458
2,-43.337,-8.886,6.046
2,-23.331,17.409,4.215
2,-20.074,28.223,4.270
2,-0.523,34.749,-0.732
2,5.728,-3.336,2.007
2,44.012,-46.577,1.973
2,12.781,19.349,0.291
2,7.893,-4.351,1.509
2,4.995,-18.015,4.320
2,25.073,31.551,0.408
2,8.041,23.858,-0.537
2,-26.887,-0.179,6.599
4,-2.930,22.259,2.098
2,-2.620,-32.743,5.122
4,38.344,-19.929,0.859
2,44.456,38.295,0.352
3,-23.512,-10.044,6.476
2,46.770,-29.423,1.257
2,2.711,-21.217,4.891
2,-29.246,-11.110,6.401
2,41.514,48.733,-0.760
2,28.290,14.206,-0.166
3,-16.530,-22.588,6.537
4,-5.884,-33.194,5.962
4,-16.275,32.169,4.364
2,29.677,25.798,0.223
3,-16.242,-22.970,6.538
2,-6.758,-8.180,5.695
2,7.256,-27.918,3.998
7,21.482,26.593,5.904
2,43.640,-33.008,1.572
2,29.760,-44.758,3.277
2,-11.554,5.718,3.186
2,45.043,-45.132,1.480
4,41.642,-30.859,1.680
7,8.788,35.577,3.451
2,-12.293,-36.510,5.762
3,33.546,7.170,-1.507
3,21.123,-36.526,2.895
3,42.141,29.560,-0.082
2,-26.386,-24.531,5.786
2,-46.078,-18.957,3.856
3,-43.808,-9.628,5.959
2,-25.301,27.906,4.940
2,24.880,36.185,0.077
2,35.160,14.422,-0.935
2,18.551,-35.992,2.364
2,-46.856,-28.302,1.974
2,-7.299,-8.131,5.784
2,-5.724,-35.179,5.125
4,-27.155,30.962,5.078
2,32.278,43.836,-0.177
7,86.484,60.679,-28.808
2,35.748,48.945,-1.556
2,-14.167,15.864,3.606
3,-5.408,-33.454,5.683
2,-1.844,49.591,1.880
2,29.535,10.878,-0.727
2,35.339,-0.254,-2.316
2,-46.418,26.528,6.763
2,-26.912,-11.496,6.497
3,23.964,-3.624,-1.383
2,-7.350,19.688,2.411
7,23.864,30.882,18.385
2,-16.188,18.693,3.966
2,40.109,47.450,-0.892
2,-9.231,42.144,1.169
2,-14.339,27.063,3.412
4,-3.338,1.838,3.696
2,4.344,-5.574,2.390
2,-12.430,-13.898,6.120
4,-28.509,-18.626,7.689
2,-35.803,-40.893,1.976
2,-5.916,-45.623,4.333
2,11.660,-41.541,2.943
2,-33.472,-26.927,4.557
2,-36.499,-25.447,4.627
2,39.095,9.301,-1.818
2,-22.987,-32.396,4.725
3,-27.823,31.797,4.696
2,28.720,-1.315,-1.977
2,-4.369,-30.654,5.709
2,-35.726,-37.099,2.429
3,-6.998,-19.448,6.392
3,-24.713,28.597,5.148
2,17.154,24.088,0.092
2,-28.300,-6.918,6.008
2,46.878,6.697,-2.808
2,25.106,-0.677,-2.487
2,-34.455,36.977,3.379
2,11.647,-48.387,1.967
2,-13.926,23.922,4.065
3,-43.472,-9.535,6.021
2,16.080,-43.151,2.804
4,16.386,-31.962,2.795
2,47.801,4.464,-3.086
2,4.547,-37.385,3.632
2,-2.931,23.718,1.016
2,23.876,36.118,-0.103
4,15.540,-30.654,2.720
2,-34.316,35.924,3.538
2,8.677,-37.097,2.955
2,2.817,-30.540,4.795
2,48.601,40.166,0.011
3,-19.925,19.105,4.594
2,23.402,-26.037,2.497
2,-36.183,39.641,2.860
2,47.033,-16.869,0.274
7,10.169,37.894,19.640
2,-33.186,-23.859,4.862
2,-33.997,-29.111,4.111
2,7.603,-35.451,3.075
7,36.597,36.567,-10.700
2,43.065,7.773,-2.159
2,16.488,-16.045,2.633
2,6.780,41.390,-0.480
3,28.773,13.877,0.485
2,32.293,44.091,-0.248
2,-35.687,11.007,6.569
2,-27.157,35.916,3.264
2,-34.747,-46.227,2.081
2,-16.220,-22.250,6.493
2,1.260,-38.385,4.340
2,13.665,-11.739,2.077
2,-46.325,-27.068,2.109
2,7.747,20.215,0.503
2,-20.439,20.158,4.386
3,41.397,29.026,0.008
2,1.875,-48.482,3.413
3,-16.198,-23.118,6.707
2,28.395,3.482,-1.840
2,2.569,47.622,0.902
2,-5.045,-8.434,5.782
2,-5.684,-7.627,5.829
2,-0.016,-30.860,4.954
2,19.524,-37.387,2.607
2,39.837,-36.555,1.982
2,2.098,5.463,1.748
2,18.660,47.708,-0.924
4,-26.383,31.737,4.944
2,-21.279,32.169,3.519
2,48.159,-43.960,1.562
2,34.505,40.673,-0.054
2,4.470,-16.899,4.375
2,-16.476,5.583,4.121
2,45.299,-29.496,1.221
2,-29.233,38.951,2.628
2,9.817,-21.277,3.226
2,42.214,29.039,-0.148
3,12.906,-30.827,2.581
2,-34.098,-40.903,2.183
2,-17.587,-23.633,5.965
4,-43.607,-9.979,6.548
4,-43.466,-9.835,6.247
3,26.805,36.237,0.439
2,12.878,0.666,-1.017
2,41.966,29.981,-0.263
2,-9.462,-14.062,5.928
2,-19.568,8.300,4.769
2,-24.696,3.040,6.011
2,32.274,42.140,-0.226
2,32.679,44.444,-0.193
4,-16.080,-23.023,6.547
2,-34.402,9.467,6.591
2,16.310,-48.571,2.579
2,-36.617,-37.281,2.482
2,0.116,-10.096,3.974
4,-22.596,-19.880,7.404
2,46.397,27.809,-0.522
2,-45.150,-20.007,3.865
2,-33.350,-2.754,6.591
2,-22.707,31.184,4.049
2,-25.693,27.916,5.145
2,26.935,-10.634,0.672
2,37.630,2.980,-1.924
3,-3.782,23.512,1.605
2,45.394,-19.540,0.941
2,-29.921,2.486,6.153
2,6.339,20.020,0.311
2,-1.047,12.892,1.845
3,32.649,43.975,0.059
2,40.875,17.453,-1.639
2,36.614,17.101,-1.299
2,-37.257,21.807,6.306
2,-19.444,-17.126,6.139
2,-0.568,7.822,2.193
2,-33.218,6.214,6.270
2,-44.603,-19.079,4.109
2,17.930,38.188,51.945
2,-4.936,-44.970,4.484
3,-15.651,-22.665,6.321
4,32.627,43.585,0.058
2,26.799,-12.697,1.414
2,-20.696,-34.213,4.723
2,-42.102,-8.700,6.228
2,-6.828,2.499,3.245
2,-5.545,-31.853,5.786
2,9.176,-9.350,2.211
2,15.710,33.082,51.945
2,10.952,23.659,-0.620
2,47.630,46.652,0.551
4,-21.533,41.882,2.746
2,-19.810,8.727,4.595
2,8.031,-17.151,3.382
2,-31.000,-28.481,4.142
2,31.126,27.620,0.357
2,32.529,3.265,-2.447
2,4.122,41.258,-0.239
2,19.220,15.810,0.213
2,28.851,12.971,0.025
2,-24.789,29.215,4.785
2,-7.439,-46.044,4.432
2,34.627,-0.098,-2.334
2,-37.480,44.643,2.780
3,41.443,29.523,-0.019
2,45.051,-9.721,-0.792
2,33.005,44.246,-0.601
2,-23.920,17.810,4.305
2,47.650,15.888,-1.933
4,-36.240,-25.831,5.185
2,-25.153,-12.974,6.875
4,-37.020,-36.872,2.790
2,28.376,12.977,-0.146
2,14.486,36.206,51.945
2,13.091,14.999,0.024
2,-5.283,-0.488,3.951
2,-20.128,8.187,4.611
2,-15.008,-22.868,5.947
3,-6.527,-20.964,6.283
2,-43.697,49.136,1.482
2,-16.638,-22.630,6.115
2,-1.451,15.158,2.010
2,-8.835,-5.750,5.269
2,47.522,41.688,0.093
2,-32.607,16.332,5.851
2,-15.682,-22.800,6.031
2,36.682,24.251,-0.576
2,-8.869,-27.457,5.963
2,-10.663,-23.249,6.240
2,21.009,-39.216,2.938
2,-23.074,43.288,2.011
2,31.669,-29.284,2.181
2,28.131,14.864,-0.162
2,-19.007,-11.285,5.627
2,36.130,28.313,0.293
2,-17.838,-18.998,6.309
2,28.429,41.177,-0.692
2,38.705,11.661,-1.685
4,-36.433,-36.766,3.010
2,26.985,-23.861,2.177
2,24.032,39.499,-0.453
2,-45.253,18.137,8.448
2,-26.426,35.590,3.360
2,10.593,-7.420,1.342
3,41.557,29.064,0.082
2,-5.018,-16.573,5.564
2,-26.015,-35.194,3.754
2,-42.022,-24.438,3.207
2,-21.591,-11.280,5.862
2,-16.285,-27.707,5.704
2,18.573,18.237,-0.044
2,32.162,44.036,-0.185
2,-5.669,36.846,1.138
7,19.347,40.753,0.183
3,-44.004,-9.840,6.005
2,-26.623,25.395,5.426
2,37.255,-16.461,-0.322
2,21.321,-8.921,0.801
2,-9.149,2.635,3.473
2,32.092,44.340,-0.569
2,-16.674,32.899,2.889
4,41.613,18.054,-0.801
2,41.578,29.965,-0.242
2,-21.202,-13.475,5.806
2,-22.074,42.582,2.334
7,23.005,29.687,15.667
2,1.437,-14.041,4.298
4,8.758,30.710,0.145
2,31.267,28.994,0.404
2,-15.594,-23.047,6.250
4,-0.646,13.493,2.381
2,-16.486,0.529,4.342
2,-26.980,7.931,5.461
2,-44.491,-42.187,1.295
2,-49.916,-32.384,0.775
2,2.324,-22.585,5.150
2,5.267,36.839,-0.776
2,-31.515,-38.448,3.094
2,-46.331,13.645,8.701
2,-22.177,42.740,2.308
2,43.231,-19.113,0.795
2,-49.612,29.397,6.014
2,-46.574,-4.713,6.770
2,-27.090,30.839,4.305
4,41.815,-31.749,1.802
2,9.717,-29.321,3.230
2,34.237,2.201,-2.367
2,8.156,20.820,0.311
2,-18.590,-48.935,5.289
2,-30.494,-0.512,6.508
2,40.171,-19.411,0.052
2,22.749,-37.873,3.320
2,0.072,12.818,1.663
2,-34.244,37.343,3.428
4,31.787,7.117,-0.827
3,-0.290,13.746,1.916
2,-13.335,32.907,2.188
2,-47.942,-33.357,1.121
2,-16.271,-23.238,6.285
2,-5.620,-32.193,5.685
2,11.056,0.172,-0.538
2,-2.398,24.166,0.869
2,-32.804,-27.076,4.516
2,-15.869,-23.062,6.445
3,-35.641,-36.460,2.934
2,-34.624,38.763,2.853
3,-7.290,-19.323,6.421
2,-5.114,-32.309,5.828
4,41.691,-18.921,0.758
2,-17.117,-28.218,5.730
2,45.725,18.569,-1.533
4,-25.697,-20.132,7.868
2,28.667,9.012,-0.890
2,-20.252,20.188,4.152
2,-34.987,8.272,6.440
2,24.211,21.161,0.157
4,22.960,0.296,-1.168
4,40.559,-17.573,1.166
2,2.664,23.142,0.151
2,5.915,-12.962,3.446
2,-6.228,-8.564,5.610
3,-21.843,41.671,2.451
4,24.089,-16.374,2.686
2,-5.715,-31.693,5.944
4,42.183,18.399,-0.607
2,-20.602,20.420,4.519
2,27.218,-0.944,-2.110
4,-16.760,-23.359,6.700
2,-1.659,-40.797,4.390
2,-39.716,24.033,6.357
2,-12.282,10.194,3.403
2,32.339,7.560,-1.647
2,16.735,32.445,51.945
2,-2.557,33.494,0.119
3,19.401,26.875,51.945
2,1.878,8.422,1.743
3,41.731,29.318,0.058
2,-43.594,-9.501,6.010
2,-8.415,-42.879,4.956
2,-19.249,38.777,2.139
4,-36.146,-25.427,5.240
2,37.148,33.924,0.585
2,18.347,-26.508,2.532
2,3.230,-21.843,4.775
4,2.895,-1.517,3.087
2,43.104,48.226,-0.381
7,8.443,34.961,5.656
2,28.349,28.173,0.512
2,-33.614,31.702,3.992
2,-45.187,-10.461,5.267
2,-7.563,26.063,2.741
2,6.486,34.340,-0.651
2,-38.974,-3.191,7.129
4,-36.130,-25.832,5.015
2,-19.555,45.548,2.222
2,25.117,-29.981,2.790
2,29.545,-24.920,1.609
2,14.747,-31.747,2.291
2,17.882,40.831,-1.357
2,39.400,1.215,-2.026
3,0.081,13.685,2.199
3,43.315,22.606,-0.528
2,-11.404,15.302,3.317
3,-16.883,-23.175,6.552
2,28.125,-45.383,3.004
3,32.958,9.018,-0.974
7,23.394,30.129,0.252
2,-6.650,-19.608,6.171
2,36.294,2.514,-2.086
3,-18.927,6.915,4.802
2,3.384,-39.384,3.905
4,-23.237,-8.130,7.827
2,-35.532,39.506,2.771
2,2.723,32.643,-0.686
2,28.052,-33.409,3.047
3,-26.396,29.660,5.237
3,-43.458,-9.270,6.130
2,-4.252,24.120,1.453
2,-13.460,-15.119,6.187
2,28.025,-22.667,1.733
2,47.114,35.921,-0.137
4,-12.355,27.625,4.434
3,-20.849,40.382,2.177
2,-32.332,36.029,3.186
2,-6.539,28.328,2.139
2,41.648,-20.222,0.320
2,-16.365,27.745,3.620
2,-21.085,-34.811,4.551
2,-23.303,-15.080,6.289
2,28.951,12.394,-0.264
2,-27.919,-49.668,3.939
2,-2.155,-14.496,5.023
3,-1.256,13.100,1.985
2,-39.413,-25.261,3.864
2,-13.496,-40.307,5.221
2,3.616,13.235,1.380
3,-34.714,-5.795,6.931
2,-5.344,-32.666,5.839
2,8.649,-17.669,3.322
2,14.518,8.033,-1.197
2,-33.890,-47.291,2.324
2,-38.657,-11.260,5.486
2,-44.694,41.741,2.917
2,38.347,-28.510,1.120
3,28.886,13.988,0.249
2,39.885,6.671,-1.807
2,-13.381,-38.147,5.677
7,-47.896,12.337,-10.502
2,27.884,-20.952,1.637
2,4.680,15.981,1.120
2,-7.291,48.192,1.835
2,-16.690,-22.496,6.327
3,24.234,-3.457,-1.300
7,8.133,34.293,21.360
7,20.105,25.491,12.814
2,49.997,-1.124,-3.446
2,33.064,-13.936,0.254
2,32.417,44.553,-0.386
4,42.631,29.728,0.036
2,-3.647,-13.786,5.342
2,-34.598,15.148,6.181
2,-17.025,-17.706,6.080
2,10.002,-42.984,2.869
2,32.178,45.302,-0.837
7,20.972,26.058,9.350
2,18.173,22.439,0.101
2,-31.878,-34.258,3.013
4,31.822,6.618,-1.052
4,21.053,-22.939,3.387
2,-3.039,-47.663,4.141
2,5.825,-42.725,3.256
2,-15.524,46.812,2.309
2,43.359,-27.445,1.053
2,10.837,-11.770,2.621
2,39.139,4.705,-2.105
2,-15.494,-8.046,5.754
3,-9.885,-4.391,5.461
2,-43.822,-9.198,5.893
4,38.842,-17.081,1.510
2,34.205,14.870,-0.845
4,-21.101,-8.722,6.966
2,28.496,-46.240,2.733
4,41.116,18.369,-0.735
2,-44.214,-32.143,2.004
7,10.850,38.981,29.640
2,34.933,-42.178,2.988
3,13.141,-30.939,2.612
2,12.558,-10.841,2.041
3,31.932,44.452,-0.085
2,43.715,45.402,0.015
2,22.819,3.405,-2.034
2,-6.182,-19.846,5.955
2,-19.197,-4.984,5.073
2,-46.343,-13.110,4.391
2,15.875,35.932,51.945
3,26.394,35.256,0.471
2,-12.193,5.930,3.183
2,-22.198,-11.608,5.957
2,-20.620,-16.740,6.142
2,27.712,-40.393,3.370
2,7.268,-8.474,2.114
2,-35.443,-4.724,6.799
2,42.814,-38.959,2.044
2,-47.585,17.828,9.017
2,3.554,26.746,-0.347
2,-30.905,-26.812,4.703
2,39.081,24.188,-0.705
2,0.030,27.171,0.028
2,-41.357,36.743,3.945
2,-26.072,-11.889,6.860
2,-29.159,-24.347,5.432
3,42.382,-31.002,1.420
4,18.028,25.425,17.531
2,-6.936,-8.974,5.685
4,2.147,-1.542,3.339
2,8.560,26.222,-0.961
2,-33.519,36.607,3.512
3,20.204,-0.748,-1.131
2,48.812,19.492,-1.373
4,33.373,8.955,-0.840
2,45.967,-48.340,1.746
2,7.146,34.114,-0.618
2,-38.820,40.477,3.256
3,-20.489,42.835,2.616
4,3.562,-33.589,4.494
2,13.762,46.963,-0.644
2,5.661,16.896,1.043
2,32.989,8.619,-1.382
2,8.912,42.293,-0.676
7,16.513,25.515,11.906
2,-35.130,-5.166,6.688
2,42.401,22.271,-0.936
2,15.861,-18.300,3.307
2,12.702,43.136,-1.301
4,-36.643,-25.977,5.166
2,-31.438,-40.585,2.546
2,-25.341,-48.159,4.542
3,-43.446,-9.092,6.338
2,-42.557,-17.560,4.696
2,36.085,-37.400,2.120
2,-7.694,-7.738,5.727
2,-5.622,40.201,0.403
2,-9.162,-39.010,4.972
4,0.248,13.329,2.287
3,-19.240,7.268,4.891
2,2.806,-6.498,2.790
2,-11.201,0.691,4.150
2,17.142,-14.412,2.276
2,-19.598,6.633,4.582
3,-8.545,-3.904,5.068
2,39.859,24.171,-0.646
2,-7.977,17.163,2.483
2,33.384,17.889,-0.412
4,21.458,-5.789,-0.088
2,7.385,-24.405,4.318
2,35.482,-1.528,-1.939
2,-11.445,6.649,2.995
4,-19.438,43.062,2.755
3,4.411,-16.331,4.441
2,-12.069,-5.263,5.041
2,41.898,-43.920,2.125
2,-39.129,32.832,4.175
2,1.212,6.743,1.932
2,1.494,-18.426,4.766
4,-4.502,-19.530,6.357
4,5.495,22.534,0.498
2,14.516,6.272,-1.420
2,8.573,9.896,0.651
3,41.694,28.657,0.096
2,-1.165,6.380,2.398
2,-41.410,-49.866,0.876
2,10.485,-44.505,2.605
2,3.173,-28.980,4.942
2,-34.366,37.051,3.445
2,-22.708,-2.052,6.120
2,-9.326,-34.354,5.475
2,5.682,-21.484,4.028
2,18.861,17.717,-0.042
4,-35.523,-37.264,3.012
2,-29.746,41.442,2.580
3,-25.624,28.927,5.040
2,-22.839,31.731,3.927
3,-44.333,-9.382,6.301
4,10.158,37.835,23.947
2,-16.726,37.520,2.291
2,37.697,-6.731,-1.291
2,34.795,-15.639,0.053
4,-9.544,32.334,2.817
2,45.829,25.494,-0.726
4,32.899,44.018,0.138
2,5.251,-32.589,3.882
2,-43.116,34.749,4.429
4,19.513,-20.005,4.506
2,-5.884,17.077,2.121
2,24.051,-49.383,2.479
7,19.954,25.531,10.718
2,-4.572,44.718,0.998
2,1.457,-34.930,4.524
2,48.260,25.976,-0.598
2,5.709,6.132,0.550
2,44.744,1.837,-2.523
4,39.561,-17.435,1.591
3,-20.005,42.152,2.363
3,4.305,-34.712,4.162
7,9.441,29.699,0.775
2,-5.342,-31.968,5.687
2,29.037,-22.460,1.540
4,25.707,-1.127,-0.412
4,25.717,-0.026,-0.924
3,7.364,12.069,1.291
2,40.000,23.358,-0.786
4,-19.549,-8.343,7.076
3,27.354,14.589,0.137
2,-42.238,-34.946,1.763
3,28.379,14.575,0.321
2,6.167,-23.082,4.198
2,-11.994,-10.154,5.634
4,-35.649,-25.915,5.071
2,-29.234,6.491,5.922
2,-10.665,38.672,1.780
4,40.142,18.474,-0.462
3,-20.776,42.582,2.497
2,17.202,4.356,-1.525
2,-35.139,40.110,2.826
2,41.275,-2.453,-2.184
2,18.548,26.851,51.945
2,0.613,48.900,1.567
2,-11.049,14.890,3.250
2,-25.732,28.892,4.937
7,17.988,25.529,14.722
2,46.366,7.187,-2.707
4,11.113,26.724,0.244
2,-33.959,-0.962,6.668
4,40.577,-17.222,1.002
2,-34.178,-38.242,2.610
2,-27.546,23.879,5.176
2,11.196,-38.207,2.839
2,45.441,-22.131,1.055
3,8.845,21.670,0.335
2,-23.475,13.966,4.675
2,21.776,-13.745,1.916
3,8.187,22.161,0.061
2,-42.921,-7.071,6.621
2,-18.098,16.469,3.800
2,47.712,-5.673,-1.853
2,-1.024,-8.951,4.243
2,-34.638,37.185,3.335
2,-10.472,41.044,1.508
2,-39.739,-15.145,4.947
2,-37.938,32.603,4.116
7,9.803,37.208,7.507
2,12.844,47.141,-0.359
3,-21.631,40.694,2.127
2,7.840,-3.804,1.491
2,43.238,-29.900,0.954
4,42.342,21.572,-0.107
7,22.486,28.358,7.250
2,42.163,-40.372,1.898
2,-40.258,12.085,7.479
2,36.644,25.150,-0.407
2,20.864,41.955,-1.293
2,29.689,-10.806,0.566
4,17.996,40.900,-0.637
3,-16.055,-23.090,6.574
4,4.878,-33.264,4.630
3,-15.719,-22.942,6.447
2,-20.122,19.805,4.484
7,18.066,25.510,18.936
7,24.485,32.009,17.694
2,21.424,16.813,0.191
2,29.127,27.372,0.258
2,27.430,-5.594,-1.268
2,-6.943,-6.472,5.834
2,6.420,21.288,0.066
2,17.909,33.294,51.945
2,-16.254,-11.252,5.855
3,28.784,13.273,0.098
2,5.276,-0.906,1.740
2,-19.834,8.336,4.561
2,-45.018,32.429,5.082
2,-48.571,-44.589,0.959
4,-24.250,-8.305,7.756
3,0.005,13.433,2.180
2,-27.683,32.645,3.874
2,-43.539,-9.442,5.993
2,29.006,14.083,0.225
4,-36.396,-36.965,2.872
2,34.598,24.057,-0.213
2,-41.170,-1.409,7.343
4,-43.526,-9.553,6.436
2,-27.115,-26.293,5.224
2,16.303,-1.959,-0.900
2,-33.924,37.414,3.508
2,-7.918,-24.316,5.860
2,47.341,-23.785,1.651
2,48.874,21.521,-0.929
2,-49.596,11.383,9.213
3,-6.005,-18.760,6.320
4,39.507,-14.839,0.789
3,41.764,29.421,-0.009
4,41.248,16.809,-0.871
2,-18.946,-19.389,6.375
2,5.038,23.354,-0.252
2,42.791,26.894,-0.533
2,-6.244,32.088,1.464
2,43.224,-21.751,0.445
2,-8.481,9.830,2.488
2,10.497,23.264,-0.468
2,-11.901,-38.587,5.548
3,-28.670,31.473,4.710
3,-36.750,-35.711,2.757
2,25.359,6.514,-1.530
2,29.280,-49.095,2.569
2,47.552,-21.750,1.312
4,-20.804,-8.410,6.741
2,47.443,30.594,-0.756
4,12.551,12.359,0.383
2,38.180,-23.113,0.226
2,-16.521,17.638,3.883
2,-27.257,-46.754,3.877
2,16.835,17.498,0.187
4,37.942,-17.851,1.139
3,27.591,14.709,0.297
2,-6.031,38.634,0.973
4,-22.701,-19.566,7.396
2,36.026,-10.334,-0.713
2,-30.322,-1.125,6.482
2,-41.763,-49.056,0.936
2,-48.360,-13.456,3.879
2,15.123,2.931,-1.278
2,-13.221,-15.756,6.290
4,41.052,17.783,-1.174
2,-23.930,19.888,4.281
4,41.891,-30.474,1.608
2,-4.326,12.289,2.623
2,-47.114,-22.540,3.089
7,17.301,25.511,0.676
2,-21.646,48.400,2.518
4,-23.360,-19.509,7.405
2,12.795,-1.936,-0.305
2,-26.665,-12.532,6.871
2,33.091,47.039,-1.342
2,-23.501,-6.869,5.927
2,-36.404,-49.820,1.666
2,-40.457,35.619,4.022
2,-33.037,20.692,5.849
4,-26.281,-19.253,7.682
7,10.565,38.466,22.481
2,-21.656,-30.434,4.875
2,31.035,24.981,0.431
2,-9.037,-48.603,4.031
2,-3.774,41.663,0.128
2,-16.352,29.423,3.273
4,28.291,-0.133,-1.069
2,5.738,-17.908,4.129
4,22.514,28.459,28.899
4,24.145,3.388,-0.889
2,-47.360,40.954,3.127
2,-49.499,-9.547,4.991
2,39.964,42.150,0.313
2,-42.175,20.356,7.701
2,48.151,-4.871,-2.056
2,-8.212,-4.349,5.012
3,22.071,-1.957,-1.620
3,38.604,-17.223,0.125
2,-24.225,24.276,5.180
3,-9.544,-4.620,5.475
2,17.968,6.722,-1.599
2,-37.818,-32.897,2.641
2,18.714,-1.385,-1.529
3,32.357,44.485,0.101
2,-10.341,20.222,3.681
2,-19.799,42.312,2.206
2,42.088,17.907,-1.777
2,39.702,-47.297,2.744
2,-39.933,33.534,4.197
2,-5.504,-38.463,5.054
2,-48.069,45.971,2.154
2,-19.601,47.949,2.325
2,-46.631,-42.764,1.088
3,-0.084,13.257,2.053
2,16.710,34.756,51.945
2,7.020,-34.383,3.159
2,-34.226,37.079,3.412
2,-23.522,27.448,4.926
2,-29.639,-25.949,5.183
4,-36.597,-36.928,3.014
2,-13.536,35.778,2.312
2,-27.486,-25.465,5.505
2,5.521,-23.309,4.362
4,42.953,29.811,0.095
2,-43.443,-9.070,5.923
2,4.264,46.612,0.506
2,-11.632,-43.131,4.806
2,-6.508,-31.642,5.874
2,3.715,-38.660,3.896
2,20.324,-38.709,2.692
2,-25.956,42.117,2.136
2,-28.267,-29.255,4.414
3,41.480,29.168,0.119
2,28.827,-9.430,0.259
2,21.129,-38.851,2.771
2,4.896,-4.157,2.151
2,-7.588,-6.920,5.771
2,-49.914,-1.157,8.055
3,12.974,-29.451,2.646
2,34.430,44.709,-1.132
4,40.274,17.793,-0.473
3,31.637,8.245,-1.175
2,-2.802,-2.218,3.896
2,35.493,-39.076,2.333
2,28.253,12.824,-0.068
2,10.240,-28.434,3.446
4,49.983,-24.655,2.304
2,24.843,-15.625,2.022
2,-49.854,10.287,9.124
2,-16.320,-18.026,6.097
2,35.404,-27.632,1.137
2,-6.298,-7.305,5.785
2,13.699,32.570,51.945
7,23.121,29.664,12.876
4,-23.599,-7.562,6.788
2,-14.676,-11.476,5.974
2,24.126,-39.637,3.365
2,19.547,-12.827,1.975
2,-34.147,36.295,3.324
7,21.433,26.643,12.880
2,-19.843,10.802,4.545
2,22.737,-30.392,2.524
4,21.797,-6.313,0.199
2,12.368,-30.484,2.723
2,16.634,-7.760,0.424
4,21.173,-22.889,4.100
7,-23.607,6.062,-8.934
2,-4.052,25.225,1.343
2,-22.844,44.410,2.205
2,2.786,20.651,0.679
2,0.797,21.777,0.745
2,31.100,-23.290,1.107
2,-5.694,-4.573,4.844
7,35.109,-66.024,-0.978
2,24.820,27.230,0.557
2,-20.999,5.786,5.093
2,44.320,-48.632,2.124
2,-34.059,2.474,6.323
2,41.522,32.658,-0.131
2,9.933,12.412,0.403
2,-39.625,-17.983,4.693
4,27.527,12.834,0.425
2,-35.731,3.690,6.814
2,39.966,-48.931,2.861
2,-48.026,38.726,3.660
2,-16.340,35.402,2.285
4,-36.285,-25.590,5.344
2,-7.039,-6.592,5.822
2,-39.084,-39.776,1.460
2,-29.444,32.430,4.005
4,38.925,-18.179,1.310
2,-21.171,19.677,4.489
2,17.163,27.575,51.945
2,-44.075,-9.276,5.896
2,-5.870,4.710,2.736
2,-33.666,-8.626,6.165
2,6.024,22.023,0.471
2,10.555,13.478,0.409
2,30.712,-15.044,1.058
2,2.207,27.337,-0.010
2,-23.795,-8.597,5.955
3,42.236,29.032,0.032
2,9.999,-33.915,2.595
2,-12.399,42.524,1.495
2,49.194,31.667,-0.754
2,24.702,-34.276,3.176
2,-48.215,4.327,8.201
3,7.397,22.922,0.142
2,6.699,33.791,-0.638
2,-39.209,-14.766,4.898
2,-24.800,46.059,1.993
2,32.313,43.735,-0.552
2,34.654,6.277,-1.727
2,48.835,-36.005,1.327
4,40.918,-17.313,1.139
2,40.243,-47.986,2.721
2,-16.668,-22.398,6.031
2,24.456,14.585,-0.326
4,4.224,1.763,2.944
2,9.044,-11.916,2.637
2,-32.770,19.278,5.743
3,-21.835,-9.589,6.109
2,5.804,-6.218,2.024
2,-42.366,18.891,8.050
2,7.503,-37.082,3.013
3,-19.711,8.090,4.877
2,-45.976,-24.909,2.456
2,-36.134,-34.942,2.476
2,-43.224,14.584,8.271
2,21.374,34.117,51.945
7,-65.252,-40.265,-3.437
2,-8.019,-4.904,5.122
2,11.415,21.420,0.061
3,-38.636,17.005,7.364
2,15.162,-8.453,0.830
3,-21.161,19.514,4.443
2,27.777,0.994,-1.975
2,-28.496,-29.911,4.221
3,41.753,-31.127,1.499
2,-6.240,-0.309,3.967
3,41.571,28.377,-0.028
2,-29.936,38.280,2.658
3,-44.008,-9.060,6.360
2,-34.548,27.006,5.334
2,-23.786,-25.188,5.619
2,-23.202,25.202,5.017
2,3.300,-33.810,3.812
2,21.010,-42.746,3.039
4,24.329,-0.651,-0.642
2,-18.505,7.115,4.481
3,-6.669,-32.992,5.780
3,4.670,-34.923,4.098
2,9.961,-43.764,2.758
2,-13.871,-36.375,5.628
2,-32.412,37.322,3.136
2,-15.552,-9.071,5.929
2,-33.174,-34.683,3.095
3,-4.559,-7.650,5.740
2,19.705,18.804,0.043
2,-36.034,-15.924,5.334
2,-8.230,33.521,1.826
2,-26.973,-11.913,6.951
2,-17.542,-17.891,6.113
2,-25.415,-13.909,6.475
2,-11.498,-32.048,5.449
2,-42.555,-30.605,2.506
2,15.052,36.609,51.945
2,8.975,-25.760,3.938
3,43.075,21.092,-0.830
2,44.091,9.496,-2.513
2,1.668,16.060,1.572
3,-36.198,-25.802,4.845
2,-11.808,27.900,2.875
2,-17.124,-40.960,4.971
2,46.283,17.245,-1.761
2,22.119,31.287,51.945
2,-16.642,-22.773,6.433
4,40.935,17.523,-1.233
2,-3.983,-38.248,4.872
2,7.172,19.070,0.447
2,5.894,-14.220,3.436
2,-23.654,33.813,3.489
2,49.610,-44.736,1.662
2,-7.627,49.243,2.043
2,18.197,20.059,0.177
2,-15.995,-8.675,5.799
2,-23.314,-38.340,3.903
2,41.579,47.433,-0.657
2,-24.289,-43.389,3.779
2,-26.153,-5.445,6.197
2,-1.040,13.301,1.879
2,-25.369,-12.081,6.743
4,19.437,-16.384,3.310
2,17.328,7.912,-1.222
7,18.039,25.556,15.424
2,-30.519,32.806,3.774
2,4.587,-17.896,4.381
2,-28.669,-42.049,3.473
4,-25.674,-19.223,8.367
2,24.270,3.903,-1.898
2,-5.017,-36.242,5.088
7,23.420,30.196,12.826
2,-16.662,-19.236,6.116
2,20.088,-37.379,2.610
3,27.808,14.383,0.174
2,-48.093,-32.264,1.233
2,34.785,21.076,-0.530
4,42.472,-31.231,1.536
2,4.396,-35.196,3.749
2,-0.486,-46.467,4.009
2,-33.949,49.160,2.068
2,-34.851,0.346,6.700
2,-44.582,32.828,4.925
2,45.773,19.848,-1.308
2,-31.761,-37.770,3.191
2,13.276,48.478,-0.179
2,-20.510,7.563,4.969
7,16.512,25.500,-0.035
2,-23.648,-18.979,6.373
3,28.358,37.806,0.430
2,-47.226,-36.127,0.807
3,-4.699,-31.656,6.009
2,-29.945,-8.485,6.171
2,-3.936,5.206,2.791
4,42.284,-17.549,0.791
4,-26.104,-20.823,7.781
2,29.808,19.680,0.255
3,41.938,17.090,-1.614
3,-0.039,13.565,1.993
7,19.920,25.552,23.995
2,29.693,-28.280,2.148
2,34.771,12.764,-0.769
2,-21.516,42.591,2.405
2,-33.712,20.534,5.938
2,12.498,40.829,-1.571
2,-6.610,0.334,3.810
2,28.349,17.523,0.181
2,48.686,-48.655,1.207
2,-43.303,-9.587,5.827
2,13.694,-9.788,1.375
4,-1.161,-1.451,4.841
2,-34.675,-44.406,1.845
2,14.296,-42.123,2.876
2,-0.001,-2.971,3.304
2,39.836,1.682,-2.088
2,17.628,-32.005,1.976
2,48.231,38.561,-0.230
2,-44.153,28.692,5.624
2,2.542,-10.352,3.481
2,-0.870,14.336,1.835
2,31.929,-4.172,-1.085
3,-21.146,42.817,2.649
2,47.512,17.506,-1.603
2,1.036,-11.283,3.956
2,17.623,-33.531,1.987
2,49.829,42.107,0.243
2,9.860,17.428,0.531
2,7.283,30.476,-0.594
2,4.624,-46.011,3.107
2,-6.220,9.950,2.401
2,27.371,-11.543,0.976
2,-10.820,13.328,3.112
2,4.776,5.039,1.063
2,36.479,43.659,-0.641
2,-46.849,-2.371,7.465
2,-30.471,42.408,2.697
2,33.012,-34.512,2.053
2,4.833,7.445,1.161
2,8.725,-20.054,3.385
2,3.823,-41.023,3.693
2,-33.798,10.484,6.642
2,-49.612,18.806,9.010
4,-14.759,32.819,3.210
2,-7.546,-3.403,4.713
2,-24.662,32.931,3.912
2,-23.257,48.326,2.361
4,-19.989,7.664,5.211
3,-5.895,-19.086,6.275
2,-14.036,0.671,4.275
2,-24.031,-24.662,5.785
2,-7.853,9.866,2.360
2,40.471,-33.654,1.469
2,-11.971,8.091,3.195
3,5.331,-16.904,4.374
2,42.409,28.679,-0.242
2,44.959,37.788,0.324
2,-32.464,-10.058,6.048
4,-33.225,5.834,7.699
2,23.090,11.956,-0.281
2,-35.989,-1.415,6.995
2,-35.857,-25.265,4.476
3,-26.770,-19.714,6.460
2,-39.868,-21.044,3.934
2,-3.242,13.557,2.429
4,15.821,8.185,-0.487
3,42.824,23.023,-0.552
2,-36.021,-49.033,1.658
2,19.884,-14.314,2.251
2,-12.812,-30.075,5.632
2,1.019,-15.590,4.368
2,38.938,-17.079,-0.235
2,-10.527,-13.059,5.924
4,40.271,-16.809,1.221
2,15.971,-28.991,2.098
2,-31.047,49.924,1.836
2,-30.200,46.190,2.304
7,45.019,4.056,-10.768
1,8.451,35.024,20.611
2,22.674,-15.713,2.016
2,46.833,0.880,-2.994
2,9.667,-42.430,2.964
2,-26.244,49.490,2.300
2,39.570,-42.531,2.529
4,42.447,-30.952,1.733
2,-6.557,-14.526,5.769
2,-28.542,-26.522,4.990
2,-41.644,-3.470,6.963
2,-2.097,-40.250,4.532
2,-41.794,-34.395,1.931
2,34.756,7.028,-1.649
2,-18.994,2.201,4.720
2,46.129,40.116,0.167
7,15.965,25.528,11.112
2,-26.024,28.560,5.117
4,41.345,18.297,-1.005
4,40.591,17.481,-0.995
2,-44.248,-23.179,3.185
2,-23.139,8.895,4.783
2,33.829,-27.468,1.343
2,47.143,-31.676,1.509
2,-27.643,39.773,2.323
2,36.525,46.424,-1.378
4,-20.526,-9.344,6.935
4,13.055,-30.012,2.835
2,22.607,-37.162,3.219
2,-3.898,-29.358,5.721
2,37.366,29.237,0.317
2,47.580,28.501,-0.565
2,35.112,5.866,-1.893
2,-15.102,-33.316,5.497
2,-0.889,13.196,1.856
3,14.568,-31.177,2.450
2,-33.588,18.925,5.874
2,42.434,-18.641,0.698
2,-6.803,-49.537,3.864
2,-28.360,25.722,5.370
2,-0.395,29.281,-0.176
2,-8.479,-7.671,5.631
2,41.750,-10.126,-0.706
2,-10.786,29.323,2.571
2,-47.755,-46.195,0.952
2,11.125,-30.372,2.832
2,-17.088,19.582,3.966
2,-8.799,1.491,3.554
2,39.773,-30.724,1.127
4,24.621,0.945,-1.017
4,24.510,-5.921,-0.028
2,-26.105,-7.446,6.307
2,-13.487,-49.901,4.637
2,47.664,48.078,0.537
2,47.678,-37.933,1.431
4,41.513,-18.478,0.897
7,-29.380,-38.158,-11.194
2,-5.915,-46.264,4.241
2,16.794,3.800,-1.401
2,-17.194,3.821,4.255
2,25.297,-0.106,-2.680
2,-8.267,15.991,2.650
2,-20.865,45.903,2.269
2,10.090,-37.546,2.840
2,-8.412,-8.362,5.593
3,-7.973,-3.992,5.287
2,28.125,14.084,-0.163
2,-22.973,2.012,5.825
2,5.553,36.383,-0.824
2,3.609,-42.166,3.589
2,20.418,-13.065,2.025
2,-7.639,26.794,2.695
2,-31.086,49.363,1.984
2,-23.568,41.195,2.084
2,-14.311,-25.591,6.137
2,-42.680,25.525,6.405
2,-21.839,19.317,4.062
4,1.482,-1.433,4.269
2,17.324,17.874,0.104
2,1.010,46.042,0.706
2,-31.954,17.831,5.603
2,38.709,-34.403,1.531
2,7.538,20.789,0.105
2,32.307,0.884,-2.357
2,19.430,-49.473,2.761
2,-5.780,-7.216,5.692
2,40.344,13.278,-1.817
2,-20.139,9.693,4.761
4,41.200,16.474,-0.886
2,17.473,-3.092,-0.931
2,-14.932,23.954,3.900
3,-33.484,7.138,6.558
2,5.499,-42.173,3.349
4,-15.346,32.911,3.419
2,-37.250,-3.293,7.234
2,-32.683,-39.623,2.654
2,-39.264,5.461,7.099
2,-39.215,-9.148,6.129
2,-7.754,-39.768,5.275
2,29.514,36.449,-0.038
2,-49.958,-40.341,0.611
2,-26.517,28.241,5.055
3,42.896,21.878,-0.579
2,49.786,40.095,-0.117
3,4.965,-35.305,3.781
2,32.780,15.288,-0.529
2,36.875,-12.622,-0.763
2,-26.452,-41.423,3.588
2,14.961,-48.607,2.390
4,29.807,0.571,-1.551
2,26.628,1.686,-2.069
2,5.633,40.083,-0.458
2,-40.807,33.273,4.321
2,15.479,-31.802,2.180
2,-43.182,-39.025,1.238
2,-19.672,32.711,3.218
4,-13.933,28.135,3.689
2,44.710,25.674,-0.613
3,34.095,8.316,-1.046
2,-40.864,-41.871,1.349
3,-36.743,-36.584,2.835
2,42.449,13.258,-1.967
2,-15.434,12.466,3.909
2,47.265,-21.238,1.164
2,0.271,-13.383,4.386
2,-5.565,-8.416,5.674
2,27.520,-5.761,-1.315
2,-20.651,-40.495,4.274
3,-3.574,25.623,1.199
2,-19.634,14.674,4.132
2,32.958,-15.299,0.479
2,-26.224,21.366,4.815
4,42.692,23.092,-0.282
4,41.696,-14.619,0.780
3,-15.670,-23.004,6.421
2,-24.755,19.591,4.346
2,-5.407,-34.744,5.083
4,17.672,8.201,0.356
2,-28.737,-0.725,6.604
2,-20.082,37.120,2.459
4,-24.836,-21.072,7.572
2,-36.299,48.594,1.822
2,-18.563,-1.507,4.644
2,27.432,-43.566,3.166
2,21.861,-0.303,-1.864
2,-45.905,-18.355,3.910
2,-42.837,-28.548,2.866
2,38.129,44.445,-0.688
3,-35.782,-25.521,4.997
2,-34.528,32.380,3.843
2,33.985,42.461,-0.462
2,42.798,10.662,-2.076
4,-0.320,12.961,2.464
4,-22.587,-9.826,6.722
2,30.695,3.855,-2.210
2,34.726,-1.034,-2.099
2,-33.463,-49.851,2.483
2,-35.776,-25.699,4.720
2,-18.701,17.763,3.947
2,42.858,-13.067,-0.202
2,1.570,19.725,0.992
2,1.136,-7.665,3.525
7,42.029,9.952,-10.707
2,-6.840,-30.104,5.810
2,-30.603,35.633,3.088
2,-46.552,45.344,1.961
2,43.215,-1.723,-2.410
2,-38.035,27.343,5.184
2,-35.807,-37.934,2.342
2,-38.102,-9.342,5.958
2,-7.557,-18.023,6.256
2,23.199,23.447,0.436
2,35.806,13.952,-0.925
2,-39.005,-13.968,4.938
3,27.568,1.710,-1.550
4,20.652,25.524,6.578
2,-23.947,33.183,3.753
3,13.951,-29.961,2.496
3,20.889,-36.471,2.898
2,25.669,36.557,0.262
2,26.638,36.762,0.251
4,-44.564,-9.240,6.590
2,28.148,11.473,-0.425
2,41.759,29.889,-0.231
2,11.844,12.274,-0.161
2,-12.989,40.104,1.779
2,-9.317,-5.833,5.361
2,9.339,-3.612,0.912
3,-43.968,-9.211,6.263
2,-14.696,-25.055,6.158
2,-5.254,12.786,2.618
2,6.652,20.797,0.101
2,42.070,16.728,-1.734
4,-3.381,21.794,2.178
2,0.758,15.588,1.645
4,39.642,-18.020,1.518
2,27.990,37.731,0.158
2,-3.702,7.906,2.606
2,43.721,-11.097,-0.654
3,31.939,44.211,-0.086
2,-7.133,-2.674,4.483
4,-1.202,13.291,2.550
2,37.947,-46.240,2.722
4,-3.191,-0.089,4.259
2,32.811,9.336,-1.138
2,11.118,24.782,-0.947
2,-24.851,-21.191,6.257
7,22.499,28.404,14.234
2,48.743,-18.751,0.955
2,-5.486,-21.761,5.709
2,-34.471,36.518,3.340
3,-5.430,-33.044,5.986
2,6.905,13.856,1.324
2,-25.172,8.565,4.979
2,-23.688,12.605,4.612
4,22.467,37.903,0.663
2,21.399,10.425,-0.491
2,-48.691,37.339,4.090
2,-11.949,38.610,2.029
2,10.142,-35.583,2.676
3,-9.971,-4.322,5.290
2,35.915,-5.011,-1.341
2,-2.648,8.864,2.497
2,32.197,43.973,-0.207
4,30.650,33.590,0.800
2,-15.845,-22.380,6.068
2,-38.845,-15.385,4.891
2,11.277,10.761,-0.336
2,-10.653,16.247,3.193
2,13.323,5.286,-1.185
2,-41.502,-29.194,2.944
2,-25.185,28.078,5.072
3,28.058,36.928,0.324
7,24.214,31.459,1.576
2,30.944,32.115,0.480
2,-24.917,-13.210,6.764
2,10.688,3.942,-0.687
2,25.686,30.198,0.467
2,24.749,34.531,0.116
2,40.491,-6.402,-1.417
3,-18.033,7.054,4.782
2,-15.550,24.873,3.794
2,45.276,-35.542,1.726
2,5.758,3.533,0.740
2,-5.492,23.914,1.909
2,-43.949,-36.464,1.116
3,-24.634,28.165,5.183
2,-15.891,-23.304,6.081
4,16.628,40.770,-0.710
2,-5.473,47.658,1.795
7,17.382,25.410,6.997
2,-44.595,-39.969,1.169
2,-24.012,-39.119,3.810
2,-18.104,18.832,4.039
3,-35.513,-6.181,6.927
2,27.615,3.956,-1.765
2,13.208,33.941,51.945
3,-16.179,-22.684,6.580
2,-32.674,32.986,3.601
2,-32.869,-1.978,6.596
2,-49.421,15.298,9.383
3,46.033,29.767,-0.622
2,14.718,47.220,-0.779
2,41.330,29.598,-0.264
2,-19.329,6.826,4.557
3,15.245,-30.411,2.332
2,-43.067,38.001,3.924
2,42.989,21.996,-0.962
2,-10.791,-25.572,6.229
2,20.750,48.453,-1.507
2,19.216,46.260,-1.023
3,-27.067,31.644,4.758
2,41.099,-49.273,2.574
2,31.785,-24.787,1.148
2,-24.240,-47.349,4.619
2,-26.115,28.482,4.936
2,-13.129,4.283,3.837
2,4.273,27.681,-0.464
2,19.143,-5.261,-0.718
2,-27.883,30.632,4.543
2,-37.737,48.558,1.481
2,-39.933,8.848,7.285
2,-20.637,19.757,4.145
2,-12.501,-25.483,6.527
2,-16.149,-49.244,4.855
2,22.402,-3.749,-1.332
4,-0.398,13.156,2.560
2,6.187,19.014,0.502
2,4.396,-18.023,4.305
7,18.077,25.386,7.699
2,41.586,22.693,-1.004
4,-36.710,-26.000,5.132
2,-10.733,-5.422,5.046
7,10.782,39.117,17.407
2,41.128,-43.456,2.232
2,-41.848,4.639,7.711
2,41.015,3.756,-2.022
2,-17.058,7.134,4.105
2,33.867,29.973,0.592
2,-12.240,3.314,3.895
2,-41.970,33.694,4.349
2,42.853,-7.953,-1.081
2,4.226,-10.436,3.135
4,-36.346,-36.774,3.016
4,-43.456,-9.314,6.637
4,38.546,-18.239,1.037
7,23.026,29.655,30.318
4,22.165,-0.811,-1.071
2,-23.808,34.880,3.230
3,-0.507,12.922,1.904
2,18.416,-28.225,2.329
3,-43.129,49.981,1.478
2,-49.995,12.062,9.358
2,-6.940,-31.164,5.779
2,-28.603,-38.485,3.553
4,24.801,-2.209,-1.531
2,19.209,-38.057,2.822
2,21.118,0.943,-2.015
2,-31.062,28.799,4.807
2,22.320,-31.354,2.553
2,20.451,-37.275,2.627
2,-5.747,-8.674,5.689
2,3.268,-5.431,2.741
2,-45.191,-24.784,2.743
2,49.287,-48.658,1.095
2,42.705,-21.617,0.354
2,14.346,-6.534,0.262
2,42.009,-31.528,1.136
2,-36.637,-25.522,4.389
3,43.334,23.228,-0.601
2,-20.590,-5.379,5.297
2,-18.707,22.392,4.351
2,-39.946,-44.676,1.262
2,-4.200,33.616,0.615
7,19.428,25.440,9.218
2,36.663,16.014,-1.348
2,-19.835,-33.544,4.941
2,-21.941,31.958,3.718
2,-9.041,18.772,3.184
3,32.751,44.579,-0.123
3,-8.479,-4.521,5.381
2,-13.349,4.793,3.838
2,-2.209,46.614,1.229
2,-31.166,35.458,3.131
2,18.030,1.428,-1.602
2,20.336,21.306,0.219
2,-26.052,28.612,5.038
2,-23.635,18.292,4.217
2,-18.365,-7.308,5.276
3,-16.507,-22.572,6.546
2,8.470,-49.823,2.187
2,5.994,-49.038,2.477
2,-11.472,-30.116,5.762
2,46.714,3.235,-3.009
2,-44.148,-9.625,5.898
2,-46.441,46.859,1.723
2,-17.944,-44.724,4.787
2,-21.188,20.694,4.263
2,42.154,-5.403,-1.574
2,22.765,26.152,0.405
2,42.091,49.532,-0.766
2,-34.012,-44.156,1.886
2,29.165,-2.399,-1.701
2,10.135,49.973,0.669
2,-16.145,-38.776,5.175
3,41.541,29.074,0.052
2,-34.909,38.278,2.921
2,34.785,-26.446,1.049
2,-45.302,18.693,8.358
2,-30.728,-39.739,2.956
2,-40.657,10.950,7.519
2,-5.639,-16.909,5.825
2,30.791,11.743,-0.530
2,-12.606,5.138,3.614
2,3.624,41.726,-0.140
2,-36.013,-25.105,4.644
2,-28.335,16.313,5.304
4,-35.621,-25.171,5.287
2,-36.451,22.411,6.132
2,-45.577,-42.860,1.168
2,-35.995,-37.135,2.444
7,16.703,25.483,9.097
2,4.221,-0.151,2.025
2,3.183,-42.918,3.599
4,-28.007,-18.670,7.564
4,-18.323,8.316,5.015
2,-27.152,-12.706,6.905
2,18.735,23.105,0.138
2,11.400,18.588,0.432
3,-8.929,-5.181,5.240
2,16.051,-34.875,1.933
2,-22.625,-43.926,4.236
2,17.670,24.465,0.030
4,-0.038,13.613,2.629
2,-24.643,-2.434,6.510
2,-9.132,-31.818,5.595
4,-22.817,-8.530,6.816
4,-28.417,30.267,5.322
2,-48.303,19.291,8.866
2,17.976,-21.760,3.103
2,-7.437,-9.150,5.612
2,33.630,-31.243,1.631
2,26.698,-3.795,-1.190
4,-36.268,-36.029,3.275
2,-47.358,-15.450,3.739
2,-27.625,47.056,1.915
4,-17.839,-8.800,6.837
2,-47.599,-20.833,3.441
7,24.067,31.396,8.572
2,-41.715,-33.641,2.101
2,28.095,-16.598,1.430
2,-30.281,-6.471,6.189
3,36.031,18.728,-1.025
2,-6.364,-8.499,5.760
2,19.717,2.973,-2.040
2,7.321,-4.502,1.709
2,-35.996,-25.617,4.497
2,30.611,-7.448,-0.018
2,-35.181,41.564,2.792
4,-21.871,-7.901,6.634
2,-26.194,29.814,4.783
3,31.861,44.225,0.053
2,12.052,-8.950,1.303
2,2.746,33.570,-0.903
2,22.399,-13.074,1.729
7,24.192,31.472,17.666
2,47.281,-40.351,1.676
2,9.449,8.555,0.283
2,0.366,15.143,1.707
2,49.121,-11.655,-0.335
2,30.642,-30.739,2.554
2,-9.749,49.500,1.961
2,32.694,43.982,-0.146
4,-35.746,-5.533,8.499
2,7.871,-2.755,1.215
2,-25.481,-23.458,5.739
2,-41.577,18.049,7.894
2,-36.393,-25.366,4.702
2,-5.863,5.748,2.578
2,-29.045,31.278,4.386
2,12.504,5.167,-1.024
2,-2.495,-27.109,5.854
2,31.359,13.975,-0.292
2,26.111,43.532,-1.508
2,-20.241,7.275,4.593
2,26.417,-22.506,1.974
4,-25.727,-19.270,8.116
4,27.615,-2.074,-1.132
2,-7.608,-7.918,5.692
2,16.303,-25.153,2.643
2,-10.928,26.964,3.111
4,26.012,-0.344,-1.075
2,43.729,15.419,-2.101
3,27.419,2.565,-1.567
4,-20.584,-11.682,6.609
2,35.445,-31.471,1.250
2,-32.396,43.198,2.852
4,-35.767,-26.067,5.093
2,-8.256,-49.614,3.982
2,-28.885,25.585,5.399
2,31.070,-43.021,3.474
2,-43.651,36.207,4.239
7,23.034,29.682,1.714
2,13.044,33.069,51.945
2,44.239,16.692,-1.921
2,43.951,14.836,-2.095
4,42.195,17.275,-0.930
2,18.100,29.588,51.945
3,-19.372,6.765,4.977
3,24.112,-3.290,-1.171
4,39.453,-17.389,1.022
2,23.497,8.246,-0.889
4,-36.152,-37.139,3.182
2,-7.494,39.082,1.247
2,46.036,33.926,-0.294
2,1.242,-26.925,5.542
2,5.832,21.820,0.062
2,-8.771,-14.393,5.887
2,-22.316,39.348,2.309
2,-26.926,-11.784,6.722
2,-43.556,29.704,5.464
2,-6.334,-8.777,5.835
2,-28.850,34.889,3.564
2,-47.212,41.983,2.990
2,-35.175,-36.759,2.565
3,-4.318,-32.010,5.852
2,-15.981,31.560,2.917
2,-0.056,13.351,1.830
7,9.753,37.320,11.091
7,20.072,25.560,17.706
2,-34.969,-23.172,4.400
4,-18.031,7.853,5.234
4,-44.453,-9.298,6.520
2,7.546,37.024,-0.697
2,14.788,-47.941,2.405
2,-49.064,1.625,8.364
2,-6.074,-32.231,5.892
3,-1.095,13.074,2.375
2,-10.047,-23.100,6.219
2,-9.800,-11.855,5.948
2,-2.799,10.372,2.615
2,-22.575,-15.001,6.231
2,-40.035,48.800,1.710
2,-24.387,-8.199,6.017
2,38.555,28.440,0.057
2,-20.124,19.010,4.142
4,-22.578,-5.897,6.196
2,-14.244,-2.409,4.578
2,42.871,-13.957,-0.196
2,28.972,-42.578,3.447
2,-20.489,36.413,2.607
3,7.954,22.453,0.142
2,31.657,8.414,-1.492
4,42.544,17.893,-0.501
2,36.779,-43.028,2.672
2,-23.959,-18.346,6.391
2,-33.298,-14.663,5.841
3,-35.475,-36.414,2.932
2,-21.855,-32.106,4.692
3,-16.614,-22.939,6.510
2,-9.946,13.573,2.879
4,33.292,8.148,-0.344
2,-46.356,-29.566,1.999
7,22.384,28.476,23.313
2,-5.280,36.224,0.937
2,-13.710,25.512,3.791
2,30.118,-48.143,2.633
2,20.871,-37.701,2.873
2,25.488,-29.489,2.678
2,0.495,-32.180,4.713
2,12.365,-36.321,2.362
2,-47.442,8.625,8.875
2,-23.979,-14.466,6.263
2,-7.403,-6.525,5.741
2,-41.282,-10.776,5.556
2,43.788,-39.755,1.737
2,-30.649,-1.581,6.476
2,-10.622,41.786,1.361
2,-14.641,-31.045,5.496
2,29.267,-7.398,-0.027
2,-12.977,49.854,2.461
3,31.858,44.514,0.134
2,28.196,13.200,-0.163
4,12.399,9.601,0.745
2,7.649,21.094,0.063
2,-26.283,-46.841,4.119
2,30.058,17.420,0.172
2,1.759,-20.975,4.960
2,-44.560,-11.390,5.128
2,21.218,11.063,-0.383
2,-36.559,-49.259,1.571
2,-35.970,-36.704,2.478
2,-19.824,36.104,2.559
2,21.493,-12.320,1.717
2,-24.515,-36.812,3.643
4,-28.375,30.959,5.427
2,-7.807,-32.339,5.602
2,43.288,48.884,-0.371
2,-17.033,-25.985,5.951
2,29.254,-5.279,-0.366
2,-40.135,-40.809,1.245
2,-20.606,43.212,2.260
7,23.172,29.662,23.341
2,-7.736,-20.026,6.197
2,-5.522,-7.795,5.620
4,-27.237,31.301,5.225
4,29.489,-0.104,-1.364
2,-9.131,32.475,2.069
2,0.926,42.932,0.074
2,-27.479,25.232,5.317
4,-1.517,13.207,2.648
2,-47.119,-4.324,6.889
2,-36.240,9.498,6.418
2,40.523,-38.954,2.268
2,29.010,27.958,0.327
4,25.491,38.970,0.594
2,31.118,-37.076,2.302
3,42.398,29.637,-0.060
2,30.180,48.060,-1.446
2,27.536,-16.452,1.543
2,21.447,-25.332,2.608
3,28.863,14.777,0.461
2,-23.448,31.856,3.989
2,19.514,36.639,51.945
4,42.432,17.780,-1.020
3,-43.335,-9.771,5.940
4,-36.602,-25.006,4.970
2,-49.329,-22.318,2.669
2,47.838,27.953,-0.558
2,18.929,43.494,-1.353
2,33.621,-20.824,0.469
2,-35.072,-48.892,1.918
3,-5.212,-19.097,6.125
2,27.289,12.945,-0.160
2,0.269,-33.572,4.547
2,-48.061,-23.904,2.279
2,11.624,-17.392,3.136
3,24.280,-4.046,-1.413
3,-0.544,13.063,1.939
2,22.998,40.304,-0.789
4,40.056,-18.093,1.320
2,-47.468,-34.471,1.018
2,34.834,-37.337,2.154
2,-18.953,-44.390,4.713
2,41.166,39.448,0.579
2,-34.861,30.543,4.289
2,-34.583,36.700,3.543
2,20.819,-4.482,-1.635
2,25.654,42.834,-1.323
4,7.750,22.771,0.413
2,-22.413,42.236,2.373
2,-31.647,43.223,2.843
3,15.092,-30.366,2.492
2,21.870,13.527,-0.168
2,47.204,32.132,-0.695
2,-32.728,-17.281,5.556
3,42.026,28.426,-0.013
4,39.727,-17.791,1.394
2,-28.554,-5.171,6.052
2,47.569,12.634,-2.790
4,-6.589,-21.281,6.408
2,-43.789,-9.232,5.990
2,11.752,36.626,51.945
2,23.145,21.002,0.265
2,17.646,-20.449,3.230
2,4.244,-25.124,4.884
4,-35.426,-37.016,2.991
2,-2.466,28.394,0.485
4,25.310,-1.661,-0.812
2,37.611,4.810,-2.261
4,-24.122,-23.328,7.328
3,-15.575,-22.774,6.531
2,-20.335,41.432,2.034
2,8.238,16.915,0.768
3,27.465,14.825,0.356
2,-16.720,36.503,2.266
3,33.697,7.297,-1.493
2,-7.892,-4.304,5.080
2,-6.524,-18.631,6.188
4,7.381,22.597,0.384
2,31.689,7.340,-1.441
2,-27.442,-14.006,6.697
4,28.392,-3.848,-0.121
2,-40.635,15.051,7.581
4,-28.778,-18.219,7.683
4,-4.749,24.200,2.305
2,-41.740,-35.334,1.854
2,-24.830,38.150,2.540
2,24.245,-16.501,1.963
2,-29.281,42.031,2.565
3,-16.736,-22.655,6.546
2,-20.211,19.165,4.125
2,23.828,-42.272,3.194
2,35.977,-24.639,1.011
2,10.617,14.869,0.487
2,-47.493,-25.009,2.180
2,-7.695,-6.942,5.732
2,-19.674,42.040,2.182
2,-4.136,-37.578,4.891
2,-26.939,39.772,2.233
2,21.155,-35.964,2.779
4,42.557,22.110,-0.249
7,6.825,39.265,-5.149
2,-9.961,9.316,2.678
2,-17.760,-15.651,6.071
2,-42.501,17.897,8.043
2,-11.325,-20.040,6.184
2,-9.684,-45.379,4.722
2,18.633,-34.473,1.988
2,-1.490,-5.074,4.275
4,24.156,35.015,1.418
2,2.635,30.947,-0.370
2,-8.150,49.047,1.982
2,-26.688,-12.520,6.912
2,27.859,2.684,-1.815
2,29.476,-36.669,2.870
2,-40.027,42.943,3.104
2,-42.793,48.330,1.694
7,22.379,28.459,4.457
4,10.394,27.879,-0.403
2,-28.083,24.279,5.328
2,35.654,28.806,0.392
2,-20.475,16.308,4.128
2,-18.324,-5.959,5.277
2,32.614,-1.111,-1.976
2,-43.110,-29.321,2.751
2,32.479,43.631,-0.295
2,-46.886,9.521,8.972
2,-28.102,0.053,6.779
2,28.500,27.080,0.357
3,-27.693,30.307,4.896
2,-4.092,-15.345,5.343
2,37.128,42.925,-0.451
4,-3.250,23.071,2.050
2,14.848,-42.476,2.851
2,32.184,44.547,-0.571
2,-42.251,26.045,6.165
2,43.339,-29.362,0.951
4,-17.813,6.892,5.199
3,-34.332,6.157,6.702
2,33.920,9.507,-1.513
2,15.174,43.728,-1.212
2,-7.306,-8.325,5.846
3,-44.477,-8.927,6.232
3,-19.585,7.120,4.979
3,28.735,13.992,0.251
2,23.689,-21.411,2.269
4,39.556,-17.480,1.070
4,-17.219,-8.964,6.812
2,-30.250,-34.769,3.168
2,45.465,-36.417,1.696
2,-43.891,-33.750,1.525
2,49.211,26.128,-0.492
4,43.253,23.185,0.025
7,10.838,39.004,33.957
2,27.608,38.161,0.272
7,24.398,31.860,26.781
2,-33.101,38.662,2.841
2,-36.169,46.200,2.423
4,40.517,17.220,-0.557
2,-34.029,37.430,3.505
2,7.886,19.795,0.308
4,-29.209,31.342,5.326
2,-47.517,-31.816,1.436
2,-34.533,36.377,3.347
2,14.720,-7.092,0.393
2,-44.668,29.235,5.644
2,-1.211,-11.051,4.595
2,-4.681,3.540,2.950
2,46.374,31.536,-0.663
4,-21.883,41.915,2.783
2,25.948,15.829,-0.143
2,-25.094,-13.146,6.896
2,-6.099,-32.482,5.880
2,31.984,44.203,-0.135
4,-1.825,4.349,4.104
2,46.309,-37.510,1.577
2,25.397,-28.115,2.541
2,36.731,-0.071,-2.116
2,-15.657,-23.039,6.064
2,19.938,-0.483,-1.213
3,-20.875,42.612,2.510
4,42.455,21.572,-0.112
4,-1.259,4.357,4.005
2,17.419,-32.610,1.918
2,42.720,37.408,0.448
2,19.345,-37.946,2.952
2,-8.327,-9.906,5.742
2,-5.575,49.247,1.911
2,-35.705,-35.467,3.143
2,31.411,38.605,-0.100
2,27.194,30.085,0.645
2,28.058,33.885,0.354
2,-19.050,-12.841,5.620
2,-0.316,33.050,-0.696
2,32.061,44.607,-0.143
2,6.917,-6.177,1.832
2,-4.714,-31.729,5.689
2,-2.570,49.988,1.870
2,-12.556,36.270,2.204
2,-11.013,-2.034,4.764
2,19.966,36.010,51.945
2,2.215,23.694,0.113
2,-13.924,39.913,1.934
2,14.230,-4.229,-0.075
2,-34.363,37.333,3.328
4,31.898,9.174,-0.419
2,-3.130,12.001,2.481
2,-36.991,25.895,5.675
4,-18.256,-9.248,6.940
2,22.089,8.177,-0.688
2,-37.221,40.537,2.789
3,26.210,-4.886,-0.522
2,8.049,20.769,0.542
2,47.835,-31.357,1.356
3,-20.601,41.829,2.439
3,42.484,-19.314,0.580
2,45.915,16.223,-1.932
2,30.898,0.365,-2.161
4,23.220,0.360,-1.015
3,-20.579,19.338,4.442
2,-10.598,-24.331,6.417
2,-44.681,-3.937,7.104
2,-43.748,19.651,7.956
3,-5.245,-18.842,6.284
2,13.143,13.562,-0.045
2,-6.564,5.624,2.620
2,39.554,-11.574,-0.566
4,-35.718,-5.953,8.191
4,-36.371,-36.050,3.338
2,-15.774,-22.581,6.123
2,-31.864,20.927,5.508
7,10.912,38.971,3.017
2,-29.166,15.698,5.401
2,-42.346,0.984,8.037
2,-49.994,41.955,3.357
2,35.120,-25.922,1.106
2,26.460,4.636,-1.590
2,-27.340,33.911,3.666
2,3.190,-1.733,2.255
4,32.843,7.215,-0.614
2,-39.774,41.316,3.277
2,46.713,23.844,-0.783
2,42.437,-2.103,-2.389
7,17.322,25.366,-0.027
2,-45.651,42.122,2.777
2,-6.037,-31.197,5.923
2,35.610,-35.924,1.923
2,-8.237,-9.483,5.702
2,18.706,31.006,51.945
2,-24.776,-15.586,6.200
2,-27.381,-29.841,4.273
3,-1.475,13.353,2.377
2,25.845,23.574,0.117
2,17.951,-10.988,1.204
2,-42.268,32.965,4.533
2,8.658,34.116,51.945
2,-30.950,-44.563,2.798
2,44.504,-24.055,0.816
2,45.861,13.924,-2.350
2,-24.498,34.404,3.400
4,44.328,22.607,-0.206
2,-8.170,-44.584,4.809
2,-8.519,-39.144,5.114
4,-27.545,30.373,5.451
3,-1.276,13.088,1.925
4,-23.141,-8.436,7.834
2,30.537,-46.987,2.906
4,32.246,8.280,-0.565
2,-22.601,40.010,2.251
2,7.989,-1.732,0.875
2,-48.492,33.596,5.030
2,-6.137,-28.522,5.928
2,-16.601,-22.752,6.379
7,23.060,29.642,8.690
4,-20.917,43.252,2.616
2,-18.408,7.761,4.705
4,-43.893,-9.063,6.457
2,-43.211,-15.260,4.675
3,-18.486,7.510,4.747
3,-18.432,7.435,5.061
2,11.189,46.321,-0.257
2,33.751,18.492,-0.493
2,-32.547,8.096,6.170
2,23.106,-41.172,3.209
2,-34.303,36.585,3.486
2,-8.373,-4.562,5.148
2,-43.645,-8.887,5.938
2,18.015,31.930,51.945
4,-19.794,42.166,2.718
3,41.095,29.398,0.135
2,-8.470,-23.971,6.042
2,-34.598,-1.188,6.797
2,36.132,-39.839,2.371
2,-16.364,-22.256,6.436
2,-33.179,41.411,2.842
3,41.698,29.412,0.058
2,-10.454,47.718,1.756
2,40.389,17.981,-1.594
2,-47.240,2.473,8.423
4,44.372,22.521,-0.148
2,48.594,-13.949,-0.076
2,15.067,-29.617,2.517
2,48.248,28.763,-0.534
4,-35.766,-36.197,3.293
7,18.593,25.383,14.042
4,-34.338,6.570,6.928
2,9.167,26.519,-1.094
2,-28.027,-44.724,3.194
2,-22.337,16.264,4.225
2,-21.326,42.674,2.282
2,-32.882,-48.753,2.562
2,-12.245,25.489,3.840
7,23.811,30.360,0.262
2,44.725,44.404,0.134
2,-37.444,17.148,6.906
2,41.602,43.945,0.180
2,31.387,-34.471,2.430
7,10.809,39.113,2.297
2,-48.531,-49.276,0.912
2,46.219,-12.679,-0.073
2,0.399,37.372,-1.072
2,-31.693,-25.984,4.849
2,14.953,-32.609,2.066
2,-0.161,44.675,0.341
2,46.844,19.520,-1.307
2,9.553,-13.535,2.928
4,-36.329,-36.063,2.999
2,36.710,30.728,0.630
2,6.628,-5.045,1.881
2,46.269,41.829,0.152
2,-15.540,22.055,3.849
2,-9.842,-4.289,5.185
2,5.435,27.345,-0.542
2,-6.639,-6.918,5.702
2,49.198,-27.145,1.820
2,27.805,15.170,0.009
4,-33.506,5.691,6.886
2,29.004,38.927,-0.118
2,-26.287,-12.988,6.913
2,29.763,2.944,-2.226
2,23.487,-16.451,1.987
2,24.684,-31.195,2.958
2,23.379,-24.781,2.599
4,40.372,-16.661,1.183
2,-46.697,7.579,8.587
2,-18.066,42.565,2.034
2,-24.193,-32.818,4.541
2,44.368,11.504,-2.257
1,9.143,30.188,0.138
2,-7.628,35.654,1.721
4,-6.301,-33.995,5.911
2,-16.595,9.918,3.750
2,-22.553,9.048,4.831
2,23.195,0.047,-2.116
2,-27.264,-12.245,6.730
2,-37.187,-46.088,1.497
2,49.934,38.041,-0.887
3,-20.446,41.123,2.393
2,46.867,-42.050,1.566
7,24.484,31.894,2.315
4,-0.419,13.123,2.582
7,23.132,29.559,14.969
7,10.398,38.516,6.671
2,-21.483,-23.972,5.971
2,-6.779,47.022,1.794
3,-35.713,-25.617,5.048
3,14.547,-31.538,2.577
2,4.038,6.679,1.379
2,-23.619,-34.427,4.115
2,-22.016,34.495,3.242
2,-33.512,36.580,3.321
2,33.057,44.047,-0.310
2,-0.174,24.573,0.053
2,-46.872,-0.404,8.156
2,45.547,20.418,-1.189
2,-21.103,49.316,2.562
2,-20.349,49.778,2.403
2,46.974,-44.174,1.436
2,-40.894,21.560,7.243
4,26.103,35.785,0.621
2,-38.757,20.567,6.754
2,29.776,-41.129,3.246
2,-2.662,21.914,1.039
2,28.001,3.384,-1.823
2,-20.459,-2.553,5.144
2,34.159,-21.053,0.433
2,1.930,35.697,-1.288
2,19.934,15.697,0.242
4,-20.225,41.427,2.694
2,40.965,33.216,0.092
2,13.379,-18.532,3.204
4,-37.282,-36.189,3.062
2,30.187,-2.460,-1.571
2,28.094,-5.777,-0.170
7,9.709,37.229,14.675
2,38.376,-8.819,-0.798
4,-36.351,-36.667,3.054
4,42.028,22.743,-0.384
2,-26.276,-37.081,3.631
2,-25.873,-12.425,6.896
4,32.832,7.871,-0.597
2,37.748,12.184,-1.359
2,-16.073,-22.556,6.466
4,42.169,-30.875,1.661
3,-43.188,-8.880,6.440
2,7.492,-25.790,4.235
7,23.443,30.172,30.290
2,-20.051,-47.161,5.048
2,-5.592,-5.958,5.172
2,44.454,12.686,-2.244
2,30.729,1.798,-2.392
7,9.816,37.330,3.207
2,44.300,28.781,-0.634
2,48.126,35.958,-0.435
2,-23.019,-34.478,4.134
4,-5.982,-33.330,6.007
3,32.053,44.514,-0.036
2,-31.425,-22.714,4.963
2,-45.837,-41.933,1.073
7,24.205,31.479,16.967
2,0.155,42.526,-0.023
2,17.787,14.442,0.296
2,12.277,33.883,51.945
4,-28.822,31.401,4.979
2,24.942,0.895,-2.496
3,27.372,13.426,0.390
2,-46.787,-30.400,1.887
4,-27.522,-21.227,7.128
3,-20.209,19.797,4.699
2,-30.460,39.393,2.662
2,-14.780,-29.050,5.599
2,25.567,-49.929,2.535
3,41.764,28.905,-0.093
2,33.073,19.335,-0.166
2,34.438,43.993,-0.898
2,-24.675,6.834,5.342
2,38.010,15.893,-1.620
2,39.329,20.831,-1.292
3,41.637,18.537,-1.715
2,-19.794,-10.766,5.623
2,31.839,42.757,-0.263
3,-35.642,-36.125,2.744
2,-36.689,-25.876,4.504
2,34.934,-1.742,-1.900
2,10.832,-8.895,1.697
3,-25.999,29.180,5.060
2,-38.366,-17.234,4.852
2,-21.400,42.823,2.450
2,-25.623,28.246,5.101
2,18.813,26.202,51.945
4,4.160,3.081,2.006
2,39.921,44.504,-0.243
4,-43.975,-9.049,6.472
2,8.409,29.580,-0.589
2,-26.425,-13.054,6.882
3,-37.034,-36.687,2.725
4,-28.298,31.224,4.969
2,-20.181,17.753,3.948
2,-11.134,41.027,1.571
2,-43.252,-46.846,0.892
4,32.577,43.236,0.173
4,-36.399,-25.550,5.207
2,12.312,-44.693,2.650
2,21.528,-30.478,2.441
3,31.972,44.375,0.054
2,-20.729,-28.254,5.211
2,-40.563,25.794,6.119
2,43.231,21.475,-0.956
2,38.940,2.508,-2.149
2,-47.703,49.644,1.360
2,17.945,13.667,0.311
2,26.539,11.571,-0.370
2,-13.949,8.520,3.483
2,34.571,34.248,0.190
2,15.324,-18.442,3.266
2,45.221,-1.287,-2.513
2,42.110,28.381,-0.241
2,-16.721,4.934,4.157
2,-4.584,42.628,0.429
2,-34.535,36.202,3.358
7,20.047,25.442,10.019
2,-10.577,32.922,2.083
2,-13.247,41.700,1.616
2,-43.693,43.124,2.605
2,-25.303,27.950,5.026
2,48.974,20.341,-1.124
3,-35.622,-36.317,2.617
2,-10.366,49.056,2.086
2,-22.025,-31.488,4.872
4,24.153,3.818,-1.108
2,45.923,-4.456,-1.911
4,6.976,23.960,0.680
2,-16.798,-13.053,5.899
2,21.781,-47.551,2.829
2,6.246,20.389,0.471
2,7.933,35.181,-0.696
2,18.865,32.486,51.945
2,32.632,-9.982,-0.138
2,31.637,-22.743,0.933
2,5.838,39.312,-0.661
2,-44.445,30.838,5.309
2,-29.797,-22.008,5.124
2,-14.558,-18.890,5.880
2,-40.428,-27.056,3.476
2,8.989,-33.648,2.866
3,-4.045,23.175,1.902
2,31.697,9.218,-1.441
2,48.180,12.028,-3.011
2,-14.711,8.974,3.650
2,49.345,-19.835,1.368
4,32.156,6.783,-0.969
2,-28.852,13.667,5.476
4,-23.778,-20.011,7.362
2,-26.215,28.657,4.990
2,34.300,-13.032,-0.154
7,17.946,25.462,6.997
3,-43.461,-9.263,6.062
2,17.435,6.619,-1.589
2,-0.235,-48.435,3.723
2,28.366,38.918,-0.060
2,-37.364,8.052,6.593
2,21.278,-10.668,1.159
2,-27.629,-27.131,4.983
3,-19.651,7.195,4.882
2,-19.294,-15.633,6.085
2,-45.188,-3.463,7.210
2,16.609,-42.739,2.647
2,-38.745,-42.439,1.466
4,-27.986,30.867,5.220
2,42.211,17.678,-1.782
2,28.265,-42.937,3.358
2,-15.970,-22.941,6.033
2,-47.763,26.203,7.149
2,35.153,30.250,0.520
7,22.332,28.513,28.201
2,-39.428,-27.817,3.672
2,21.462,-44.117,3.149
2,27.749,2.636,-1.859
2,-33.996,32.560,3.778
2,19.749,14.386,0.249
2,-24.264,6.288,5.450
4,32.747,44.622,0.141
3,-7.697,49.783,2.193
2,-49.578,44.189,2.660
2,18.175,28.409,51.945
3,-49.713,-30.158,1.218
3,-4.865,23.873,2.090
4,-35.875,-37.296,3.043
2,-8.383,-14.795,5.919
2,-7.712,-7.138,5.442
2,32.386,44.339,-0.212
7,23.429,30.265,29.591
2,-13.274,5.941,3.564
2,43.173,22.914,-0.939
3,-44.739,44.600,2.167
2,-27.978,31.135,4.522
2,18.763,34.102,51.945
2,-1.598,13.669,2.102
4,-36.610,-36.843,3.244
2,-2.516,5.489,2.687
2,27.840,46.875,-1.541
2,42.714,9.086,-2.296
4,-20.100,41.397,2.777
2,28.265,0.703,-1.995
2,-36.415,-25.476,4.722
2,-49.745,1.102,8.340
3,32.816,44.432,-0.060
2,12.249,-31.358,2.374
2,2.601,24.649,0.050
2,-18.861,8.419,4.556
3,-15.905,-23.120,6.498
4,41.501,17.030,-0.953
4,13.760,-29.873,2.856
2,-34.656,27.649,5.155
2,9.646,20.404,0.172
2,-35.534,-42.224,1.901
3,-0.806,13.018,2.089
2,18.943,0.384,-1.655
3,19.380,25.539,26.729
2,7.341,44.909,0.060
2,-31.906,12.649,6.321
2,37.174,37.842,0.740
2,-8.145,20.312,2.692
2,48.937,25.659,-0.510
3,-1.079,13.220,2.172
2,-36.254,23.760,5.916
2,44.744,9.278,-2.755
2,-24.271,-35.769,3.817
2,46.991,-41.033,1.707
2,-34.790,-24.080,4.548
2,-42.010,-43.249,1.442
4,-28.343,32.517,5.199
4,7.095,22.908,0.261
3,32.111,43.931,0.038
2,-26.737,30.485,4.299
2,-41.281,28.270,5.286
2,-23.854,48.445,2.370
2,2.760,-32.348,4.460
2,29.710,30.117,0.465
3,-8.638,-4.635,5.355
2,-23.703,-23.146,5.918
2,-49.639,-17.195,3.275
2,18.977,-21.297,3.128
2,-13.982,28.184,2.980
2,31.327,7.713,-1.227
4,-12.665,32.750,2.929
2,-24.360,18.207,4.324
2,26.767,-21.941,1.794
4,-19.588,42.353,2.784
2,-1.378,-26.991,5.897
2,35.741,33.853,0.499
4,-44.256,-9.224,6.553
2,3.816,-3.978,2.346
2,-23.847,35.419,3.115
3,-44.167,-9.465,6.222
2,-2.621,13.614,2.347
2,-45.661,-26.879,2.267
4,39.231,-18.572,1.368
2,2.137,-21.452,4.968
2,8.236,46.200,0.322
2,-23.010,-43.339,4.162
2,-5.214,19.224,1.780
3,-21.349,41.565,2.384
2,-37.496,-44.321,1.276
2,46.070,1.859,-2.781
2,-7.055,-31.481,5.621
4,22.485,-0.956,-0.756
2,1.078,29.846,-0.370
2,24.862,30.138,0.353
2,-45.137,-35.359,1.175
7,103.872,118.543,-94.199
2,-47.770,-11.183,4.741
2,-35.637,17.607,6.422
2,32.195,43.817,-0.616
3,19.447,-36.615,2.914
2,12.078,-39.766,2.835
2,-36.088,-26.044,4.472
2,26.969,28.712,0.620
2,5.298,-12.514,3.502
2,-4.692,-31.435,5.725
2,40.721,-37.964,2.247
2,28.316,13.530,0.090
2,5.086,39.301,-0.498
2,30.165,3.626,-2.112
2,-20.765,40.486,2.053
2,20.168,-38.872,2.785
2,32.208,41.005,0.012
2,-34.237,37.281,3.491
2,16.392,1.081,-1.316
2,-34.338,-3.159,6.722
2,-21.703,44.534,2.335
4,-36.846,-35.907,3.185
3,-21.791,41.675,2.309
4,-4.038,23.368,2.392
2,43.893,-21.994,0.561
2,-24.339,30.136,4.604
4,10.810,39.002,46.908
2,48.781,3.414,-3.411
2,29.965,-32.036,2.712
3,41.708,18.279,-1.367
2,36.415,-41.790,2.641
2,-45.881,45.613,1.912
2,-44.125,21.490,7.501
4,-43.508,-9.636,6.408
2,-25.663,31.430,4.606
2,-43.928,7.495,8.101
2,23.020,-9.506,0.985
3,32.499,44.464,-0.120
2,-30.484,-9.578,6.243
2,-3.883,6.468,2.814
2,4.870,-17.624,4.094
2,-11.954,14.661,3.313
2,32.746,-24.330,1.031
2,-5.200,35.609,0.840
4,21.719,-22.830,4.127
2,2.965,19.737,0.733
2,-12.517,-37.027,5.782
2,38.239,-3.519,-1.847
4,18.710,40.813,-0.673
2,-41.010,46.905,2.140
3,-26.734,32.004,5.030
2,49.831,41.423,0.242
2,-11.999,9.489,3.350
2,-24.887,-14.228,6.417
7,10.731,39.036,32.518
2,-40.202,-20.300,4.299
2,40.738,22.983,-1.016
2,-7.706,32.597,1.874
2,-37.076,30.507,4.445
2,34.576,-48.660,2.995
4,32.614,43.954,0.077
2,-25.402,-13.061,6.870
2,20.094,-37.285,2.706
2,30.404,-23.129,1.267
2,19.487,-44.961,2.850
2,-34.929,13.712,6.528
3,-5.591,-19.013,6.276
2,-49.572,13.744,9.542
4,-20.656,-6.761,6.333
2,-48.761,-3.467,7.368
2,-17.313,41.181,1.955
4,40.087,-18.643,1.268
2,33.516,32.415,0.387
2,-3.990,-31.330,5.419
4,3.856,-34.425,4.704
2,-39.337,28.417,5.090
2,-30.323,15.006,5.660
2,24.108,11.071,-0.268
3,-6.009,-20.276,6.279
2,49.030,28.449,-0.473
2,14.671,-31.015,2.117
2,-8.876,-37.038,5.116
4,20.424,8.246,-0.102
2,11.033,20.497,0.206
2,22.439,-40.791,3.247
4,-27.764,-21.994,6.990
2,-34.010,36.851,3.548
2,0.639,43.644,0.115
2,-24.711,12.403,4.567
2,14.502,4.215,-1.363
2,40.828,-7.956,-1.205
4,6.249,21.483,0.721
4,40.597,17.560,-0.868
2,-45.116,35.863,4.387
4,6.919,22.446,0.502
2,-31.345,-46.199,2.745
2,-7.245,-9.544,5.705
2,-45.132,-40.118,1.127
2,44.532,26.180,-0.636
2,-15.649,-22.937,6.109
2,38.389,-37.098,1.845
2,-7.220,33.416,1.572
3,-4.169,-32.145,5.855
2,-2.686,-34.886,5.020
2,28.370,29.290,0.617
2,19.320,-38.406,2.627
2,45.120,11.451,-2.488
2,23.567,47.057,-2.076
2,-4.717,41.052,0.285
2,6.686,36.057,-0.788
2,-20.050,-32.061,4.933
2,4.453,40.786,-0.209
2,24.332,21.709,0.131
2,-28.591,-23.543,5.541
2,21.031,-38.128,2.861
2,23.475,-15.376,1.924
2,-16.041,-6.333,5.413
2,43.234,-47.725,2.245
2,-13.083,34.302,2.086
2,3.558,4.588,1.533
2,-47.723,-26.317,1.996
2,21.391,-40.660,3.061
2,-20.984,43.208,2.052
2,29.924,34.719,0.083
2,-34.351,36.542,3.466
2,-18.875,-42.643,4.597
2,34.413,39.062,-0.035
2,33.678,-25.542,1.141
2,6.667,-14.590,3.348
2,-13.874,-20.536,5.815
2,45.552,44.124,0.153
3,-21.286,19.595,4.557
2,-3.817,40.969,0.105
2,-47.152,36.947,3.974
2,-34.134,-4.721,6.660
2,42.041,-31.516,1.412
2,-40.085,-15.684,4.915
7,22.080,27.812,14.251
4,-21.110,-9.315,7.120
2,-14.964,28.912,3.105
2,-26.291,14.116,5.180
2,-5.787,16.535,2.229
2,-10.879,36.830,1.872
2,-39.039,-17.725,4.753
2,-22.147,-24.033,5.996
2,29.138,17.923,0.187
2,-10.521,8.431,2.861
2,5.729,-1.336,1.629
3,-21.147,19.494,4.368
2,31.863,-28.568,2.041
2,38.835,22.690,-1.053
2,-16.828,-3.403,4.623
2,-15.567,-12.265,6.045
2,15.892,28.245,51.945
2,-10.095,-43.114,4.985
2,-19.119,-1.893,4.842
2,-13.705,42.300,1.656
2,-48.175,17.079,9.117
2,-4.318,42.011,0.258
2,-31.456,40.956,2.663
2,-7.290,-9.457,5.801
2,37.213,14.946,-1.458
3,20.552,-36.847,2.736
2,-38.104,26.731,5.448
2,-20.550,-43.746,4.493
3,-36.362,-25.205,4.856
2,-18.547,7.709,4.762
2,-44.357,38.946,3.552
4,3.859,-34.630,4.554
2,-1.394,14.601,2.020
2,-7.669,-6.804,5.594
2,-2.642,-17.885,5.102
2,-37.884,-47.145,1.513
2,-3.845,0.196,3.460
2,-34.250,36.105,3.478
2,15.760,21.911,0.122
4,-21.861,-9.144,6.445
3,-35.395,-36.149,2.655
2,-28.495,26.522,5.288
2,-2.076,44.298,0.368
2,14.283,-33.152,2.150
3,14.952,-28.494,2.713
2,-35.949,40.986,2.903
4,43.026,21.549,-0.428
3,-25.700,28.962,5.088
4,-27.472,32.586,5.372
4,-20.600,-8.112,6.567
2,37.542,7.170,-2.100
2,13.422,-31.190,2.168
2,49.421,31.021,-0.625
2,20.309,-34.215,2.415
2,35.393,33.320,0.490
4,20.422,11.644,1.199
2,-25.189,-13.138,6.759
2,-49.398,-30.627,1.144
7,16.578,25.541,2.072
2,-7.246,-6.822,5.818
4,38.029,-49.973,3.377
4,-2.559,-1.495,5.068
4,20.187,-16.529,3.108
2,-18.359,-22.711,6.201
3,-8.439,-4.399,5.427
2,-45.846,-15.534,4.039
4,-23.064,42.771,2.794
2,-41.388,28.886,5.300
2,-34.413,36.594,3.451
4,-32.909,6.384,7.707
2,8.380,20.781,0.035
2,6.263,-45.667,2.891
2,-7.947,40.398,1.052
2,-8.108,-7.315,5.701
4,5.848,-34.959,4.371
2,-1.510,27.973,0.159
3,-4.839,-19.042,6.025
2,40.602,7.592,-1.871
2,-17.685,-31.197,5.447
2,42.056,29.776,-0.255
2,-34.131,43.866,2.921
2,9.908,48.551,0.602
2,-29.441,3.868,6.028
7,10.173,37.908,14.615
1,23.508,30.192,31.687
2,48.862,-37.106,1.373
2,6.932,-21.847,3.864
2,-18.988,7.130,4.567
4,24.280,3.749,-0.966
2,-4.681,-12.193,5.529
2,1.921,-24.823,5.472
2,-10.014,-39.554,4.964
7,10.852,39.160,21.725
2,-49.344,-35.681,0.797
2,-3.651,-14.764,5.317
4,-22.068,-9.966,6.886
2,-24.215,-10.848,6.273
2,-2.250,13.153,2.226
2,-26.188,40.780,2.176
2,-16.799,-22.744,6.066
2,45.385,32.650,-0.625
2,-0.958,22.204,0.834
2,33.103,-49.909,2.821
2,-19.387,-28.892,5.432
2,21.115,20.644,0.334
2,-16.226,-24.879,5.993
4,37.946,-19.800,0.992
2,30.168,44.735,-0.853
2,-47.129,31.921,5.424
2,-36.938,-36.383,2.458
2,49.891,0.592,-3.668
2,-22.183,45.524,2.268
2,26.365,-39.243,3.293
2,13.441,7.729,-0.928
2,-25.400,-13.172,6.867
2,29.585,-47.977,2.620
2,38.486,-45.434,2.662
2,-9.548,-18.622,6.134
4,36.274,-19.387,0.744
2,43.085,-48.936,2.279
2,-18.890,-23.825,5.775
3,-15.747,-22.739,6.451
2,42.051,37.986,0.508
2,-36.243,-19.470,4.678
4,27.678,-2.389,-0.981
2,-34.746,-28.464,4.267
2,-21.111,4.684,5.284
2,43.012,3.309,-2.225
2,-40.975,1.091,7.552
2,-8.209,-3.994,5.011
2,-20.047,19.644,4.214
2,23.069,4.128,-1.856
2,-18.551,-17.764,6.263
2,37.303,47.803,-1.611
2,-49.667,33.502,5.019
4,17.661,13.711,1.755
7,19.285,25.385,13.421
2,38.262,14.498,-1.458
2,3.014,-26.873,5.233
2,-37.940,15.963,7.227
2,21.296,-37.812,2.889
2,-42.481,-4.904,6.954
3,-20.973,19.257,4.479
2,-16.716,42.121,1.941
2,42.795,-12.212,-0.278
2,14.983,41.924,-1.385
2,-24.877,-43.155,3.550
2,-47.013,10.051,9.006
2,10.576,24.830,-0.850
2,3.371,-18.953,4.574
2,4.847,-16.442,4.096
2,-5.251,-8.218,5.611
2,-37.515,-24.729,4.373
4,37.711,-15.376,1.008
2,10.478,-26.370,3.539
2,6.447,0.880,1.067
2,-40.870,-7.989,6.664
2,-18.701,48.950,2.458
2,-13.206,26.575,3.552
2,41.529,-45.307,2.240
4,-0.009,13.248,2.730
2,8.001,-20.123,3.592
2,-0.269,47.151,1.244
7,10.569,38.399,13.138
2,-12.507,-12.860,6.223
4,42.002,17.858,-0.825
2,35.966,25.871,-0.324
2,-26.395,-12.488,6.911
2,-47.418,-37.598,0.669
2,-3.460,2.319,2.908
2,-20.364,19.300,4.035
2,-25.351,-28.423,4.824
2,-13.743,46.414,2.112
4,39.510,-17.079,1.277
2,-28.311,1.416,6.391
3,-9.533,-5.219,5.299
2,-34.249,36.884,3.575
2,-49.758,-22.701,2.506
2,26.055,36.015,0.148
2,-20.993,7.692,4.821
2,37.617,-30.303,1.078
2,26.945,32.021,0.563
2,15.177,-14.789,2.441
3,33.289,7.612,-1.463
2,22.396,-3.226,-1.429
2,-49.051,9.466,8.993
4,40.457,17.556,-1.000
2,-31.250,-47.891,2.844
2,-34.296,21.177,5.939
2,-37.233,-21.119,4.178
3,27.243,12.759,0.238
2,-49.854,20.174,8.915
2,-20.170,-37.352,4.808
2,46.303,-49.406,1.708
4,-22.518,41.898,2.567
2,-20.876,-46.208,4.828
2,-42.817,-14.327,4.704
2,-17.960,43.470,2.063
2,49.315,-25.617,2.102
4,-29.339,32.281,5.282
2,15.113,32.607,51.945
2,18.951,4.695,-1.963
2,4.616,2.031,1.258
2,-28.544,-47.705,3.678
2,13.475,-5.212,0.189
2,-25.028,-29.465,4.670
2,23.372,28.952,0.491
2,7.367,27.558,-0.739
3,28.429,13.225,0.377
2,25.557,49.221,-2.283
2,-5.993,-8.546,5.673
2,-33.534,-48.533,2.436
2,-16.129,6.041,4.035
7,21.324,26.611,0.324
2,23.864,-45.318,2.789
2,-48.262,1.519,8.445
3,32.712,43.231,-0.066
2,9.979,-40.550,2.921
2,-20.706,32.373,3.383
2,-25.364,28.954,5.118
2,-14.454,8.077,3.507
3,42.255,17.826,-1.543
2,-2.440,-16.537,4.999
3,41.530,18.475,-1.610
2,-6.661,-28.681,5.871
2,-8.701,-4.906,5.037
2,-11.278,-16.274,6.181
7,17.190,25.403,6.294
2,-38.145,-14.610,5.018
2,-1.224,49.671,1.815
2,10.210,44.440,-0.473
2,46.413,0.363,-2.934
2,5.774,48.193,0.768
2,-26.970,-39.848,3.697
3,20.382,-36.512,2.817
2,-11.599,39.910,1.835
2,28.752,-30.458,2.835
4,-0.344,12.956,2.514
2,-49.348,41.909,3.305
3,34.720,8.800,-1.153
3,-20.373,42.855,2.482
2,41.522,29.100,-0.178
2,32.424,-16.897,0.647
2,-21.150,19.368,4.187
2,11.383,-11.689,2.566
2,-11.158,-40.115,5.009
2,11.683,9.350,-0.482
2,-6.358,-27.115,5.842
2,13.629,-44.113,2.837
2,-30.007,24.081,5.522
2,-20.863,20.235,4.169
2,-49.138,0.841,8.444
2,-0.193,-33.267,4.721
2,21.442,-40.073,3.028
2,-34.733,37.043,3.549
3,42.330,29.548,-0.263
2,25.618,16.631,-0.027
7,23.082,29.626,9.388
2,-0.859,-46.894,4.074
2,0.698,-29.672,5.221
4,42.299,-17.560,0.733
2,24.859,-20.746,2.168
2,29.400,21.760,0.288
2,41.490,28.520,-0.249
2,-13.458,-32.433,5.433
2,-16.816,-7.491,5.551
4,-15.606,31.176,4.362
2,21.344,41.562,-1.077
2,30.856,-45.744,3.173
2,-25.951,27.844,5.087
2,-34.669,43.291,2.931
4,39.170,-15.277,1.052
2,-12.732,-0.735,4.503
2,26.856,-2.886,-1.603
3,-16.187,-23.097,6.599
2,32.350,11.617,-0.734
2,-3.340,2.906,2.854
2,14.238,-17.901,3.150
2,25.200,43.947,-1.688
2,11.502,-2.994,0.180
2,-26.932,32.149,4.050
2,-8.158,-3.988,5.043
2,44.026,-15.464,-0.282
2,40.481,17.261,-1.787
2,28.617,18.075,0.196
2,-12.806,47.199,1.998
2,7.381,4.489,0.122
2,-36.189,-35.791,2.576
2,19.651,-30.970,2.340
2,-14.913,23.041,3.968
4,-20.207,43.190,2.540
2,35.945,-5.616,-1.281
2,28.158,8.666,-0.896
2,-22.006,-27.187,5.039
2,-19.808,40.959,2.119
3,42.298,-19.464,0.830
2,-49.016,12.905,9.334
2,-10.940,-33.512,5.478
4,-36.403,-26.066,5.153
2,-23.250,26.966,4.877
2,-15.689,-23.081,6.039
2,-47.674,0.180,8.413
2,-27.030,18.350,4.753
2,27.821,-44.906,3.097
2,45.117,5.166,-2.419
2,-32.166,-19.726,4.902
2,-16.204,-22.676,6.031
2,45.007,-42.534,1.609
2,-16.406,-23.129,6.041
2,40.236,-47.204,2.595
2,-7.346,39.659,1.085
2,-28.168,3.115,6.133
3,4.582,-35.100,3.890
2,-14.386,-46.331,4.794
2,-36.156,-32.031,3.349
2,-27.717,25.965,5.268
2,-30.212,-25.815,5.188
2,-5.520,31.811,1.289
2,44.465,-38.296,1.990
2,-1.350,-12.556,4.819
2,-0.601,13.556,1.820
2,-8.381,31.250,2.158
2,25.401,19.406,0.196
4,33.189,8.778,-0.547
2,21.553,0.469,-1.966
2,-19.310,8.772,4.642
2,-18.522,-12.504,5.625
2,-27.779,-34.948,3.561
2,4.525,-17.812,4.417
2,27.292,6.049,-1.483
2,-5.920,28.976,1.780
2,-25.866,18.249,4.520
2,-38.517,-47.707,1.291
7,68.487,106.334,-28.377
2,28.434,-32.112,3.044
2,-0.179,-7.675,3.882
2,-26.485,22.390,4.942
4,25.498,38.121,0.568
2,36.459,22.092,-0.650
2,-19.108,-39.919,4.866
2,-19.358,41.875,2.040
2,-44.295,0.761,8.459
2,24.258,34.976,-0.011
7,21.144,26.132,4.462
2,8.343,26.714,-0.999
2,-37.273,6.773,6.489
2,27.714,45.086,-1.374
3,-17.915,8.254,4.638
2,-17.074,-37.809,5.202
2,-48.296,32.409,5.198
2,-4.367,31.050,0.973
2,24.089,49.489,-2.363
2,35.209,16.861,-0.872
2,29.305,-12.991,1.085
2,37.783,0.632,-1.957
4,-29.482,32.446,4.795
2,-49.260,5.651,8.524
2,41.118,-23.528,0.291
2,35.374,26.186,-0.148
2,9.277,-6.327,1.605
2,15.905,-13.404,2.027
2,48.752,14.237,-2.565
2,-20.617,19.288,4.120
2,33.823,-42.526,3.245
4,-25.068,-21.241,7.621
4,41.686,-31.106,1.688
2,6.157,-0.848,1.446
2,29.620,-6.315,-0.111
2,47.553,-46.058,1.368
3,29.260,14.029,0.263
2,32.319,43.910,-0.207
2,-44.749,-18.483,4.083
2,35.330,-22.956,0.634
3,42.292,29.600,-0.012
2,-14.403,-10.242,5.806
2,-22.818,-38.893,4.011
2,-10.856,5.283,3.230
2,-34.553,36.643,3.480
3,7.726,21.813,0.259
2,-8.911,-5.793,5.126
2,-1.956,29.344,0.330
2,-25.534,39.754,2.286
2,7.673,-7.972,1.928
2,11.148,-5.551,0.747
3,43.975,22.857,-0.702
4,-44.500,-9.554,6.533
2,3.243,-35.736,4.143
3,14.939,-31.832,2.531
2,-25.591,-11.839,6.736
2,-22.699,-42.211,4.163
2,-26.935,-5.709,6.170
4,-20.254,-12.405,6.502
2,-5.520,3.351,2.851
4,31.455,7.308,-0.832
2,45.176,7.013,-2.712
2,8.650,-17.053,3.268
2,26.895,42.045,-1.115
2,-23.840,-38.123,3.824
7,23.704,30.879,32.369
2,-36.991,14.018,6.761
2,-35.973,-20.513,4.400
2,-33.043,7.142,6.258
4,-43.857,-8.923,6.448
2,-25.639,29.025,4.936
2,-23.879,-44.739,4.034
3,-20.958,42.714,2.486
2,-14.422,34.389,2.423
4,13.948,25.415,1.202
2,12.698,-30.860,2.378
2,-33.971,36.475,3.416
2,23.076,-1.993,-1.874
2,5.160,-20.653,4.229
2,39.653,13.327,-1.669
2,-20.822,44.915,2.305
4,-4.583,21.260,2.274
3,27.460,38.477,0.571
4,23.905,3.100,-0.964
3,-19.318,7.140,5.050
2,-5.785,6.994,2.400
4,32.731,44.137,0.083
2,28.311,-9.181,0.274
2,45.049,-41.984,1.664
2,-29.883,-29.941,4.006
2,-38.067,-19.665,4.356
2,14.283,23.185,-0.372
2,-16.546,-22.362,6.047
2,23.262,14.321,-0.152
2,42.552,-11.614,-0.522
2,11.219,-36.923,2.695
2,24.130,6.217,-1.604
2,-20.909,40.593,2.013
2,-5.880,25.086,2.220
4,-18.401,9.246,5.099
2,-24.206,11.096,4.766
2,34.264,30.336,0.544
7,18.683,25.545,14.744
2,2.870,8.713,1.516
2,-27.876,-26.505,5.083
2,-22.094,42.694,2.051
2,43.034,-33.342,1.629
2,6.409,10.018,1.168
2,24.009,-44.699,2.914
2,2.029,11.714,1.442
3,6.153,21.309,0.559
2,-30.304,-19.433,5.391
2,-6.062,18.629,1.815
2,23.928,14.847,-0.229
2,31.410,36.564,-0.239
2,-20.364,-11.275,5.599
2,8.226,4.900,-0.079
2,29.044,13.277,-0.061
2,-7.565,-38.155,5.042
4,42.601,21.544,-0.383
2,-38.126,-23.739,3.951
2,-37.192,22.958,6.145
2,20.293,-37.121,2.898
2,-19.447,8.023,4.854
2,-3.770,9.027,2.515
4,-43.977,-9.198,6.448
3,23.125,31.690,51.945
3,28.039,12.995,0.154
2,-2.859,-45.453,4.413
2,16.562,13.993,0.426
2,15.733,-10.385,1.290
2,27.328,-24.363,2.120
2,0.293,-47.466,3.782
2,44.403,-45.946,1.749
2,-48.222,-48.234,0.915
2,-8.452,-1.911,4.430
2,25.135,-12.682,1.555
4,13.121,40.923,-0.739
2,33.544,-35.865,1.995
3,42.042,-18.822,0.830
2,45.877,-29.321,1.305
2,-7.249,-14.345,5.783
2,19.243,28.364,51.945
2,-30.305,-17.191,5.622
2,-30.904,-20.397,5.068
2,-25.028,14.535,4.946
2,-20.967,42.787,2.331
3,-0.679,12.227,2.280
4,-18.390,9.206,4.956
2,-42.727,7.433,7.944
2,-9.810,-28.342,5.942
2,-5.643,-9.032,5.689
2,13.351,-37.578,2.187
2,22.330,-24.236,2.604
4,-5.135,22.460,2.006
2,8.574,21.053,0.060
2,-24.444,4.010,5.826
2,13.538,-10.394,1.594
2,20.979,40.221,-0.951
2,-4.036,38.685,0.252
2,48.683,35.842,-0.582
2,-6.096,-32.369,6.003
2,32.872,44.538,-0.613
2,-27.129,47.899,1.967
2,40.534,-45.112,2.459
2,31.647,24.760,0.383
2,10.384,-31.050,2.829
2,-16.539,7.991,3.881
2,46.410,12.144,-2.753
2,0.384,-1.854,3.229
2,31.211,18.525,0.210
2,-33.745,21.300,5.866
2,-6.661,-7.485,5.794
2,26.496,-29.267,2.731
3,-36.260,-36.654,2.520
2,48.797,29.172,-0.481
2,-29.791,-1.589,6.487
2,28.039,14.727,-0.056
2,37.056,3.642,-2.054
2,-8.229,-37.986,5.077
2,-19.886,8.707,4.576
2,30.490,-41.996,3.411
2,47.313,13.953,-2.436
2,17.997,-32.405,1.921
2,7.785,7.288,0.299
2,-15.618,-2.899,4.551
2,22.330,-10.710,1.166
3,32.676,44.458,-0.071
4,-20.627,-10.342,6.965
2,-35.466,-21.399,4.418
2,30.750,2.967,-2.337
2,-9.259,12.785,2.631
2,-9.844,42.767,1.136
2,-36.767,34.093,3.724
4,-43.376,-10.085,6.254
2,-26.317,28.840,4.989
4,42.241,18.043,-0.856
2,-20.749,40.514,2.025
3,-36.622,-25.368,4.781
2,37.598,-20.130,-0.162
4,-27.851,32.424,4.911
2,-21.687,42.476,2.072
2,-1.796,32.714,-0.137
4,-27.746,30.585,5.023
2,23.548,47.964,-2.322
2,18.685,40.759,-1.394
2,31.425,-4.806,-0.937
3,42.016,-31.395,1.522
2,3.485,-19.917,4.677
2,-15.565,-37.359,5.260
2,34.926,41.790,-0.302
2,48.236,15.838,-1.962
2,-34.779,-37.502,2.629
3,-0.779,12.527,2.318
2,-11.784,-16.032,6.156
2,23.166,-45.135,2.937
2,36.622,-5.090,-1.436
7,8.755,35.442,9.157
2,-26.681,21.862,4.917
2,-34.424,35.947,3.356
3,-25.652,24.561,5.454
4,41.531,16.946,-0.535
2,-7.573,4.723,2.877
2,21.377,32.389,51.945
4,6.828,22.210,0.497
2,19.277,-40.388,2.534
2,15.886,24.770,-0.100
2,-5.306,48.352,1.788
4,9.053,36.105,4.112
2,-49.961,-16.627,3.289
2,-25.808,22.264,4.917
4,38.820,-19.936,1.154
3,-20.482,40.220,2.452
2,8.185,-42.582,3.006
7,36.446,23.545,-8.839
3,-16.016,-22.561,6.595
2,6.707,31.878,-0.719
2,-4.432,18.245,1.945
2,35.966,43.862,-0.760
2,-35.432,-20.130,4.593
2,-22.539,19.254,4.157
2,36.576,-16.072,-0.190
2,4.100,-12.514,3.673
2,21.679,-36.539,2.761
3,-5.390,-33.257,5.853
2,-34.683,49.293,2.094
2,31.687,9.120,-1.438
2,-21.020,-8.105,5.513
2,-44.225,-28.587,2.602
2,-42.276,23.573,6.844
2,-6.748,-6.524,5.720
7,19.923,25.481,7.923
2,28.022,6.206,-1.474
2,36.523,-2.459,-1.793
2,15.923,-2.950,-0.595
2,-48.511,24.297,7.748
2,12.036,3.000,-0.902
2,14.442,33.389,51.945
2,-10.167,-36.535,5.478
3,-3.666,23.635,1.480
2,34.110,7.895,-1.439
2,41.947,-7.676,-1.211
2,-49.931,-48.585,0.925
2,30.955,5.517,-1.941
4,29.112,38.335,0.596
2,42.329,-13.601,-0.288
2,36.779,-21.268,-0.106
2,9.740,46.637,0.330
2,-26.464,-49.364,4.356
2,18.667,-18.678,3.357
2,-47.304,-36.809,0.740
3,5.798,-17.512,4.118
2,-0.347,42.948,0.045
2,35.190,43.152,-0.707
2,22.113,16.665,0.121
2,7.833,-10.073,2.275
7,21.354,26.655,4.509
2,45.941,26.892,-0.519
4,20.208,-0.643,-0.976
7,10.372,38.412,1.640
2,-44.961,16.767,8.599
2,35.361,-28.378,1.248
2,6.055,21.563,0.375
4,-43.882,-9.654,6.550
3,-0.220,13.842,1.944
2,23.775,-31.779,2.975
2,-16.484,-22.400,6.055
4,-21.016,43.097,2.661
2,-28.705,33.376,3.734
3,-4.634,-31.633,6.009
2,-37.609,8.674,6.554
2,36.571,-7.794,-1.122
4,-11.056,29.877,3.839
2,3.406,-11.952,3.615
2,-36.653,-11.999,5.554
4,40.750,-17.845,1.103
2,-10.294,-4.530,4.999
2,-6.164,49.353,1.942
2,33.824,-35.357,1.924
2,-3.254,30.528,0.525
2,-35.215,-36.414,2.478
2,12.562,-37.847,2.322
2,-13.614,-5.257,5.130
2,-2.159,-38.558,4.673
4,-43.390,-8.938,6.547
2,14.866,-31.157,2.184
2,26.594,16.648,0.042
2,-6.094,-10.929,5.625
2,24.532,-27.782,2.462
2,2.999,15.140,1.358
2,29.980,39.652,-0.234
2,-15.162,-0.142,4.254
3,-16.457,-22.309,6.597
2,-35.975,41.676,2.802
2,39.841,39.609,0.568
2,49.712,-37.440,1.438
2,-44.029,-11.983,4.829
2,-0.598,9.206,2.090
2,25.649,47.153,-1.863
2,-49.034,-32.928,0.994
4,40.370,16.151,-0.779
2,25.638,13.871,-0.256
2,16.027,-28.292,2.241
3,41.157,29.245,0.095
2,-19.873,26.050,4.504
7,22.130,27.760,13.553
2,0.495,35.459,-1.130
2,-16.280,-37.019,5.279
2,-32.274,5.366,5.905
4,5.460,-35.168,4.548
2,4.157,37.685,-0.852
2,6.033,21.056,0.296
2,18.410,8.222,-1.006
4,-18.232,7.818,5.218
2,-42.533,5.301,7.952
2,20.500,-10.711,1.325
2,-45.424,-18.903,3.933
2,-37.685,46.625,2.079
4,-3.036,22.590,1.984
2,28.975,7.949,-1.130
2,-43.049,39.667,3.514
2,47.032,-14.107,-0.005
3,40.322,18.816,-1.191
2,-7.371,-42.206,5.249
4,-28.260,32.540,4.439
2,20.480,-27.835,2.288
2,-9.926,-4.422,5.247
2,14.415,-29.354,2.418
2,-27.604,16.739,5.117
2,-6.008,-7.050,5.764
2,-39.388,43.916,3.097
2,-33.359,34.393,3.359
2,-41.971,-42.610,1.405
4,28.832,0.234,-1.468
2,16.138,-26.233,2.553
2,-0.104,-34.888,4.695
2,25.473,-43.482,2.957
7,-46.753,-46.199,-5.871
2,47.990,-46.370,1.343
2,-25.688,30.327,4.706
2,31.188,6.190,-1.769
4,-7.382,-5.684,5.824
2,-41.136,16.239,7.695
2,15.653,-46.147,2.682
2,-46.643,-40.488,0.838
2,-44.738,-36.910,1.067
2,-6.057,-34.391,5.190
3,32.599,44.529,0.025
2,-10.706,-47.602,4.495
4,3.914,-34.309,4.357
3,-0.843,13.575,2.339
3,-19.250,7.065,4.987
2,1.546,49.879,1.596
2,5.910,13.915,1.412
2,26.104,-25.520,2.577
2,-44.271,-25.503,2.845
4,-34.731,-5.768,8.354
2,18.572,-38.813,2.317
7,23.539,36.003,-0.094
2,-26.785,-10.653,6.405
2,-37.294,-36.207,2.061
2,-19.066,-29.819,5.420
2,20.769,-0.857,-1.602
7,21.459,26.670,5.207
4,-33.604,7.136,7.295
2,-6.410,-32.036,5.689
3,14.564,-28.457,2.594
3,24.533,-1.821,-2.083
2,-34.044,0.980,6.472
2,-10.301,-4.243,5.070
2,27.356,7.651,-1.222
2,1.774,-16.029,4.382
2,-6.759,-9.119,5.718
2,-49.650,-33.511,0.852
2,-20.379,23.131,4.484
2,-15.598,44.660,2.167
2,-18.685,-32.939,5.284
3,14.493,-28.771,2.510
2,47.747,45.361,0.519
2,7.535,-16.775,3.464
4,-35.582,-36.768,3.062
4,-0.734,12.640,2.395
2,41.820,17.145,-1.770
7,9.779,37.225,15.391
2,-28.761,36.410,3.266
2,-14.622,29.370,3.026
2,-40.817,40.176,3.541
2,19.437,-20.624,3.101
7,38.108,36.524,-10.246
2,-46.899,-3.512,7.261
2,-19.571,-46.782,4.953
2,2.231,49.943,1.366
2,49.974,-7.468,-1.569
2,-40.695,-12.090,5.191
2,-24.767,44.666,1.827
2,-34.568,37.200,3.526
2,-34.645,36.648,3.322
2,41.973,-11.992,-0.409
2,10.572,21.804,-0.112
2,-4.996,-39.881,5.096
2,3.722,-34.377,3.751
2,-49.124,6.885,8.502
2,-40.303,-6.899,6.774
2,10.030,40.436,-1.037
2,32.558,44.341,-0.584
2,-26.121,13.265,4.998
2,-5.148,-41.696,4.940
2,41.126,17.817,-1.721
2,-13.199,-30.517,5.485
2,38.588,-33.784,1.423
2,-20.730,-21.555,6.232
2,15.557,7.889,-1.299
2,2.527,-21.898,5.013
2,-9.258,47.727,1.651
2,-39.979,-9.754,6.056
7,21.987,27.743,9.364
7,23.124,29.499,10.783
2,19.067,-47.445,2.854
4,-3.826,21.941,2.168
3,41.799,29.791,-0.131
2,42.693,34.762,-0.014
3,-0.373,13.524,2.377
2,-6.347,-6.953,5.665
2,10.368,33.293,51.945
2,24.218,-3.154,-1.611
2,-33.711,36.990,3.355
2,-16.127,-22.311,6.378
2,-7.959,-33.164,5.533
2,-35.107,-8.865,6.224
2,-36.113,-3.604,6.944
4,-18.333,8.393,4.997
2,-46.655,2.657,8.360
2,2.004,37.211,-1.112
2,-5.780,37.400,1.195
2,-4.205,46.182,1.436
2,-31.077,37.751,2.843
4,39.665,-18.414,0.813
2,-12.595,-47.669,4.599
4,20.350,10.301,0.906
2,-33.832,37.098,3.461
2,15.224,-3.829,-0.318
2,32.996,35.951,-0.095
2,-48.023,23.519,7.962
2,-28.434,-41.476,3.518
2,19.748,0.317,-1.675
2,9.151,36.176,1.256
3,-0.368,13.165,2.298
3,25.840,36.236,0.374
4,6.628,22.300,0.790
3,41.154,29.094,0.015
7,23.709,30.703,13.491
2,3.145,36.657,-1.122
2,37.204,-26.217,1.065
2,3.364,18.209,0.948
7,22.400,28.460,25.408
2,46.506,26.674,-0.619
2,34.336,-6.543,-0.836
2,49.503,-9.198,-1.123
2,-39.426,37.043,3.746
2,-34.508,36.604,3.383
3,41.557,29.574,0.100
3,-5.635,-32.944,5.977
2,-45.641,31.905,5.271
2,-17.229,-15.433,6.129
3,40.240,17.849,-1.367
2,0.045,13.522,1.839
4,-43.561,-9.409,6.619
2,-29.556,26.642,5.373
2,19.203,-6.759,-0.111
2,4.599,14.947,1.280
2,-29.509,10.268,5.820
2,-27.481,-36.756,3.585
3,42.428,29.548,-0.017
2,-21.889,-46.189,4.689
2,-0.123,-3.534,3.526
2,35.806,7.858,-1.961
2,-38.292,3.238,7.168
2,-19.281,8.724,4.558
2,-2.476,30.987,0.317
3,39.192,-16.656,0.125
3,-36.215,-36.720,2.819
2,10.280,-12.617,2.644
2,32.303,-26.581,1.509
4,43.743,21.455,-0.196
7,8.492,34.968,9.217
2,-44.582,-26.018,2.713
2,-15.680,-6.790,5.535
2,-4.182,7.605,2.605
2,-20.865,19.813,4.603
4,41.734,17.185,-0.588
2,48.736,-42.458,1.744
2,-24.168,-34.640,3.976
2,1.819,-22.330,5.132
2,40.499,-21.220,0.166
2,-30.259,29.596,4.643
2,-6.480,-7.114,5.740
2,33.909,0.635,-2.342
2,9.497,28.673,-0.902
2,20.087,-40.372,2.620
4,32.947,44.315,0.164
2,8.601,22.673,-0.508
2,2.202,19.397,0.905
2,-39.392,42.356,3.137
4,-15.738,-23.036,6.663
4,-0.740,13.472,2.557
2,37.060,40.652,0.030
2,-43.507,-34.150,1.479
4,-36.632,-25.387,5.234
2,-39.424,-22.232,3.735
2,-27.000,45.134,1.850
2,-34.130,36.061,3.354
2,2.118,14.925,1.546
2,24.902,-2.247,-2.167
2,-16.289,21.331,3.917
4,-30.013,31.955,5.435
2,25.406,9.636,-0.602
2,-38.550,-23.373,3.870
2,19.250,29.139,51.945
7,8.120,34.239,5.001
2,20.215,-36.801,2.737
2,19.418,-38.464,2.623
2,19.640,-15.926,2.523
2,33.104,45.104,-0.931
2,-7.020,-20.023,6.052
4,-28.517,-22.343,6.743
3,42.246,28.733,-0.033
4,16.387,13.717,1.777
2,-27.518,32.212,4.314
2,-29.214,8.478,5.743
2,43.195,16.273,-1.931
4,14.925,-31.612,2.751
2,-16.278,48.173,2.519
2,17.916,-5.560,-0.326
4,-35.417,-5.194,8.190
2,6.654,-10.808,2.667
2,8.746,-34.593,2.878
2,-33.474,36.375,3.404
4,8.146,21.992,0.276
3,-35.481,-26.191,5.008
2,14.479,35.281,51.945
2,45.264,-20.472,1.004
2,18.328,-4.108,-0.881
4,40.685,16.740,-0.967
2,-39.764,-35.474,2.142
3,28.727,-3.060,-1.107
2,-4.173,-22.335,5.583
2,29.304,-21.161,1.567
2,20.339,-37.077,2.926
2,30.752,-25.613,1.413
2,39.351,12.845,-1.696
3,-36.116,-25.144,4.794
7,42.487,-45.735,-14.643
2,27.143,37.970,0.273
7,21.116,25.991,5.859
2,13.590,-12.296,2.289
4,33.537,8.064,-0.944
2,-14.868,47.065,2.310
2,4.329,6.196,1.223
2,-35.747,29.538,4.628
2,4.128,-15.653,3.866
2,-34.268,23.668,5.744
2,14.290,-43.582,2.776
2,-49.661,-12.727,3.566
2,-7.876,-7.480,5.787
3,42.121,29.047,0.125
2,-2.482,42.386,0.012
2,-34.632,37.172,3.345
2,49.845,-40.089,1.668
2,41.196,14.110,-1.843
2,-21.223,-22.056,6.227
2,-35.442,46.624,2.429
4,-28.146,30.812,5.483
2,32.952,-9.476,-0.285
2,-2.212,17.821,1.774
7,23.816,30.798,21.182
2,-2.008,4.427,2.673
4,27.454,-5.860,-0.100
2,-42.425,-7.679,6.579
2,34.725,-6.071,-0.998
2,-45.690,43.522,2.476
2,-4.660,14.316,2.591
2,19.289,19.746,0.089
2,-28.675,-21.770,5.659
2,42.696,40.962,0.360
2,31.347,34.774,0.075
2,15.930,42.643,-1.243
4,-0.710,12.560,2.389
2,29.102,13.928,0.193
4,-1.368,13.542,2.573
2,-23.382,-41.780,3.999
2,49.274,6.939,-3.357
2,46.796,15.224,-2.112
2,28.679,33.690,0.335
4,-21.781,-9.894,6.874
2,37.109,26.400,-0.419
2,33.674,16.324,-0.730
2,-20.007,17.091,3.973
2,-18.113,0.520,4.382
2,23.614,-41.767,3.176
2,32.089,-10.095,-0.054
4,-43.849,-8.943,6.592
2,-42.920,-17.139,4.650
2,0.475,-36.023,4.637
2,-19.497,42.778,2.106
2,40.278,16.752,-1.882
2,45.701,-6.943,-1.277
3,13.891,40.737,2.289
3,-35.622,-36.865,2.930
2,-9.114,36.244,2.000
2,49.528,18.197,-1.697
2,-24.318,0.044,6.473
2,1.745,18.506,1.188
2,-2.572,-5.095,4.452
2,6.232,41.875,-0.305
2,-3.881,36.628,0.369
2,-42.698,27.267,5.744
2,14.822,42.540,-1.311
2,-33.907,36.898,3.559
2,34.245,-45.401,2.832
2,-25.733,-13.131,6.859
2,-16.404,-21.944,6.279
2,20.595,-12.465,1.913
2,-26.565,31.820,4.523
2,-33.994,36.809,3.439
2,22.743,-16.387,2.060
2,-27.543,31.379,4.416
2,9.058,-18.029,3.305
2,-41.446,20.039,7.679
3,5.739,11.943,1.310
2,-31.104,41.832,2.627
2,33.984,-17.896,0.317
2,-0.980,-41.497,4.239
4,40.340,16.742,-0.591
2,17.403,-3.955,-0.736
2,41.267,-16.348,-0.094
2,39.546,45.108,-0.561
2,-28.315,-35.557,3.465
3,31.901,44.315,-0.036
2,-44.800,-29.091,2.371
2,-34.610,37.077,3.497
2,17.786,-10.130,0.936
3,27.508,38.717,0.243
2,26.685,-26.182,2.486
2,27.450,-5.160,-1.178
2,-1.472,-28.723,5.650
7,48.240,-34.205,-5.201
2,3.451,-17.783,4.299
2,-20.246,-39.417,4.669
2,38.450,13.914,-1.461
2,7.631,-34.401,3.174
3,42.310,29.276,-0.083
2,32.999,24.383,0.229
2,-44.655,-16.114,4.259
2,-24.733,27.690,4.887
4,-17.611,6.290,4.914
4,39.287,-16.641,1.085
2,2.042,4.529,1.905
2,-49.985,15.152,9.565
2,9.659,-38.797,3.082
2,-49.614,-27.865,1.475
3,-24.787,28.477,5.192
2,-29.065,16.304,5.362
2,48.992,32.496,-0.821
2,15.245,-27.760,2.329
2,19.665,-41.528,2.695
4,24.815,33.819,0.855
2,7.998,-24.384,4.089
2,-33.095,40.857,2.744
2,5.570,33.163,-0.818
2,-49.873,-36.221,0.621
2,-2.740,-46.061,4.415
3,0.048,13.134,2.056
2,-40.826,46.304,2.260
2,47.737,-48.758,1.442
2,27.911,13.043,-0.127
2,-25.487,27.781,5.165
2,-36.340,-25.050,4.484
3,-19.815,42.338,2.527
2,-23.357,44.202,2.100
2,-34.416,37.308,3.464
2,-7.797,-18.500,6.356
2,-44.435,-48.542,0.844
2,7.824,33.669,-0.663
2,-15.368,10.040,3.586
2,-9.847,32.737,2.166
3,43.016,21.055,-0.908
2,-0.434,-23.445,5.773
2,-23.263,31.273,4.096
2,-0.326,-29.155,5.355
2,16.149,-5.670,0.003
2,34.909,-16.445,0.085
3,-6.523,-20.377,5.988
2,-6.270,-38.256,4.977
3,-26.121,28.995,5.174
2,20.568,-29.968,2.416
2,25.118,-10.857,0.947
2,46.520,35.713,-0.169
2,-25.057,-12.610,6.725
2,49.383,-36.898,1.366
3,-0.641,13.582,2.304
4,37.293,-17.294,0.640
2,-16.510,-22.581,6.337
3,26.807,38.135,0.564
2,-0.648,13.421,1.872
2,-38.778,-35.622,2.116
4,33.219,44.414,-0.015
2,-5.954,-32.345,5.817
2,18.780,-16.537,2.686
2,-11.400,13.571,3.214
2,-5.721,-32.030,5.684
2,-27.304,10.498,5.439
2,-18.985,-3.164,4.771
2,23.740,38.946,-0.462
2,-10.388,25.666,3.199
2,-6.516,-32.142,5.701
4,31.668,7.468,-0.453
2,-34.605,37.104,3.396
4,27.607,13.969,0.493
2,-11.457,47.982,1.964
2,32.761,43.755,-0.582
2,9.232,15.261,0.918
2,16.287,-16.957,2.986
2,-28.759,-30.909,3.853
2,48.851,9.435,-3.008
3,6.072,21.080,0.688
2,34.466,25.972,-0.060
2,-30.015,-31.871,3.545
2,-41.840,-38.975,1.375
2,-12.501,-27.815,6.155
2,23.599,29.537,0.427
2,12.995,19.861,0.218
2,41.310,29.483,-0.253
2,-27.840,30.826,4.401
4,13.924,25.383,-0.228
2,48.173,20.937,-1.039
2,49.859,-31.441,1.004
3,5.979,-17.529,4.127
3,32.651,43.961,-0.068
2,-31.717,16.043,5.655
2,26.845,-14.672,1.447
3,-44.456,-9.374,6.238
2,-21.964,25.472,5.006
2,43.489,31.837,-0.650
2,-41.151,34.005,4.264
2,7.357,-36.252,3.053
2,-25.884,35.776,3.235
2,20.230,45.348,-1.424
4,-19.926,43.080,2.626
2,-41.972,5.571,7.787
2,-35.628,-35.527,2.429
2,-36.253,37.429,3.203
2,-45.945,-40.934,1.081
2,5.447,49.351,1.077
2,22.609,11.683,-0.345
2,-1.824,33.703,-0.182
2,-26.860,26.678,5.134
2,-38.213,-49.266,1.160
2,38.487,45.580,-0.927
2,3.877,43.086,-0.189
2,35.712,49.945,-1.700
2,29.392,-26.501,1.828
2,-12.502,-31.240,5.302
2,-48.635,-7.812,5.348
2,34.098,6.665,-1.635
7,22.373,28.368,17.726
2,27.096,-40.151,3.315
2,17.830,35.504,51.945
3,-16.738,-22.301,6.627
2,-3.958,9.645,2.535
4,42.680,21.640,-0.321
2,16.133,6.753,-1.550
2,-30.690,-35.424,3.141
7,22.706,29.048,12.898
4,41.547,-30.736,1.535
2,-14.718,-20.970,5.850
3,-8.314,49.986,2.156
2,-35.211,-0.471,6.864
2,-7.795,-34.130,5.374
2,16.363,-6.184,0.151
2,-7.881,-7.317,5.592
2,40.078,-45.404,2.568
2,-0.814,-48.398,3.838
2,7.127,-27.369,4.070
2,31.051,26.585,0.429
2,12.980,-30.856,2.170
2,-22.699,-13.753,6.113
2,28.293,12.432,-0.162
2,31.113,-4.220,-1.058
2,-2.087,-33.049,5.054
4,11.755,40.891,0.002
2,20.581,-3.227,-1.092
4,-35.302,-36.546,3.073
2,-7.173,-7.261,5.598
2,-32.075,-29.010,4.148
2,28.477,28.727,0.510
2,19.203,-37.377,2.951
4,21.644,-4.755,-0.748
2,1.912,42.777,0.087
3,-43.517,-9.678,6.328
7,9.873,37.201,4.640
2,-6.243,-19.913,5.957
2,-5.217,-25.300,5.723
4,-27.851,30.528,5.086
2,4.294,4.612,1.292
2,-15.911,-43.364,4.732
4,41.964,18.130,-0.896
2,43.462,-45.562,1.793
2,-40.778,-39.253,1.491
2,-19.898,43.150,2.049
2,-18.574,23.660,4.351
2,-20.177,19.916,4.296
2,-16.107,-28.311,5.532
2,-22.778,-36.694,4.038
2,-35.968,13.981,6.712
4,-27.067,31.499,5.288
2,-6.724,-42.264,5.185
2,26.585,-42.208,2.952
2,-12.320,21.517,3.883
2,-44.846,20.841,7.810
2,47.935,23.498,-0.774
2,31.754,9.226,-1.344
2,-27.797,-38.490,3.720
2,-16.055,-22.484,6.417
2,-8.748,28.693,2.512
4,-36.763,-26.053,5.015
2,-13.184,7.652,3.313
2,10.972,6.122,-0.551
2,16.254,8.049,-1.275
2,-9.226,16.714,2.911
2,35.533,23.549,-0.382
4,43.613,21.660,-0.441
2,-15.948,31.008,2.994
2,-27.100,-13.134,6.729
2,19.412,42.881,-1.446
2,-12.744,-24.165,6.480
2,-36.254,20.915,6.296
2,26.004,-9.210,0.698
2,-20.823,27.687,4.520
3,-43.538,-8.813,6.224
2,-37.664,25.454,5.919
2,-47.031,0.765,8.420
2,-33.690,5.719,6.217
2,-16.565,-23.013,6.032
3,-35.720,-37.318,2.818
2,-43.609,38.011,4.048
2,-42.789,36.462,4.204
2,-35.809,-35.397,2.428
2,-5.379,25.283,1.922
2,2.304,-26.740,5.295
2,7.580,14.187,1.171
2,4.396,-33.115,3.746
2,21.753,-49.233,2.717
2,-18.435,21.299,4.186
2,-9.494,-13.202,5.982
2,32.930,44.209,-0.627
2,32.178,44.400,-0.622
2,-35.624,-41.642,1.943
4,6.364,-17.178,4.283
2,24.067,23.882,0.214
2,-8.124,34.804,1.850
2,-7.281,-8.007,5.733
2,13.739,-25.140,2.813
2,36.284,-12.363,-0.644
4,4.112,-0.746,3.544
3,-20.995,-10.129,5.743
2,2.863,-2.641,2.501
2,-20.965,-44.483,4.604
2,-17.045,20.149,4.039
2,23.266,-10.815,1.285
2,-29.621,-36.741,3.300
3,-21.336,41.236,2.270
2,39.086,-18.479,-0.089
4,-22.658,-8.632,7.008
2,42.375,-27.036,0.789
2,4.243,-17.497,4.096
7,22.330,28.327,8.647
2,-38.983,34.642,3.743
2,5.524,-46.189,2.808
2,-13.968,32.908,2.305
2,15.871,14.901,0.392
2,2.240,20.726,0.821
2,-0.452,-21.494,5.432
2,-17.438,29.008,3.441
4,24.788,-17.556,3.409
3,-3.326,22.099,1.616
2,-43.303,-43.329,1.319
2,0.056,-29.737,5.223
2,9.031,-36.561,2.864
2,12.311,-47.152,2.069
4,37.976,-15.217,1.083
2,-24.411,36.310,3.008
2,22.430,1.671,-2.085
2,-6.651,-31.299,5.906
2,2.026,-27.909,5.384
2,48.574,-36.486,1.311
2,-16.327,22.795,3.947
7,10.870,39.165,26.761
4,28.298,-3.899,0.833
7,8.392,34.860,-0.041
4,27.552,13.651,0.465
2,-27.344,22.732,5.064
2,0.712,32.291,-0.772
2,-21.208,-38.100,4.475
2,-45.334,45.091,1.952
2,48.356,9.172,-2.924
2,5.448,-43.704,3.213
2,-38.798,-49.366,1.058
2,-9.316,38.502,1.737
2,22.776,-39.535,3.303
2,-47.757,45.282,2.217
4,33.040,7.724,-0.828
2,34.490,28.111,0.385
2,-4.436,-26.090,5.708
2,-37.419,-14.953,5.180
2,-25.323,-13.099,6.743
2,-45.239,-7.295,6.075
2,-9.660,-49.292,4.008
2,-11.370,-21.820,6.340
2,23.827,-49.916,2.435
2,7.111,20.105,0.398
2,-49.455,11.953,9.307
2,-23.260,-24.420,5.920
2,-6.508,-32.475,6.006
2,32.241,-32.489,2.181
2,6.973,37.222,-0.768
2,-28.410,-43.502,3.204
2,-0.498,12.981,1.806
2,1.316,-48.121,3.578
2,-3.083,33.784,0.260
2,-30.131,-28.823,4.192
2,40.200,9.580,-1.810
2,-19.252,43.196,2.070
3,27.878,14.718,0.268
2,44.844,-40.390,1.573
2,41.438,-0.244,-2.165
2,32.168,5.355,-1.986
7,21.638,27.263,15.638
2,-1.870,14.313,2.153
2,-25.151,-12.745,6.909
2,-49.658,6.654,8.580
2,-8.435,35.377,1.952
2,47.436,26.827,-0.596
2,19.798,-23.827,2.565
2,-48.954,-21.833,2.806
2,13.387,-27.961,2.787
2,3.562,-15.403,3.903
2,36.232,41.726,-0.285
2,-25.726,27.673,5.126
3,27.929,12.965,0.252
4,40.105,-17.018,1.203
2,11.188,13.791,0.291
2,43.753,11.774,-2.026
2,10.803,-2.008,-0.039
2,31.616,11.006,-0.786
2,0.324,-43.740,3.918
2,-25.415,17.182,4.711
2,-2.409,21.384,1.019
3,-44.025,-9.589,6.186
2,0.092,-43.127,3.987
2,47.570,-26.696,1.774
2,-33.674,36.948,3.270
2,32.414,-17.451,0.639
3,32.796,44.574,-0.079
2,5.002,-16.399,4.134
2,21.088,-38.070,2.829
2,20.670,45.941,-1.407
2,19.878,19.390,0.186
2,40.973,-6.164,-1.457
2,35.555,-34.794,1.736
2,-27.400,14.775,5.266
2,27.076,46.888,-1.675
3,42.433,-31.349,1.280
7,19.370,25.463,20.425
2,20.339,10.991,-0.357
2,-22.047,-2.846,5.835
3,32.924,8.990,-1.275
4,17.514,-16.411,3.412
4,-14.964,29.933,4.417
2,-31.289,-8.642,6.292
2,-26.086,-13.822,6.864
4,-36.185,-36.687,3.116
2,16.169,17.538,0.248
2,-37.744,-22.413,4.016
1,20.614,25.488,5.880
2,-25.934,-11.234,6.917
2,45.874,14.636,-2.211
2,20.241,41.854,-1.347
2,7.190,-18.162,3.691
3,-17.770,7.100,4.656
2,2.978,13.566,1.413
2,-6.442,-37.135,5.007
2,-1.015,44.655,0.397
3,41.826,28.645,0.139
3,-20.617,40.951,2.403
2,41.348,29.559,-0.263
2,-25.586,-11.818,6.898
2,-49.234,-14.608,3.415
4,24.742,-0.734,-0.822
2,31.075,42.462,-0.376
2,34.794,-49.952,2.989
2,25.980,38.583,0.048
3,27.237,36.757,0.551
2,-30.868,45.119,2.416
3,19.475,-37.326,2.825
2,14.670,19.230,0.358
2,-15.746,-22.786,6.038
2,-25.846,33.691,3.699
4,22.821,1.094,-1.262
2,-14.405,14.773,3.692
2,20.742,-37.854,2.883
2,-9.195,-34.976,5.426
2,-28.715,3.314,6.136
2,-5.448,-23.197,5.702
2,-43.661,-8.752,5.914
2,15.440,48.653,-0.613
2,-32.223,48.636,2.067
2,22.034,-3.341,-1.392
2,-39.386,47.024,2.071
2,28.132,-31.442,3.047
4,41.607,16.788,-0.860
2,-44.468,19.689,8.016
2,-48.086,-39.113,0.501
3,-19.343,8.120,5.056
2,28.834,14.740,0.109
2,-27.605,26.762,5.140
2,-6.542,-16.714,6.065
2,-49.542,23.853,7.854
2,-45.373,-1.484,7.874
2,33.994,-28.149,1.375
2,-2.779,48.389,1.777
2,31.742,-30.902,2.175
2,-7.803,-6.602,5.763
2,-6.036,-8.877,5.597
4,13.299,25.534,0.327
4,32.754,7.645,-0.592
2,19.255,6.027,-1.821
3,-19.083,43.342,2.479
4,12.528,40.937,-0.124
2,-3.366,-27.764,5.826
2,18.036,-24.350,2.484
7,24.538,31.942,7.907
2,-3.966,-22.833,5.626
2,-34.318,4.916,6.202
2,20.659,31.127,51.945
2,28.316,22.480,0.053
2,-16.181,-7.419,5.659
2,47.247,14.496,-2.355
3,-16.232,-23.018,6.513
2,-31.693,-31.627,3.294
2,-18.815,7.152,4.592
2,-14.253,-41.619,5.129
2,-39.428,16.156,7.374
2,-42.829,-22.782,3.377
2,37.514,-11.589,-0.754
4,33.251,8.704,-0.522
2,21.141,-37.409,2.798
2,-22.842,-44.921,4.233
2,37.224,-43.634,2.560
2,-38.369,-15.104,5.002
3,14.960,-30.349,2.498
2,-30.904,-21.836,4.956
2,47.663,8.126,-2.782
2,-20.980,10.355,4.659
2,-2.829,15.435,2.221
2,-39.915,3.479,7.356
2,20.094,-9.578,0.982
2,-35.185,1.818,6.526
2,13.157,42.838,-1.346
2,-13.561,19.069,4.054
2,34.963,11.814,-1.061
2,-8.028,27.905,2.524
3,5.466,-17.638,4.288
2,-15.665,11.167,3.672
2,-26.098,-13.843,6.904
2,26.819,-5.539,-1.381
2,3.878,-33.136,4.003
2,-6.758,-39.727,5.273
7,-19.858,16.113,-7.273
2,-0.724,41.315,-0.229
4,41.775,-15.222,0.695
2,-3.267,-22.189,5.478
2,-32.125,-8.829,6.176
2,-21.796,42.993,2.135
2,-34.049,36.331,3.412
3,-43.993,-9.126,6.194
2,28.575,0.130,-1.989
2,10.275,14.155,0.589
3,-6.331,-33.132,5.710
2,-6.760,-31.772,5.943
2,-4.494,-21.175,5.526
2,8.834,46.669,0.389
2,-35.843,-2.595,6.946
2,26.667,32.705,0.411
2,-28.781,30.699,4.452
2,-5.850,23.020,1.859
2,-14.090,-4.081,4.819
2,-2.644,-9.644,4.750
4,-44.079,-9.524,6.572
2,4.518,-4.891,2.288
2,24.483,-39.118,3.440
4,41.889,21.443,-0.298
2,27.605,25.816,0.220
2,22.000,-40.442,3.204
2,-27.118,-27.768,4.909
2,-1.127,12.813,1.833
2,40.805,33.753,0.279
2,-1.151,25.775,0.256
2,-44.296,-9.124,5.943
2,-31.834,20.080,5.640
4,0.043,13.239,2.420
2,-36.267,-45.549,1.581
2,2.120,-39.501,4.095
2,33.632,-38.766,2.258
2,-9.613,-11.195,5.814
2,31.090,-33.959,2.544
7,10.763,39.045,18.127
2,-36.967,-30.893,3.459
2,7.482,0.709,0.764
2,15.014,21.996,0.015
2,34.411,-34.382,1.737
2,45.269,-9.201,-0.824
2,-42.694,28.761,5.393
2,26.112,-23.194,2.153
4,-35.253,-6.244,7.640
2,-15.424,47.949,2.480
3,42.530,24.952,-0.531
2,-9.850,-44.420,4.830
7,19.245,25.553,14.822
2,26.671,9.928,-0.506
2,-42.215,-6.274,6.970
2,4.467,41.687,-0.146
2,-17.300,24.790,3.824
2,-7.633,31.231,2.079
2,10.707,18.347,0.360
2,-17.210,41.765,1.921
2,-10.291,-37.103,5.331
2,-43.193,-31.350,2.372
2,16.609,22.245,0.115
2,-4.916,16.955,2.208
2,-25.481,28.251,5.189
7,10.497,38.436,3.077
2,41.445,29.773,-0.247
2,-26.640,32.059,4.342
2,4.692,-28.153,4.701
2,-7.596,-7.407,5.704
2,-13.477,18.501,3.969
2,11.077,19.947,0.331
2,-5.122,28.412,1.552
2,4.878,39.910,-0.405
2,-7.480,-18.461,6.203
2,1.388,28.291,-0.065
2,15.873,36.634,51.945
3,28.444,13.022,0.198
2,13.029,31.246,51.945
3,-36.189,-25.320,4.871
2,-38.344,-11.821,5.329
4,-17.888,6.709,4.884
2,-10.299,1.048,3.901
2,28.484,21.049,0.174
2,-16.030,-22.608,6.040
2,-21.804,6.698,5.003
2,-18.678,14.603,4.065
2,43.572,23.815,-0.538
7,15.342,25.486,0.285
2,-44.134,49.963,1.326
4,20.291,-0.621,-0.957
2,44.075,35.079,-0.070
2,38.146,36.594,0.790
4,36.583,-49.992,3.480
2,-30.555,49.605,2.087
2,-13.513,-28.009,6.026
2,41.619,16.284,-1.775
2,42.284,22.520,-0.944
2,-36.443,15.928,6.760
2,-11.496,12.650,3.233
4,-18.821,7.095,5.291
4,42.165,-31.407,1.827
2,4.201,-17.145,4.111
2,-2.454,-19.550,5.224
2,-37.857,-48.376,1.305
2,3.986,11.047,1.380
2,-22.331,-10.004,5.919
2,16.110,23.237,0.030
2,-5.240,-31.291,5.690
2,-6.325,44.826,0.919
2,-14.892,-7.544,5.575
2,-15.310,9.215,3.602
2,-33.793,29.528,4.801
2,2.972,-8.313,3.057
2,37.450,1.239,-1.979
2,-26.672,-8.789,6.192
2,28.329,6.961,-1.345
2,26.871,-46.504,2.542
2,12.542,-15.780,3.263
2,26.075,-11.819,1.157
2,8.335,23.210,-0.493
2,37.894,-29.684,1.111
2,-49.830,-49.866,0.955
2,-42.798,-44.822,1.030
2,-29.574,11.306,5.886
2,-34.673,36.675,3.481
2,-8.226,35.881,1.905
2,-7.566,27.477,2.562
4,18.287,8.224,0.444
2,-43.586,24.829,6.560
2,43.401,-23.118,0.635
3,-44.327,-9.066,6.389
2,-31.268,-27.666,4.347
3,-1.328,12.824,2.006
2,-4.832,10.902,2.402
2,-38.684,-37.132,1.825
2,12.143,-14.879,3.161
7,21.404,26.543,17.066
2,7.493,8.790,0.771
2,-33.722,36.580,3.416
2,36.941,-20.661,-0.099
2,-24.880,-43.740,3.436
2,7.826,-30.879,3.401
2,26.061,-15.429,1.731
3,-20.283,40.888,2.546
2,28.454,-25.431,2.030
2,-20.349,29.301,4.077
2,10.000,-11.205,2.488
3,19.936,-36.989,2.840
3,42.499,17.951,-1.248
2,20.466,-38.853,2.631
7,23.145,29.515,2.412
4,-8.289,-3.633,5.400
4,-9.318,32.910,2.798
4,27.579,13.791,0.396
7,21.797,27.270,1.673
3,19.417,-36.972,2.821
3,-36.349,-25.163,4.935
2,8.920,-26.945,3.871
2,-44.089,-8.853,5.896
3,25.934,36.380,0.530
4,41.536,-31.750,1.662
4,9.087,30.285,0.847
2,49.314,-14.770,0.160
2,-31.008,41.284,2.582
2,-43.069,-9.019,6.091
2,-27.614,18.541,4.783
2,-0.340,-47.652,3.887
2,-43.495,-12.829,4.677
3,-5.187,-32.390,6.033
2,-6.342,-7.008,5.722
2,-32.958,-44.240,2.174
2,27.784,14.543,-0.094
2,-32.053,-24.967,4.949
2,25.392,3.445,-1.767
2,43.595,-39.002,2.038
2,0.829,-33.181,4.555
2,29.595,26.882,0.174
2,-37.587,-11.536,5.366
2,1.450,21.419,0.763
2,-14.766,-21.673,5.886
2,30.055,-35.255,2.782
2,-22.758,14.516,4.453
2,36.308,1.975,-2.154
2,-36.658,0.424,7.069
2,28.808,23.576,0.000
2,13.839,44.432,-1.088
2,-36.252,-27.608,4.237
2,-33.892,37.081,3.344
2,41.880,29.034,-0.246
2,24.991,-45.080,2.716
2,-36.711,27.213,5.180
2,11.687,14.234,0.191
2,23.150,-46.772,2.567
2,6.786,2.619,0.473
4,-35.654,-37.335,2.992
2,-26.341,-31.702,4.470
2,-37.533,-35.108,2.284
2,32.843,44.630,-0.340
2,48.594,10.612,-3.101
3,5.388,-34.561,3.840
2,20.942,-43.896,3.122
2,6.747,20.381,0.501
2,1.101,40.729,-0.349
2,27.932,13.611,-0.164
2,12.284,6.291,-0.866
2,-43.219,24.390,6.658
2,43.789,31.046,-0.800
2,20.642,18.218,0.250
2,-42.631,-41.483,1.317
2,-3.104,-14.832,5.203
2,-39.561,-26.536,3.790
7,23.159,29.562,1.016
2,-24.309,-29.108,4.762
2,-11.035,46.906,1.792
2,-22.699,29.506,4.394
2,-2.119,-49.185,3.961
4,7.660,22.313,0.318
2,-36.795,8.546,6.366
2,-38.216,-43.922,1.356
2,9.474,-12.770,2.773
2,4.111,-31.299,4.480
2,30.219,-18.557,1.212
2,38.731,-12.232,-0.539
2,-18.001,-45.580,4.795
2,-17.768,-48.427,5.134
2,-38.737,43.014,3.239
2,-35.579,-35.721,2.772
4,-21.045,-9.979,6.846
2,26.341,26.045,0.425
2,7.173,-24.976,4.413
4,-4.726,22.579,2.295
2,29.971,-0.588,-1.976
2,-18.797,-28.999,5.528
2,-19.809,43.027,2.046
2,-9.873,18.272,3.341
2,4.152,26.069,-0.320
2,27.193,-35.810,3.293
4,-27.197,33.030,5.259
2,41.363,-7.934,-1.160
2,-5.473,-32.433,5.902
2,4.921,46.909,0.553
7,8.437,34.950,12.066
2,48.325,-40.485,1.640
2,-32.668,-10.643,6.009
4,23.084,36.604,10.291
2,25.786,30.938,0.428
2,26.753,-37.028,3.358
2,29.937,46.178,-1.077
4,-37.340,-36.392,2.636
2,-42.363,23.034,6.912
2,41.763,-41.703,2.125
2,-21.706,-26.409,5.255
2,-13.444,-45.068,4.721
2,14.882,-29.526,2.147
2,-7.185,-19.735,5.986
2,-7.341,-26.247,5.813
2,-36.630,-3.975,7.013
2,8.013,-14.119,3.142
3,32.818,44.064,-0.011
2,-48.959,25.347,7.544
2,24.784,-49.323,2.531
2,28.741,-2.943,-1.534
2,32.121,44.120,-0.149
2,-2.249,-32.100,5.028
2,41.980,-31.339,1.219
2,45.733,4.699,-2.553
2,34.199,35.594,0.131
2,17.429,34.735,51.945
2,-19.799,42.030,2.020
2,-42.389,49.147,1.611
4,4.214,4.471,2.056
7,15.861,25.446,15.336
4,-20.130,-10.113,6.871
2,-8.885,48.213,1.711
2,-23.459,-42.892,4.080
2,-47.149,18.390,8.799
2,6.886,-10.058,2.417
3,20.655,-36.367,2.915
2,-5.110,-46.593,4.280
4,-22.766,-5.856,6.281
3,25.929,-0.802,-2.175
2,-37.358,-16.930,4.936
3,41.881,-30.439,1.525
4,24.040,-1.102,-1.370
2,-28.523,-24.079,5.540
2,-34.328,-14.333,5.789
3,40.421,16.913,-1.261
2,43.946,12.347,-2.154
2,-35.205,38.970,2.815
2,-24.832,-13.072,6.859
2,21.807,11.610,-0.258
2,-12.031,-24.359,6.528
2,35.460,2.955,-2.114
2,3.381,-11.193,3.500
2,22.261,24.034,0.644
2,-17.941,49.363,2.548
2,-23.488,-26.287,5.312
2,-21.132,19.748,4.465
2,35.407,25.195,-0.208
2,-45.073,-31.537,2.081
2,26.645,34.293,0.173
4,-1.978,-1.551,4.247
4,-19.266,-10.416,6.844
2,-25.530,-12.930,6.732
7,24.070,34.859,2.821
2,46.198,2.542,-2.859
2,-32.332,23.107,5.691
2,26.024,37.101,0.320
2,-26.203,28.609,5.080
4,-3.344,3.724,4.232
2,29.700,-20.665,1.454
2,-44.846,35.383,4.333
2,41.158,-48.586,2.559
2,-35.133,31.396,4.070
2,23.203,2.888,-2.034
2,43.657,-42.703,1.732
2,35.959,-32.280,1.158
2,28.948,3.823,-1.881
4,42.002,17.287,-0.732
2,24.206,-21.915,2.206
2,-14.411,26.274,3.537
2,36.958,-8.383,-1.032
4,41.104,16.659,-0.509
2,14.624,-28.227,2.370
2,20.436,-7.228,0.350
4,-44.164,-9.064,6.539
4,-20.813,-8.450,6.961
2,-14.273,-13.176,6.189
3,42.276,28.517,0.115
2,45.858,-19.095,0.851
2,24.547,26.228,0.399
2,-7.493,-49.879,3.953
4,-19.584,42.507,2.602
3,5.213,-17.727,4.471
2,-41.129,24.978,6.511
2,2.726,19.199,0.813
2,28.770,13.780,-0.086
2,-45.869,26.971,6.476
2,12.833,1.282,-0.993
2,37.720,-8.798,-0.838
2,-32.889,2.704,6.192
7,23.417,36.187,2.719
7,19.338,25.514,7.817
2,-5.300,-29.900,5.833
4,32.926,8.929,-0.620
3,-22.613,-11.600,6.280
2,-42.681,-46.340,0.910
2,5.109,15.441,1.293
2,-15.083,-42.604,4.917
2,5.612,-31.720,3.917
2,-41.109,-19.170,4.558
2,7.724,32.374,-0.795
2,40.420,3.782,-2.002
2,5.292,-28.437,4.582
2,-47.414,-33.506,1.227
2,32.458,44.511,-0.534
2,-24.949,41.960,2.169
2,11.584,25.422,-1.124
4,-18.678,-11.227,6.521
2,-26.498,-21.748,5.860
3,27.930,14.542,0.183
4,-19.260,8.496,5.250
2,-34.364,36.134,3.434
3,-0.202,12.988,2.313
3,-16.054,-22.564,6.570
2,-18.285,-24.619,5.644
2,40.793,36.584,0.520
2,32.359,-3.795,-1.123
4,-16.676,32.858,3.599
2,-19.778,6.830,4.560
2,48.093,-38.545,1.438
2,29.141,-38.130,3.082
2,-49.021,23.259,7.990
2,27.735,-12.004,1.097
2,21.734,47.909,-1.843
2,33.120,16.878,-0.517
2,-43.539,-28.968,2.706
3,41.880,17.191,-1.635
2,32.677,43.401,-0.371
2,-12.533,-48.355,4.467
2,10.658,-23.222,3.203
3,-19.935,42.035,2.364
2,27.165,-7.305,0.407
2,32.988,33.678,0.332
2,45.463,36.686,0.059
2,22.489,-40.145,3.285
2,-25.538,29.705,4.805
2,3.178,-14.185,3.936
2,12.773,41.045,-1.563
2,-8.579,31.779,2.130
2,-5.491,21.343,1.488
2,43.439,-41.771,1.677
2,-45.233,29.453,5.710
2,-34.173,37.244,3.375
2,0.552,36.042,-1.155
2,45.049,10.082,-2.777
2,-40.751,37.941,3.705
4,-5.067,23.680,2.334
2,22.655,-3.496,-1.424
2,-36.421,-37.160,2.196
2,-1.807,-26.127,5.975
2,-5.619,18.109,1.914
2,-8.921,40.624,1.371
2,42.016,-31.525,1.322
2,-4.032,14.253,2.576
2,-47.068,32.564,5.224
3,-1.142,13.009,2.340
2,-22.218,-14.025,6.107
2,-38.860,14.840,7.298
2,-0.676,-45.804,3.966
2,45.384,22.339,-0.678
2,-48.855,-42.859,0.973
2,39.359,33.828,0.560
2,14.373,-35.950,2.064
2,41.776,-31.067,1.049
2,-16.238,-31.799,5.505
2,-38.207,-17.907,4.656
2,41.112,5.737,-1.781
3,32.966,44.411,0.134
2,21.078,-4.191,-1.623
2,-4.055,17.494,2.067
2,-16.843,29.148,3.342
4,-43.827,-9.599,6.634
4,5.724,-16.968,4.529
3,24.051,-1.388,-1.777
2,-26.117,28.646,5.115
4,-27.906,-21.628,6.960
2,31.868,31.087,0.457
2,-26.168,-12.088,6.893
2,-5.787,-6.722,5.614
2,-18.192,39.152,2.196
7,15.947,25.480,2.664
2,-26.224,-43.357,3.468
2,47.523,40.125,-0.012
2,-15.122,-48.000,4.773
2,26.196,-20.124,1.954
2,31.956,8.255,-1.408
2,-18.915,-35.162,5.221
2,10.432,-5.305,1.065
3,-43.480,-9.123,6.351
2,-45.781,-38.674,0.806
2,13.566,-4.110,0.016
7,9.854,37.210,22.559
2,-34.124,-37.601,2.677
3,-36.255,-25.814,4.960
2,3.194,38.629,-0.923
2,7.637,3.988,0.039
2,-22.497,-3.157,5.942
2,41.079,49.571,-1.012
2,46.543,-43.545,1.495
2,34.991,28.909,0.399
2,-30.754,-35.967,3.175
2,-14.224,13.868,3.641
4,31.549,8.577,-0.720
2,14.307,-0.909,-0.684
2,7.122,20.480,0.060
4,31.447,33.226,2.188
2,-16.465,-32.730,5.622
2,7.168,14.751,1.177
2,-4.878,-32.511,5.485
4,-26.956,-20.983,7.592
4,36.607,-19.072,0.607
2,24.667,-35.541,3.376
2,36.909,-32.378,1.142
2,28.015,31.765,0.546
4,-23.032,-20.265,7.363
2,-24.898,5.553,5.580
3,42.182,29.136,0.089
2,-13.844,-47.237,4.756
2,11.841,21.801,0.013
2,-19.443,-48.915,5.266
2,-15.306,6.163,3.887
7,10.765,39.119,41.872
2,26.547,-48.928,2.529
2,-6.694,-2.322,4.382
2,-25.870,-13.751,6.840
2,40.370,-2.160,-2.105
2,-16.211,-22.923,6.030
2,-7.845,28.836,2.374
3,27.213,13.420,0.197
2,-33.586,-13.688,5.816
2,28.479,39.844,-0.240
4,37.976,-17.688,0.923
3,-16.559,-22.005,6.601
2,-35.473,6.669,6.340
2,-12.261,-8.094,5.285
4,27.683,14.467,0.411
4,7.513,21.842,0.670
2,26.807,-19.946,1.873
2,0.240,41.190,-0.209
2,45.951,-11.097,-0.357
2,-19.003,-45.972,4.980
2,-3.404,-9.182,4.955
2,-46.618,-17.969,3.881
2,-14.058,-43.845,4.781
2,5.288,-9.587,2.772
2,-28.533,30.463,4.355
2,28.056,36.994,0.167
4,22.765,29.113,31.027
2,-48.655,31.660,5.358
2,-0.717,-34.574,4.808
2,-26.529,-15.371,6.283
2,-30.397,26.852,5.355
2,3.447,8.218,1.482
4,0.062,4.427,2.992
2,-25.287,-20.095,6.460
2,30.090,-8.318,-0.018
2,-47.454,-46.743,0.855
2,29.135,45.861,-1.157
2,21.841,43.526,-1.653
2,44.486,-11.463,-0.561
2,-42.228,-19.588,4.302
4,-21.007,-8.358,6.213
2,7.401,43.429,-0.290
4,41.797,-30.638,1.817
4,20.043,-16.467,3.825
3,3.599,-34.741,4.008
2,-16.158,-23.094,6.349
3,6.134,-17.242,4.180
4,42.485,21.987,-0.046
2,43.539,-16.041,-0.245
2,19.289,-1.807,-1.489
2,-34.937,43.930,2.960
2,8.093,-44.732,2.978
2,-16.041,47.568,2.498
2,26.011,-32.328,3.087
2,-49.988,-4.069,6.974
2,33.585,45.445,-1.144
2,-24.828,-33.322,4.247
2,9.342,47.844,0.644
2,-39.536,-13.249,5.031
4,13.655,-29.929,2.941
2,-15.549,-45.589,4.648
7,8.489,31.325,2.984
2,-0.427,-6.445,4.156
2,20.765,17.539,0.276
2,47.678,34.748,-0.506
2,-14.154,36.072,2.325
2,-37.158,32.802,4.057
2,36.663,20.638,-1.041
7,18.562,25.400,0.706
2,-20.259,7.732,4.832
2,-7.536,47.515,1.712
2,-31.352,20.603,5.454
2,-43.575,39.877,3.407
2,-37.077,-16.416,5.051
2,-19.989,-29.111,5.291
7,23.125,36.724,5.349
2,-9.299,-46.554,4.607
2,-8.137,-48.242,4.211
4,-1.983,4.490,3.389
2,44.348,-37.248,1.854
2,-4.891,-31.270,5.861
2,-11.833,-46.309,4.666
2,-19.970,41.950,2.067
2,37.465,41.996,-0.273
2,15.217,29.033,51.945
2,-15.585,45.419,2.079
2,-5.594,-32.454,5.866
2,-25.564,29.208,4.947
2,-18.192,36.545,2.236
4,-21.192,-8.730,6.598
7,22.788,28.944,18.476
3,-36.583,-25.165,5.078
4,-20.207,-12.697,6.422
2,-45.218,-12.785,4.672
2,0.304,24.111,0.148
2,-40.437,-0.386,7.342
2,47.198,39.557,0.002
2,7.068,-5.355,1.780
2,47.602,36.408,-0.194
2,-18.962,40.523,1.832
2,25.868,33.067,0.354
2,33.420,-14.412,0.261
2,1.479,34.453,-0.969
4,32.682,43.735,0.207
2,44.150,8.852,-2.584
3,41.784,28.735,-0.006
2,-38.687,-20.684,4.154
2,-31.753,-45.723,2.642
4,-0.041,13.017,2.719
2,-5.413,-8.297,5.724
3,29.976,13.566,0.185
4,5.560,-34.185,4.850
2,-46.554,-14.387,4.083
4,27.738,-0.330,-0.923
4,-18.545,-7.568,6.741
2,27.165,-42.879,3.099
7,21.393,26.539,3.114
4,22.070,-5.825,-0.116
2,32.384,-34.505,2.086
2,14.782,1.328,-1.098
2,-34.413,-43.263,1.884
3,31.550,9.991,-0.877
2,-36.976,-40.352,1.931
2,27.618,-19.350,1.791
2,-32.107,30.405,4.449
2,-26.099,28.693,5.164
3,-10.096,-4.499,5.293
2,-10.754,43.193,1.272
2,9.553,21.011,-0.021
2,18.797,-37.458,2.719
2,-26.150,-0.993,6.574
2,36.900,18.499,-1.430
2,41.742,28.367,-0.244
4,-43.565,-9.751,6.458
2,-19.414,6.497,4.593
2,-26.221,20.630,4.726
2,-34.392,46.974,2.700
2,-24.915,-45.263,3.961
2,-21.230,-49.483,5.217
2,-26.989,3.150,6.182
2,24.623,12.346,-0.128
2,19.850,-38.139,2.863
2,40.395,-5.461,-1.655
2,-47.597,-47.292,0.858
2,-10.344,-14.236,6.027
2,-33.763,36.859,3.472
2,-17.523,-5.496,5.061
2,45.825,6.689,-2.732
2,37.672,40.990,0.135
4,20.271,9.623,0.790
2,-48.243,-14.579,3.571
2,48.883,-31.399,1.212
2,-20.527,-10.341,5.622
2,-6.631,-7.505,5.798
2,46.956,-15.508,-0.002
2,-27.904,-39.688,3.633
2,34.252,-18.444,0.322
2,-44.739,18.500,8.335
2,-17.667,2.197,4.391
2,-19.316,7.927,4.889
2,-22.384,-5.179,5.615
2,33.351,-4.070,-1.141
2,-21.197,42.712,2.311
2,-22.405,-24.532,5.958
2,-26.466,-32.349,4.236
3,-4.744,20.666,2.085
4,-36.231,-36.965,2.999
2,-26.867,-12.975,6.847
2,37.917,-2.299,-1.974
2,-42.760,-34.544,1.615
3,-6.223,-20.133,6.388
7,23.776,30.749,3.703
2,28.872,36.575,-0.010
2,-5.604,-39.917,5.153
3,-19.796,19.252,4.440
2,-3.672,-25.074,5.827
2,21.086,-11.251,1.418
2,21.072,-39.578,2.810
2,-24.939,-0.455,6.629
2,25.975,-38.452,3.434
2,26.662,20.839,0.218
2,-6.338,-9.332,5.710
2,-49.382,40.670,3.506
2,-20.601,42.951,2.286
2,32.383,43.833,-0.223
2,-17.282,23.082,4.092
4,-18.048,7.284,5.132
2,-28.122,-5.832,6.005
2,-37.320,-10.522,5.628
2,14.974,-9.113,1.002
2,-1.191,-26.322,5.937
2,-22.330,-47.310,4.920
2,-34.491,36.993,3.322
2,-3.408,-26.249,5.868
2,20.659,44.839,-1.524
2,-38.470,2.570,7.264
2,43.327,-18.373,0.643
2,40.481,-49.152,2.704
2,18.663,41.879,-1.404
2,14.445,-9.311,1.130
2,-17.255,-40.208,4.944
2,26.809,7.363,-1.268
2,31.562,8.825,-1.050
4,27.290,-3.001,0.338
2,-39.666,-48.655,1.048
4,-19.128,49.990,2.635
2,-0.974,36.507,-0.820
4,-34.871,-5.351,8.259
2,20.888,-37.851,2.844
2,20.402,-38.654,2.615
2,29.600,7.352,-1.380
4,0.144,-1.550,4.054
2,-44.159,-5.559,6.816
2,25.037,27.893,0.611
2,2.740,-47.464,3.372
2,21.131,-35.764,2.862
2,-22.967,19.719,4.175
4,27.513,14.135,0.373
3,26.101,36.276,0.496
3,28.250,37.226,0.652
2,16.282,-29.485,2.032
7,10.108,37.800,20.358
3,-0.546,13.526,1.949
2,-15.731,41.315,1.997
7,9.722,37.210,16.108
2,16.173,47.273,-0.821
4,41.501,16.792,-0.497
4,4.174,-1.508,2.878
2,9.545,-23.648,3.628
3,27.457,13.810,0.043
4,-34.049,5.816,7.454
4,41.597,-18.807,0.914
2,-3.374,-3.071,4.283
2,-12.979,-12.506,6.248
2,-18.675,15.802,3.929
2,39.655,17.338,-1.869
2,32.395,44.308,-0.186
2,-41.295,-17.735,4.681
2,1.395,38.550,-0.785
4,-26.775,31.073,5.155
3,-35.543,-36.439,2.864
2,-0.728,-13.172,4.561
2,10.172,19.146,0.335
2,32.059,43.863,-0.627
3,-34.367,6.423,6.573
2,-36.587,-6.855,6.501
2,3.500,19.663,0.636
2,-16.819,-23.789,6.017
2,-37.692,16.555,7.152
2,22.164,-1.207,-1.837
2,-49.847,43.244,2.951
2,8.610,-39.555,2.983
2,-38.669,-9.306,5.997
2,-19.030,42.500,2.382
4,23.930,-19.301,2.928
2,-25.391,47.140,1.913
4,-26.483,32.264,5.078
4,-35.954,-25.859,5.051
2,-32.157,-24.199,4.913
7,22.857,28.949,6.623
4,15.901,-30.181,2.730
2,-5.140,-32.542,5.718
4,-27.095,31.472,5.090
2,-33.561,36.863,3.567
2,-47.263,17.315,8.940
2,-42.140,-32.057,2.373
2,-25.873,-12.932,6.827
2,14.354,38.352,51.945
2,45.839,43.076,0.190
3,-10.279,-4.307,5.425
3,48.308,-0.533,-3.217
2,7.884,-22.221,3.928
2,22.290,9.769,-0.575
2,8.323,27.752,-1.043
2,16.676,20.066,0.191
2,48.072,-21.622,1.416
3,43.063,25.416,-0.476
2,32.630,27.622,0.395
2,32.933,44.535,-0.612
2,-43.470,-6.404,6.745
2,-48.394,30.452,5.596
2,49.952,-43.314,1.893
2,-24.720,-24.994,5.605
2,-7.082,28.412,2.232
4,-20.246,-11.616,6.486
3,27.373,36.835,0.502
2,25.435,-41.342,3.156
2,22.266,44.755,-1.635
4,-5.229,22.391,2.087
3,27.650,13.636,0.186
2,49.270,41.589,0.225
2,-28.527,27.979,4.975
2,-46.470,38.392,3.633
2,4.262,-16.184,3.874
2,-49.943,46.614,1.892
3,-19.290,8.227,5.051
2,-27.503,-11.847,6.504
2,-48.774,-48.763,0.867
2,-27.795,32.368,4.378
2,-33.736,36.307,3.321
2,13.063,-29.505,2.163
4,-25.056,-17.731,7.743
4,-37.327,-36.440,2.898
2,29.020,26.389,0.211
2,25.120,24.486,0.287
2,48.960,-16.100,0.503
2,37.890,-47.305,2.911
2,-30.708,-19.796,5.154
2,-27.256,32.017,4.273
2,-25.027,27.858,5.110
2,22.889,-10.279,1.146
2,-36.677,-44.305,1.478
4,32.515,44.447,-0.025
2,-40.524,-5.233,6.923
2,-3.860,42.352,0.258
2,24.907,-9.591,0.943
2,-21.514,-12.925,5.678
2,40.251,-28.715,1.068
3,-36.620,-25.214,4.944
2,5.018,6.401,0.947
3,27.703,14.414,0.285
2,-20.846,42.522,2.380
2,19.247,-37.510,2.912
4,-28.410,-22.235,6.767
2,-4.892,-29.109,5.853
2,-43.596,-21.255,3.817
2,25.268,-6.830,0.409
2,-19.865,8.061,4.593
4,24.348,38.758,0.551
2,-17.461,18.285,3.958
2,48.316,-22.737,1.764
3,-33.998,5.780,6.694
4,13.886,-29.965,2.980
4,6.517,21.188,0.617
2,-22.924,41.079,2.049
2,32.407,44.501,-0.625
2,34.854,-45.204,2.838
7,10.056,37.893,8.154
2,-24.739,-37.325,3.592
2,-40.989,29.541,5.269
7,15.841,25.366,7.592
2,-18.140,47.819,2.286
2,45.496,46.003,0.306
2,-33.936,8.386,6.431
2,22.935,2.201,-2.059
2,29.814,25.044,0.290
2,33.970,-0.115,-2.269
2,-1.903,-19.729,5.230
2,-35.356,-36.319,2.484
3,25.459,37.868,0.490
2,19.914,-38.873,2.804
2,-25.387,28.666,5.123
2,36.041,33.345,0.600
2,-19.120,42.532,2.406
2,-41.329,-22.797,3.551
2,20.748,-40.469,2.780
2,-22.130,41.137,2.036
4,24.339,-1.828,-0.250
4,7.678,33.789,0.048
2,-26.196,27.314,5.117
2,-34.113,37.436,3.470
2,37.824,25.634,-0.531
2,-33.026,43.036,2.917
2,19.809,-44.378,2.919
2,-48.431,-43.313,0.943
4,-29.071,-18.205,7.674
4,12.512,13.023,1.197
2,4.486,-33.118,3.804
2,-41.670,13.006,7.821
2,41.511,-31.036,1.031
2,-25.876,28.604,4.936
3,-0.644,13.262,2.160
4,41.796,17.310,-1.193
2,43.818,-12.848,-0.267
2,-49.680,-2.066,7.768
3,28.241,38.022,0.593
3,28.720,37.547,0.581
2,6.101,-42.258,3.232
4,33.822,7.979,-0.793
2,11.785,-25.399,3.002
2,-4.350,13.723,2.552
2,2.517,4.521,1.835
3,1.634,-40.940,4.014
2,35.864,22.542,-0.462
3,-36.028,-35.729,3.029
2,2.768,-37.053,4.193
2,19.336,46.990,-0.961
2,-36.435,44.964,2.776
2,-25.785,28.469,4.936
2,-49.999,24.136,7.970
2,-7.006,-17.638,6.363
2,6.141,33.786,-0.679
7,22.333,28.359,9.345
2,-16.127,-34.829,5.424
2,25.550,-15.245,1.803
2,28.960,13.409,-0.111
2,-8.544,-35.107,5.335
4,33.075,9.937,-0.494
2,45.640,-18.525,0.696
2,-41.930,-5.210,6.964
4,-6.119,-33.447,5.940
7,24.518,31.949,19.791
2,-31.715,-39.005,2.992
2,-32.525,-31.331,3.354
2,37.782,37.120,0.878
2,4.003,36.694,-1.027
2,45.420,34.730,-0.156
2,-41.367,-18.616,4.613
2,-26.632,-12.994,6.728
2,-20.791,-26.847,5.269
4,-18.339,8.542,4.993
2,-20.260,32.737,3.180
2,-10.847,-6.039,5.030
2,-17.962,17.691,3.867
4,-0.499,-1.384,4.079
2,-35.031,-29.520,3.874
2,-39.077,10.449,7.138
2,-36.227,-25.765,4.415
2,-0.852,39.297,-0.601
2,-6.607,-6.630,5.645
3,41.427,28.245,-0.033
2,12.953,-11.947,2.388
4,0.137,13.616,2.696
4,-19.387,6.744,5.145
3,-18.332,7.465,4.797
2,21.390,-37.296,2.622
2,25.292,15.942,-0.196
2,-17.374,-18.571,6.150
2,9.639,33.240,51.945
3,42.251,29.096,-0.095
2,-44.259,-20.447,3.954
2,45.005,48.564,0.190
2,19.244,-37.739,2.308
2,-36.460,-25.949,4.384
7,22.404,28.440,24.709
2,44.527,-30.150,1.123
3,-2.849,21.794,1.479
3,-6.813,-20.830,6.346
2,32.770,38.163,-0.074
4,-43.476,-9.352,6.560
2,39.173,-26.113,0.747
3,-20.155,19.823,4.616
4,33.058,7.842,-0.632
2,37.732,-38.386,2.044
2,35.792,23.077,-0.401
2,41.628,-1.538,-2.306
2,31.798,-27.876,1.813
4,14.958,-31.559,2.634
2,-42.792,-37.282,1.423
2,-25.838,-11.454,6.725
2,-28.596,8.457,5.760
2,-43.861,-45.325,0.851
2,22.104,-45.285,3.051
2,16.021,-3.521,-0.429
2,-16.685,-15.401,6.194
4,-4.027,-31.323,5.950
2,3.991,-47.723,3.050
2,19.573,-9.791,1.081
4,-0.619,4.341,3.866
3,-21.180,40.851,2.274
2,26.062,-4.133,-1.075
2,48.556,48.421,0.490
2,-7.798,-14.388,5.812
2,22.988,-13.682,1.781
2,32.348,-13.799,0.456
2,22.214,-39.180,3.150
2,-0.153,39.842,-0.673
3,42.586,29.550,-0.222
2,-35.976,28.409,4.981
3,-36.155,-35.915,2.893
2,-28.617,40.619,2.408
3,0.139,-1.553,3.348
2,-16.483,-22.880,6.041
2,15.538,-38.318,2.191
2,38.808,29.137,0.034
2,-24.923,0.157,6.705
7,8.515,34.892,26.308
2,-28.198,36.492,3.251
2,-31.613,-37.206,3.207
2,39.058,-49.479,3.135
3,5.974,-17.319,4.156
2,-4.136,-3.758,4.401
2,-3.883,-43.566,4.617
2,-26.431,3.099,6.198
2,-26.421,-13.217,6.806
4,38.486,-18.623,1.040
2,-2.901,-31.559,5.075
2,-6.558,27.652,2.218
2,-11.816,-35.004,5.652
2,1.599,-2.682,2.915
2,38.523,-36.417,1.743
2,-16.751,49.577,2.547
2,-13.068,17.300,3.783
4,13.787,8.213,-0.259
2,-3.268,3.779,2.805
2,-47.294,28.586,6.296
2,-10.274,4.912,3.232
2,27.449,14.724,-0.054
2,-35.904,-25.579,4.449
7,10.373,38.431,12.420
3,-5.642,-33.228,5.917
4,-36.575,-36.766,3.156
4,-0.828,13.471,2.668
2,-26.590,-11.594,6.854
2,1.913,-11.005,3.813
2,32.343,44.607,-0.554
2,-2.205,48.492,1.744
7,9.126,36.081,0.542
2,45.898,-21.538,1.025
2,-21.796,-49.610,5.285
7,11.451,-12.588,-7.992
4,24.199,31.322,13.469
2,26.140,13.070,-0.196
2,-29.296,-31.657,3.706
4,44.096,23.144,-0.284
2,-37.977,-15.539,5.004
2,27.349,43.386,-1.467
2,-49.671,30.096,5.626
2,-7.500,-13.866,5.794
2,-38.022,-26.292,4.225
2,-6.988,48.777,1.905
2,-39.660,-41.274,1.407
2,-9.732,30.399,2.206
2,-38.212,39.185,3.201
2,-37.118,12.817,6.724
2,-28.095,14.817,5.366
3,40.986,18.102,-1.330
2,28.260,12.693,-0.157
2,42.011,5.035,-1.891
2,43.709,47.216,-0.218
2,-35.542,-1.957,6.979
2,-34.900,39.466,2.828
4,32.237,43.930,0.026
3,32.601,43.709,0.007
2,30.725,33.065,0.363
2,-20.511,42.834,2.370
2,14.375,-44.350,2.775
2,-6.111,-29.090,5.796
2,35.534,11.604,-1.165
4,30.905,33.645,1.901
2,24.516,34.249,0.172
2,48.118,42.120,0.261
2,40.085,43.553,0.096
2,-15.630,18.191,4.056
2,16.820,-48.824,2.647
4,23.570,-19.910,3.775
2,-41.760,-9.208,6.039
3,-17.743,7.213,4.570
2,-26.773,31.503,4.617
2,-44.418,16.174,8.596
2,17.540,16.543,0.221
2,0.769,-38.147,4.408
3,-27.627,29.684,5.160
2,39.623,8.438,-1.897
7,20.947,26.104,14.238
2,-26.285,-13.182,6.872
7,21.462,26.721,10.788
2,38.166,-24.874,0.523
2,-9.426,49.948,1.947
2,47.079,-47.989,1.395
2,-27.475,-13.303,6.651
2,47.479,-10.279,-0.572
2,11.504,33.938,51.945
2,-45.151,-22.660,3.317
3,-19.352,42.718,2.655
2,28.391,49.658,-1.774
4,40.222,-18.387,1.320
2,26.938,21.478,0.188
2,-31.838,-26.510,4.712
4,39.555,-16.691,1.044
2,-6.875,-18.419,6.284
2,47.762,20.300,-1.210
2,31.426,32.394,0.530
2,-33.468,36.383,3.425
2,35.539,-24.253,0.988
2,-48.234,34.591,4.846
4,38.284,-15.985,1.022
4,5.593,-34.996,4.364
2,3.117,48.947,1.033
2,40.619,16.278,-1.505
7,10.168,37.850,0.975
2,47.720,-27.231,1.767
2,-14.204,25.769,3.634
3,4.432,-33.258,4.051
2,-20.511,31.233,3.590
4,-36.184,-36.178,3.032
3,-16.747,-23.370,6.532
2,-46.556,-37.489,0.830
2,-34.870,-33.116,3.137
2,13.356,43.952,-1.138
2,4.766,-43.057,3.371
4,-44.173,-9.458,6.446
4,-3.032,23.009,2.370
3,27.480,14.172,0.362
2,-42.213,-49.755,0.862
2,-16.961,23.513,3.964
2,-25.406,-12.958,6.729
2,14.606,-8.431,0.859
7,10.856,39.094,21.005
2,-21.621,0.965,5.579
2,4.484,20.658,0.335
2,-21.527,24.636,5.027
4,-19.929,42.596,2.734
2,-12.385,41.426,1.519
2,-15.987,-11.831,5.912
2,17.680,-23.386,2.771
2,-6.539,17.408,2.115
2,10.535,-9.602,1.972
2,31.539,6.660,-1.625
2,-45.798,29.619,5.770
2,-30.385,43.807,2.676
2,-12.037,-14.686,6.121
2,-18.784,15.278,3.982
2,14.815,20.292,0.182
2,43.329,-40.054,1.717
2,21.259,-47.930,2.848
2,13.169,-24.811,2.798
2,21.365,-41.295,3.093
2,19.517,32.549,51.945
7,10.854,38.973,44.030
2,-9.518,48.936,1.855
2,-26.388,-13.037,6.849
2,-11.242,22.962,3.574
2,-20.483,-48.328,5.129
2,-49.856,-25.239,1.572
2,32.271,44.601,-0.451
2,-25.636,-6.006,6.259
2,42.426,48.198,-0.583
2,0.570,-30.430,5.039
2,-23.032,-12.378,5.987
2,-38.481,33.765,3.843
2,-7.376,40.590,0.848
7,10.046,37.791,-1.179
4,-23.558,-8.039,7.827
3,-10.701,-3.959,5.242
2,-40.997,-48.064,1.039
3,5.362,-16.725,4.373
2,-1.255,37.690,-0.604
2,-9.457,-4.657,5.324
2,36.078,-12.913,-0.644
2,-48.561,23.706,7.871
2,-36.173,-0.780,7.036
2,37.249,0.195,-2.070
7,23.078,36.716,7.467
7,21.348,26.741,1.021
4,-23.704,-19.962,7.338
2,-29.868,27.232,5.319
2,-18.741,-36.896,5.234
2,-36.493,24.753,5.934
2,32.422,-15.448,0.545
2,-32.999,-22.266,4.863
2,21.101,-23.269,2.598
2,-15.100,-25.626,6.122
2,-14.512,-23.739,6.193
2,-24.931,28.528,5.157
3,-21.632,41.894,2.268
3,25.919,37.376,0.487
3,-18.385,7.748,4.895
2,40.205,33.667,0.438
2,15.757,31.804,51.945
2,-45.608,46.862,1.540
2,9.950,8.816,0.060
2,31.249,-15.799,0.925
3,32.895,8.849,-1.186
2,3.822,-20.601,4.531
2,-21.102,-33.794,4.586
3,-36.422,-25.533,5.034
2,-20.212,27.338,4.339
2,-36.757,-36.921,2.430
2,-3.231,15.078,2.336
4,-28.519,-22.296,7.057
2,18.964,-37.809,2.765
2,28.469,12.954,-0.176
4,19.116,-19.331,4.603
2,-3.622,-5.104,4.538
2,11.361,23.233,-0.497
2,-8.390,-32.253,5.557
2,-5.106,-31.114,5.849
2,-48.109,21.754,8.336
4,41.437,17.393,-1.062
2,32.499,-12.153,0.221
2,44.378,-41.077,1.563
4,24.156,-1.684,-1.022
2,39.512,28.529,0.000
2,18.056,-42.130,2.459
2,32.379,44.234,-0.530
2,15.373,-30.079,2.134
2,47.626,-22.720,1.480
2,34.765,-46.244,2.927
2,29.835,-7.679,-0.058
4,27.908,-3.816,0.039
4,31.800,8.186,-0.776
3,28.832,13.297,0.185
1,41.844,25.011,-0.577
2,-36.156,-25.914,4.422
4,-1.191,13.185,2.383
4,-0.947,13.107,2.477
2,48.908,-8.000,-1.426
2,39.616,-4.393,-1.965
4,18.627,40.806,0.048
2,-11.177,6.124,2.989
2,37.053,-27.665,1.142
2,-46.655,-2.881,7.442
2,-28.940,-33.055,3.512
2,-9.539,39.324,1.744
7,10.877,39.165,22.444
2,28.354,-30.060,2.823
2,20.267,-37.024,2.723
2,-41.183,17.559,7.781
2,41.308,-26.121,0.637
2,-38.381,-39.093,1.650
4,-23.104,-9.645,6.701
2,-28.435,-6.386,5.904
2,-47.518,42.425,2.963
2,-15.180,-20.165,5.857
3,-6.263,-33.285,5.831
2,30.453,-47.523,2.746
2,33.006,37.102,-0.077
2,27.389,44.578,-1.498
2,38.225,-35.851,1.718
2,47.669,-45.022,1.429
2,-36.561,-35.692,2.540
2,-44.187,-9.215,5.896
2,-10.783,6.538,2.864
2,40.958,-17.673,-0.075
2,-4.591,-31.912,5.563
3,-36.040,31.300,4.333
4,-21.423,-10.144,6.975
2,-34.326,36.930,3.428
4,-3.197,22.799,1.971
2,-26.534,28.238,5.208
2,-28.471,35.320,3.535
2,25.899,-19.670,2.011
2,-31.992,-17.089,5.583
2,-25.071,43.802,1.563
2,-15.235,8.444,3.621
2,-26.634,32.060,4.296
7,10.183,37.833,12.461
2,-20.497,20.251,4.143
2,26.940,-5.910,-1.402
2,20.033,-36.797,2.619
2,46.723,-9.597,-0.598
4,-21.173,-8.960,7.329
2,6.276,19.640,0.093
2,20.842,9.346,-0.718
2,-36.601,-25.418,4.759
3,-1.502,13.153,2.093
2,45.992,9.361,-2.839
2,-49.382,-4.407,6.747
2,-20.157,42.848,2.076
2,-16.210,-21.057,6.071
2,-7.539,-10.092,5.715
2,12.292,-24.324,2.851
2,-8.869,4.804,2.970
2,-36.010,1.957,6.794
2,-21.703,-47.616,4.994
2,30.742,-16.432,0.969
2,-33.899,37.208,3.468
2,1.379,-45.656,3.524
2,-45.309,17.395,8.560
4,-0.323,12.958,2.404
2,48.590,-28.899,1.518
2,43.942,21.551,-0.831
2,-17.032,-34.723,5.442
7,22.413,28.408,26.106
3,-0.812,-18.524,4.976
2,28.960,24.276,0.115
2,-21.466,33.528,3.302
2,49.119,-31.991,1.242
2,-1.657,-21.246,5.470
7,8.344,34.888,7.793
3,-6.504,-20.884,6.375
2,24.833,-49.881,2.515
2,3.609,-24.268,5.039
2,-4.936,24.484,1.701
2,-15.590,28.981,3.198
2,-2.238,-36.748,4.766
2,-5.737,-24.260,5.628
3,42.934,21.727,-0.464
2,-3.178,37.559,0.241
2,32.065,32.359,0.373
7,3.868,-7.448,-9.144
2,-41.362,-14.136,4.805
2,-1.604,-9.462,4.384
4,-0.781,12.659,2.418
2,-45.977,14.955,8.757
3,-8.751,-5.439,5.223
2,-0.517,20.083,1.126
2,-13.037,24.612,3.935
3,25.187,38.231,0.442
2,-15.616,-4.332,4.923
2,46.731,-42.667,1.578
2,26.752,24.863,0.220
2,19.350,26.319,51.945
3,27.312,13.016,0.104
2,4.347,-9.860,3.078
2,-3.856,-26.844,5.816
4,42.002,17.615,-0.570
7,15.987,25.487,19.560
2,-1.304,13.146,1.823
2,-9.372,0.186,3.878
2,-27.745,-48.391,4.080
2,-2.345,-6.218,4.585
2,-20.388,2.347,5.024
4,-26.625,32.402,5.129
2,3.303,24.529,-0.035
2,-7.606,-7.241,5.739
2,-43.735,27.205,6.076
2,32.850,25.966,0.148
4,15.752,-30.542,2.749
2,35.475,-38.172,2.222
2,33.206,-47.502,3.025
2,42.025,42.965,0.222
2,23.542,-12.187,1.450
4,-22.230,41.850,2.635
2,-23.806,25.430,5.079
4,32.794,43.986,0.168
2,-8.379,-15.345,6.054
2,-22.946,-31.808,4.867
2,-17.474,-35.451,5.359
2,-0.901,-22.630,5.602
2,42.020,7.158,-1.954
2,49.422,-4.069,-2.497
2,-37.595,2.202,7.036
2,-34.074,-32.979,3.176
2,-42.509,32.241,4.766
2,-20.941,-19.915,6.214
2,-47.288,-41.337,0.923
3,-4.114,26.022,1.398
2,19.967,-36.013,2.422
2,16.967,-25.447,2.454
2,-17.523,-45.271,4.786
2,-26.465,-13.314,6.894
2,-23.367,22.438,4.772
2,-2.813,-37.149,4.873
2,-37.141,15.554,7.063
3,-24.494,28.417,5.229
4,-35.381,-37.639,3.142
3,42.592,-19.621,0.556
4,40.144,-17.738,1.292
2,32.848,44.129,-0.361
2,-44.431,25.107,6.734
2,47.232,-36.403,1.381
2,13.524,-8.087,0.761
2,0.975,21.112,0.878
4,22.479,1.070,-1.289
2,-13.753,45.824,1.963
2,-37.393,-26.444,4.300
2,11.398,-8.449,1.338
2,-34.412,36.962,3.324
2,-43.728,30.685,5.165
2,-13.735,10.222,3.476
2,-41.229,15.370,7.710
2,49.132,-5.774,-1.985
2,6.983,-15.280,3.384
2,32.494,-6.502,-0.528
2,-47.711,-10.399,5.007
2,6.724,-37.310,2.902
2,-7.425,-7.758,5.658
2,-5.559,-32.558,5.863
4,-20.806,-10.017,6.600
2,26.068,-28.026,2.610
3,-19.905,19.102,4.654
2,26.501,-36.555,3.351
2,33.652,7.215,-1.637
2,32.091,28.251,0.513
2,-43.802,16.109,8.498
2,-44.946,7.599,8.377
2,-21.679,-22.461,6.188
2,10.808,32.577,51.945
2,-27.544,-16.131,6.312
2,15.632,-40.917,2.407
3,-19.746,7.250,4.983
2,-20.238,22.426,4.415
2,-11.526,11.890,3.301
7,17.942,25.433,3.485
2,45.029,38.466,0.276
3,-43.477,-9.123,6.355
2,-3.365,-43.844,4.501
2,-9.504,-29.891,5.923
2,-46.460,-36.855,0.878
3,-43.581,-8.987,6.399
2,-20.670,14.353,4.261
2,26.835,14.452,-0.092
2,-36.649,-36.682,2.484
2,46.603,-18.790,0.833
2,-29.187,24.340,5.445
2,-0.906,-15.221,4.618
3,-36.222,-37.351,2.638
2,1.658,-6.109,3.259
2,-25.251,-12.735,6.738
2,-48.796,13.865,9.387
4,42.758,-17.473,0.710
2,-17.681,-34.913,5.350
2,-7.661,-7.687,5.847
2,17.226,-17.407,3.060
4,-22.029,-8.799,7.249
2,9.739,25.071,-0.844
2,32.185,-27.374,1.582
7,18.671,25.537,10.533
2,-12.296,13.903,3.252
2,48.540,8.279,-2.982
2,14.602,-29.891,2.147
2,-46.648,-14.986,3.899
2,-5.008,-8.130,5.644
2,-41.904,-15.641,4.876
2,38.327,-5.604,-1.419
2,22.759,-12.562,1.536
4,5.468,-34.532,4.091
2,-4.727,-38.878,4.987
2,-43.900,-42.180,1.370
4,3.896,-34.971,4.530
2,-13.100,0.619,4.202
2,-16.408,-22.888,6.340
2,-14.911,-26.542,5.968
2,-19.976,-2.321,5.014
3,-33.362,49.963,1.995
2,43.863,-12.315,-0.274
2,-47.621,26.904,6.900
2,29.828,-45.873,2.958
7,24.095,31.434,14.868
2,-7.556,-8.297,5.677
2,33.299,14.829,-0.645
2,-23.505,-32.980,4.504
2,8.711,-29.285,3.289
2,-2.605,-29.070,5.593
4,39.885,-18.345,0.504
2,23.128,5.023,-1.661
2,-18.926,-7.338,5.288
2,-6.293,-5.107,5.040
2,-48.184,-30.504,1.537
2,-22.192,-32.652,4.600
2,-35.598,0.276,6.935
2,34.088,12.290,-0.810
2,-33.088,-42.158,2.116
3,13.385,-30.869,2.514
2,32.397,12.786,-0.589
2,-10.317,-3.412,5.218
2,12.740,46.071,-0.546
4,-27.267,-21.275,7.096
4,-25.375,-20.890,7.763
2,36.993,-2.852,-1.789
2,-10.718,25.072,3.386
2,-43.531,12.684,8.267
3,42.557,-19.245,0.751
2,1.087,35.221,-1.125
2,-9.329,9.099,2.494
4,-27.778,32.083,5.216
2,-0.422,31.209,-0.439
2,28.926,0.700,-2.025
2,-1.864,35.048,-0.337
2,-45.844,13.131,8.764
2,-20.521,19.209,4.122
2,-8.743,-5.319,5.036
2,2.658,9.699,1.456
2,-37.620,13.471,6.777
2,18.992,-21.932,3.042
2,15.343,25.388,-0.423
2,8.144,-19.130,3.458
2,15.149,-12.356,1.784
2,33.587,12.613,-0.709
3,-5.354,23.327,2.158
2,39.876,-20.940,0.210
2,-22.187,24.829,5.170
3,49.915,-15.920,0.682
2,23.097,28.486,0.437
2,27.091,13.378,-0.165
2,5.578,17.502,0.774
2,-26.653,-12.503,6.762
2,-39.253,25.859,5.896
2,4.173,20.024,0.487
2,16.983,-23.373,2.771
2,-45.039,6.145,8.300
4,-28.280,32.123,5.341
2,-3.412,32.083,0.530
2,-34.021,36.437,3.511
2,-15.391,20.787,3.980
2,-13.883,-27.290,6.039
2,1.244,-42.967,3.813
2,-4.036,10.175,2.534
2,49.206,-28.153,1.601
4,24.847,-3.861,0.425
3,-20.528,42.887,2.606
2,1.516,28.956,-0.338
2,-27.196,-8.127,6.264
2,-23.205,16.042,4.411
4,-35.775,-25.862,4.993
3,-20.606,-9.991,6.042
2,46.512,8.720,-2.719
4,32.753,44.572,0.084
2,10.525,-47.683,2.034
4,32.763,7.379,-0.669
2,32.403,44.031,-0.254
2,-36.308,-25.591,4.624
2,-36.039,34.287,3.658
2,-20.700,20.138,4.178
2,-10.492,9.166,2.868
2,5.902,-15.638,3.499
2,-0.083,-19.534,4.896
2,0.461,22.518,0.566
4,14.186,-30.976,2.766
2,24.314,41.326,-0.852
2,43.402,19.487,-1.611
3,42.041,16.916,-1.603
2,7.295,26.358,-0.718
2,19.125,-25.536,2.407
4,-0.323,13.025,2.471
4,-20.793,-8.396,6.949
2,-36.021,-48.319,1.681
2,-26.164,28.261,5.036
2,-43.269,-9.244,5.892
3,-20.015,19.477,4.443
2,-38.691,24.279,6.256
2,-47.710,-31.175,1.528
2,-24.098,4.570,5.758
2,42.724,-44.476,1.867
2,32.872,18.081,-0.247
2,-16.129,-23.093,6.052
4,-0.419,12.787,2.461
4,3.649,-34.069,4.485
2,-37.412,47.748,1.847
2,30.623,34.661,0.012
2,-19.147,-7.856,5.421
2,0.031,13.436,1.938
2,31.355,31.305,0.441
2,-32.723,36.642,3.208
2,8.086,22.184,-0.337
2,-39.749,1.127,7.269
2,-7.038,37.552,1.415
2,43.439,14.268,-2.096
4,8.409,34.827,27.733
4,23.427,0.964,-1.219
4,18.399,-18.166,4.593
2,23.942,-2.671,-1.819
2,-3.416,38.715,0.148
2,-3.163,-37.595,4.830
2,-38.475,-14.171,4.976
2,12.713,43.680,-1.174
2,3.051,-31.137,4.794
2,35.108,-9.966,-0.731
2,36.956,-33.999,1.341
3,-35.905,-35.452,3.184
3,8.345,22.043,0.060
2,39.161,-37.740,1.922
3,-9.508,-3.766,5.340
7,10.564,38.427,0.922
4,28.048,14.647,0.457
2,-22.464,-19.189,6.178
3,42.137,30.067,-0.187
2,-18.154,5.742,4.470
2,-37.443,-23.491,3.959
2,13.385,-36.153,2.196
2,-26.389,16.091,4.943
7,21.629,27.306,7.259
2,-16.693,45.764,2.320
2,-29.997,-27.217,4.707
3,41.859,29.002,0.085
2,-15.008,2.414,4.086
2,-33.721,4.155,6.179
4,-27.244,30.377,4.997
2,-2.694,6.270,2.784
2,7.964,-41.703,3.011
2,-34.518,13.107,6.597
2,33.371,-21.647,0.545
2,-4.255,-0.309,3.727
2,-14.582,-48.001,4.728
3,-21.392,40.876,2.503
2,31.901,27.173,0.441
2,28.147,-47.669,2.640
2,-33.026,-25.519,4.764
4,-27.275,31.370,5.144
4,-27.321,32.761,4.985
2,-34.102,35.247,3.359
2,40.091,19.379,-1.556
2,10.735,19.248,0.390
2,-9.087,13.855,2.703
2,37.253,35.636,0.516
2,-35.572,-16.503,5.335
2,47.878,18.325,-1.481
3,-17.940,8.365,4.591
2,-36.197,-25.911,4.609
2,-22.437,13.835,4.449
2,41.956,28.500,-0.185
2,-48.717,-45.122,0.888
2,42.313,-24.044,0.453
2,9.036,-23.458,3.771
4,33.499,9.128,-0.878
2,20.097,-32.171,2.298
2,-10.948,18.998,3.522
2,-31.127,7.112,5.616
4,13.948,-31.428,2.732
2,39.647,-39.451,2.322
2,-16.029,-23.126,6.189
2,-3.536,-4.459,4.346
2,-34.361,33.637,3.630
2,15.420,-47.796,2.485
4,32.082,9.688,-0.441
2,23.806,-43.610,3.188
2,-45.554,-25.419,2.525
2,10.133,43.776,-0.814
2,19.630,8.340,-0.903
4,-23.991,-8.049,6.849
2,-27.360,-43.328,3.354
2,-49.183,-46.563,0.857
2,4.373,43.367,-0.187
2,-44.053,-29.447,2.565
2,-49.263,-18.616,3.405
2,-46.795,10.833,8.927
2,-45.981,7.840,8.519
2,-26.194,-11.837,6.923
2,-33.721,36.995,3.431
2,42.350,-18.718,0.490
2,48.892,-44.487,1.590
3,-44.075,-9.541,5.966
7,22.664,28.980,17.779
2,-40.993,-32.263,2.537
2,11.626,-37.339,2.616
2,45.447,-17.286,0.285
2,-6.408,20.954,2.014
2,-40.840,-32.780,2.531
2,-35.936,-25.524,4.721
2,-32.681,-8.023,6.283
2,42.174,-0.592,-2.371
4,-0.398,12.670,2.419
2,22.210,39.175,-0.866
2,6.167,-35.768,3.257
2,34.051,45.786,-1.319
2,-7.050,-29.392,5.869
2,-19.147,12.285,4.035
2,37.787,-49.337,3.411
2,18.612,-19.571,3.291
2,-33.748,36.466,3.335
2,-26.413,-28.377,4.769
2,-16.507,-42.730,4.724
4,-16.042,-22.738,6.577
4,-20.580,-12.267,6.545
4,31.727,6.636,-0.413
2,-25.142,29.033,5.169
2,0.573,27.967,-0.047
2,-23.856,-3.311,6.360
2,-48.040,-7.729,5.481
2,25.930,7.707,-1.089
2,33.520,-48.806,2.976
2,1.229,49.010,1.489
2,20.264,8.309,-0.824
2,39.537,19.419,-1.604
3,28.729,13.862,0.329
4,-5.860,-33.533,5.952
2,10.389,32.520,51.945
2,-23.838,-17.297,6.250
2,-44.910,-47.610,0.804
2,20.578,-36.641,2.716
2,36.141,39.825,0.022
2,-3.747,-40.193,4.879
2,30.884,-42.489,3.478
4,-23.758,-8.410,7.922
2,-16.537,-22.617,6.428
2,24.810,19.525,0.259
3,-5.764,-20.086,5.979
2,-45.956,-2.045,7.525
4,28.256,-3.973,-0.223
2,-47.441,25.335,7.432
3,42.054,-19.811,0.424
2,34.622,43.423,-0.775
4,25.724,-0.484,-1.254
2,33.775,-4.722,-1.026
2,43.521,3.891,-2.263
2,23.290,-6.087,-1.844
2,-5.303,6.561,2.520
2,35.631,24.085,-0.377
2,36.672,19.843,-1.160
2,31.048,25.544,0.405
2,30.453,-39.626,2.845
2,-22.298,-39.380,4.102
4,13.710,13.680,0.711
3,-16.713,-22.858,6.562
2,15.463,47.518,-0.747
2,-18.152,-20.958,6.326
2,25.389,34.513,0.126
2,-20.732,43.552,2.013
2,-24.491,26.564,4.945
2,-12.382,-43.267,4.612
2,7.500,12.600,1.279
2,-37.696,6.417,6.551
7,26.599,-59.450,-1.331
2,30.111,-27.885,2.020
2,40.611,-32.108,0.992
2,39.100,16.504,-1.719
2,45.821,-22.810,1.229
2,33.977,9.362,-1.507
2,35.734,-31.018,1.166
3,23.633,-4.987,-1.504
2,-11.424,18.215,3.666
2,35.215,45.764,-1.359
2,-24.955,-23.574,5.712
3,-25.078,28.709,5.220
2,-6.119,43.266,0.489
2,24.345,-3.524,-1.419
4,40.611,-17.282,1.105
2,-47.805,24.214,7.792
2,-42.178,-44.176,1.323
2,-27.178,-12.302,6.569
2,-48.502,-39.450,0.534
2,-5.650,20.211,1.892
2,13.672,41.371,-1.424
2,28.959,-15.452,1.254
2,10.028,5.490,-0.321
2,-0.945,13.396,1.935
2,-14.641,-47.064,4.878
2,17.190,-39.229,2.264
2,-30.940,-48.630,3.024
3,28.555,14.064,0.384
2,46.350,13.204,-2.523
2,-24.331,-31.044,5.002
2,-6.681,-8.485,5.658
2,-33.238,24.783,5.690
2,32.409,-8.786,-0.189
2,-37.072,-46.716,1.579
2,5.044,-39.672,3.533
2,38.280,38.921,0.619
2,39.595,45.782,-0.751
2,17.849,-42.651,2.557
2,36.701,-46.839,2.989
2,-38.960,-25.881,3.965
2,-23.323,-33.692,4.368
2,43.996,30.509,-0.716
2,32.726,37.588,-0.171
2,30.695,5.034,-2.007
2,26.215,-16.227,1.726
2,-22.979,-25.312,5.703
2,-5.982,-31.958,5.688
2,-5.616,-8.339,5.423
2,-24.626,8.481,4.930
4,-20.271,-5.489,5.985
2,31.558,5.797,-1.881
2,10.390,27.886,-1.121
2,27.056,35.451,0.121
2,-0.199,20.828,0.973
3,-4.637,22.949,1.607
3,-43.914,-9.099,6.397
4,-35.547,-36.831,3.217
2,17.410,36.758,51.945
2,15.042,-43.310,2.836
2,39.997,49.076,-1.062
2,-33.503,30.032,4.598
2,13.259,-45.870,2.475
2,24.330,20.619,0.186
2,-13.807,47.754,2.322
2,11.087,26.744,-1.192
3,41.691,29.483,0.065
2,-27.439,-19.174,6.200
2,-38.731,-0.991,7.303
2,23.045,-43.238,3.230
2,-34.136,7.857,6.423
4,24.684,-2.598,-1.232
2,-13.779,11.482,3.653
2,5.295,-17.073,4.101
2,-46.009,44.366,2.214
2,-22.174,-39.990,4.021
3,21.388,-36.609,2.896
3,-36.531,-25.807,4.869
2,-5.917,13.696,2.665
2,-26.027,4.924,5.906
2,6.971,23.165,-0.339
3,-5.410,-19.035,6.231
2,-3.727,-37.213,4.863
2,36.160,-2.861,-1.747
2,32.810,48.132,-1.399
2,-21.065,18.677,4.047
3,42.425,28.466,-0.134
2,-6.628,-8.715,5.675
2,42.241,-47.293,2.248
2,9.866,-32.717,2.636
3,-18.254,8.997,4.789
2,41.482,45.781,-0.313
4,-36.487,-25.057,5.140
2,27.897,-48.462,2.591
4,38.981,-16.768,1.699
2,33.878,-39.462,2.438
2,-27.525,31.951,4.272
2,28.218,-29.180,2.721
2,17.813,5.786,-1.837
2,6.669,-41.349,3.138
2,4.341,-40.781,3.656
2,21.056,-37.922,2.795
2,-47.889,-49.351,0.799
4,-18.932,6.943,5.208
2,33.254,0.594,-2.347
2,28.181,-23.328,1.712
7,22.340,28.397,22.614
3,-21.098,19.410,4.572
2,-47.214,26.552,6.968
2,-34.356,35.833,3.421
2,-21.511,19.904,4.090
2,0.084,-46.433,3.886
7,23.368,36.061,3.422
2,48.781,16.226,-1.934
2,-14.658,5.219,3.902
4,-25.856,-19.174,7.941
2,15.292,29.879,51.945
2,-21.265,25.329,4.932
2,41.850,-5.979,-1.406
2,49.216,-3.253,-2.810
2,40.953,19.532,-1.556
7,-50.844,43.554,-3.686
2,12.213,-2.813,-0.018
2,11.562,-28.937,3.068
2,-49.925,-41.780,0.847
2,-0.156,-22.985,5.599
2,-47.986,-27.358,1.766
2,-37.224,-17.892,4.772
2,15.561,-44.588,2.822
2,31.053,-6.067,-0.264
2,-32.392,49.215,2.003
2,-34.190,-31.439,3.565
2,5.943,22.567,0.113
2,34.830,-18.974,0.229
4,40.877,17.461,-0.782
2,40.568,17.052,-1.476
2,-45.118,13.512,8.695
2,-29.172,-16.731,6.014
2,28.034,4.785,-1.672
2,-40.419,0.871,7.375
2,33.656,38.682,-0.067
2,16.135,-34.272,1.880
2,41.934,21.584,-1.235
2,27.161,-18.974,1.798
4,-3.977,-31.598,6.063
2,3.069,-41.429,3.808
2,-7.912,10.415,2.563
2,-36.520,-20.990,4.229
2,15.745,-22.682,2.982
2,-20.543,20.111,4.379
2,19.364,17.466,0.093
3,-5.640,-33.163,5.983
2,-42.226,3.515,7.904
2,-28.761,-12.930,6.525
2,-1.177,40.923,-0.287
2,-22.225,-30.623,4.859
2,-25.912,28.489,5.154
2,44.521,41.834,0.265
4,38.083,-20.602,0.750
2,42.410,29.173,-0.114
2,-26.367,-11.818,6.760
2,-44.421,-32.872,1.771
2,20.871,-41.003,2.901
2,31.269,-28.805,2.123
4,14.261,-29.318,2.898
3,-34.376,6.394,6.640
2,-22.528,32.318,3.720
2,45.669,7.240,-2.711
2,-43.609,-47.264,0.756
2,1.239,8.748,1.824
2,-20.982,7.517,4.980
2,-49.993,36.863,4.369
2,-24.799,-16.125,6.299
2,-26.440,7.790,5.518
2,18.942,-35.069,2.151
2,47.701,48.622,0.514
2,13.015,-17.430,3.165
2,-24.817,-46.267,4.213
4,-26.974,30.584,5.066
2,-47.148,-10.415,5.074
2,34.687,-33.808,1.667
2,-2.817,-11.302,5.015
2,-5.148,18.477,1.873
2,-38.990,17.553,7.338
2,35.444,18.626,-0.911
4,-21.804,-9.275,7.440
2,-34.369,48.762,2.219
2,41.366,-6.911,-1.378
2,-16.486,-22.706,6.211
3,28.619,14.335,0.556
2,16.553,30.976,51.945
2,-9.574,31.883,2.090
2,-31.264,16.533,5.483
2,48.865,-41.934,1.687
4,3.549,-34.399,4.431
2,-6.094,39.783,0.613
2,8.597,-18.705,3.317
2,-34.460,36.252,3.336
3,-36.035,-35.525,3.093
2,-11.766,0.870,4.164
2,44.734,5.797,-2.380
4,-35.750,-36.563,2.946
2,-32.595,37.826,3.086
4,-20.607,41.981,2.729
2,-3.516,14.609,2.498
2,-31.003,-0.686,6.575
2,15.992,25.481,23.784
2,26.692,6.471,-1.443
2,-29.958,-45.402,2.943
4,5.548,-36.008,3.851
2,29.103,12.998,-0.055
2,-6.756,-32.906,5.488
2,34.569,8.252,-1.662
2,41.177,46.366,-0.549
2,-38.129,-6.264,6.582
3,-43.988,-9.006,6.274
2,-17.723,-39.460,5.059
2,-37.406,46.112,2.344
2,19.564,-38.438,2.362
2,45.889,46.430,0.299
2,34.465,31.415,0.671
7,19.962,25.556,9.321
3,14.121,-29.556,2.590
2,-7.841,-24.968,5.791
2,-49.784,34.885,4.862
2,-46.340,-41.412,1.036
2,41.722,27.434,-0.274
2,0.570,-10.560,3.934
2,43.334,12.211,-1.967
2,-9.998,-35.329,5.541
2,42.400,2.359,-2.314
2,-16.428,23.950,3.873
4,-0.766,13.095,2.524
2,38.857,-47.585,2.898
2,-37.750,40.135,2.932
2,22.790,21.413,0.311
4,32.749,44.077,0.246
4,7.102,22.940,0.398
2,20.626,41.413,-1.160
2,-33.048,27.304,5.380
2,-5.777,-7.021,5.617
2,28.083,37.605,0.272
2,0.455,-3.410,3.339
2,-40.652,28.833,5.153
2,46.340,-13.832,-0.117
2,-29.808,-19.652,5.557
2,46.775,29.127,-0.610
2,10.008,3.394,-0.467
2,44.702,10.679,-2.497
2,12.534,-45.490,2.583
2,40.177,7.127,-1.804
3,-20.625,42.030,2.286
2,-15.385,-48.676,4.826
2,7.866,3.475,0.062
2,5.956,34.866,-0.796
2,4.059,32.659,-0.715
2,32.363,43.853,-0.322
2,-26.221,27.756,5.211
4,4.188,1.075,2.366
2,-18.139,41.945,1.976
2,29.321,34.622,0.108
2,-41.291,-9.643,5.991
2,-6.633,-7.687,5.691
2,-7.320,-24.774,5.629
2,6.143,46.293,0.350
2,-43.683,-19.230,4.239
2,15.397,42.606,-1.270
2,-25.720,11.506,4.892
2,-34.127,-30.841,3.627
2,0.955,26.242,-0.032
2,-29.820,21.069,5.218
2,-25.559,-12.489,6.704
2,-24.608,47.893,2.082
2,-16.376,-22.970,6.098
2,-37.348,-35.639,2.168
2,1.984,31.032,-0.477
2,2.988,4.885,1.680
2,36.747,-18.531,-0.043
4,41.537,-30.548,1.619
2,44.685,-28.535,1.074
2,8.977,20.501,0.180
2,-32.964,26.716,5.534
4,-17.803,-11.156,6.514
2,-43.033,35.833,4.287
3,41.956,29.768,-0.014
2,29.861,5.724,-1.721
7,21.001,26.086,1.669
4,-26.940,30.702,5.304
4,19.096,13.710,1.592
2,5.930,-41.244,3.260
4,22.286,-1.295,-0.839
7,8.147,34.317,13.536
2,-44.606,12.180,8.607
2,-17.653,14.902,3.952
2,-19.387,41.588,2.088
2,-0.447,13.435,1.880
2,4.683,-17.399,4.410
2,24.285,-8.687,0.855
3,41.646,-31.295,1.320
2,-3.137,21.023,1.162
2,-31.912,41.302,2.766
2,0.780,-45.347,3.679
2,33.184,39.547,0.029
2,-35.722,-25.645,4.725
2,-20.142,-34.172,4.894
2,-25.184,11.703,4.761
2,33.089,15.781,-0.612
2,-13.033,-33.721,5.516
4,-0.277,13.681,2.444
3,27.917,38.416,0.519
2,13.427,24.551,-0.963
2,46.451,32.364,-0.598
2,-19.136,37.069,2.314
2,42.280,-38.279,2.050
2,9.380,11.976,0.536
2,43.370,-35.728,1.902
2,5.250,-10.926,3.054
2,-13.376,3.776,3.911
2,-38.838,-49.945,0.879
2,-12.492,-0.219,4.428
2,45.328,-15.958,0.075
2,-29.452,-46.700,3.283
2,48.808,27.414,-0.436
2,-23.969,-5.584,6.220
2,49.972,-32.217,1.192
2,29.586,-9.805,0.183
4,-13.748,27.609,3.822
7,17.979,25.516,16.829
7,10.797,39.020,11.651
2,9.101,-0.053,0.360
2,-2.218,-8.343,4.542
2,3.064,-3.751,2.672
2,18.498,-41.786,2.436
3,-5.083,-32.259,5.875
2,11.999,44.983,-0.635
3,-5.603,-33.196,5.704
2,29.228,-3.133,-1.345
2,32.436,44.255,-0.344
2,-16.350,-22.350,6.031
2,-5.482,-8.002,5.812
2,47.775,-45.553,1.312
2,48.312,-45.661,1.390
4,-36.564,-25.380,5.023
2,-39.474,-31.116,2.918
2,17.140,-27.416,2.354
2,48.537,-1.432,-3.145
2,32.293,1.619,-2.368
2,-11.837,-1.742,4.817
2,38.935,37.349,0.733
3,-29.010,31.938,4.750
2,-25.742,-22.940,5.769
2,24.088,-19.674,2.211
2,35.891,-3.685,-1.478
2,-15.627,-23.100,6.173
2,41.140,-17.142,0.011
4,25.464,-0.381,-1.724
2,30.426,-0.291,-1.978
2,-15.013,-12.091,5.990
4,-36.401,-35.932,2.999
2,8.597,-3.848,1.232
2,39.431,-13.034,-0.293
3,41.650,-31.072,1.529
4,-1.089,13.051,2.583
2,-33.678,-49.103,2.393
2,19.928,-24.674,2.377
2,44.739,16.433,-1.983
3,41.966,-19.382,0.814
2,-47.163,-39.863,0.569
2,42.512,22.697,-0.925
2,20.705,-36.768,2.633
4,42.459,-31.280,1.877
2,4.753,38.000,-0.749
2,-45.841,36.326,4.212
2,-5.270,-18.262,5.779
2,-29.221,0.967,6.403
3,32.708,44.029,0.186
2,4.137,-49.107,2.965
2,49.357,22.462,-0.797
4,31.047,7.154,-0.977
2,16.410,-10.109,0.965
2,-19.618,-42.143,4.638
3,39.749,27.916,-0.128
2,22.121,-12.586,1.712
2,-23.989,45.603,1.950
2,19.273,34.634,51.945
2,-3.980,-45.254,4.556
2,12.735,-48.302,1.841
2,18.847,24.273,0.102
2,36.726,19.231,-1.301
2,15.809,1.719,-1.242
4,42.065,-31.374,1.902
2,-24.685,28.596,5.081
3,-5.329,-31.649,5.972
2,15.304,19.103,0.311
2,-28.657,6.277,5.945
2,-9.250,41.564,1.231
2,-2.145,23.473,0.798
2,-2.576,14.339,2.308
3,23.884,-3.510,-1.351
2,-8.865,-5.450,5.013
3,5.463,-16.263,4.135
2,11.072,22.695,-0.296
2,-15.601,-7.516,5.652
2,28.044,45.509,-1.325
2,-44.805,-9.401,5.583
2,-47.109,-8.122,5.660
2,-48.983,-6.155,5.770
2,42.566,-8.909,-0.868
2,22.749,-22.019,2.471
2,25.501,39.889,-0.410
2,-5.261,-14.316,5.587
4,-21.354,-9.938,7.139
2,-29.072,-21.018,5.542
7,21.359,26.564,20.554
2,46.796,41.679,0.077
2,5.224,19.707,0.724
4,-33.629,5.698,7.907
2,-26.737,-3.747,6.276
2,20.403,16.796,0.206
2,33.801,10.934,-1.153
2,47.675,-30.460,1.280
4,25.892,-0.974,-1.149
2,-19.638,42.697,2.314
3,-1.322,13.310,2.279
4,-28.215,31.137,5.453
7,-45.319,-31.834,-4.317
2,-20.636,-43.086,4.464
2,-24.691,-9.179,6.020
2,-37.233,42.298,3.020
2,-6.192,-31.481,5.929
2,28.522,-16.267,1.334
7,23.195,29.633,10.086
2,-16.469,37.021,2.298
2,22.938,31.274,51.945
2,-40.901,-13.266,4.886
2,-16.257,-40.049,5.270
2,-16.438,-20.349,6.044
2,23.643,5.678,-1.626
2,-21.125,19.513,4.133
2,-1.309,13.275,1.822
2,20.497,-37.423,2.597
2,40.256,-38.423,2.229
2,-11.191,44.369,1.498
2,-1.555,19.702,1.308
2,12.775,-34.141,2.028
2,-25.810,47.933,1.950
2,-26.639,43.691,1.974
4,42.265,17.394,-0.871
2,10.648,-14.547,3.051
2,32.428,43.818,-0.533
4,34.130,9.256,-0.986
2,-36.249,-39.343,2.154
2,38.433,-26.882,0.923
2,-36.348,29.516,4.604
2,-32.517,40.969,2.729
2,-16.507,19.981,3.997
2,3.013,-41.998,3.761
2,31.889,43.838,-0.436
2,-23.807,-22.337,5.962
2,12.230,-0.926,-0.713
3,-32.915,6.628,6.578
2,48.500,-44.926,1.461
2,3.499,29.264,-0.307
3,-15.803,-23.048,6.441
4,-43.576,-10.003,6.476
2,0.967,11.639,1.416
2,39.867,48.342,-1.028
2,39.010,49.882,-1.224
4,-18.380,9.411,4.984
2,45.981,21.908,-0.794
3,-16.481,-22.662,6.574
2,-46.322,25.977,6.992
2,-13.212,-7.540,5.280
2,-31.872,47.158,2.399
2,-26.109,25.909,5.279
7,10.552,38.530,8.827
2,-13.472,-10.485,5.778
2,-5.107,7.895,2.465
2,-29.635,-45.920,3.031
2,25.777,18.510,0.233
2,5.886,-35.157,3.321
3,-43.396,-10.025,6.121
2,28.844,-20.340,1.528
2,-16.015,-23.174,6.494
2,39.739,-0.745,-1.946
2,-19.952,7.756,4.570
2,4.451,-17.153,4.177
2,31.983,13.159,-0.449
2,17.235,47.260,-0.768
2,32.528,-28.765,1.869
2,-26.893,24.889,5.347
4,24.290,2.614,-0.893
2,-26.068,-15.032,6.398
4,-21.809,41.712,2.659
2,-26.201,15.011,5.104
2,46.401,-38.208,1.567
2,-16.616,-23.165,6.038
2,16.226,-30.905,2.190
4,24.410,-3.196,-0.939
2,38.897,-12.980,-0.420
2,5.813,-12.309,3.432
2,27.960,-0.345,-2.055
2,40.399,-40.607,2.320
2,-12.034,-7.568,5.195
3,-35.436,-36.644,2.552
7,7.974,34.357,5.712
2,-39.254,25.014,6.126
2,42.224,-12.549,-0.197
4,-19.884,8.060,5.197
2,14.821,-33.906,1.988
2,21.833,-11.067,1.245
2,41.931,-30.608,1.201
2,41.990,33.510,-0.224
4,31.278,6.469,-1.092
7,8.709,35.601,-0.114
4,-2.657,22.799,1.946
2,-17.184,-13.937,5.919
2,-14.465,-43.468,4.855
2,-8.329,1.809,3.581
2,-26.648,40.465,2.191
2,-26.268,34.120,3.595
2,-49.993,-7.554,5.457
4,24.540,-4.278,0.412
2,-34.220,37.044,3.478
2,36.642,-5.930,-1.314
2,-23.892,27.897,4.836
2,45.070,-34.308,1.594
2,-33.174,-30.522,3.740
3,25.572,38.764,0.392
3,5.836,-35.423,3.821
2,48.324,-13.066,-0.152
2,17.313,-37.789,2.401
2,-16.873,-16.972,6.198
3,28.335,38.300,0.532
2,-42.762,-39.589,1.247
2,16.544,27.443,51.945
2,36.333,42.840,-0.488
2,7.914,27.314,-0.902
2,14.519,-2.357,-0.417
2,-18.726,-38.783,5.129
2,-5.398,-32.531,5.980
2,-37.077,-36.217,2.438
2,-20.396,-37.839,4.719
2,7.394,47.785,0.685
2,26.412,32.143,0.457
2,22.214,-26.123,2.476
2,-33.260,40.319,2.737
2,27.758,-41.764,3.293
3,42.099,29.354,-0.025
2,9.987,-45.618,2.403
2,-5.597,7.558,2.367
4,5.761,-33.554,4.377
2,12.266,48.121,0.098
2,31.884,34.711,0.141
7,19.923,25.498,19.103
4,39.898,17.797,-1.171
2,-36.232,-25.814,4.526
2,-24.497,14.289,4.811
2,-4.805,16.085,2.444
2,45.237,-49.964,1.741
2,1.117,-30.755,4.895
4,32.497,6.958,-0.751
2,-17.525,2.712,4.425
2,-6.003,-7.333,5.323
4,-0.631,12.577,2.648
2,-26.077,-28.897,4.735
2,-36.638,41.261,2.819
3,-34.339,6.656,6.547
2,-27.599,42.094,2.343
2,-20.386,-42.244,4.467
2,-32.401,-42.330,2.326
2,-41.976,24.947,6.585
2,-17.455,42.250,1.960
2,-33.327,10.840,6.599
2,-33.771,-3.418,6.695
2,6.455,-25.226,4.630
2,40.424,10.545,-1.791
2,20.777,29.587,51.945
2,32.927,44.358,-0.133
2,45.175,-41.122,1.574
4,-20.488,-10.895,6.855
4,-0.936,12.881,2.680
2,8.954,-30.348,3.078
2,26.029,45.206,-1.634
2,9.501,-30.278,2.993
2,15.247,0.191,-1.036
2,-20.933,-6.624,5.419
2,-6.182,-8.299,5.782
2,-26.550,-17.291,6.412
2,-35.624,-25.527,4.395
3,28.507,12.959,0.254
2,-11.943,-33.460,5.454
2,1.692,-30.799,4.820
2,42.840,-38.390,2.048
2,-44.075,-9.330,5.892
2,-28.940,-34.828,3.291
2,39.892,-25.982,0.695
2,48.265,1.731,-3.516
2,42.327,-31.190,1.033
2,2.719,26.402,-0.133
2,-21.792,43.845,2.304
4,27.871,13.896,0.356
2,-0.704,13.315,1.825
3,32.153,10.327,-0.976
2,-30.180,-9.054,6.187
2,-6.339,-6.511,5.632
2,1.972,21.258,0.750
3,-5.412,-33.420,5.694
2,-22.715,-35.944,4.090
2,14.243,-30.196,2.118
7,23.108,29.544,5.202
3,-16.309,-23.109,6.655
2,-35.520,-28.338,4.249
2,-8.905,-4.503,5.262
4,9.508,29.605,3.618
2,-47.586,-4.812,6.611
2,39.278,-10.420,-0.632
2,16.631,-13.568,2.029
7,34.406,-19.060,-9.315
2,-39.641,4.995,7.212
2,-19.741,30.291,3.659
2,-46.773,11.419,8.855
2,-18.654,10.811,4.200
2,-5.620,-18.911,6.051
2,-38.633,-34.903,2.278
2,12.497,15.365,0.011
2,-13.645,16.079,3.597
4,-30.096,31.657,5.085
2,49.900,23.686,-0.619
2,-21.614,47.420,2.348
2,4.792,-23.080,4.566
2,27.020,29.522,0.686
2,16.808,0.348,-1.364
2,44.290,-28.143,1.008
2,-42.003,-27.323,3.141
2,-5.257,-18.999,5.958
4,-27.002,31.127,5.287
2,-5.129,-20.120,5.682
2,-33.638,36.794,3.328
4,-25.654,-18.296,7.785
2,-10.141,-16.817,6.124
4,-19.949,-12.809,6.438
2,-20.403,41.580,2.039
2,9.928,-44.356,2.647
2,-25.437,-12.992,6.911
3,24.222,-1.809,-1.608
2,-6.301,-32.744,5.855
2,-1.302,13.495,1.889
4,32.755,43.875,0.036
2,-8.048,6.689,2.438
2,10.176,-22.988,3.403
2,39.080,42.507,-0.006
2,-6.071,-7.767,5.602
2,-0.991,-21.589,5.466
2,-43.849,-9.099,5.893
4,-0.121,13.750,2.420
2,-32.690,-15.544,5.847
2,-44.092,-8.965,5.957
2,29.555,12.996,-0.054
3,-16.071,-23.157,6.723
2,13.364,-7.327,0.552
4,42.642,22.599,-0.220
2,15.842,19.292,0.252
2,31.628,-21.516,0.895
3,-23.050,-12.378,6.269
2,19.120,41.227,-1.297
2,-33.859,-43.349,1.977
2,46.659,-34.989,1.472
4,14.996,-28.500,2.913
3,13.297,-30.421,2.610
2,20.439,-25.282,2.339
4,-20.822,-8.261,6.480
7,21.657,27.332,11.448
4,-36.087,-25.856,5.128
2,-12.831,19.185,3.908
2,-5.563,15.884,2.454
2,18.654,-9.897,0.929
2,17.822,48.357,-0.904
2,-17.880,12.997,3.963
2,-40.191,-38.302,1.674
2,-34.991,-26.732,4.540
2,-24.525,-22.302,5.880
2,-36.274,-47.152,1.634
2,3.954,-16.146,4.417
2,12.584,44.219,-1.035
2,21.048,-6.651,0.314
2,17.379,-46.804,2.655
4,14.331,13.580,0.745
2,-44.655,-5.186,6.801
4,-19.705,6.957,5.122
4,-2.991,22.900,1.545
2,-20.821,19.779,4.388
4,-36.498,-35.974,3.296
2,-6.769,-7.153,5.637
2,-33.738,40.695,2.738
2,-24.898,-4.088,6.393
2,46.654,2.194,-2.986
3,27.773,2.638,-1.586
2,-31.620,-39.537,2.839
2,-20.060,19.677,4.375
3,40.551,17.538,-1.339
2,-31.316,30.711,4.325
2,-9.708,14.664,2.870
2,27.353,3.315,-1.819
2,-46.441,-11.037,5.041
2,6.545,19.471,0.354
2,-11.327,-5.635,5.001
2,-44.397,34.566,4.501
2,31.991,44.288,-0.170
2,-33.574,37.167,3.331
2,21.642,20.155,0.438
4,41.669,17.012,-0.669
2,-26.831,-12.389,6.850
2,21.089,46.380,-1.518
2,-7.714,-16.602,6.096
2,21.687,9.522,-0.653
2,29.523,-35.122,2.933
2,45.545,-26.813,1.248
2,49.327,-49.970,1.057
2,20.751,8.174,-0.792
4,-19.490,-8.133,6.761
2,-13.297,25.152,3.902
2,-30.153,18.962,5.294
2,40.491,44.788,-0.236
4,31.543,7.533,-0.399
4,-37.170,-36.729,3.055
2,-32.490,-42.891,2.313
3,-0.286,13.170,1.992
2,-42.406,-39.088,1.282
2,41.132,14.684,-1.785
2,-20.610,8.186,4.893
2,-44.696,-39.364,1.112
2,-2.333,-23.041,5.604
4,-19.131,6.638,5.122
3,-5.159,21.182,1.862
2,-46.995,-34.952,1.011
2,42.546,42.259,0.338
2,10.936,40.386,-1.344
2,-25.708,-20.482,6.308
2,-45.959,-12.043,4.805
2,-26.177,44.339,1.909
2,-38.931,30.249,4.637
2,27.419,-47.404,2.492
2,35.338,-13.075,-0.396
2,-19.002,39.770,1.973
4,-2.529,23.092,2.234
2,-36.958,-27.573,4.256
2,-4.047,29.132,0.930
2,31.882,9.009,-1.442
2,4.354,-3.720,2.156
2,-30.673,18.739,5.471
2,-26.635,36.466,3.128
2,28.481,20.049,0.115
2,4.361,32.032,-0.593
2,-20.852,14.931,4.252
2,-9.314,-18.082,6.242
2,28.816,17.203,0.130
3,15.142,-29.818,2.845
2,-46.093,14.304,8.684
2,34.354,-27.667,1.185
2,34.173,25.366,0.020
2,45.302,43.393,0.071
3,32.720,9.716,-0.803
2,6.182,-16.891,3.716
2,19.265,49.899,-0.741
2,-9.681,-48.644,4.114
4,42.325,21.602,-0.355
2,-20.947,19.325,4.150
2,-29.350,34.102,3.543
2,-28.074,31.306,4.415
2,1.792,-14.592,4.218
2,-38.920,-31.695,2.822
3,42.491,21.459,-0.615
2,-1.100,13.107,1.859
2,-11.862,22.484,3.734
2,41.472,-26.633,0.759
2,31.005,-6.901,-0.109
2,0.660,-27.259,5.527
2,-28.275,31.147,4.306
2,-25.457,36.112,3.139
2,46.418,-18.147,0.649
2,-22.101,-14.573,6.112
2,45.571,-24.344,1.127
2,17.177,-44.905,2.627
2,40.011,0.007,-1.956
2,25.472,35.227,0.066
3,41.863,29.869,0.081
2,-6.341,-32.093,5.686
2,24.211,-20.198,2.282
4,41.847,21.111,-0.283
2,49.520,-0.758,-3.424
4,-26.629,-19.541,6.894
2,9.651,19.693,0.267
2,-28.032,34.000,3.671
2,-12.979,-3.224,4.868
2,49.087,-18.263,0.890
2,46.371,38.262,0.194
2,38.108,29.689,0.201
2,-44.078,39.443,3.492
2,-42.397,-36.640,1.622
2,23.597,-5.952,-1.766
2,8.506,-2.460,0.904
2,-32.641,-14.203,6.004
2,33.981,20.086,-0.501
2,-25.366,28.743,5.145
2,-31.707,14.613,5.868
2,-1.246,-11.942,4.720
2,-33.621,36.866,3.506
2,38.481,23.480,-0.863
2,-5.077,-31.415,5.750
2,-21.686,40.288,2.077
4,38.161,-18.826,1.047
3,6.142,22.620,0.436
4,39.036,-18.274,1.556
2,-22.799,34.746,3.196
2,-6.057,-21.753,5.720
2,-15.705,34.901,2.484
2,5.442,-32.755,3.746
4,13.978,-31.232,2.808
3,-10.321,-3.781,5.419
4,-28.932,-18.247,7.479
2,-17.189,-33.193,5.558
2,44.516,-9.606,-0.859
2,-33.603,-32.525,3.227
2,37.300,-34.493,1.398
3,42.701,29.339,-0.001
2,4.683,-17.414,4.191
3,41.634,-31.239,1.290
2,-18.419,3.272,4.510
2,7.717,-33.857,3.147
2,28.094,15.282,0.072
2,-15.871,-23.336,6.119
4,-22.777,-8.588,6.953
2,-16.838,30.318,3.330
2,-36.995,21.270,6.394
3,-0.744,13.304,2.250
2,25.964,48.106,-1.960
2,13.149,-47.814,1.944
2,32.896,36.570,-0.118
2,24.621,38.896,-0.174
2,24.698,15.872,-0.189
2,-21.359,-18.493,6.023
2,42.096,46.309,-0.246
2,36.825,-14.866,-0.482
2,-46.080,-45.442,0.940
7,8.812,35.426,4.878
2,-4.909,42.164,0.320
2,-39.487,4.306,7.217
3,14.251,-29.786,2.796
3,-35.568,-25.854,4.861
2,-48.936,20.869,8.625
2,-20.095,20.450,4.526
2,11.286,44.567,-0.711
4,-35.534,-37.184,3.083
3,-35.871,-26.158,4.966
2,-8.894,25.880,2.834
2,35.305,21.914,-0.501
3,42.024,17.909,-1.530
2,5.710,-25.339,4.726
2,20.982,-36.573,2.649
2,-20.353,-8.605,5.435
2,24.273,19.741,0.277
2,-49.459,26.429,7.167
4,-22.451,-6.703,6.517
7,21.285,26.614,31.018
7,10.542,38.382,18.169
4,38.442,-20.520,1.125
2,16.483,44.534,-0.951
4,13.907,-31.484,2.719
2,38.321,-41.622,2.498
3,15.529,-30.831,2.594
2,-7.506,-8.315,5.817
2,27.718,-42.805,3.259
2,-46.337,42.129,2.871
4,-37.456,-36.511,2.931
2,16.758,37.543,51.945
2,-15.230,18.823,4.078
2,22.778,40.810,-0.876
2,10.241,34.810,51.945
2,12.961,-5.469,0.336
2,9.935,42.164,-0.955
2,-19.356,41.017,1.893
2,-18.917,-16.051,6.155
2,-43.691,-11.530,4.991
2,3.618,27.433,-0.348
4,32.759,44.545,0.038
2,-46.568,34.145,4.877
3,-21.687,41.766,2.478
2,-45.502,-2.886,7.298
2,-16.137,-22.565,6.368
2,2.654,-36.309,4.289
7,15.200,-42.322,-6.587
2,-19.841,40.554,1.963
2,15.067,30.479,51.945
2,36.156,-35.207,1.671
2,42.137,5.954,-1.918
2,9.709,0.495,0.063
2,42.157,-39.465,2.060
2,43.934,6.307,-2.134
4,19.689,-20.519,3.760
2,-36.157,-25.060,4.425
2,-24.980,38.883,2.413
2,-3.514,28.881,0.804
2,-26.167,-35.883,3.680
4,24.812,1.433,-0.922
4,-36.604,-25.774,5.044
2,41.976,29.297,-0.261
3,14.247,-30.054,2.691
2,-49.884,-35.441,0.866
2,32.345,44.096,-0.241
3,-5.637,-18.900,6.159
2,48.840,-3.732,-2.522
2,43.068,-14.744,-0.305
4,35.172,8.871,-0.723
2,26.682,47.337,-1.764
2,-35.795,-36.535,2.430
4,-18.269,-11.106,6.311
3,29.513,13.155,0.425
2,25.164,-2.245,-2.214
2,20.856,-37.277,2.609
2,-14.118,45.398,2.006
2,-44.237,32.014,5.018
2,-22.050,-29.770,4.795
2,-27.721,1.317,6.413
2,-38.956,-21.341,3.897
2,14.621,44.504,-1.003
4,4.177,2.373,2.863
2,49.951,-17.664,0.879
4,6.049,-36.108,4.507
2,38.646,1.946,-2.031
2,-41.214,-12.300,5.117
2,-38.414,-25.874,4.224
2,49.833,-21.937,2.026
2,-20.428,10.436,4.719
2,4.615,2.691,1.188
2,26.878,36.407,0.250
2,2.431,40.574,-0.308
2,-25.033,-39.313,3.685
2,-8.868,-3.874,4.948
2,46.635,39.877,0.115
2,16.655,23.622,0.039
2,44.243,8.188,-2.612
4,15.262,25.525,3.116
2,48.881,-10.627,-0.623
2,18.692,49.053,-0.872
4,24.479,2.664,-1.145
2,-37.072,0.974,7.037
2,-35.919,-26.402,4.529
2,-6.848,-25.218,5.612
2,43.241,44.085,0.275
2,16.696,-41.603,2.454
2,-26.340,32.041,4.267
4,32.944,8.725,-0.695
2,-38.361,-2.832,7.235
2,48.445,-2.809,-2.703
2,-20.403,19.298,4.304
7,9.048,36.009,-0.172
3,-20.296,7.648,4.987
2,45.910,-49.834,1.738
2,-12.307,-42.585,4.804
2,27.879,12.542,-0.166
2,-44.757,-15.230,4.332
2,-6.675,-8.923,5.739
3,32.093,44.583,-0.070
4,22.757,28.973,26.844
2,13.294,-1.660,-0.400
2,47.711,21.254,-1.065
2,-9.587,-40.135,5.019
2,40.363,-42.861,2.387
2,-15.009,-34.646,5.555
2,14.991,8.277,-1.222
2,1.758,-12.418,4.081
2,28.853,-29.671,2.659
2,23.245,-44.308,3.089
2,-38.634,-33.817,2.440
2,-5.619,22.640,1.503
2,-32.829,12.190,6.285
2,35.289,47.183,-1.432
3,42.254,28.728,-0.027
2,-45.348,-30.795,2.119
2,2.234,17.925,1.223
2,25.137,-30.884,2.947
7,18.596,25.513,9.831
2,28.988,-10.641,0.558
2,24.399,1.581,-2.134
2,-14.991,25.869,3.673
2,-44.769,19.106,8.166
2,29.369,-18.827,1.424
2,12.085,-36.969,2.393
2,-27.645,46.262,1.895
4,40.124,18.071,-1.134
2,-24.893,-24.114,5.781
2,19.306,-6.206,-0.424
2,-5.049,-42.990,4.790
2,-47.390,-49.591,0.783
2,-38.703,-7.002,6.528
7,10.707,38.957,14.529
2,-5.506,-7.355,5.746
3,31.997,44.721,-0.222
2,8.157,-0.949,0.760
2,18.756,23.687,0.117
2,-47.601,-40.284,0.646
2,48.026,-37.090,1.390
3,-20.091,7.279,4.961
4,7.016,21.897,0.473
2,10.672,10.669,-0.128
2,41.741,28.672,-0.248
2,1.806,46.244,0.648
2,41.278,17.041,-1.786
2,45.708,-13.876,-0.193
3,8.449,21.119,0.543
2,11.619,-39.471,2.857
7,23.514,30.232,5.142
2,43.762,16.436,-1.935
3,3.545,-33.364,4.358
2,-3.368,-2.503,4.112
2,45.597,-49.363,1.793
2,-27.273,-21.878,5.838
2,-32.965,15.696,6.019
7,49.068,-44.467,-10.815
3,-36.056,-37.156,2.635
4,22.227,-0.775,-0.723
2,-17.463,-24.971,5.846
2,-26.905,-12.731,6.847
2,-7.025,-8.390,5.660
2,-25.325,27.965,5.096
2,-35.964,-25.211,4.376
2,13.342,-36.689,2.231
2,-7.568,-9.436,5.799
4,38.734,-20.297,0.972
2,17.945,-38.648,2.231
2,-39.116,41.156,3.153
2,26.477,29.491,0.585
2,-20.734,-30.764,5.033
2,33.734,34.836,0.187
2,-19.794,-47.795,5.134
3,-10.369,-3.819,5.355
2,11.623,19.832,0.277
4,-20.216,41.816,2.695
2,-27.420,-18.410,6.290
4,28.215,-4.186,-0.257
2,42.884,4.909,-1.989
4,-20.776,40.842,2.714
2,-48.667,43.673,2.756
2,-21.176,43.831,2.290
2,-7.126,-19.927,6.225
2,0.472,6.783,2.122
2,7.469,-1.526,1.068
2,11.529,-21.884,2.883
3,-26.864,30.447,4.685
2,2.515,35.871,-1.248
2,32.064,44.069,-0.583
2,-25.449,-12.259,6.919
2,-45.072,-32.716,1.787
2,-26.665,20.091,4.617
2,-17.320,1.224,4.304
2,-4.813,-8.198,5.778
2,34.371,-37.996,2.255
2,-32.399,14.384,6.106
2,19.596,-30.211,2.316
2,-49.251,37.038,4.293
4,-18.157,7.360,4.983
2,19.720,-34.900,2.299
2,-18.143,32.094,3.113
3,-22.348,42.147,2.507
2,4.108,-0.890,2.099
2,38.661,-14.364,-0.445
2,42.602,-35.625,1.983
2,-24.663,11.468,4.718
2,38.106,3.233,-2.103
7,21.409,26.570,7.997
2,-37.967,37.133,3.358
3,-43.319,-9.752,6.227
2,-13.110,46.577,1.938
2,32.193,44.509,-0.426
7,19.358,25.483,19.725
3,41.669,16.822,-1.657
2,11.530,10.078,-0.425
2,-49.619,42.567,3.157
2,-48.715,28.966,6.213
2,48.589,12.525,-3.097
3,-19.061,7.225,4.964
2,-42.368,-48.540,0.854
2,6.168,22.358,0.338
4,-36.528,-25.938,5.043
2,-28.606,-3.907,6.283
2,43.702,38.728,0.423
4,42.290,21.354,-0.137
2,-7.366,12.482,2.537
2,-4.482,14.856,2.546
2,-43.407,19.038,8.113
2,-35.322,-28.895,4.049
2,10.190,-47.045,2.159
2,-2.131,17.113,1.825
2,9.802,14.781,0.777
2,-36.874,-35.919,2.476
2,25.783,-34.009,3.195
3,32.593,44.595,-0.018
2,46.600,-45.488,1.376
2,-40.173,-14.491,4.888
4,-26.757,-19.038,7.818
2,-21.422,17.986,4.033
2,14.097,-7.405,0.518
2,-44.615,-13.035,4.669
7,20.086,25.370,2.333
2,29.370,23.389,0.065
2,7.882,-11.112,2.553
2,-0.187,16.853,1.512
2,-47.079,49.730,1.260
2,-44.081,-37.635,1.109
2,2.672,16.915,1.257
2,48.978,-7.325,-1.680
2,-14.358,-32.625,5.375
2,32.407,-4.444,-0.951
2,26.799,8.685,-0.885
2,-18.746,39.214,2.127
2,-37.375,-0.893,7.095
2,-23.464,-39.294,3.836
2,-24.267,15.557,4.699
4,-17.413,6.248,5.088
3,-5.627,-31.700,6.069
2,38.041,21.025,-1.123
3,-36.831,-36.451,2.846
4,-28.285,31.338,5.268
2,28.121,40.726,-0.652
4,-0.087,13.573,2.605
2,-15.073,-43.264,4.812
4,-34.800,-5.975,7.851
2,-0.945,13.759,1.822
2,-6.606,13.338,2.511
3,42.303,29.919,-0.262
4,42.325,22.040,-0.123
2,20.037,48.965,-1.145
2,-30.308,28.476,4.909
2,-3.116,-44.860,4.407
2,-35.678,32.389,3.985
1,39.215,27.506,-0.209
2,15.174,45.415,-0.847
2,-26.288,15.543,5.004
2,30.742,-12.531,0.835
2,27.702,-44.316,3.174
2,-35.763,33.663,3.658
3,14.442,-30.670,2.437
2,-14.461,-9.695,5.724
3,16.097,-31.732,2.441
2,42.963,-32.480,1.366
2,-48.524,-2.864,7.565
2,-36.755,-43.624,1.448
2,-36.122,19.596,6.466
4,-34.713,-5.665,7.588
2,-26.738,-12.737,6.690
2,1.959,-25.547,5.384
2,21.468,-36.391,2.914
2,-4.222,-5.140,4.677
2,46.710,41.064,0.029
2,-10.211,-49.149,4.106
2,-21.109,26.903,4.682
2,-45.948,47.445,1.522
2,-16.265,34.057,2.469
2,-25.296,29.001,5.186
3,-5.520,-32.925,5.968
2,-48.217,21.178,8.461
2,-22.154,22.152,4.645
2,-25.633,23.510,5.190
2,8.632,11.189,0.753
2,-27.364,32.090,4.265
2,-22.153,2.280,5.442
2,-20.980,19.655,4.144
2,-14.778,21.108,3.886
2,-28.659,-37.225,3.479
2,2.110,23.062,0.267
2,-16.135,-23.210,6.033
2,18.421,-14.842,2.335
2,-47.846,-3.895,7.120
2,20.861,-9.332,0.880
2,-30.259,37.546,2.801
4,-27.621,32.469,4.964
2,20.420,-36.713,2.783
2,-38.594,8.069,6.940
4,37.600,-18.452,1.118
2,34.915,-31.215,1.407
2,-25.915,27.140,5.085
2,2.294,-26.204,5.370
2,46.868,1.679,-3.056
2,33.148,44.340,-0.811
2,26.481,-31.965,3.155
2,-8.117,19.720,2.749
2,23.227,-30.630,2.655
2,28.379,-17.056,1.403
2,30.372,42.668,-0.636
7,19.037,25.318,0.089
2,-6.956,-36.787,5.076
7,22.315,28.416,12.139
2,22.528,-46.863,2.753
2,33.003,4.262,-2.232
2,23.644,9.297,-0.807
2,0.431,-34.961,4.589
2,-49.194,39.253,3.773
2,13.912,-18.764,3.263
2,37.577,45.203,-1.104
7,15.962,25.429,20.264
2,12.527,1.861,-0.967
2,-23.628,-37.148,3.835
4,27.120,1.407,-1.256
2,49.202,-1.492,-3.310
2,32.829,-21.826,0.625
3,4.467,-16.326,4.504
2,32.337,43.387,-0.265
2,7.498,5.121,0.037
2,31.141,-16.801,0.793
3,41.971,30.117,-0.121
4,31.782,44.176,0.090
7,-15.633,35.769,-4.987
3,41.384,29.037,0.039
2,-38.003,-49.919,1.109
2,-46.116,29.078,5.965
2,-48.096,37.784,3.835
2,40.448,-24.503,0.317
2,-19.731,42.973,2.155
2,-46.423,39.035,3.492
2,22.885,10.226,-0.449
2,2.275,12.278,1.337
3,-36.044,-35.746,3.250
2,-27.195,-44.956,3.415
2,-39.183,8.188,7.151
2,41.517,-18.666,0.173
2,36.530,-38.985,2.207
7,8.068,34.399,-0.689
2,45.012,18.041,-1.793
2,-16.100,-32.317,5.541
4,42.178,-31.263,1.683
2,36.733,12.994,-1.153
7,15.947,25.444,1.960
2,-6.552,-9.008,5.730
4,-1.073,13.582,2.597
2,-33.059,18.791,5.682
2,21.129,-38.473,2.816
2,-23.962,-39.655,3.818
2,-37.255,43.106,3.074
2,5.535,-17.975,4.156
2,-25.019,12.956,4.604
2,44.589,-31.528,1.203
2,5.682,-9.200,2.513
2,-41.401,-28.286,3.195
2,-19.566,-37.318,5.077
2,9.974,15.951,0.683
2,-38.877,42.098,3.101
2,-44.126,36.611,4.199
2,5.606,-18.270,4.164
2,-2.423,19.279,1.522
2,-27.138,-12.640,6.939
2,44.470,21.514,-0.884
2,48.461,18.106,-1.574
2,-45.314,37.716,3.936
2,12.157,-5.673,0.393
2,10.932,9.593,-0.196
2,-14.238,-12.011,6.063
3,1.521,-1.398,2.843
2,47.275,43.142,0.226
3,-24.409,-10.040,6.459
7,21.307,26.634,1.719
3,-19.263,8.213,5.089
2,-29.018,-18.565,5.954
2,26.359,10.397,-0.443
2,0.177,38.715,-0.796
7,8.439,34.956,6.369
2,-26.615,44.678,1.934
4,-21.317,-9.996,6.771
2,3.190,21.858,0.353
7,23.745,30.729,9.296
2,10.340,-17.322,3.115
4,-5.549,-20.105,6.339
2,-8.197,2.913,3.252
2,14.124,-11.127,1.739
3,42.066,28.638,-0.034
2,-11.875,10.954,3.401
2,-30.850,23.843,5.513
4,42.170,22.660,-0.126
2,6.143,-33.665,3.502
2,-9.199,-3.444,4.851
2,49.740,34.738,-0.617
4,40.479,-20.534,0.840
2,-16.720,-22.926,6.214
4,33.266,8.772,-0.455
4,-35.982,-25.219,4.984
2,-29.677,31.927,4.387
2,10.493,-19.639,3.077
2,-4.577,28.822,1.231
4,14.225,-28.448,2.828
2,9.681,-32.021,2.740
2,2.531,48.860,1.138
2,39.771,-3.533,-2.093
4,-44.378,-9.304,6.501
2,-29.425,-33.684,3.277
2,26.147,12.038,-0.322
3,5.260,-16.936,4.454
2,-29.263,20.282,4.905
2,-18.542,31.731,3.290
2,4.410,3.211,1.160
2,5.104,-36.807,3.359
2,-5.193,-1.896,4.154
2,-41.087,-34.069,2.261
2,30.034,33.420,0.292
2,-2.034,43.404,0.121
2,16.997,-10.891,1.258
2,-21.958,-6.911,5.547
2,2.446,7.823,1.564
2,38.668,-44.516,2.736
2,-21.212,19.380,4.052
2,-37.351,4.107,6.923
2,-20.811,-24.603,5.715
2,-1.062,29.613,0.024
2,25.105,42.903,-1.382
2,11.395,47.666,0.160
2,32.287,7.093,-1.439
2,47.007,-20.725,1.131
4,20.830,-2.518,-0.193
2,-31.183,-49.831,2.993
2,-35.621,-35.219,2.693
2,-20.690,20.015,4.584
2,-42.660,-12.909,4.861
2,-45.752,49.930,1.233
2,-34.226,-29.743,3.817
2,-5.451,-7.505,5.593
2,-30.325,-31.236,3.609
2,47.735,39.069,-0.055
2,-35.389,-40.163,2.269
2,-30.456,36.946,2.930
2,24.211,-30.584,2.844
2,-7.051,-9.217,5.616
2,4.464,-24.492,4.729
2,27.075,5.158,-1.607
2,32.259,44.106,-0.129
3,43.761,22.990,-0.504
2,36.035,-7.587,-1.148
3,-10.863,-4.016,5.354
2,-46.673,-26.268,2.144
2,8.532,-21.668,3.767
2,-32.513,-26.484,4.601
2,12.222,40.966,-1.533
2,-31.860,-48.990,2.869
4,-32.985,6.118,7.607
4,42.272,-30.877,1.772
2,-45.872,-20.924,3.654
2,-49.936,38.566,3.929
2,39.749,-8.886,-0.867
2,-12.695,-23.252,6.336
2,-48.620,28.124,6.684
4,8.587,20.990,0.754
2,43.600,5.795,-2.080
2,19.513,-32.134,2.262
7,47.132,-33.998,-9.363
2,-19.757,-16.097,6.093
2,19.975,27.038,51.945
2,-3.378,-38.973,4.779
2,3.105,-45.990,3.383
2,-36.232,11.552,6.674
4,41.374,-17.726,0.993
2,-34.781,36.756,3.501
4,27.001,12.440,0.387
2,35.243,-19.409,0.176
2,-0.483,-10.588,4.220
2,-2.256,39.264,-0.217
2,36.883,32.314,0.792
2,-20.548,40.662,2.024
2,41.861,30.910,-0.272
4,-27.831,32.244,5.081
2,-46.110,9.151,8.692
2,-1.127,26.640,0.178
2,-34.543,36.282,3.463
2,-48.142,-20.467,3.348
2,-26.557,13.646,5.177
2,1.296,-44.986,3.527
2,2.408,-19.408,4.770
4,33.033,44.179,0.099
3,42.079,28.592,0.015
2,7.438,34.863,-0.650
2,48.072,-15.643,0.098
2,-34.054,36.379,3.436
4,-20.573,-9.262,7.052
2,-27.888,12.117,5.358
2,-11.545,45.118,1.572
2,18.577,-32.645,2.138
2,30.473,-6.626,-0.094
4,25.629,-1.917,-0.965
2,1.866,-31.923,4.723
2,-18.530,7.797,4.711
2,-7.128,-21.046,5.934
2,12.869,-0.096,-0.993
2,-36.529,22.963,6.124
1,8.070,34.342,18.515
2,-22.374,-0.832,5.940
4,33.080,44.039,0.096
7,23.400,30.094,7.936
2,48.384,34.184,-0.724
2,-19.964,34.161,2.920
2,12.944,-38.936,2.498
2,34.095,41.867,-0.335
2,-44.172,-19.557,4.198
2,-37.987,30.368,4.510
2,-4.177,22.310,1.432
2,-35.350,-36.616,2.443
2,15.002,13.652,0.174
4,22.130,38.565,-0.074
2,10.566,9.091,-0.118
2,1.104,16.529,1.584
2,47.277,7.275,-2.811
2,32.328,44.406,-0.479
2,-48.912,-38.686,0.366
2,-39.405,-23.083,3.676
2,10.028,-38.301,2.969
2,-2.383,-38.049,4.786
2,20.238,-36.811,2.668
2,-9.205,-7.863,5.567
2,-40.983,-10.331,5.765
2,-4.170,-32.266,5.337
2,49.562,43.759,0.635
3,-20.996,42.426,2.520
2,-5.927,-19.684,5.909
2,30.078,49.962,-1.549
2,42.775,-33.880,1.741
2,15.304,-17.871,3.178
2,-38.445,-46.698,1.425
2,-32.671,-24.405,4.837
4,15.733,8.280,0.241
4,-44.214,-9.563,6.463
2,-43.500,-20.501,4.135
2,-0.531,11.994,1.853
2,44.087,22.086,-0.895
2,2.515,-4.234,2.947
3,-4.958,-32.366,5.724
7,19.983,25.425,6.526
2,-20.073,44.172,2.111
2,-33.878,39.345,2.707
2,-30.811,20.336,5.292
2,-35.127,-42.862,1.861
2,24.103,-26.418,2.552
2,-25.738,27.712,5.203
2,-18.988,7.131,4.556
2,-40.334,-10.517,5.743
2,-39.950,10.638,7.352
2,-12.078,-8.668,5.361
3,32.105,10.362,-0.650
2,-40.034,6.197,7.395
7,9.789,37.292,1.057
2,28.795,-23.520,1.589
2,36.905,0.633,-2.179
2,-16.153,26.154,3.685
2,44.610,-12.671,-0.224
2,-0.076,-26.860,5.703
2,-0.225,-26.140,5.795
3,-0.576,12.228,2.053
2,-13.491,38.497,2.205
1,10.561,38.519,25.355
3,32.786,43.521,0.092
2,42.675,-1.359,-2.474
2,-20.652,5.242,5.118
2,36.689,-4.283,-1.505
2,-13.582,13.690,3.527
2,-2.551,-33.449,5.102
2,-7.081,-20.954,6.268
2,38.026,-31.928,1.069
2,-25.886,28.732,4.938
2,-35.386,41.048,2.808
3,-16.558,-22.682,6.724
2,-23.473,47.819,2.263
2,-26.586,-37.858,3.695
2,-45.629,-8.748,5.686
2,-26.957,-11.219,6.899
2,41.154,-35.614,1.956
2,-28.412,14.200,5.401
2,11.189,-33.373,2.370
2,-21.481,-25.745,5.497
2,-43.616,-5.263,6.956
2,25.998,-37.299,3.562
7,23.809,30.817,7.199
2,2.670,-14.988,3.992
3,6.135,-17.087,4.105
4,5.140,-35.613,4.132
3,-19.378,8.176,5.008
2,-20.561,18.902,4.163
2,27.448,-6.085,-1.439
3,-38.335,8.619,6.907
2,-8.650,-39.677,5.064
4,-0.932,12.983,2.756
4,0.075,13.691,2.576
2,-24.562,-21.688,6.098
2,-47.459,-27.186,1.948
2,36.400,9.533,-1.681
2,25.241,-27.369,2.499
3,-36.340,-36.151,2.609
2,-26.995,43.281,2.091
2,12.631,23.984,-0.838
2,-27.215,30.251,4.623
2,-9.438,15.239,2.825
2,23.439,-8.667,0.802
3,21.911,-3.971,-1.344
2,-10.387,24.378,3.324
2,-26.202,28.074,5.147
4,-28.198,30.903,5.357
2,-22.341,43.066,2.135
2,-8.138,-7.187,5.612
2,7.215,29.428,-0.535
2,0.092,7.385,2.253
2,-24.210,20.522,4.458
2,37.591,-31.334,0.952
4,-21.536,-8.553,6.909
2,49.603,39.292,-0.306
3,14.471,40.735,0.748
4,32.514,44.507,0.133
4,24.613,-0.346,-1.479
2,-42.133,-30.217,2.638
4,-36.840,-36.655,3.121
2,-1.582,-25.577,5.964
2,19.610,44.765,-1.336
2,2.881,25.360,-0.059
2,20.968,-37.316,2.736
2,20.149,26.036,51.945
4,32.493,43.508,0.107
2,25.533,22.562,0.087
2,-7.529,2.976,3.169
4,39.123,-16.754,1.185
4,30.828,32.562,1.242
2,4.221,19.304,0.661
2,-21.776,23.849,5.012
3,29.534,13.610,0.429
4,39.710,-14.423,0.932
2,4.011,22.930,0.026
2,14.617,-41.297,2.687
2,-37.293,-21.907,4.073
2,-20.338,18.962,4.143
2,-7.973,-9.472,5.701
2,-6.684,-42.836,5.048
2,-27.079,-23.308,5.789
4,-35.631,-36.586,3.221
2,-8.380,29.911,2.247
2,0.329,25.410,-0.079
3,-21.271,42.170,2.099
2,-33.726,36.476,3.505
2,-19.244,22.225,4.375
2,9.931,23.178,-0.512
2,5.664,44.220,0.043
2,14.798,-31.614,2.116
2,-30.170,23.446,5.521
4,8.676,21.019,0.643
2,-24.302,-8.774,5.989
2,33.603,-36.490,2.110
2,-27.450,29.988,4.517
2,-28.957,21.648,5.136
4,5.578,-16.612,4.450
2,-37.145,41.076,2.798
2,-28.597,-36.028,3.362
4,15.036,13.743,0.880
2,31.375,19.440,0.145
2,-17.172,37.147,2.210
2,5.976,-44.525,3.181
2,-35.687,-5.615,6.687
2,-19.529,-23.832,5.877
2,46.422,-19.386,0.966
2,-48.989,-31.366,1.139
2,0.645,-19.954,4.989
2,-44.374,-47.965,0.789
2,42.959,-26.653,0.763
2,31.250,-0.209,-2.054
2,-25.830,27.626,4.957
2,42.588,29.161,-0.232
2,41.111,15.303,-1.704
2,26.810,-32.407,3.165
4,-5.305,22.902,2.280
2,35.839,-43.944,2.706
2,36.840,-28.182,1.186
2,-35.248,-47.400,1.996
2,-3.026,-24.814,5.964
2,-28.178,22.638,5.104
2,-2.681,-12.853,4.975
3,-15.422,-22.956,6.433
2,43.294,-39.462,1.898
2,-39.409,30.812,4.554
2,12.133,-40.300,2.904
7,23.704,30.806,36.564
2,-10.008,26.150,3.044
2,21.403,-23.864,2.665
4,-17.943,-6.899,6.807
7,10.191,37.869,11.743
2,19.231,-39.116,2.395
4,40.452,17.618,-0.786
2,10.187,45.622,-0.010
4,28.491,13.339,0.379
2,-6.404,-32.697,5.855
2,32.982,43.973,-0.617
4,40.887,15.876,-0.991
2,-24.318,16.147,4.637
2,-40.926,5.839,7.595
2,42.343,29.052,-0.110
2,-7.335,-3.990,4.861
3,-19.910,6.839,4.872
4,40.788,16.355,-1.015
3,-43.898,-9.055,6.345
2,-27.623,19.792,4.658
2,22.122,-28.644,2.423
2,39.269,32.365,0.478
2,-17.482,-4.855,4.887
4,28.657,13.398,0.553
4,9.772,28.968,-0.123
2,-34.438,29.952,4.641
2,18.403,-0.838,-1.535
7,10.496,38.400,4.515
2,30.832,30.355,0.479
2,22.877,42.223,-1.221
2,-21.049,-43.540,4.542
2,-31.593,-33.768,3.034
2,9.289,24.417,-0.685
3,-5.129,21.413,1.668
2,-28.513,-16.612,6.191
2,11.877,25.490,-1.168
2,-26.375,31.487,4.272
3,25.599,38.538,0.407
2,39.166,-22.555,0.140
3,26.891,38.527,0.488
2,19.437,-45.642,2.788
4,20.986,35.996,51.945
2,-9.977,-29.497,5.932
4,-36.671,-36.879,3.062
2,-34.947,36.836,3.409
2,-0.769,-42.828,4.168
4,-36.249,-36.967,3.187
2,-49.594,26.965,7.057
4,-21.870,-9.525,6.569
2,45.807,32.158,-0.587
3,-6.259,-33.150,5.683
2,-38.119,-42.235,1.551
2,36.741,28.970,0.277
2,-7.485,-10.325,5.776
4,5.529,-34.677,4.515
2,-29.987,7.886,5.849
2,27.856,-39.407,3.342
2,-42.822,41.023,3.297
4,-25.520,-21.718,7.503
2,-27.992,27.837,5.026
2,-41.289,19.452,7.743
2,-19.172,7.752,4.806
2,44.892,-32.030,1.384
2,-34.341,37.172,3.350
2,-48.158,7.039,8.406
3,-6.886,-21.252,6.332
2,-22.081,29.632,4.301
2,35.861,-42.445,2.797
3,-35.762,-25.651,5.142
4,-5.020,23.444,2.216
2,41.745,-30.049,1.012
2,25.922,49.786,-2.329
2,36.585,-36.536,1.940
2,20.646,1.265,-2.036
2,-10.458,-38.060,5.141
7,-42.012,-3.260,-7.583
2,-34.281,36.365,3.449
2,-8.942,-4.434,5.196
2,22.280,18.667,0.486
2,5.717,-49.497,2.545
2,-39.260,47.588,1.937
2,-41.116,-21.110,3.990
2,37.885,9.450,-1.828
2,-9.453,20.017,3.440
2,39.317,21.674,-1.176
2,27.956,25.077,-0.013
2,-48.264,44.953,2.400
2,-34.087,37.493,3.403
7,22.844,29.076,7.320
4,25.446,-0.854,-0.684
2,-36.677,-40.822,1.910
2,42.826,-19.251,0.483
2,5.282,-39.178,3.489
2,-11.340,-3.870,5.044
4,-3.294,3.825,3.519
2,-30.593,-27.254,4.595
2,-41.974,35.470,4.218
7,9.703,37.269,-0.377
2,6.617,8.796,1.023
2,-2.749,-34.056,5.147
4,24.725,-0.745,-0.821
2,12.873,-19.717,2.891
2,-33.011,-5.734,6.345
2,43.761,-9.249,-0.893
3,26.278,35.706,0.480
2,-23.476,-28.574,4.931
3,5.441,-16.677,4.367
4,-36.723,-36.193,2.967
4,39.458,-14.350,0.986
2,-24.267,5.378,5.610
7,22.778,29.015,21.963
2,-26.164,28.794,5.091
2,-13.208,44.842,1.837
7,15.308,25.548,0.993
2,-1.123,34.947,-0.561
2,28.346,-48.877,2.547
2,40.484,22.183,-1.141
2,-19.088,-22.579,6.242
2,-6.222,-19.105,6.063
2,-8.374,-6.938,5.803
2,42.783,23.079,-0.949
2,-20.727,-32.247,4.808
2,-2.135,-28.655,5.663
2,18.927,-44.291,2.863
2,-5.516,-7.517,5.607
4,20.717,40.894,-0.373
2,-22.026,-43.602,4.442
2,-32.173,18.447,5.562
2,-26.759,5.416,5.825
2,-11.919,-43.695,4.637
4,21.497,-2.380,0.218
4,23.006,36.798,10.997
7,23.394,30.114,20.510
2,0.245,20.225,1.012
4,-26.944,32.931,4.830
2,-31.527,25.958,5.576
2,31.202,-30.430,2.272
2,-40.271,27.944,5.309
3,42.048,-30.816,1.357
2,25.432,0.630,-2.610
2,-35.127,-36.322,2.489
4,-43.943,-9.094,6.518
2,-19.025,7.289,4.589
2,25.737,-8.449,0.677
2,-12.930,3.010,3.975
2,-12.646,16.831,3.703
2,44.839,30.732,-0.672
4,39.209,-17.660,1.644
3,43.640,22.844,-0.771
2,-21.898,27.548,4.729
4,5.503,-34.217,4.230
2,10.095,36.174,51.945
2,21.836,-3.634,-1.549
2,-13.896,-33.027,5.398
2,-39.167,16.707,7.403
4,-21.191,-8.538,6.614
3,42.346,29.837,0.078
3,33.456,6.953,-1.366
2,40.795,-1.045,-2.067
2,-44.761,-28.177,2.517
4,41.251,17.773,-1.153
2,38.829,3.214,-2.166
2,-19.299,14.232,4.132
2,1.480,24.963,0.047
4,6.079,-16.881,4.485
2,-24.730,-28.644,4.790
2,-18.738,-34.430,5.199
2,-32.010,-0.675,6.618
4,5.687,-34.624,4.133
4,13.552,-31.156,2.921
2,42.229,-23.354,0.362
2,-4.588,25.050,1.522
2,-42.879,3.070,8.141
2,2.366,10.434,1.448
2,-6.876,4.713,2.829
2,-28.153,-18.004,6.086
2,12.419,-44.005,2.871
2,-8.561,-4.764,5.103
2,23.389,16.574,0.073
3,4.524,-16.760,4.458
2,22.163,-44.330,3.143
2,-5.754,-32.340,5.660
2,-49.401,19.844,8.920
2,-7.662,-7.487,5.738
2,-43.276,11.493,8.155
2,-6.795,-4.719,5.015
2,-24.215,17.050,4.485
2,39.432,-37.191,1.954
2,27.471,-25.414,2.265
2,-23.344,3.200,5.588
2,3.309,-10.512,3.416
4,37.767,-18.680,1.062
2,39.053,-38.791,2.056
2,-33.816,-20.204,4.823
2,-3.830,16.031,2.345
2,15.555,-30.654,1.979
3,41.295,29.459,0.106
2,-43.679,-46.238,0.956
2,20.999,-37.233,2.616
2,12.432,-13.656,2.943
2,18.066,34.019,51.945
2,-48.381,-32.806,1.111
2,-30.059,14.380,5.791
4,-25.798,-20.060,7.735
4,41.748,-31.036,1.716
2,0.171,-4.400,3.670
2,41.747,-15.216,-0.406
2,-20.672,21.945,4.397
2,18.507,-6.355,-0.303
2,33.797,-28.696,1.485
2,-40.893,32.432,4.547
2,2.965,13.015,1.368
4,42.455,20.884,-0.442
3,-18.334,6.440,4.826
2,24.601,45.201,-1.719
2,13.485,19.588,0.277
2,19.388,-14.563,2.337
2,-33.902,37.009,3.322
2,47.742,-7.048,-1.626
2,10.260,-34.413,2.621
2,-47.044,29.538,5.847
2,-18.831,8.335,4.512
2,-38.356,-22.604,3.870
2,24.653,-26.418,2.603
2,40.436,28.595,-0.025
3,-5.587,-33.397,5.701
4,15.171,-30.162,2.736
2,35.079,25.738,-0.073
2,9.382,-25.300,3.878
2,49.913,31.429,-0.696
2,-34.791,-34.532,2.905
4,1.352,4.412,2.762
2,7.826,19.260,0.656
3,-16.400,-23.394,6.562
2,-8.560,-5.299,5.136
2,41.716,-36.048,2.065
4,-28.161,31.138,5.265
2,23.956,14.213,-0.297
4,31.901,8.478,-0.726
2,0.693,-45.986,3.647
2,4.331,48.935,0.936
2,17.357,26.857,51.945
2,-5.389,-32.797,5.893
2,21.862,-9.196,0.973
3,-5.701,-33.087,5.719
4,27.899,-3.756,0.105
2,17.290,44.147,-1.031
3,-26.004,29.476,5.070
2,44.850,2.563,-2.499
2,21.557,-9.682,0.967
2,-16.557,-23.081,6.078
3,41.079,29.174,-0.024
2,28.022,26.708,0.383
2,-38.939,-38.069,1.769
4,-20.782,-10.814,6.773
2,-15.317,17.625,3.915
2,-21.875,30.288,4.075
4,-21.648,-8.336,6.621
2,-11.222,-34.480,5.525
2,-36.065,-35.464,2.566
2,-24.928,26.908,4.967
3,8.067,20.972,0.708
2,-43.588,46.819,1.634
2,41.426,-30.973,0.987
2,-9.605,-23.539,6.181
2,-34.190,36.404,3.337
2,-22.155,43.050,2.110
4,-36.727,-36.186,2.962
2,-17.563,-29.542,5.562
2,-34.694,14.298,6.368
2,0.869,-37.473,4.523
4,-44.021,-9.527,6.391
2,20.134,-36.534,2.644
4,18.721,37.520,51.945
2,4.767,-35.474,3.661
2,43.111,-35.046,1.922
3,42.767,-31.100,1.489
4,-43.895,-9.549,6.454
7,24.371,31.943,5.111
7,24.529,31.962,10.703
2,-15.166,4.979,3.972
2,-32.607,-25.061,4.884
2,-39.059,-19.482,4.508
3,-20.231,7.005,5.159
4,14.392,13.653,1.453
2,35.845,-22.586,0.427
2,25.924,25.028,0.305
2,-41.103,41.657,3.292
3,-21.082,-10.131,5.728
2,-16.555,18.224,3.934
2,38.026,-21.015,-0.127
2,-26.183,28.669,5.185
2,-0.411,40.839,-0.299
2,-39.671,34.992,3.786
2,-45.711,-48.715,0.828
2,33.320,-20.133,0.423
2,22.726,-26.456,2.471
2,-42.928,-5.677,6.884
2,-29.737,-34.137,3.153
2,27.399,8.301,-1.035
2,6.524,17.651,0.727
2,13.266,-29.199,2.147
2,1.843,-28.563,5.299
2,21.183,-36.762,2.631
2,-31.950,-9.673,6.072
2,-16.701,-30.420,5.429
2,-14.609,-40.152,5.361
2,6.519,-26.995,4.319
2,-6.512,-32.631,5.904
2,-13.525,9.653,3.439
2,-12.313,-18.574,6.182
4,-18.838,9.153,5.089
3,6.893,21.725,0.141
2,26.246,5.666,-1.634
2,-7.579,-20.697,5.966
2,-46.308,9.851,8.805
3,22.127,33.915,51.945
2,-14.964,-4.421,5.014
2,27.718,13.035,-0.166
2,-32.966,-29.082,4.181
2,33.289,40.793,0.049
7,22.766,28.937,23.357
2,-3.572,33.549,0.428
2,-29.185,-42.508,3.288
2,15.631,49.496,-0.489
2,15.070,46.566,-0.820
2,-34.619,-17.470,5.354
2,10.997,10.139,-0.308
2,1.778,-27.155,5.435
4,-0.310,12.402,2.514
2,-30.872,10.739,6.196
2,35.504,35.092,0.317
2,31.405,-20.839,0.906
2,7.746,-43.295,3.088
2,-42.153,40.556,3.500
2,33.693,-1.322,-1.942
2,-12.002,43.601,1.582
2,-9.745,-49.981,4.066
2,-27.203,-11.708,6.896
2,49.611,2.823,-3.611
2,38.316,34.710,0.589
2,9.223,14.471,0.877
2,41.871,-31.543,1.018
2,37.389,-40.031,2.257
2,2.956,-13.418,3.862
2,-5.816,-30.956,6.027
2,-2.878,-28.214,5.798
4,-36.513,-25.083,5.090
2,-28.751,47.913,2.232
2,-27.399,15.331,5.241
4,26.994,36.008,0.609
4,3.009,-33.797,4.734
2,-18.201,22.180,4.258
2,-30.608,-47.338,2.968
2,17.786,-41.582,2.318
2,-34.723,-4.620,6.734
2,-28.768,-24.999,5.507
2,-27.389,-12.874,6.892
2,20.516,-22.228,2.803
2,-23.581,-10.955,6.141
2,-6.452,-6.481,5.734
3,31.352,10.125,-0.832
2,-13.362,-33.050,5.446
7,-9.475,-80.929,-0.731
7,10.715,38.967,31.798
2,-40.219,18.270,7.599
4,-0.575,13.772,2.534
2,39.937,-33.904,1.462
2,-43.342,-9.247,5.903
2,29.333,-27.693,2.097
4,43.644,21.125,-0.251
2,-2.477,-27.857,5.794
2,33.074,11.469,-0.848
3,-3.638,23.433,1.503
2,9.879,-5.655,1.303
7,10.755,39.052,18.847
2,-16.097,-45.383,4.663
4,-26.896,31.689,5.329
2,34.817,22.490,-0.309
2,15.521,41.858,-1.323
3,3.286,-34.143,4.462
2,27.358,-32.738,3.171
2,-45.906,38.404,3.646
2,34.915,-11.126,-0.590
2,40.468,-20.095,0.091
2,35.693,3.528,-2.087
2,-17.500,8.629,4.093
2,48.539,13.414,-2.834
3,-20.273,7.604,4.888
2,2.733,31.810,-0.526
3,-18.780,6.881,4.914
2,35.226,13.877,-0.858
2,12.945,-6.097,0.381
2,-35.891,47.613,2.172
2,6.872,-39.462,3.081
2,-15.165,-27.155,5.811
2,28.210,-19.316,1.736
3,-6.555,-32.977,5.882
2,4.097,30.604,-0.348
2,-10.061,39.552,1.713
2,-43.232,-1.587,7.605
4,-27.974,-18.965,7.645
2,39.393,-7.905,-1.028
2,-6.801,-6.722,5.788
2,-9.995,15.203,2.985
2,34.916,-41.246,2.885
2,2.100,24.280,0.031
2,-41.050,-36.537,1.897
2,-0.484,12.453,1.826
2,2.181,-34.169,4.325
2,37.468,-14.030,-0.727
7,24.148,31.448,10.671
2,-17.831,-40.579,4.947
7,19.316,25.383,10.619
2,42.207,29.187,-0.258
4,30.536,32.720,1.393
2,-16.824,1.580,4.292
4,-14.248,28.651,3.734
2,-25.177,-25.948,5.345
4,25.707,-1.070,-0.392
2,48.316,29.467,-0.466
2,0.032,47.986,1.386
3,21.654,27.302,31.697
2,-19.211,35.970,2.428
2,-0.603,43.797,0.118
2,17.403,-7.416,0.158
4,-44.306,-9.347,6.417
7,24.560,31.966,11.402
2,-42.085,1.614,7.935
2,-48.309,13.569,9.252
2,35.729,-9.106,-0.860
2,36.919,10.547,-1.476
2,28.985,-32.247,2.924
2,-3.679,12.537,2.560
3,-8.118,-3.891,5.348
2,-9.541,-42.204,4.947
2,-25.502,27.638,4.950
2,-32.567,-0.493,6.705
2,-26.218,-11.823,6.886
2,41.925,40.587,0.369
3,25.574,37.734,0.651
2,-9.553,-3.920,5.032
2,47.968,16.576,-1.804
3,-36.359,-25.630,4.784
2,16.636,-24.432,2.569
3,-9.583,-4.428,5.337
2,4.472,-17.611,4.414
2,-13.053,9.323,3.396
2,35.384,44.184,-0.941
2,-24.555,17.692,4.414
2,21.583,-38.345,2.901
2,32.972,6.965,-1.707
4,-26.851,-20.941,7.616
2,-35.492,-35.430,3.056
2,19.071,-41.552,2.553
4,-26.411,33.275,5.267
3,5.170,-18.064,4.356
2,-19.201,15.936,3.957
2,22.289,-49.939,2.538
3,-36.112,-25.795,4.908
2,43.418,-26.141,0.833
2,22.743,-1.433,-1.860
3,-28.445,31.360,4.652
2,31.533,49.737,-1.686
2,-34.899,4.686,6.351
2,-26.170,28.697,5.117
4,41.649,17.131,-0.991
2,-34.668,31.736,3.988
2,-32.678,33.713,3.522
2,-34.884,36.964,3.436
2,-4.040,-28.107,5.798
2,-4.088,-48.671,4.088
2,-2.043,-27.412,5.818
2,42.308,-25.286,0.437
2,-17.730,17.013,3.782
4,-43.877,-9.066,6.430
2,-34.922,25.637,5.496
3,3.964,-33.479,4.408
2,-29.686,-27.721,4.608
2,-33.808,36.676,3.342
2,40.041,-42.123,2.437
3,27.616,14.476,0.271
2,-32.748,-30.088,3.897
2,-0.847,12.839,1.892
3,42.177,17.119,-1.453
2,-28.115,-7.836,6.214
2,17.249,30.378,51.945
2,-11.989,17.692,3.681
2,19.201,-37.489,2.628
2,-42.763,-16.047,4.751
2,12.792,-40.173,2.804
2,-32.422,-6.360,6.314
2,-25.345,28.887,5.093
4,5.882,22.552,0.615
2,-21.174,40.705,2.085
2,28.744,25.705,0.122
2,-36.758,-22.120,4.254
2,39.853,16.010,-1.724
2,-0.550,13.377,1.862
2,45.645,30.178,-0.666
7,10.883,39.102,35.396
2,32.296,8.850,-1.478
3,-44.384,-9.198,6.327
4,19.712,13.666,1.568
2,-11.245,-17.091,6.153
2,-12.980,47.862,2.180
4,42.266,20.949,-0.363
2,25.886,1.656,-2.174
2,-46.619,-7.863,5.683
2,-38.635,25.881,5.861
2,17.979,36.236,51.945
2,1.163,-16.178,4.447
2,-3.711,-30.872,5.392
2,4.744,-21.804,4.251
2,22.857,-49.228,2.433
4,-36.340,-35.888,3.256
4,-36.534,-26.119,5.131
2,47.394,20.806,-1.196
2,-23.934,41.920,1.971
2,-43.603,-9.329,6.049
2,-13.058,-19.072,6.137
2,-18.331,-42.001,4.731
2,18.594,-10.465,1.094
2,-12.290,26.050,3.632
2,23.684,44.925,-1.765
2,7.208,9.670,1.011
2,22.849,-0.853,-1.957
2,-23.015,-49.213,5.100
2,15.098,-31.898,2.119
3,31.986,9.330,-0.947
2,48.770,-23.243,2.007
2,34.053,-49.000,2.985
2,1.649,-15.177,4.289
2,-27.792,9.887,5.572
2,-23.354,-5.704,6.022
2,-46.753,19.029,8.567
4,-36.320,-36.829,3.157
2,-2.634,23.102,0.910
2,-21.052,-17.087,6.184
2,40.543,1.860,-2.154
2,19.622,-39.886,2.526
2,-19.874,19.569,4.124
2,-8.955,-15.396,6.005
4,-43.420,-9.060,6.600
7,19.932,25.492,3.032
2,22.486,-32.758,2.813
2,23.995,-28.096,2.484
2,-49.907,7.544,8.673
2,-35.538,-25.254,4.692
3,-19.691,7.969,4.876
2,20.829,-7.681,0.484
4,32.255,44.533,0.003
2,16.197,-30.339,2.119
3,-21.618,41.786,2.448
2,-34.686,42.383,2.733
3,-35.826,-37.313,2.751
2,21.248,-35.728,2.845
2,-39.905,44.672,2.726
2,43.234,23.313,-0.947
2,-29.499,21.745,5.275
2,23.452,-26.611,2.443
2,-26.134,32.536,3.972
2,13.495,-42.046,2.863
2,33.908,-17.256,0.310
4,41.352,18.316,-0.692
4,-35.738,-5.447,7.290
4,43.680,21.358,-0.105
2,-23.798,29.655,4.539
2,-20.529,20.322,4.134
2,23.974,-35.825,3.416
2,-24.896,-7.953,6.116
2,-22.368,3.940,5.386
2,-20.395,-38.850,4.792
2,-25.304,28.144,5.088
2,6.750,6.331,0.213
2,-42.886,0.302,8.163
2,-30.649,8.187,5.896
2,18.222,-46.183,2.704
2,-5.893,-7.558,5.762
2,22.189,-34.285,3.139
3,32.702,44.076,0.007
4,38.565,-19.682,1.040
2,36.444,49.327,-1.511
2,14.168,-29.681,2.387
2,-21.001,36.006,2.789
2,18.104,26.984,51.945
2,24.268,-36.290,3.504
2,48.967,-39.115,1.584
7,9.841,37.263,3.924
2,14.528,-7.724,0.562
4,4.724,-33.447,4.508
2,12.891,14.382,0.015
2,-35.711,-46.884,1.798
2,42.583,16.335,-1.836
4,-6.072,-33.706,5.839
2,-34.665,24.130,5.762
2,-1.494,22.077,0.851
2,9.715,42.696,-0.887
7,23.042,29.641,32.411
2,-27.577,-36.177,3.564
2,43.325,43.435,0.319
4,5.622,-34.700,4.356
2,-13.832,33.398,2.267
2,-36.387,-26.123,4.383
3,40.359,17.524,-1.284
2,-20.587,20.184,4.561
3,41.947,-18.979,0.835
2,15.204,-35.432,2.034
7,19.435,25.510,16.222
2,-7.169,-9.493,5.713
2,7.510,28.127,-0.686
2,-45.797,21.934,7.777
4,-28.380,32.300,4.924
2,-36.137,-36.702,2.426
2,46.691,21.664,-0.885
2,16.783,-35.427,2.215
2,9.789,-21.930,3.384
3,-28.051,30.394,5.003
2,-40.033,-33.566,2.483
2,-43.750,-8.734,5.892
2,-47.860,22.762,8.109
4,44.156,22.974,-0.028
2,3.666,45.434,0.177
2,39.872,4.308,-2.054
2,-33.905,37.219,3.396
2,19.863,49.700,-1.006
2,19.381,24.146,0.161
2,31.235,-9.774,0.190
2,41.240,-41.299,2.247
3,28.157,12.460,-0.057
2,49.927,-28.207,1.554
2,-21.272,-29.294,5.013
2,-46.471,0.881,8.349
4,20.093,25.382,19.802
2,23.705,-43.023,3.248
2,-0.954,-47.708,3.906
2,8.034,11.223,0.992
3,-20.185,40.952,2.504
2,14.341,-23.671,2.761
2,-49.921,16.752,9.205
4,-21.459,-8.770,6.916
2,23.459,28.004,0.379
4,43.351,21.313,-0.054
2,-39.803,9.787,7.230
2,9.790,45.193,-0.061
2,-39.740,-11.038,5.560
2,39.225,48.418,-1.262
4,-26.567,32.784,4.947
2,33.101,-25.999,1.299
4,-22.363,42.680,2.728
2,-2.323,-7.354,4.562
2,-33.029,-32.070,3.256
2,-49.955,-11.344,4.182
2,-35.965,20.218,6.400
4,27.206,12.603,0.511
2,-32.247,2.819,6.092
2,-25.482,-36.454,3.578
2,-44.047,24.531,6.678
2,-42.909,-34.024,1.589
2,-44.965,-42.867,1.217
2,3.459,33.354,-0.807
2,-25.480,29.002,4.867
2,-26.863,-9.560,6.246
4,-43.328,-9.875,6.535
2,-0.324,35.459,-0.962
2,-16.869,21.735,3.927
2,32.505,-19.147,0.528
2,28.509,-8.486,0.284
2,-0.456,17.848,1.442
2,32.678,43.338,-0.222
4,-26.940,32.936,5.092
4,25.064,-3.467,0.442
2,36.790,36.728,0.690
2,-27.883,-4.440,6.148
3,30.480,32.747,0.537
2,-44.511,21.985,7.382
2,-6.406,-7.115,5.790
2,12.156,-17.446,3.196
2,4.231,-43.763,3.285
3,-6.373,-18.276,6.291
2,-46.458,46.289,1.802
2,-16.033,38.435,2.274
3,23.350,-5.321,-1.599
4,40.111,-19.263,0.914
2,-39.605,46.243,2.311
2,-16.616,-2.880,4.590
2,-18.497,45.016,2.282
2,27.614,41.976,-1.063
2,32.674,9.869,-1.179
2,22.245,-29.269,2.436
2,45.115,-39.836,1.699
2,-27.517,-7.275,6.131
2,42.626,22.099,-0.964
2,-44.163,-14.415,4.543
2,28.179,13.322,-0.139
7,19.957,25.495,0.237
2,-46.016,37.862,3.781
3,29.298,13.320,0.425
4,-0.387,13.588,2.692
3,-21.738,40.851,2.320
2,-31.763,-47.678,2.679
2,-29.632,48.650,2.298
2,-33.878,37.545,3.477
2,-12.685,-26.104,6.453
2,-32.029,28.217,5.048
2,44.862,14.827,-2.230
2,-47.817,-6.008,5.963
2,36.724,-24.660,0.810
2,18.932,-32.075,2.129
4,-19.115,8.149,5.138
2,-23.979,44.204,1.945
2,-2.845,31.869,0.391
2,-6.871,14.850,2.526
7,18.575,25.555,21.061
2,-6.840,16.417,2.258
2,-29.238,31.167,4.340
2,-43.435,16.673,8.234
2,38.946,-31.882,1.071
2,-32.963,-23.003,4.788
2,19.891,-31.467,2.292
2,6.491,39.721,-0.647
2,-7.410,-6.558,5.593
2,15.241,-36.012,2.151
3,15.372,-30.194,2.442
2,23.129,-31.618,2.778
2,31.838,47.867,-1.289
2,29.946,20.958,0.317
7,24.144,34.818,2.120
2,-48.889,40.435,3.421
3,-0.556,12.618,2.284
2,-37.145,-49.727,1.357
4,0.043,13.057,2.356
2,-34.198,1.536,6.338
4,-21.909,41.936,2.575
7,24.176,31.306,0.877
2,-10.216,34.677,1.978
2,34.970,-9.365,-0.775
4,-0.264,12.801,2.537
3,-18.635,8.581,4.912
2,33.037,10.550,-1.046
2,16.407,8.306,-1.271
2,2.643,41.252,-0.189
2,27.873,-2.575,-1.789
4,12.555,10.200,0.808
2,-28.260,41.170,2.434
2,6.367,25.623,-0.568
7,16.606,25.506,5.584
4,-19.640,7.091,5.087
2,-33.118,9.584,6.536
2,15.365,-20.522,3.233
2,32.653,-1.911,-1.694
2,-31.612,-48.478,2.855
2,4.602,0.650,1.684
3,28.717,12.909,0.388
2,44.567,-32.502,1.479
2,36.543,-9.436,-0.771
2,21.969,-31.840,2.573
2,-39.631,7.817,7.316
3,-18.152,8.904,4.708
2,-30.368,30.175,4.467
4,25.879,-0.335,-0.845
7,21.286,26.670,26.134
2,-20.787,-20.948,6.170
2,-35.382,-1.426,6.916
4,41.524,-30.886,1.702
2,4.620,-18.516,4.354
2,-35.682,-12.832,5.600
7,15.791,25.402,-0.194
2,46.873,-21.746,1.026
2,41.955,-31.376,1.624
2,5.847,-22.431,4.104
2,-49.600,-41.311,0.727
2,26.246,-3.334,-1.406
4,33.481,8.969,-0.835
2,6.837,20.498,0.368
3,-8.455,-3.683,5.346
2,1.209,37.948,-0.953
2,-6.413,-32.542,5.932
2,-24.570,7.929,5.045
2,22.042,-41.188,3.207
2,-18.317,-2.824,4.630
2,-11.606,-22.902,6.289
2,3.866,-42.971,3.367
2,-26.045,-2.810,6.368
4,-19.793,-11.889,6.679
2,25.709,21.000,0.138
3,-19.380,8.522,5.055
4,-22.473,-9.197,6.830
4,24.187,-0.746,-1.581
2,-29.057,-26.299,5.065
2,-9.732,35.553,1.971
2,-49.285,-36.579,0.475
2,-42.220,42.247,3.127
2,-21.418,-14.128,5.911
2,-43.098,0.959,8.295
4,-22.726,-9.700,6.817
2,-44.108,-8.940,5.899
2,-0.622,23.209,0.526
2,33.454,-22.970,0.793
2,-6.560,-7.496,5.469
2,-21.218,23.517,4.731
4,28.206,-0.078,-1.055
2,-29.715,44.537,2.481
2,23.799,-33.772,3.101
2,-33.593,-12.788,5.890
2,32.129,-6.095,-0.480
2,21.950,-36.881,3.081
2,4.986,-7.205,2.394
2,-43.154,-47.614,0.759
2,17.009,-33.537,1.943
4,14.539,25.432,0.695
2,46.707,12.608,-2.694
2,18.711,46.012,-0.867
2,-3.649,-20.701,5.457
2,-16.460,-22.697,6.033
2,36.926,-27.134,1.090
2,-8.101,-27.996,5.917
2,46.544,-12.193,-0.076
2,-17.068,17.813,3.920
2,18.326,17.621,0.019
2,-11.636,-35.514,5.686
2,-30.271,-10.170,6.146
2,-3.655,15.520,2.334
2,37.155,12.507,-1.237
3,-4.951,20.335,1.987
2,22.470,-33.361,2.896
4,-44.614,-8.993,6.569
2,20.462,-44.212,3.038
2,-14.255,15.303,3.599
2,13.582,14.056,0.109
3,43.718,23.246,-0.629
4,41.477,17.911,-0.710
2,-44.170,-35.910,1.147
2,-32.675,6.439,6.093
7,20.713,25.500,2.390
2,2.638,-44.473,3.367
2,-11.693,-40.869,4.989
2,16.312,24.306,0.006
2,-45.763,10.526,8.713
3,13.013,-31.514,2.712
2,-16.245,-0.958,4.362
4,27.994,12.884,0.490
2,20.212,13.757,0.028
3,-4.901,-32.536,5.788
4,-21.487,-9.983,6.810
7,8.319,34.824,2.096
4,6.906,22.041,0.679
2,-17.504,-47.419,4.954
3,26.536,36.118,0.444
2,38.992,-28.707,1.043
2,48.624,-16.570,0.528
2,3.540,-30.231,4.761
2,-16.463,-23.250,6.242
2,-15.034,-22.170,5.908
2,-39.754,-43.802,1.494
2,-0.880,13.431,1.858
4,-0.606,13.380,2.569
2,46.259,-3.684,-2.021
2,-30.175,29.031,4.757
2,-5.063,23.815,1.667
2,-28.534,23.936,5.338
4,5.832,-16.970,4.457
2,27.862,18.153,0.155
4,14.610,-31.368,2.837
2,-24.369,-42.425,3.791
2,14.513,15.141,0.175
2,-31.993,-8.096,6.281
4,41.903,21.133,-0.223
4,-28.434,31.235,4.919
2,49.289,4.885,-3.413
2,10.044,-31.586,2.709
4,-18.257,8.762,5.205
2,-43.531,-9.211,5.981
3,-6.353,-32.949,5.779
2,-35.115,-13.285,5.721
4,-20.181,41.377,2.648
2,41.832,-13.388,-0.331
2,13.629,19.010,0.263
4,-26.701,32.718,5.057
2,-44.719,49.336,1.304
2,40.944,30.158,-0.049
2,42.912,-16.899,-0.002
2,-44.804,11.070,8.581
2,-32.909,14.843,6.036
2,-5.530,-7.148,5.609
3,32.693,43.813,0.162
2,13.110,-29.451,2.121
4,40.927,16.451,-0.963
2,31.906,34.159,0.250
2,21.825,12.986,-0.231
2,17.151,-40.918,2.254
2,-16.064,42.855,2.026
2,41.261,26.782,-0.261
2,3.451,11.960,1.318
2,-37.923,-37.899,1.795
7,10.902,39.071,15.249
2,27.482,13.049,-0.165
2,-37.777,35.820,3.633
2,21.658,-31.165,2.405
4,23.010,-4.058,-1.004
2,31.520,-8.897,-0.007
2,42.634,21.597,-0.953
2,-25.610,-35.743,3.645
2,9.622,-23.047,3.588
3,-35.649,-37.428,2.913
2,-29.714,-0.767,6.616
7,22.735,37.239,0.113
2,-34.103,36.361,3.330
2,47.622,35.631,-0.359
2,-36.934,46.452,2.269
4,-5.227,23.212,2.270
4,-14.256,28.674,4.442
2,-40.630,-19.976,4.466
2,30.535,-48.850,2.652
2,12.223,19.295,0.362
2,-29.104,48.952,2.254
3,42.096,29.370,0.113
2,-34.024,44.929,2.760
2,-14.407,-36.181,5.619
2,-5.262,-5.519,5.034
2,44.980,-22.503,1.010
3,-43.658,-9.865,6.189
4,34.329,8.414,-0.558
2,7.039,48.269,0.770
2,-24.288,38.102,2.573
2,20.756,33.213,51.945
2,9.108,-42.361,2.995
2,38.015,-48.118,3.021
2,37.316,-1.573,-2.012
2,-49.033,-21.232,2.913
3,-43.491,-9.704,6.121
2,-5.068,1.656,3.251
2,-17.095,-46.751,4.893
2,20.485,-36.148,2.533
4,-43.580,-9.937,6.498
2,-26.051,-33.857,4.021
2,4.076,-10.968,3.205
3,-43.560,-9.494,6.136
2,-38.663,-42.994,1.465
2,-37.102,28.326,4.926
2,23.787,35.419,0.014
2,17.448,42.650,-1.219
2,6.341,14.585,1.293
2,-4.652,48.634,1.766
2,-18.732,12.773,4.012
2,-43.982,26.536,6.310
4,-5.817,-33.251,5.900
2,41.026,-37.502,2.219
2,-35.165,29.975,4.531
2,-18.877,-17.325,6.222
2,-32.651,30.502,4.452
2,0.502,-3.951,3.471
2,-24.426,-1.244,6.500
2,-7.272,15.205,2.499
2,-13.150,-13.897,6.240
4,-27.169,30.792,4.839
2,32.565,3.811,-2.377
2,-20.348,19.301,4.321
3,15.453,-30.142,2.532
2,23.041,-40.165,3.324
4,43.037,21.562,-0.332
2,6.682,-49.091,2.280
3,6.221,-17.530,3.924
2,5.180,13.468,1.341
2,8.121,-33.481,3.054
3,-15.514,-22.968,6.406
2,47.666,26.151,-0.659
4,-35.568,-36.704,3.052
3,22.170,-4.248,-1.451
2,-17.510,5.001,4.214
2,32.295,21.714,0.168
3,-2.599,26.807,0.685
2,-45.442,-4.690,6.949
2,-16.359,4.327,4.099
3,-36.284,-26.041,4.871
2,42.943,-49.946,2.164
2,40.847,-13.011,-0.277
3,-0.507,13.149,2.147
2,48.235,12.929,-2.874
2,19.639,13.721,0.156
2,4.585,0.111,1.843
2,-34.215,36.230,3.483
2,27.461,-5.877,-1.256
2,-46.084,24.650,7.287
2,37.215,6.255,-2.110
2,-38.538,48.802,1.461
2,-22.446,-45.642,4.453
2,-21.581,-36.207,4.364
2,-49.602,36.480,4.514
2,3.146,47.892,0.889
2,22.274,-49.014,2.604
4,-17.850,-8.989,6.750
2,33.734,9.264,-1.481
2,33.128,-1.450,-1.909
2,-33.410,26.335,5.564
2,-3.058,-39.681,4.806
4,23.862,-5.307,-0.239
2,10.711,8.562,-0.237
2,19.374,2.113,-1.936
2,-34.667,-36.193,2.683
2,-29.013,37.312,2.943
2,-29.319,-45.475,3.040
2,6.466,-42.730,3.200
4,31.971,7.416,-0.472
2,-30.587,47.167,2.419
4,34.424,9.121,-0.500
2,41.917,7.876,-2.004
2,-3.311,-13.323,5.162
2,12.229,-2.263,-0.122
2,10.390,-21.335,3.155
4,-20.415,41.651,2.653
2,-8.798,-13.695,5.891
2,5.447,3.005,0.907
2,49.652,-49.471,1.008
7,23.712,30.785,22.580
2,16.082,18.803,0.294
2,-7.319,-17.703,6.278
2,-40.060,14.147,7.427
4,-36.174,-36.211,3.064
2,-7.339,42.606,0.741
2,-27.043,-35.902,3.656
3,15.565,-43.776,3.048
2,-38.974,37.830,3.470
2,14.942,-38.580,2.191
2,15.598,-41.562,2.595
4,-18.173,7.770,5.042
2,31.943,44.086,-0.270
7,10.769,39.099,34.676
2,-16.328,22.103,3.941
3,19.803,-37.049,2.961
3,-36.280,-36.129,2.669
2,-31.016,-9.463,6.193
7,22.458,28.507,0.267
2,17.422,-24.269,2.476
2,2.339,-8.829,3.355
3,4.240,-1.412,2.156
2,31.526,29.610,0.615
2,10.727,-31.461,2.704
2,-17.035,4.481,4.117
2,39.644,0.514,-2.004
2,-22.110,33.347,3.443
2,-7.023,23.167,2.341
2,-4.494,21.924,1.484
2,-7.479,-8.541,5.715
2,-32.940,9.017,6.380
2,16.932,22.927,0.025
2,-27.384,-3.616,6.292
4,-36.579,-26.065,5.074
2,-43.396,25.416,6.470
2,40.078,-1.710,-2.056
2,34.502,-43.545,3.140
2,-36.343,13.540,6.741
2,-27.496,-6.121,6.036
2,-14.348,-13.708,6.239
2,-49.976,23.413,7.990
2,12.483,-23.045,2.827
2,45.342,49.677,0.172
2,3.034,-37.533,4.165
3,-16.740,-23.651,6.530
2,-7.630,-27.501,5.868
4,31.789,8.695,-0.528
7,5.325,13.187,-7.283
2,17.128,33.289,51.945
2,-41.070,48.194,1.892
2,32.236,20.473,-0.008
2,7.322,-30.492,3.580
2,-5.538,-30.928,5.685
2,-21.225,32.926,3.398
4,-15.614,31.134,3.652
2,-12.175,-37.934,5.684
2,32.712,44.084,-0.458
2,-5.168,-32.418,5.815
2,-8.217,-6.403,5.419
2,-41.237,-23.806,3.374
2,1.767,-23.036,5.295
2,37.400,-12.285,-0.772
2,24.982,-35.983,3.533
2,-3.589,21.518,1.239
7,21.627,27.190,5.164
2,-46.255,32.710,5.164
2,-43.381,10.346,8.170
2,45.049,-30.379,1.227
2,36.337,15.461,-1.313
2,22.395,-9.316,0.947
7,23.761,69.001,-3.259
2,-43.618,43.819,2.293
2,-48.098,-15.982,3.629
2,33.970,-1.853,-1.825
2,-13.794,-18.573,6.046
7,144.086,36.295,-9.507
2,48.698,-43.411,1.681
2,-25.315,28.989,5.114
2,-25.422,1.893,6.288
2,0.961,9.833,1.727
2,-15.210,-5.522,5.375
2,-48.791,45.310,2.383
2,-7.422,9.542,2.251
2,43.593,-34.782,1.788
2,-33.688,-5.540,6.498
2,-30.042,41.979,2.682
2,-35.623,-25.880,4.377
2,17.816,-17.566,3.024
2,-32.662,-12.719,6.014
2,-24.870,-31.100,4.990
2,27.064,6.879,-1.312
2,38.039,26.503,-0.394
3,-16.879,-23.572,6.696
2,47.007,46.338,0.490
2,36.040,-29.963,1.251
4,-19.819,-5.386,6.191
2,-2.245,-36.194,4.798
2,-42.816,6.469,7.941
2,-45.210,42.508,2.608
2,29.061,-25.580,1.828
4,-25.385,-21.397,7.507
2,-15.033,15.792,3.661
2,-8.757,41.321,1.159
2,21.914,7.635,-0.786
4,-26.418,32.313,4.972
2,33.069,-37.093,2.200
2,-13.414,16.728,3.798
2,14.372,34.593,51.945
2,18.709,31.705,51.945
2,-34.142,43.109,2.834
2,-20.916,7.036,4.818
2,-38.418,-37.603,1.780
2,23.484,24.019,0.411
2,-43.856,-9.118,5.921
2,1.360,-5.628,3.313
2,45.917,-0.345,-2.743
3,28.060,13.761,0.115
1,19.238,25.360,19.024
7,21.733,27.308,16.336
2,-3.569,-6.871,4.803
2,31.164,-0.884,-1.866
2,-12.661,20.814,3.887
2,26.520,36.942,0.288
2,-13.337,-47.461,4.661
2,-20.215,-1.426,5.115
3,27.903,12.805,0.381
2,-42.076,38.745,3.727
2,-0.583,13.049,1.861
2,-34.326,3.095,6.454
4,-18.057,6.327,5.269
2,-21.030,-4.093,5.284
3,-16.476,-22.847,6.553
2,-33.315,46.743,2.616
2,-5.861,38.038,1.085
2,-34.897,-14.195,5.681
2,-26.790,-12.542,6.925
2,47.089,-31.010,1.489
2,-37.214,-25.769,4.366
2,-29.694,15.014,5.633
4,21.493,39.582,-0.183
4,7.623,21.638,0.732
7,10.784,39.121,28.920
2,46.351,-35.481,1.474
2,-43.678,-14.860,4.599
2,-46.637,5.543,8.227
7,23.028,29.540,21.248
2,0.753,-17.492,4.578
7,10.803,39.049,6.614
2,13.652,34.088,51.945
2,-48.865,-8.988,5.120
2,33.044,9.241,-1.511
2,-34.162,-35.167,2.961
2,-4.341,23.341,1.479
4,23.954,-0.449,-0.797
2,43.691,-44.056,1.519
7,-66.678,-1.973,-10.819
7,18.153,-44.676,-4.456
2,36.810,13.941,-1.269
2,-16.725,48.665,2.522
2,30.064,7.954,-1.222
2,9.082,-1.598,0.382
2,-5.826,-30.875,5.932
2,-8.477,40.064,1.353
2,-17.190,-48.216,4.914
4,-20.581,-8.117,6.685
2,-4.397,21.723,1.429
2,13.097,-40.707,2.762
3,22.549,-3.494,-1.246
2,44.766,34.481,-0.192
4,-18.176,6.910,5.117
4,-3.979,21.454,1.863
7,9.830,37.315,-1.094
2,-34.789,20.325,6.165
2,42.144,26.994,-0.354
2,-6.381,-32.396,5.926
2,43.427,33.703,-0.334
4,-23.142,42.363,2.598
2,-44.237,46.247,1.770
4,21.536,-16.525,2.794
2,39.537,29.553,0.070
2,41.093,8.103,-1.893
2,17.206,-5.055,-0.407
2,-35.565,-35.537,3.134
4,-1.179,13.515,2.606
3,-20.444,40.192,2.610
2,39.132,15.303,-1.605
2,30.522,29.124,0.380
2,-33.910,37.316,3.526
2,-41.956,-33.039,2.098
2,-37.970,21.915,6.389
2,25.315,12.012,-0.129
2,7.817,44.288,-0.014
2,4.903,21.525,0.253
2,-25.988,28.639,5.218
2,-32.699,-1.050,6.652
2,-15.561,1.229,4.146
2,28.917,13.772,-0.147
2,-26.927,15.054,5.172
2,-12.745,-7.804,5.330
2,28.703,45.388,-1.177
2,19.384,-24.739,2.363
2,1.597,-19.084,4.881
2,20.102,-16.476,2.391
2,-29.849,12.629,5.776
2,49.223,-37.680,1.436
2,15.171,-15.339,2.643
2,20.605,-38.659,2.921
2,-42.519,-33.227,1.854
2,-17.713,-25.741,5.743
4,-33.305,7.044,7.822
2,5.657,-2.080,1.851
2,8.399,3.177,-0.043
2,-0.612,19.399,1.305
4,-26.730,30.281,5.145
4,-19.870,42.949,2.677
2,17.060,2.388,-1.355
4,-44.404,-9.357,6.454
2,-32.395,-18.826,4.942
2,46.629,4.584,-2.910
2,43.392,22.485,-0.956
2,4.736,-26.626,4.848
2,2.284,-42.125,3.871
7,22.664,29.063,10.807
3,-8.330,-4.462,5.276
2,-40.813,-38.458,1.605
2,-22.199,-2.328,5.886
2,37.575,-32.477,1.085
2,35.376,-18.286,0.139
2,-17.889,28.041,3.555
4,-28.608,-21.970,7.022
4,15.231,40.853,-0.081
2,-39.259,26.511,5.720
2,-24.347,-23.683,5.786
2,-36.583,-37.326,2.454
3,-18.276,9.204,4.734
2,-37.326,12.320,6.741
2,32.009,9.169,-1.451
4,-22.291,-19.859,7.174
4,40.073,17.782,-0.736
2,28.875,-16.834,1.316
2,41.465,-11.090,-0.470
2,9.518,-37.700,2.951
2,4.798,29.770,-0.552
2,-37.996,-3.544,7.207
4,10.881,27.241,0.245
3,-18.987,6.593,4.751
2,0.522,23.216,0.338
2,41.129,40.124,0.549
2,45.305,25.031,-0.664
4,40.297,-17.559,1.661
2,19.427,-2.341,-1.423
4,-28.174,-21.513,7.053
2,-42.832,-6.247,6.842
2,-39.606,30.201,4.824
3,43.204,23.683,-0.390
2,47.500,-35.223,1.344
2,-25.738,-16.271,6.347
4,-26.782,-19.948,7.945
2,-25.830,-11.583,6.916
2,48.093,-14.429,-0.025
7,23.111,29.519,5.900
2,-12.972,-7.056,5.251
2,27.801,21.305,0.171
3,27.195,13.195,0.316
4,-19.949,-9.750,6.844
2,-15.875,-0.171,4.358
2,28.794,-40.937,3.369
2,-22.080,-15.206,6.167
2,-3.698,37.272,0.356
2,-42.554,14.880,8.088
2,21.741,25.812,0.371
2,-20.416,46.733,2.413
2,35.417,-49.832,3.244
2,-13.266,-16.294,6.320
2,14.968,-29.784,2.116
2,40.671,17.357,-1.788
2,39.525,-19.048,-0.030
2,-16.602,-22.721,6.047
2,-28.161,49.201,2.147
2,18.809,-26.208,2.460
3,33.297,9.063,-1.325
2,-21.743,4.463,5.377
2,14.688,3.421,-1.361
2,8.708,-43.473,2.999
2,43.195,-34.421,1.772
2,30.218,23.205,0.167
7,23.839,30.696,24.678
4,-20.151,-5.461,6.010
2,-19.785,39.895,2.019
2,5.140,-1.571,1.828
2,-42.233,-1.941,7.345
2,33.542,-49.343,2.915
2,-26.312,-11.494,6.730
4,-0.245,13.040,2.423
2,-39.791,-24.378,3.751
3,-36.395,-36.731,2.535
2,43.570,8.583,-2.471
3,14.104,-30.066,2.347
3,-18.659,8.947,4.885
7,10.385,38.386,3.796
2,-23.102,-47.723,4.850
2,-20.196,-21.703,6.260
2,27.414,-22.691,1.887
2,-32.917,27.832,5.187
2,33.473,-12.424,-0.025
2,40.843,13.075,-1.847
2,-47.205,5.446,8.256
2,-16.349,-22.240,6.035
2,-35.689,-17.535,5.237
2,38.018,33.278,0.682
2,24.213,4.832,-1.654
2,1.602,44.982,0.345
2,22.224,17.400,0.252
2,-20.319,4.798,5.097
2,-28.523,37.681,2.864
4,-20.521,-10.508,6.615
2,-5.389,4.341,2.840
3,-27.087,30.836,4.564
2,-7.610,-8.848,5.594
2,-47.403,-32.381,1.405
7,21.410,26.659,3.812
2,-16.931,-39.234,5.110
2,-20.247,19.761,4.484
2,15.515,-29.747,2.129
2,2.012,-2.050,2.664
7,24.429,31.961,21.888
2,27.223,-6.187,-1.302
2,-2.678,4.506,2.699
2,38.606,6.315,-2.020
2,-19.509,11.880,4.244
2,20.869,-48.972,2.822
2,-19.861,29.044,3.993
2,-6.111,30.170,1.619
2,-26.886,-19.126,6.359
3,5.823,20.360,0.503
2,24.614,15.273,-0.270
2,19.443,-38.112,2.800
2,28.832,-47.492,2.631
4,5.357,-34.533,4.468
2,-0.758,-3.722,3.767
2,-0.264,5.755,2.231
3,-15.909,-22.772,6.493
2,49.714,-35.454,1.310
2,-13.878,34.417,2.333
2,-19.398,-4.459,5.003
2,3.484,-45.421,3.384
2,6.040,20.630,0.154
2,-40.851,-6.682,6.874
2,-44.564,10.189,8.408
7,22.072,27.726,5.874
2,23.017,-24.073,2.564
2,-49.579,46.181,2.015
2,-16.325,-23.361,6.051
2,-35.978,27.176,5.222
2,15.922,23.818,-0.054
2,-9.344,-9.585,5.579
2,2.627,-37.913,4.225
4,43.184,22.613,-0.400
2,-34.600,-19.552,4.978
3,42.369,-30.887,1.492
2,-16.539,41.094,1.858
2,12.399,7.931,-0.684
2,25.835,32.136,0.382
2,49.368,47.963,0.423
4,-27.832,32.180,5.012
2,-15.672,-22.740,6.043
2,-46.502,-23.099,2.969
2,-25.423,27.759,4.973
2,38.727,41.411,0.063
2,-42.361,-29.690,2.692
2,35.384,39.435,0.113
2,42.078,36.804,0.495
4,-43.295,-9.164,6.541
2,38.096,30.478,0.408
2,-25.109,28.634,5.117
3,40.936,29.134,0.096
2,-15.205,33.253,2.591
2,-28.024,-1.466,6.407
2,-25.637,19.167,4.401
2,-30.816,-17.593,5.495
7,46.739,113.024,-68.074
2,7.593,-43.873,3.086
2,2.068,28.252,-0.054
7,22.376,28.465,16.329
2,-48.646,-10.893,4.581
2,-40.738,5.337,7.465
2,-1.438,-38.673,4.536
2,-20.535,26.052,4.678
4,41.568,-30.763,1.693
2,6.387,44.724,0.119
2,26.305,39.205,-0.037
4,32.774,43.698,0.012
2,-20.915,-48.812,5.125
2,15.741,-39.273,2.250
2,-42.679,-18.115,4.538
4,-35.644,-36.212,3.195
2,-33.584,28.567,4.977
3,-16.462,-22.405,6.519
4,33.518,7.787,-0.879
3,-44.086,-9.070,6.216
2,-33.970,36.004,3.450
2,-16.381,-22.272,6.343
4,43.814,22.868,-0.405
2,19.920,18.284,0.097
2,-9.338,28.518,2.631
2,-2.751,-1.507,3.714
2,-48.890,-48.188,0.839
2,17.916,16.929,0.117
2,9.258,-24.365,3.794
2,3.428,30.564,-0.271
2,-22.175,12.410,4.548
3,14.136,-29.444,2.593
2,34.241,13.028,-0.744
2,47.334,-32.201,1.446
7,19.321,25.511,0.813
2,45.601,2.235,-2.670
2,-15.596,3.763,4.107
4,-17.939,6.644,5.164
2,-26.803,7.107,5.552
2,-19.364,48.898,2.428
4,-26.884,30.419,5.046
2,-36.440,-25.835,4.398
2,-15.955,20.260,4.015
3,-20.353,6.814,5.191
3,40.695,17.524,-1.432
2,-12.565,-4.764,5.017
2,49.994,-34.938,1.424
2,-7.038,26.276,2.599
4,24.179,31.317,15.568
2,17.093,-12.804,1.741
2,3.530,-27.474,5.071
2,49.599,-12.546,-0.153
2,28.381,-46.808,2.576
2,42.287,-42.651,1.970
2,-44.332,14.748,8.499
2,-31.386,-15.856,5.879
2,35.955,31.072,0.653
2,-5.071,37.790,0.874
4,-29.282,32.191,5.262
2,2.621,-12.571,3.808
2,21.733,-46.115,2.943
2,32.915,-40.733,2.898
2,47.510,3.084,-3.248
2,7.379,-9.404,2.236
2,45.549,-11.696,-0.267
2,1.365,-25.029,5.592
4,-20.431,-6.724,6.221
4,40.889,-17.063,1.001
2,-5.995,-32.261,5.837
2,-29.090,45.029,2.296
2,19.289,25.510,24.628
2,-15.311,16.849,3.780
2,-21.489,-24.713,5.814
3,26.457,38.319,0.378
2,-5.744,-31.492,5.904
2,11.211,-3.610,0.397
2,12.856,-30.460,2.355
4,-43.823,-8.989,6.517
2,-6.585,18.029,2.022
4,40.980,16.626,-1.126
2,-31.993,-43.343,2.547
2,-5.194,-35.469,5.087
3,19.680,-37.038,2.844
2,24.626,9.144,-0.755
7,22.717,29.077,29.633
2,9.233,-40.776,2.871
1,41.831,24.244,-0.647
2,-30.020,-37.989,3.303
2,-6.080,-9.135,5.620
2,-5.989,-0.929,4.050
4,-22.024,42.226,2.630
2,-24.844,-32.552,4.428
2,27.884,23.203,-0.009
2,16.341,-39.771,2.284
2,-15.753,21.376,3.920
7,26.018,-33.585,-9.481
3,-20.087,41.225,2.332
2,-9.047,12.152,2.593
2,-28.365,-17.281,6.089
2,-43.281,38.506,3.816
2,28.249,37.446,0.260
2,1.342,36.124,-1.239
4,-29.240,31.899,5.256
2,-21.019,-41.784,4.412
2,7.215,-38.308,2.994
2,-7.960,-7.908,5.795
2,-29.035,-6.338,5.973
2,32.282,43.930,-0.319
2,45.391,-34.967,1.654
2,0.197,4.367,2.271
2,-14.412,-3.511,4.691
2,-44.232,9.641,8.327
1,16.704,25.439,14.716
2,-26.149,28.386,5.217
3,-20.165,-8.941,5.805
2,-15.853,-37.911,5.190
2,9.305,3.906,-0.305
2,-49.171,-32.399,1.015
4,41.644,17.968,-1.181
2,24.191,42.972,-1.420
2,-33.894,36.433,3.340
2,-16.738,-23.560,6.367
2,-1.672,-22.278,5.437
2,40.460,34.405,0.389
2,45.892,-19.778,0.959
2,-12.706,-1.626,4.732
2,-35.919,-29.039,3.939
2,32.363,-25.728,1.283
3,-1.107,13.027,1.988
2,-6.586,-18.328,6.135
2,7.314,7.931,0.529
3,6.066,-17.262,4.364
4,43.111,21.703,-0.170
2,-21.591,-16.394,6.032
4,28.970,0.710,-1.360
2,46.138,23.352,-0.753
2,-46.943,30.241,5.692
2,20.399,-36.516,2.667
2,-43.912,-30.962,2.398
2,29.919,-21.247,1.433
2,-10.883,2.714,3.891
2,47.446,-15.798,0.129
2,-8.422,-45.518,4.713
2,11.362,12.562,-0.010
4,-27.722,-18.765,7.644
4,26.697,0.617,-1.345
3,-8.348,-3.910,5.433
3,29.084,13.871,0.335
2,25.808,39.422,-0.152
2,-34.468,36.695,3.533
7,20.948,26.148,19.126
7,16.615,25.442,7.692
4,-0.358,12.493,2.436
4,5.836,-35.302,4.664
3,5.541,-17.853,4.232
4,5.682,-33.309,4.656
2,30.291,-5.544,-0.328
2,42.738,44.337,0.167
3,5.864,-35.312,3.800
2,-33.946,36.287,3.506
2,-15.315,48.487,2.595
2,-43.538,20.172,7.821
2,-2.447,30.153,0.420
7,23.839,30.861,29.572
2,-21.103,19.635,4.156
2,-24.574,-17.767,6.462
2,17.339,35.357,51.945
4,37.945,-20.133,1.101
3,21.213,-4.758,-1.645
4,-27.912,-22.273,7.048
2,49.347,14.302,-2.670
2,23.986,43.759,-1.700
4,-35.756,-5.560,8.659
2,-13.871,-44.512,4.668
2,-12.995,-3.814,4.915
2,-33.988,37.526,3.436
2,-46.214,4.005,8.277
2,23.026,16.057,0.019
2,24.575,23.598,0.069
2,42.825,13.766,-1.988
2,14.299,17.960,0.249
2,-37.973,23.814,6.259
2,-49.568,-48.018,0.843
2,39.243,1.915,-2.077
4,-19.322,8.328,5.230
2,15.087,25.204,-0.498
2,35.083,3.685,-2.110
2,45.988,3.994,-2.700
2,-22.669,32.836,3.647
7,21.361,26.583,2.417
4,-20.759,-7.159,6.501
7,41.776,22.437,-7.777
2,-16.384,-5.662,5.250
2,20.086,47.641,-1.218
2,0.719,-1.579,2.987
4,-27.084,31.345,5.145
4,-28.698,31.335,5.418
2,-17.310,31.200,3.306
2,15.760,-36.339,2.178
2,-47.806,32.807,5.189
2,-15.465,42.211,2.039
3,49.966,-23.949,2.119
2,-20.406,45.319,2.274
2,-22.808,-11.427,6.029
2,48.131,-42.434,1.740
2,-45.953,-5.894,6.368
2,-22.173,41.431,2.009
2,-20.795,42.645,2.222
2,2.066,-18.259,4.646
4,-24.568,-22.780,7.360
2,-26.602,-6.849,6.217
2,-19.502,-25.408,5.521
2,-34.181,37.318,3.496
2,-38.493,-18.727,4.602
2,-34.941,-14.779,5.625
2,-28.387,-22.750,5.628
4,-1.376,13.209,2.656
2,30.020,-28.778,2.146
7,10.101,37.916,2.411
2,-39.488,-30.146,3.189
4,11.515,26.054,0.271
3,-26.793,30.330,4.867
2,6.571,-2.316,1.606
4,-19.358,8.121,5.176
4,-27.309,30.593,4.853
2,-22.801,-14.418,6.209
2,7.555,-16.230,3.393
2,-6.573,42.565,0.575
2,4.508,49.593,1.065
2,-48.941,12.327,9.286
2,-27.463,-5.577,6.058
2,32.825,-32.600,2.005
2,-43.374,-16.338,4.621
2,-32.817,20.073,5.929
2,15.791,-31.037,2.198
2,-28.053,-2.065,6.396
2,-25.024,-13.030,6.908
2,0.524,-8.194,3.682
2,49.892,4.417,-3.615
4,-35.705,-5.407,8.070
2,-9.024,-12.926,5.994
2,32.371,31.797,0.381
2,-19.282,46.949,2.341
2,-18.345,-26.639,5.654
3,5.839,-17.592,4.210
2,15.066,-37.977,2.195
2,-45.715,-33.256,1.578
2,12.440,47.613,-0.161
2,29.433,-39.232,2.978
4,-18.937,-7.983,6.935
2,-21.020,19.746,4.545
2,-36.593,40.655,2.790
2,27.364,-0.428,-2.113
2,-37.966,-4.820,6.790
4,-17.915,-11.519,6.532
2,-9.125,-15.995,6.062
2,12.640,-43.515,2.919
4,30.115,13.313,0.528
2,32.632,43.628,-0.532
2,0.023,-28.574,5.474
2,32.122,-23.779,1.094
2,-9.692,-21.207,6.401
2,-28.085,29.692,4.646
2,16.792,48.468,-0.846
2,-36.063,-25.182,4.379
2,-11.752,26.151,3.503
4,26.768,-2.614,-0.929
7,22.999,29.533,29.620
3,42.168,28.558,0.061
2,-3.912,-27.486,5.765
2,-7.641,22.325,2.450
2,23.426,10.340,-0.467
4,41.983,17.869,-0.820
2,17.179,-1.012,-1.208
2,-0.019,-23.954,5.750
2,-4.731,-31.539,5.684
2,35.975,39.313,0.137
2,20.711,-38.929,2.814
2,-30.672,-7.558,6.169
4,20.222,13.575,0.714
2,-30.038,-2.471,6.542
2,-38.441,7.417,6.926
3,-19.079,6.968,4.718
3,-28.106,30.681,5.080
2,-20.193,19.669,4.439
4,-23.875,-8.327,7.667
2,-22.339,22.772,4.800
2,26.559,-2.095,-2.023
4,-22.734,-20.171,7.515
2,-29.196,7.938,5.763
2,-25.766,-45.520,3.854
2,6.338,1.534,0.803
3,32.471,44.427,-0.062
2,-39.590,15.364,7.333
3,-18.822,6.896,4.825
2,-49.748,-37.515,0.044
2,-43.770,-35.317,1.360
2,-1.984,42.812,0.034
2,-32.709,-21.553,4.898
2,6.745,-32.761,3.410
2,4.113,-16.850,4.310
2,1.170,5.758,1.918
2,-6.509,-34.095,5.303
2,-7.736,-9.525,5.810
7,10.186,37.893,18.922
2,-12.549,6.919,3.195
4,42.547,29.600,0.089
2,35.933,-46.759,3.198
2,17.252,40.871,-1.382
2,45.013,-27.020,1.129
2,-19.374,-1.263,4.900
2,-39.802,41.959,3.207
2,-1.259,12.923,1.884
2,8.415,36.069,-0.803
4,34.550,8.434,-0.664
2,-48.406,-38.162,0.369
2,-24.118,30.772,4.489
2,3.469,-35.019,3.891
3,-44.103,-9.681,6.317
2,9.397,-14.911,2.995
2,-14.677,-2.914,4.603
3,29.608,13.333,0.400
4,43.656,22.247,-0.336
2,-45.997,43.031,2.678
3,14.058,-29.048,2.606
1,7.301,38.705,-0.807
3,26.318,38.315,0.392
2,-30.875,5.456,5.760
2,2.910,-48.632,3.430
2,17.652,0.828,-1.571
2,-22.021,-28.651,4.877
4,42.962,23.292,-0.182
2,44.163,-3.875,-2.051
2,4.833,-13.447,3.666
2,-29.820,45.122,2.449
2,8.011,38.475,-0.800
2,16.435,5.345,-1.602
2,-36.692,-39.893,2.088
2,18.269,3.969,-1.778
2,-34.538,-20.702,4.574
2,-25.679,-13.139,6.777
2,7.019,-45.678,2.806
2,-32.277,-49.364,2.741
3,27.600,13.744,0.253
2,-21.380,40.949,2.011
2,9.129,-22.211,3.617
2,-6.344,-7.022,5.800
2,4.487,10.491,1.341
3,-29.130,32.083,4.711
2,48.457,31.602,-0.817
2,45.708,-41.413,1.631
2,9.461,11.417,0.422
4,41.161,16.699,-1.142
4,-21.012,-8.694,6.800
2,48.614,23.711,-0.743
2,15.808,-29.123,2.128
7,10.497,38.407,21.044
4,-8.564,-3.449,5.320
3,-44.155,-9.503,6.319
2,-21.617,9.083,4.746
2,-11.448,-0.992,4.593
4,5.706,-34.647,3.929
2,-46.735,17.533,8.824
3,24.739,38.628,0.367
2,-25.325,-13.423,6.907
2,33.785,15.605,-0.767
3,42.540,28.882,-0.117
4,-20.901,-9.015,6.735
2,-43.421,45.061,2.091
2,-4.496,-12.910,5.541
4,27.079,-0.337,-0.857
2,-11.817,-22.368,6.306
2,-21.985,26.681,4.878
2,-21.506,-9.159,5.701
3,24.391,-4.305,-1.216
7,23.722,30.822,5.101
2,-13.484,23.619,4.093
2,9.528,-49.540,2.044
4,-10.615,32.915,2.806
4,41.420,16.852,-0.636
2,11.894,-11.456,2.515
2,-19.950,-29.794,5.296
2,-19.274,24.817,4.401
2,-21.777,13.637,4.386
2,42.666,21.340,-1.212
4,40.859,16.052,-1.044
2,-34.922,28.729,4.980
2,5.438,-49.956,2.655
2,45.829,28.067,-0.532
2,-23.637,-40.671,3.970
2,0.795,44.201,0.241
2,41.021,4.769,-1.894
2,47.551,-8.228,-1.144
2,35.163,49.883,-1.763
2,-6.201,-19.241,5.977
2,-45.815,-36.863,0.953
2,13.329,3.677,-1.085
2,-18.976,3.770,4.630
4,24.146,-0.675,-0.777
2,-25.063,21.570,4.758
2,36.860,3.061,-2.022
2,-7.161,-32.226,5.602
2,-19.741,13.242,4.203
2,9.429,46.161,0.289
2,1.432,41.457,-0.181
4,-26.803,32.812,5.291
3,-35.881,-25.564,5.042
2,-31.278,0.914,6.513
2,48.891,8.818,-3.023
2,28.631,13.956,-0.157
2,-25.321,45.472,1.911
2,-23.871,6.842,5.272
2,-33.481,-21.779,4.816
2,32.868,-24.973,1.115
2,31.355,-7.433,-0.059
4,-20.404,-5.842,6.088
2,-0.900,13.836,1.823
2,14.445,-12.357,1.979
7,19.995,25.359,0.935
7,10.873,39.012,0.858
2,-16.034,-48.425,4.838
2,12.525,-3.275,0.055
2,12.639,-32.131,2.315
2,-34.563,31.012,4.126
2,-11.764,21.350,3.791
2,-22.618,4.880,5.434
4,27.138,-2.469,-1.219
2,-21.602,-0.859,5.659
4,23.153,-20.617,3.138
2,-47.291,-29.887,1.871
2,2.014,33.833,-0.841
2,-7.489,-6.488,5.706
4,32.941,8.973,-0.740
2,-38.627,-48.514,1.183
4,27.752,12.529,0.424
2,-40.668,-22.264,3.624
2,-37.860,-45.940,1.483
4,-19.236,7.283,5.132
2,20.103,-38.283,2.750
2,-27.164,23.460,5.123
2,-37.533,-36.876,1.835
2,35.641,42.320,-0.487
2,34.275,-31.864,1.641
2,34.332,10.790,-1.272
2,-7.490,-1.868,4.293
2,-14.824,-8.313,5.700
2,-47.330,-42.661,1.011
2,-18.456,-31.176,5.223
2,26.014,-33.080,3.079
2,-17.998,46.350,2.310
2,-33.550,36.631,3.523
2,44.590,49.207,-0.020
2,31.790,7.265,-1.511
3,-18.853,8.796,5.041
2,-15.521,14.550,3.843
2,-21.030,19.838,4.236
4,43.642,22.807,-0.385
4,15.776,13.673,1.723
2,0.013,-45.418,3.743
2,15.112,8.242,-1.230
3,41.853,22.332,-0.895
2,32.510,-7.627,-0.259
2,5.569,-34.423,3.432
2,29.393,-4.642,-0.675
2,6.766,15.849,1.253
4,-20.466,-9.674,6.794
2,24.908,44.424,-1.651
4,38.312,-17.102,0.964
2,-20.919,19.797,4.360
2,27.173,-29.632,2.921
2,-23.211,-17.245,6.083
2,-48.055,-21.230,3.222
4,28.258,13.007,0.557
2,25.485,-48.147,2.514
2,-15.903,-23.216,6.450
2,-33.945,-11.587,5.865
2,-6.060,-33.783,5.307
2,-23.090,-18.519,6.204
2,42.104,-30.826,0.978
2,31.947,-44.727,3.189
2,0.123,33.584,-0.778
2,32.563,43.366,-0.544
2,31.039,-27.763,1.881
2,25.618,-16.383,1.880
2,-18.673,38.078,2.212
2,-7.988,-20.500,6.244
2,10.764,5.358,-0.567
2,45.212,19.903,-1.346
2,-18.355,11.348,4.000
2,-9.320,-40.732,5.018
2,42.862,-25.435,0.568
2,18.111,-31.260,1.998
2,-10.628,26.458,3.147
3,41.372,28.936,-0.068
7,22.382,28.397,20.519
2,-44.527,8.191,8.247
3,41.262,28.890,0.060
2,-10.286,-0.824,4.368
3,-19.488,8.281,5.158
2,-36.252,-40.427,2.040
2,15.794,6.145,-1.684
4,18.096,-17.505,4.467
7,17.991,25.458,4.890
2,-18.682,0.554,4.496
2,-8.872,-37.851,5.011
2,-40.620,22.392,6.978
2,45.382,29.592,-0.728
2,-26.316,-38.539,3.756
4,-27.833,-21.646,7.100
2,-16.046,-22.985,6.030
2,-34.422,-25.276,4.729
2,28.834,13.966,0.222
2,19.648,-48.663,2.939
3,-6.488,-33.260,5.913
2,-32.520,-25.777,4.793
2,41.431,34.564,0.287
2,-22.569,-21.256,6.206
2,-41.257,-39.951,1.266
2,-35.922,-37.116,2.446
4,-35.739,-25.401,5.077
3,-19.934,41.762,2.245
2,29.177,-35.578,3.060
2,-21.424,22.201,4.549
2,-41.853,-22.935,3.458
2,-33.636,-37.850,2.714
3,-9.216,-3.994,5.274
3,15.177,-29.802,2.392
2,-14.648,-6.705,5.482
3,41.473,16.666,-1.246
4,6.003,-36.235,4.456
7,10.022,37.875,5.282
4,-21.263,-9.995,7.091
2,-33.246,0.669,6.510
2,-35.809,-49.993,1.892
2,-21.667,2.548,5.290
2,22.219,-9.914,1.018
2,-25.743,-44.811,3.755
4,43.581,21.910,-0.268
4,-21.350,41.511,2.864
4,-20.236,40.696,2.533
2,44.803,-8.129,-0.986
2,8.028,21.153,0.109
2,-21.831,-8.689,5.740
4,39.882,-17.348,1.445
2,-49.435,43.657,2.782
2,-29.048,0.299,6.509
2,-35.739,19.153,6.362
4,-1.316,13.118,2.556
2,-37.463,20.591,6.580
2,43.376,1.458,-2.423
3,-20.992,19.408,4.509
2,43.662,48.408,-0.274
2,-17.684,32.563,3.068
4,28.228,-4.569,-0.115
2,24.607,37.562,0.043
2,-34.039,36.582,3.517
2,33.501,-10.710,-0.378
2,-26.914,31.865,4.793
2,9.053,-31.236,2.902
2,20.131,-39.582,2.561
2,31.523,-37.463,2.176
2,-25.986,-15.721,6.290
2,12.403,46.487,-0.432
2,41.917,-31.568,1.446
2,38.527,24.049,-0.699
7,10.753,39.033,13.810
3,-36.162,-35.939,2.710
2,-8.053,-6.714,5.619
2,-6.135,-31.385,5.950
2,46.498,46.539,0.466
2,-25.288,-12.874,6.858
2,27.039,13.960,-0.122
2,-25.920,28.431,5.023
2,20.605,-43.430,3.062
2,14.187,-32.093,2.155
2,45.597,-10.145,-0.633
4,-20.345,-5.583,6.041
2,44.162,45.708,0.027
2,-21.155,9.442,4.702
2,16.399,-0.553,-1.162
3,6.678,38.520,-0.713
2,20.519,-6.297,0.053
2,-6.655,-32.033,5.899
2,6.042,-4.606,2.070
2,46.251,-0.896,-2.811
2,-6.029,-7.318,5.806
2,-47.672,-13.374,4.117
2,27.042,-1.603,-2.113
4,21.385,-4.206,-1.013
4,29.082,-4.024,-0.081
2,-41.449,-5.448,6.995
3,-16.407,-23.290,6.694
2,-20.502,3.867,5.056
2,21.582,-1.520,-1.668
2,-41.211,13.563,7.781
2,-16.181,-35.746,5.379
2,-28.565,31.359,4.308
2,42.157,-31.194,0.980
2,-17.084,33.392,2.716
2,-31.858,43.888,2.875
2,-23.456,14.513,4.587
2,-2.282,40.322,-0.198
2,12.567,-15.230,3.224
2,-30.482,33.486,3.540
3,41.360,29.089,0.062
2,-41.767,27.628,5.577
4,17.650,-17.115,4.370
4,40.714,16.819,-0.942
2,46.424,13.885,-2.390
2,-9.046,30.324,2.221
4,9.072,36.087,5.540
2,-25.248,-9.274,6.079
4,-27.222,31.719,5.174
2,43.304,47.637,-0.314
2,-10.315,-44.043,4.838
2,-16.572,-22.973,6.284
4,41.308,16.495,-0.955
2,-38.407,22.484,6.372
4,-22.494,-6.471,6.374
3,-0.432,13.735,2.116
2,-26.004,12.166,4.890
2,3.513,10.613,1.372
2,-4.391,5.683,2.709
2,-30.684,-8.594,6.256
3,-0.903,13.085,2.071
2,35.129,15.639,-1.070
4,28.411,12.695,0.371
2,-6.243,14.526,2.626
3,18.596,-37.655,2.867
2,-16.531,-40.921,5.098
2,-19.953,7.946,4.733
2,42.312,-46.695,2.182
3,33.600,8.829,-1.375
4,-1.045,13.106,2.521
2,-27.906,30.211,4.271
2,-13.506,23.048,4.058
2,-29.334,-21.517,5.363
2,3.377,-4.363,2.577
3,49.903,-25.323,2.272
2,15.727,-49.985,2.755
2,15.857,34.676,51.945
2,-20.662,-31.470,4.991
2,-19.060,11.196,4.230
2,-0.586,13.677,1.926
2,8.291,-26.185,3.970
2,-10.579,-3.107,4.967
2,18.014,31.144,51.945
2,-9.277,-24.150,6.191
2,48.094,-32.948,1.231
4,4.600,-33.515,4.632
2,-37.704,19.137,6.729
2,-20.679,40.985,2.073
3,26.419,35.207,0.557
2,28.577,30.932,0.457
4,-34.879,-6.092,7.668
2,47.406,5.666,-2.914
2,24.061,-36.786,3.523
2,-8.334,-40.131,5.161
3,41.912,-31.800,1.400
2,38.970,-48.187,2.983
2,1.236,-36.329,4.544
2,-31.816,-12.171,6.338
2,23.370,-37.934,3.390
2,18.995,-38.397,2.332
2,-36.585,-10.617,5.747
2,-29.878,34.291,3.411
2,14.982,-44.651,2.822
2,19.590,31.996,51.945
2,-37.589,14.880,7.013
2,21.313,41.000,-1.001
4,-18.211,7.912,5.294
2,5.883,-27.223,4.500
2,-6.439,-32.472,5.589
2,-25.785,-38.722,3.709
2,-14.604,40.412,1.865
1,-49.841,-5.008,6.417
2,-5.293,-49.780,3.822
3,43.171,22.520,-0.587
2,38.197,12.843,-1.404
3,19.737,-36.430,2.609
2,44.971,41.339,0.190
4,41.420,16.797,-0.713
2,20.017,-37.168,2.770
2,-33.094,-15.952,5.770
4,-23.467,-9.717,6.507
2,32.318,44.506,-0.265
2,36.132,-8.589,-0.987
4,-18.353,8.582,5.275
2,-30.600,-41.405,2.842
7,8.449,34.826,0.671
2,21.710,31.174,51.945
3,-22.247,41.721,2.113
2,30.033,-6.969,-0.059
2,-40.158,-28.188,3.454
2,-25.761,-13.456,6.856
2,-36.647,-25.251,4.426
2,32.124,6.021,-1.800
2,-20.166,-0.152,5.044
3,-20.330,2.976,5.082
2,-39.286,1.967,7.235
2,-39.381,-0.271,7.308
2,-34.154,36.076,3.503
2,43.738,16.988,-1.887
2,23.801,-7.170,0.470
4,31.616,9.147,-0.804
2,37.715,38.262,0.675
2,-12.108,46.226,1.749
2,-24.960,35.881,3.245
2,-26.394,0.989,6.492
3,23.019,-2.840,-1.174
4,40.448,18.316,-0.664
4,-22.375,-11.310,6.662
3,42.037,-30.693,1.386
7,34.182,-30.405,-4.497
2,-9.957,-38.596,4.983
2,-1.478,46.317,0.950
4,-18.924,-10.785,6.415
4,24.853,-1.057,-0.858
3,-44.491,-9.211,6.309
4,-27.973,32.806,5.170
2,20.230,-15.977,2.331
2,-35.057,-2.854,6.895
2,49.732,16.191,-2.133
2,-32.824,-2.649,6.534
2,42.684,21.749,-0.963
3,42.643,29.514,-0.045
3,-0.181,12.989,2.098
4,0.066,13.325,2.461
2,-20.094,20.063,4.454
2,-6.515,-26.592,5.894
3,-35.508,-35.962,2.960
7,10.201,37.863,21.076
2,-2.631,-1.569,3.663
2,-0.179,-9.295,3.995
2,-30.555,12.242,6.059
2,-10.012,37.507,1.909
2,43.613,34.338,-0.315
2,13.589,-30.029,2.380
2,-19.129,9.983,4.520
2,4.746,22.526,0.067
2,49.857,13.207,-3.199
2,35.441,-17.240,0.069
2,2.039,-36.649,4.423
3,-44.425,-9.269,6.025
2,-5.388,-32.627,5.914
2,-10.084,10.209,2.969
3,-19.286,6.828,4.985
4,24.722,-4.381,0.128
2,-33.756,36.984,3.330
2,-7.152,-6.886,5.602
2,-27.021,-31.661,4.168
2,-43.641,26.096,6.267
2,9.276,-43.505,2.918
7,23.404,30.263,25.400
2,48.376,18.814,-1.450
2,-4.463,-33.659,5.177
2,34.799,37.527,0.252
2,-31.378,-33.106,3.102
2,-29.568,-44.013,3.150
2,-3.448,-48.650,4.006
4,27.033,-2.137,-1.276
2,-9.645,8.646,2.523
2,48.229,-41.683,1.645
2,-47.450,-45.712,0.962
2,-7.499,-9.071,5.592
2,-46.122,-4.210,6.983
2,-32.093,-17.934,5.324
2,26.813,-25.301,2.427
2,47.844,33.132,-0.715
2,48.147,35.373,-0.521
2,-3.138,34.589,0.155
2,27.398,-42.320,3.152
2,-15.418,-36.724,5.421
3,-1.157,13.472,1.911
2,-9.400,-27.158,6.052
2,42.995,-40.554,1.691
3,-43.504,-9.834,6.004
2,27.857,-5.067,-0.403
2,-49.054,33.723,5.031
2,39.129,8.192,-1.892
4,40.572,16.165,-0.785
3,25.009,-37.687,3.862
2,-16.409,-22.387,6.033
2,5.314,10.927,1.285
2,-14.121,-30.666,5.452
2,-0.375,12.484,1.867
2,33.181,44.504,-0.229
2,35.631,9.952,-1.510
2,11.906,-3.570,0.229
2,-44.071,20.929,7.605
2,28.520,-38.478,3.257
2,-13.309,15.432,3.522
4,-24.277,-22.986,7.155
2,47.627,-20.386,1.161
4,-1.199,13.163,2.739
2,-12.037,-28.862,5.928
2,42.971,25.943,-0.507
2,-31.893,49.554,1.899
2,44.718,-46.474,1.787
3,-10.215,-3.871,5.398
2,-31.954,24.738,5.632
4,-21.740,-7.307,6.626
2,-20.514,-45.749,4.850
2,7.789,-12.368,2.848
2,-34.324,36.305,3.325
2,-10.531,-38.684,5.091
2,-1.693,47.130,1.247
2,-12.317,26.982,3.301
3,26.951,35.445,0.551
4,42.354,22.192,-0.386
2,-10.895,-45.982,4.688
2,-40.052,-29.674,3.163
3,28.308,13.160,0.318
2,20.900,5.963,-1.336
2,36.847,42.132,-0.326
4,37.377,-15.275,0.901
2,25.726,-28.962,2.603
2,12.349,12.273,-0.331
2,27.014,-6.289,0.151
2,28.463,16.070,0.054
2,14.109,-34.239,2.090
7,23.448,30.157,8.635
2,21.096,-35.662,2.791
2,-3.592,-36.695,4.888
2,-8.079,6.102,2.547
2,11.265,-2.491,0.020
4,-20.762,-10.542,6.924
2,-10.399,-47.111,4.595
2,49.822,24.281,-0.479
2,39.135,-9.468,-0.646
2,-11.194,2.152,3.940
2,-27.304,29.984,4.651
4,-26.638,-19.632,7.761
2,-36.598,49.947,1.668
2,-21.822,20.631,4.140
4,-3.743,22.889,2.303
2,-3.934,-16.232,5.321
2,31.839,26.213,0.290
4,-27.738,32.158,4.993
2,38.966,-42.353,2.569
4,-36.575,-25.334,5.044
2,-1.721,-36.478,4.728
2,-35.508,-33.979,2.808
3,33.364,8.793,-1.141
2,8.825,-21.167,3.528
2,-45.942,6.855,8.321
2,15.527,-21.701,3.033
2,-6.327,11.946,2.631
2,-12.015,-25.136,6.469
2,22.108,-43.478,3.254
2,41.971,-31.268,1.024
2,-20.589,43.155,2.128
2,4.582,-44.906,3.135
2,-12.253,-26.586,6.281
4,38.099,-20.745,0.967
2,34.299,-23.234,0.739
3,-43.571,-8.975,6.251
3,5.344,-33.787,3.892
2,8.123,4.322,-0.105
2,16.931,-42.103,2.470
2,41.849,13.435,-1.922
2,10.850,-13.899,2.886
2,-21.865,9.557,4.720
2,17.336,-39.798,2.242
2,23.635,26.419,0.319
2,-24.896,28.043,5.131
3,-20.058,19.530,4.644
2,7.734,14.781,1.050
2,-24.353,38.688,2.528
3,-5.075,-31.659,5.915
4,24.260,3.300,-0.941
2,14.260,-30.957,2.202
2,43.030,23.555,-0.745
2,-17.773,34.193,2.435
2,-28.258,-13.198,6.541
2,42.479,17.458,-1.651
2,-9.913,44.071,1.240
2,40.325,0.941,-2.061
4,-23.240,-19.853,7.271
2,-46.821,-42.158,1.026
2,35.462,-33.614,1.477
2,-21.343,40.627,2.043
2,6.804,20.234,0.622
4,12.506,10.342,0.090
2,15.380,-34.253,1.886
2,-19.356,33.880,2.859
2,-33.044,36.341,3.429
2,-36.152,-37.139,2.478
4,40.178,18.454,-0.711
2,8.043,49.590,0.923
2,48.618,-14.613,0.019
4,32.262,10.113,-0.635
3,-20.198,19.726,4.660
2,-21.632,40.879,2.086
2,-32.130,-10.510,6.053
2,42.224,18.159,-1.661
2,5.041,9.807,1.378
2,12.815,-26.762,2.924
3,14.812,-31.356,2.474
2,-20.787,31.753,3.494
2,-39.787,27.446,5.449
2,-1.759,45.370,0.724
3,32.876,44.110,0.001
2,-2.980,-15.576,5.106
2,-2.487,43.107,0.172
7,23.686,30.842,10.694
4,-28.297,32.150,4.672
3,-15.850,-22.819,6.357
2,-31.665,-6.845,6.319
3,-8.790,-5.049,5.235
2,-16.148,-25.520,6.027
3,6.750,22.555,0.060
2,-26.771,18.829,4.592
4,-26.238,-19.943,8.115
2,-34.750,37.140,3.327
2,40.769,16.039,-1.457
2,5.817,-3.935,2.020
2,-6.612,-7.024,5.759
2,35.760,45.783,-1.319
2,-7.618,-10.385,5.763
4,39.487,-17.304,1.305
2,-40.418,-33.968,2.419
2,-32.256,32.470,3.789
2,45.482,-4.795,-1.766
2,-0.723,13.705,1.829
2,-27.346,28.900,4.862
2,-37.405,3.335,7.051
2,41.744,-27.157,0.763
2,37.038,-39.263,2.176
2,-32.156,46.183,2.455
2,49.267,43.280,0.490
2,44.308,-19.500,0.974
2,-34.134,31.983,3.901
2,0.974,-1.763,2.932
2,-1.862,-29.688,5.453
2,7.595,49.915,0.953
4,-43.296,-10.125,6.429
2,12.736,-35.402,2.255
2,-19.381,42.232,2.093
2,24.349,42.232,-1.137
2,20.649,-0.220,-1.656
2,27.349,12.233,-0.238
2,-2.260,-24.824,5.870
2,41.987,-30.525,1.013
2,10.749,-43.999,2.717
4,5.674,-33.094,4.380
2,41.847,-32.154,1.147
2,-35.316,-35.450,2.607
2,5.104,-0.083,1.658
2,-25.648,28.121,4.997
2,-27.180,31.321,4.347
2,-35.843,-25.198,4.379
2,27.989,13.725,-0.157
3,32.026,44.323,-0.043
2,42.672,18.265,-1.588
2,33.040,44.083,-0.503
2,21.229,-5.085,-1.686
2,-9.046,34.714,2.024
2,0.677,33.628,-0.790
2,-35.620,12.213,6.723
2,-6.323,36.549,1.338
3,-44.565,-9.276,6.185
2,39.025,25.535,-0.521
2,-28.475,12.279,5.405
2,46.627,17.754,-1.648
2,36.297,26.529,-0.232
2,-10.609,-6.556,5.116
2,-26.261,-13.349,6.803
2,-48.571,-27.180,1.643
2,19.169,-30.730,2.336
2,47.422,-13.169,-0.078
3,-44.045,-9.164,6.024
2,-25.003,31.808,4.460
2,20.217,-36.559,2.630
2,-1.134,-42.062,4.295
2,-35.132,-39.440,2.381
2,6.452,-3.139,1.939
2,8.542,21.497,0.112
2,-20.614,7.383,4.846
3,-6.309,-31.351,6.059
4,-0.194,13.770,2.604
2,-45.355,-42.215,1.079
4,41.555,17.084,-0.946
2,-14.587,-33.674,5.456
2,31.666,7.486,-1.473
2,-36.068,-35.700,2.859
2,-1.884,20.987,1.110
3,-22.145,41.792,2.148
2,24.269,-43.339,3.087
2,16.355,45.646,-0.894
2,15.293,24.533,-0.284
2,-33.508,36.335,3.378
2,-20.216,8.354,4.621
2,-49.011,-40.691,0.701
2,-47.578,-1.544,7.852
4,-26.264,-19.509,7.850
2,49.056,2.102,-3.593
2,-2.551,-48.225,3.998
2,-26.134,-13.198,6.820
2,-11.231,-37.899,5.414
2,20.156,-38.030,2.893
2,41.901,29.859,-0.246
7,22.360,28.464,2.362
2,35.487,20.084,-0.965
2,-22.663,25.601,4.946
2,-16.246,-23.237,6.351
4,42.259,17.674,-0.986
2,-48.916,-26.631,1.661
2,39.336,14.576,-1.597
2,2.227,16.085,1.465
2,26.003,-9.759,0.800
2,21.455,-4.066,-1.546
2,-17.675,31.752,3.178
2,-39.520,-3.232,7.042
2,8.823,12.783,0.886
2,39.500,30.379,0.131
7,10.505,38.425,21.762
4,-0.071,13.210,2.559
2,35.552,-0.808,-2.098
3,49.959,-15.358,0.566
2,-17.654,-6.138,5.205
4,41.520,-31.719,1.789
2,15.452,-23.170,2.884
2,-5.351,-13.278,5.714
4,-43.660,-10.064,6.211
3,42.055,28.507,0.137
4,-16.017,32.775,3.506
3,-36.654,-26.035,4.813
2,0.961,45.043,0.437
2,-38.794,-0.038,7.223
2,10.816,-39.156,2.999
2,-18.885,21.592,4.305
2,32.467,8.605,-1.488
2,-7.952,-0.263,3.989
2,-18.170,-41.146,4.812
2,29.529,44.489,-1.007
2,-25.214,-20.659,6.440
2,16.608,-31.363,1.903
2,15.080,-46.303,2.594
2,-26.985,-38.214,3.734
2,10.160,33.909,51.945
3,-36.301,-25.256,4.929
2,44.464,48.677,0.004
4,-36.609,-36.797,3.107
2,5.602,15.234,1.381
2,44.843,-43.102,1.524
2,-6.105,-6.846,5.600
3,42.012,17.368,-1.458
2,5.973,-15.088,3.427
2,-41.598,-26.965,3.373
3,32.613,44.072,-0.046
2,-42.858,37.499,3.960
3,-29.283,31.545,4.808
2,37.627,25.107,-0.589
2,-6.811,-40.901,5.270
2,18.398,48.509,-0.924
2,23.487,-14.676,1.895
2,-6.561,-8.687,5.632
2,46.158,44.199,0.290
2,-1.030,5.541,2.425
2,31.647,25.336,0.350
2,27.743,15.123,0.226
2,-23.187,-23.472,6.039
2,9.068,-35.812,2.785
2,-5.897,35.293,1.073
3,-22.428,42.917,2.358
2,-13.652,27.038,3.320
2,31.704,-41.978,3.276
2,-1.512,42.523,-0.004
2,-15.058,36.944,2.387
2,-38.011,12.800,6.907
3,42.611,-31.173,1.509
4,40.481,17.030,-0.869
2,-38.919,-22.727,3.749
2,36.080,-16.758,0.297
3,-5.482,-21.140,5.973
2,-35.968,-25.550,4.591
2,41.596,32.101,-0.172
4,41.481,17.026,-0.867
2,5.788,-47.836,2.558
2,-14.474,10.952,3.677
2,20.471,-23.954,2.525
2,-43.586,-8.227,6.251
2,10.754,-40.417,2.991
2,31.631,35.315,0.018
2,-42.899,26.272,6.052
3,-18.437,7.738,5.042
2,-23.966,-21.739,6.045
2,45.552,48.731,0.350
2,-15.361,26.529,3.656
7,-39.327,29.162,-5.632
2,27.422,-15.024,1.400
2,-30.533,-13.010,6.463
2,7.478,19.900,0.525
4,-18.961,8.737,5.186
2,-17.826,-38.853,5.191
2,11.285,41.542,-1.392
2,-3.233,4.517,2.774
2,-17.236,-27.645,5.739
4,40.683,16.415,-0.581
2,-2.425,-41.489,4.606
2,-20.135,41.724,2.021
2,-6.146,-18.186,6.076
2,6.313,-5.978,1.912
2,30.559,-10.776,0.516
2,34.702,17.273,-0.828
3,5.064,-18.172,4.502
4,-4.567,-19.158,6.277
2,47.072,0.277,-3.082
2,-12.721,14.268,3.290
2,-32.968,24.289,5.707
2,-24.938,28.011,5.093
2,49.819,-26.109,2.025
4,39.313,-13.958,0.789
3,29.533,13.313,0.470
2,8.651,48.135,0.754
2,15.173,16.148,0.274
2,-25.917,-12.960,6.852
7,22.768,29.053,3.137
2,30.392,-40.675,3.117
4,32.805,44.057,0.120
2,1.435,27.608,0.056
4,40.308,17.825,-0.984
2,-48.537,-25.968,1.839
2,-22.305,40.986,2.069
4,41.660,17.246,-1.120
2,-4.881,-6.555,5.159
2,8.240,45.371,0.087
2,-37.772,-30.939,3.285
2,-3.319,-12.686,5.117
2,-30.485,9.648,5.976
2,-42.673,-15.461,4.720
2,0.056,9.282,1.818
2,16.451,42.241,-1.395
2,-4.225,45.283,1.142
4,-35.190,-37.111,3.175
7,10.751,38.999,33.237
2,-30.873,-22.942,5.056
2,-30.761,29.798,4.507
2,38.245,27.904,-0.023
2,14.303,-27.330,2.642
2,-8.679,19.819,3.073
2,16.599,-3.111,-0.733
4,-20.827,40.676,2.755
2,5.258,-11.508,3.297
3,23.516,-4.689,-1.441
7,23.412,30.284,26.099
2,-46.760,42.891,2.775
2,-20.345,5.878,4.948
4,41.534,17.130,-0.634
2,-10.266,-45.931,4.661
2,-3.382,-25.609,5.883
2,-4.204,-14.667,5.437
4,42.981,21.542,-0.358
2,11.075,16.742,0.387
2,-44.032,4.477,8.327
2,41.615,16.972,-1.792
2,4.835,-23.907,4.562
2,-49.963,-47.633,0.772
2,9.525,23.676,-0.634
2,-35.250,-18.842,5.016
2,20.899,1.757,-2.158
2,21.233,-37.999,2.624
2,29.848,24.486,0.246
2,25.093,16.470,-0.140
2,29.001,-14.866,1.284
2,-2.795,-8.609,4.698
4,-36.428,-35.965,3.206
2,-5.579,-7.809,5.715
2,-22.813,38.849,2.510
2,11.842,-35.519,2.415
7,8.331,34.848,14.914
2,5.619,24.578,-0.513
2,46.556,-0.228,-2.976
4,2.172,4.433,2.631
2,-2.544,-44.895,4.380
2,15.502,14.437,0.332
4,-35.854,-37.110,3.198
2,-25.209,6.779,5.414
2,45.608,23.052,-0.651
3,31.457,7.662,-0.924
2,38.732,-40.446,2.404
2,28.719,13.254,-0.149
2,28.729,-37.749,3.172
2,9.226,9.395,0.370
7,-43.853,-81.081,-0.134
2,49.298,27.874,-0.413
7,22.050,27.806,17.043
3,8.029,34.260,17.804
2,40.933,12.509,-1.965
2,-31.019,-14.888,6.084
4,-23.607,-8.335,7.901
2,-22.689,48.499,2.435
4,40.094,18.185,-0.656
3,-26.817,31.487,4.889
2,4.421,-23.478,4.639
2,42.119,-30.857,0.990
4,18.963,8.353,0.515
4,32.834,7.991,-0.970
2,15.095,-30.352,2.035
4,23.992,-2.112,-0.827
2,26.123,-30.984,2.950
2,26.399,-10.182,0.759
3,-21.109,41.972,2.339
3,-21.776,41.799,2.481
2,38.714,7.773,-1.971
2,-40.630,20.893,7.363
3,-22.082,42.634,2.678
4,41.514,17.366,-1.105
2,49.086,-12.214,-0.202
2,5.558,19.840,0.392
4,16.009,25.447,23.080
7,8.174,34.300,22.783
4,-36.314,-25.896,4.943
4,-36.522,-25.536,5.128
2,8.943,18.014,0.586
2,-37.040,-20.559,4.217
2,42.178,-30.732,0.992
2,27.517,13.917,-0.165
3,21.082,-36.760,2.748
2,-21.317,15.499,4.249
2,14.253,1.180,-1.114
2,8.460,-19.563,3.363
2,36.334,8.163,-1.972
4,38.244,-19.642,1.073
2,49.794,12.502,-3.413
2,15.732,-4.629,-0.263
3,-5.313,29.040,1.570
2,-25.658,41.588,2.160
3,-10.914,-3.925,5.331
7,22.411,28.509,18.424
7,18.708,25.559,5.619
2,9.927,-26.935,3.635
2,29.165,13.389,-0.157
2,10.642,26.479,-1.153
2,-26.332,28.115,5.125
2,4.416,-16.866,4.241
2,-44.798,17.683,8.485
4,-27.885,30.998,5.174
2,-29.512,-7.557,6.112
2,38.936,30.397,0.167
2,43.668,-13.937,-0.256
2,10.296,25.311,-0.884
2,-46.165,-46.756,0.993
4,4.225,-0.083,3.472
2,22.958,25.561,0.399
2,-44.747,-7.579,6.183
2,-39.406,36.495,3.792
2,-41.734,-7.722,6.619
7,23.356,30.208,21.209
2,-36.121,44.238,2.968
2,-36.696,34.806,3.621
2,-8.099,-30.569,5.717
2,21.217,-39.427,2.898
7,22.171,27.724,8.666
2,-36.642,45.479,2.616
2,-47.703,27.607,6.702
2,34.832,10.134,-1.362
2,-33.583,5.064,6.217
4,-43.628,-9.511,6.521
2,-24.546,-11.825,6.409
4,23.492,30.169,32.386
2,-4.176,16.694,2.297
2,-27.867,-33.313,3.668
2,-33.347,-26.315,4.646
2,-27.086,20.452,4.702
2,-18.046,1.173,4.437
2,-30.455,-34.244,3.099
4,-35.653,-37.073,3.036
7,9.801,37.208,10.374
2,-39.681,-28.936,3.436
2,-23.949,9.798,4.813
2,35.945,12.702,-0.954
7,10.196,37.836,18.204
7,8.505,34.836,15.626
2,0.965,-34.336,4.458
3,31.969,44.604,0.032
2,10.199,43.146,-0.932
3,-10.445,-4.084,5.286
3,29.656,13.367,0.357
4,-0.869,13.524,2.484
2,0.314,-27.720,5.536
2,4.476,11.802,1.237
2,5.264,34.900,-0.867
2,-26.189,-29.813,4.536
2,44.497,33.086,-0.401
2,38.736,42.970,-0.165
2,38.024,16.957,-1.747
2,-3.482,9.934,2.649
2,0.887,-5.327,3.511
2,-11.063,-42.961,4.908
4,41.228,16.569,-0.692
2,17.802,40.990,-1.393
2,19.295,35.394,51.945
2,20.396,25.145,0.250
2,3.812,-24.792,5.051
2,21.460,4.655,-1.762
2,45.229,-33.729,1.562
2,-0.030,36.962,-1.076
2,5.532,1.854,0.997
2,-11.114,-27.301,6.240
2,-33.720,-35.786,2.958
2,-19.253,27.556,4.009
2,41.666,-31.358,0.985
2,43.151,-37.009,1.990
2,-16.518,-23.310,6.085
2,-25.492,0.237,6.683
3,-21.007,43.078,2.475
2,-20.035,7.327,4.581
2,-35.802,-25.090,4.421
3,-35.601,-25.649,5.069
2,-5.484,-32.761,6.044
2,12.598,15.906,0.022
2,-47.472,35.163,4.619
2,45.399,16.785,-1.898
2,-30.612,-41.946,2.830
2,-47.790,-12.071,4.433
2,40.766,0.584,-2.070
3,31.903,44.404,0.075
2,-34.253,36.904,3.387
2,-25.214,-12.656,6.794
4,9.750,37.245,19.692
2,33.424,-26.426,1.288
2,-45.756,34.244,4.584
3,-43.412,-8.890,6.312
7,24.213,31.412,0.177
2,39.209,28.047,-0.134
3,-25.615,28.991,5.152
2,-22.575,8.128,4.824
2,-7.618,-49.312,3.966
2,-35.741,16.328,6.411
2,29.264,-41.309,3.319
2,-36.375,-14.139,5.338
2,10.438,12.934,0.364
2,-25.719,-13.714,6.723
2,-33.467,-45.475,2.311
2,6.876,11.429,1.193
3,41.284,28.969,0.017
4,-36.317,-25.939,5.223
2,-36.056,17.198,6.476
7,121.497,19.501,-34.820
2,20.105,46.207,-1.259
2,21.087,-38.415,2.875
2,5.052,10.379,1.367
2,-10.253,-4.664,5.023
2,-0.819,13.804,1.822
2,-7.437,-7.990,5.783
2,12.528,-22.294,2.716
2,-33.898,0.084,6.549
7,23.162,36.778,-0.299
3,-18.267,7.448,4.952
4,-0.835,12.991,2.551
4,-19.277,8.536,5.107
7,23.021,36.637,3.231
4,-6.143,-33.694,6.054
2,27.325,-31.244,3.171
2,0.452,18.895,1.226
2,-13.640,27.572,3.115
2,6.259,21.385,0.065
2,-29.847,43.623,2.595
2,39.013,44.746,-0.594
2,24.107,-34.278,3.156
2,45.997,26.226,-0.600
3,-8.627,-5.154,5.417
2,3.024,35.313,-1.102
4,-24.022,-8.413,7.793
2,-44.054,-0.133,8.397
4,40.464,17.254,-0.884
2,-12.565,26.948,3.343
2,-16.406,-23.486,6.342
2,-5.582,2.046,3.252
4,28.479,12.834,0.411
2,19.615,-8.452,0.563
7,21.738,27.258,8.655
3,-6.737,-19.544,6.247
3,41.681,28.770,0.070
3,19.458,-37.200,2.846
2,-33.320,48.648,2.128
2,6.956,35.493,-0.663
2,22.617,15.618,-0.100
4,13.019,13.605,0.664
2,46.685,-30.314,1.355
2,-5.457,44.624,0.947
2,15.771,-31.454,2.122
2,-28.606,48.638,2.257
2,-22.061,-38.452,4.225
2,20.022,34.615,51.945
2,-35.694,2.720,6.784
2,-12.346,-49.453,4.417
2,2.176,20.077,0.881
2,-43.969,-7.188,6.391
2,-5.867,-47.334,4.108
2,-42.467,44.112,2.544
2,-32.706,12.871,6.332
3,32.185,44.500,-0.099
2,-48.166,-9.723,5.190
2,-13.992,16.805,3.806
7,22.381,28.421,7.949
7,65.504,82.983,-16.413
3,6.150,-17.158,4.157
2,33.275,-6.568,-0.745
2,42.022,17.147,-1.762
2,-2.150,-12.326,4.869
2,43.601,-41.133,1.595
2,-27.350,-22.729,5.780
2,-7.725,-7.307,5.823
2,-28.819,5.048,6.127
2,-43.389,-8.731,6.296
2,-27.589,-9.760,6.319
2,-24.689,22.882,4.980
4,40.513,17.136,-0.415
2,32.782,43.738,-0.485
2,-15.706,-20.437,5.946
4,40.498,17.545,-1.051
2,-6.160,11.434,2.597
2,44.595,-2.336,-2.335
7,22.764,29.098,26.146
3,-20.236,42.081,2.621
2,22.547,-0.407,-1.940
2,-45.651,13.759,8.715
2,-33.378,46.134,2.676
2,7.725,29.594,-0.511
2,-6.971,11.386,2.681
2,18.180,-20.583,3.256
2,10.736,12.164,0.130
2,-16.258,-9.381,5.883
2,-38.167,41.320,3.055
2,28.890,-3.096,-1.422
4,24.205,-0.695,-1.731
2,1.451,-46.535,3.572
2,14.588,41.529,-1.419
2,1.332,31.483,-0.647
2,-41.840,49.508,1.514
2,46.337,-21.868,1.055
2,9.768,13.556,0.671
2,-25.370,28.146,5.062
2,30.989,8.345,-1.316
2,49.522,-4.838,-2.231
2,-15.520,-22.611,5.900
2,15.769,-4.082,-0.300
2,-35.619,25.412,5.638
2,6.752,-29.196,4.036
2,-48.557,-23.598,2.301
4,40.612,17.594,-0.550
2,-37.605,-40.302,1.861
4,10.541,27.824,1.748
2,-40.454,36.969,3.824
2,34.218,-34.992,1.891
2,-29.356,48.015,2.235
2,-29.216,-37.307,3.340
4,-25.086,-20.328,7.727
2,-39.739,-32.519,2.562
2,-7.312,18.720,2.387
2,-9.334,24.332,2.911
2,11.619,20.486,0.185
2,-38.593,18.086,7.113
2,-6.645,-31.521,5.921
4,-35.680,-25.236,5.075
2,32.913,44.292,-0.128
3,-21.570,41.791,2.276
2,-29.414,-2.756,6.451
2,-22.159,10.859,4.755
2,5.893,21.749,0.289
2,-36.598,-17.649,5.013
2,23.835,-23.871,2.544
2,31.267,46.326,-0.978
2,32.090,44.208,-0.144
2,12.988,-9.432,1.341
4,-22.509,42.670,2.798
4,28.762,-3.876,-0.271
2,2.695,-33.633,4.352
2,37.444,-37.689,1.967
2,-44.185,44.874,2.048
2,29.629,30.675,0.534
2,5.600,35.701,-0.918
2,42.202,21.763,-0.965
2,-6.084,33.107,1.331
3,-9.243,-5.184,5.295
2,33.508,19.834,-0.330
2,26.509,-42.770,3.003
2,35.414,-5.798,-1.139
2,40.889,34.782,0.380
2,-19.939,-7.390,5.418
2,7.778,-47.899,2.325
2,20.204,-37.068,2.811
2,-25.188,-44.561,3.638
2,-36.198,-21.980,4.369
2,-7.920,-44.085,4.870
4,-20.847,-9.247,7.064
3,-0.909,13.467,2.287
2,2.979,42.137,-0.061
2,-17.104,6.445,4.173
2,-25.482,-12.405,6.878
2,-35.319,-35.527,2.798
2,20.955,-2.794,-1.207
2,12.455,-42.979,2.934
2,29.019,42.581,-1.001
2,-34.230,-3.928,6.720
4,39.622,-15.734,1.128
4,23.599,-16.356,2.710
3,33.856,8.879,-1.153
3,5.628,-17.094,4.094
3,27.133,13.151,0.253
2,-0.385,13.158,1.884
2,-38.645,-4.970,6.782
2,-25.158,47.885,1.921
2,45.803,31.518,-0.621
2,-13.828,20.554,4.003
2,43.237,2.624,-2.278
2,13.163,25.532,-1.106
2,-6.864,37.013,1.432
2,33.196,-17.207,0.485
2,-47.780,-36.269,0.743
2,26.184,-20.696,1.945
2,-44.905,-13.639,4.482
2,6.183,-11.168,2.984
2,-47.110,21.075,8.351
2,13.643,-2.205,-0.314
3,-20.039,7.076,5.035
2,-15.119,-29.852,5.538
7,21.001,25.972,7.954
2,2.530,-28.442,5.247
2,-24.958,27.905,4.939
2,-40.676,-40.660,1.133
3,-0.530,13.032,2.327
2,-10.541,39.296,1.719
4,-27.252,31.727,4.871
2,48.509,-23.864,2.021
7,20.944,26.143,18.428
7,22.031,27.884,0.290
4,-29.388,31.969,5.220
2,31.528,33.010,0.451
4,6.815,22.244,0.537
2,-16.403,-22.720,6.054
2,-14.911,16.338,3.693
2,-30.971,11.431,6.223
2,12.351,-40.797,2.912
2,30.369,-36.261,2.614
2,4.698,-47.142,2.884
2,10.220,20.048,0.251
2,-37.633,-10.016,5.652
2,7.822,41.619,-0.690
2,-43.698,-31.567,2.230
2,-34.928,36.801,3.519
4,5.838,-34.973,3.925
2,7.348,38.165,-0.840
2,49.606,-32.735,1.261
2,36.248,23.587,-0.477
2,44.147,-49.676,1.963
2,12.791,22.417,-0.155
2,-26.889,-13.734,6.706
2,43.613,46.048,-0.042
2,23.640,19.109,0.440
2,-31.461,-41.335,2.561
7,152.751,-74.078,-79.166
2,-27.304,-34.396,3.688
2,20.229,-38.491,2.760
2,-20.820,-14.350,5.902
2,-8.441,-20.166,6.336
4,-21.473,41.846,2.682
2,-27.798,-23.232,5.666
7,10.835,39.085,30.359
2,-46.597,-35.791,0.887
3,-43.815,-9.699,6.254
3,-21.224,-37.434,4.519
2,45.092,4.495,-2.498
2,-36.224,-12.875,5.546
2,20.899,-24.863,2.485
2,-9.014,20.838,3.218
2,0.091,-39.322,4.315
2,-22.352,18.551,4.127
2,-15.105,1.741,4.144
3,15.621,-31.170,2.698
4,19.766,-20.536,4.467
2,30.147,-25.970,1.530
4,5.210,-32.991,4.645
2,30.161,-23.972,1.290
2,-7.871,24.184,2.615
2,30.084,41.340,-0.437
2,36.004,-17.754,0.033
2,-40.551,16.142,7.542
3,-26.491,31.994,4.877
2,45.205,-2.632,-2.307
2,15.030,5.214,-1.551
2,-8.380,-11.108,5.824
2,-48.166,14.950,9.143
2,-4.528,10.449,2.467
2,23.879,-9.035,0.867
2,-46.884,14.052,8.812
3,-16.271,-21.978,6.661
2,-16.551,-48.640,4.908
3,41.847,28.770,-0.040
2,6.675,13.089,1.361
4,23.164,1.221,-1.300
2,6.708,22.245,-0.154
2,6.535,19.675,0.132
2,-18.363,-13.616,5.810
2,-43.354,-8.743,6.072
2,-7.614,-6.711,5.800
2,-13.106,-48.543,4.490
2,-24.889,-12.894,6.775
2,30.286,-1.205,-1.839
3,16.013,-31.349,2.499
2,45.207,35.527,-0.136
2,-4.136,27.011,1.250
3,42.248,28.368,0.051
2,-41.626,2.317,7.703
2,-38.641,-32.244,2.721
2,-43.896,34.909,4.432
2,39.232,22.297,-1.116
3,8.399,31.367,0.855
2,27.815,-30.799,3.008
2,-46.353,-33.566,1.419
4,-25.152,-20.977,7.541
2,32.180,-14.484,0.576
2,48.410,32.284,-0.827
7,128.544,35.431,-62.174
2,27.103,-4.363,-0.994
2,-15.198,43.140,2.093
2,-46.365,41.218,3.061
2,35.078,-3.169,-1.472
2,-2.383,16.595,1.982
2,45.481,-31.403,1.351
7,17.927,25.566,1.378
2,40.223,32.825,0.321
3,-8.251,-4.133,5.125
4,3.128,-34.574,4.653
2,5.647,7.124,0.877
2,-7.107,-6.574,5.609
2,8.999,36.153,-0.886
2,5.890,22.291,0.547
2,11.558,-9.178,1.536
7,10.766,38.958,12.371
2,-20.305,19.858,4.532
2,-45.108,46.244,1.648
2,42.705,-27.475,0.913
2,-43.310,-39.614,1.289
2,17.540,23.104,0.004
2,-21.175,-31.895,4.834
4,-17.935,-7.101,6.687
4,12.489,40.868,-0.848
2,-46.301,-48.474,0.842
2,-17.669,-46.018,4.835
2,-27.598,-12.761,6.649
2,-33.632,36.535,3.434
2,-34.474,-47.309,2.287
7,22.690,29.091,19.871
2,18.238,-33.509,2.033
4,-16.331,-22.391,6.645
2,40.822,48.900,-0.970
4,-19.043,-10.634,6.452
2,2.467,-15.495,4.158
2,16.437,1.693,-1.292
7,10.460,38.466,8.108
3,-21.476,41.895,2.568
2,39.474,-19.735,0.075
2,18.352,-18.424,3.244
3,-44.230,-9.008,6.266
2,12.600,-31.141,2.564
2,-0.340,-35.501,4.723
2,40.566,30.635,-0.008
2,-41.709,43.091,2.963
7,24.419,31.988,0.917
2,-26.591,-26.953,5.049
2,40.787,25.865,-0.248
2,28.941,-48.437,2.572
3,25.924,37.226,0.664
2,-22.572,7.119,5.074
2,-7.601,-20.982,6.394
2,-40.171,-13.572,4.907
2,-32.186,-28.106,4.326
3,-43.989,-9.071,6.324
2,-2.340,-6.806,4.592
2,-3.321,0.580,3.309
2,-5.464,43.148,0.524
3,-44.364,-9.053,6.324
4,-27.014,33.062,5.026
2,-37.680,41.065,2.943
2,42.118,20.367,-1.315
2,-1.944,-20.462,5.317
2,29.654,-48.706,2.617
3,7.530,21.492,0.462
4,14.517,-30.874,2.782
2,49.103,44.079,0.553
2,-29.617,-22.512,5.169
2,39.067,36.089,0.730
2,49.384,-41.642,1.735
2,-49.742,-43.752,0.940
2,13.238,17.070,0.165
2,4.917,-34.306,3.692
2,-23.652,-12.973,6.237
2,-33.611,17.548,5.943
2,-34.668,36.950,3.325
4,-3.219,1.810,4.407
2,-48.878,-30.498,1.373
3,42.083,18.620,-1.536
4,5.813,-35.852,4.070
2,-6.467,-22.147,5.875
2,38.356,37.443,0.821
7,23.538,30.287,33.084
2,-33.953,23.148,5.758
3,25.540,37.441,0.307
4,21.129,-0.852,-0.882
2,42.022,-31.452,1.017
2,-26.305,-11.823,6.876
2,27.616,13.862,-0.155
4,-18.373,6.566,5.160
4,-27.325,33.258,5.272
2,47.033,2.713,-3.102
2,40.378,-41.696,2.359
2,-11.654,-16.719,6.207
4,-26.545,32.301,5.149
2,47.525,44.292,0.309
4,42.886,29.419,0.071
4,7.923,22.198,0.609
2,28.948,2.720,-2.063
2,-15.679,-42.410,4.794
2,15.458,-42.937,2.863
2,-27.920,31.687,4.299
4,42.242,18.043,-1.151
2,42.537,32.412,-0.466
2,4.763,28.555,-0.562
4,24.666,-2.760,-1.239
3,40.357,25.539,-0.220
2,29.371,14.286,-0.094
4,-4.003,-18.993,6.355
2,15.748,31.179,51.945
3,-20.802,19.362,4.531
2,42.241,-30.564,1.069
4,-43.597,-9.508,6.564
2,8.821,-25.026,3.942
2,6.097,-8.716,2.319
2,44.297,-24.635,0.746
2,11.509,3.479,-0.809
2,-25.741,-13.286,6.769
4,27.247,13.164,0.358
2,-22.987,36.283,3.068
2,44.371,-16.220,-0.130
2,31.235,-17.435,0.785
2,-44.685,36.205,4.303
2,-22.086,-49.014,5.107
2,-31.589,49.037,1.986
2,11.841,15.793,0.177
2,-26.244,27.912,5.098
2,9.887,7.216,-0.039
2,-16.667,-4.147,4.744
2,13.980,18.474,0.289
2,38.691,18.690,-1.775
2,-31.821,-23.099,4.956
2,11.174,8.942,-0.286
2,5.005,-25.793,4.789
4,20.076,25.565,29.585
2,-4.440,-29.490,5.837
2,13.674,-26.634,2.801
7,23.038,29.671,28.922
2,30.858,-44.959,3.316
2,45.167,28.019,-0.608
2,39.902,40.149,0.542
2,-28.364,30.189,4.590
2,17.561,-25.263,2.418
3,16.032,40.765,0.629
2,-43.331,31.111,5.112
2,39.542,-27.742,1.040
2,-11.684,8.609,3.195
2,-1.325,-44.937,4.269
2,-6.827,8.800,2.235
2,42.117,1.155,-2.315
2,38.066,-13.718,-0.534
2,-25.369,18.505,4.355
2,-6.565,44.211,0.765
2,20.068,31.153,51.945
3,21.687,-4.173,-1.505
2,7.671,26.807,-0.827
2,-36.071,6.065,6.438
2,-30.352,24.581,5.562
2,19.281,-37.726,2.607
3,-20.158,40.594,2.412
2,-10.835,33.423,2.037
3,-0.888,13.652,2.075
2,42.435,-43.250,1.880
2,7.975,25.860,-0.800
2,46.057,45.466,0.395
2,-12.988,11.154,3.524
2,-40.678,-43.051,1.424
2,12.652,-39.590,2.698
2,-5.174,20.568,1.584
2,-26.191,-13.842,6.624
2,-34.170,-36.456,2.748
2,-27.672,-16.968,6.262
2,-17.283,-30.406,5.466
2,-22.166,28.059,4.605
2,30.912,29.756,0.496
2,47.584,-5.047,-2.031
2,-10.049,-7.305,5.304
2,-12.916,-41.668,4.925
2,13.554,14.650,0.102
4,-18.030,-8.468,7.016
2,-46.193,-23.781,2.708
2,-41.543,-13.569,4.872
2,-13.948,39.229,2.149
2,-0.964,-14.448,4.600
2,-7.380,-21.849,6.079
2,-26.218,17.823,4.759
2,-4.418,9.268,2.484
4,-36.648,-36.617,3.007
4,-25.231,-20.513,7.957
2,16.003,-49.043,2.653
3,-18.235,8.006,4.792
2,-12.068,-32.090,5.382
2,27.527,-1.859,-2.048
2,-3.601,-3.738,4.305
2,-43.426,-32.741,1.859
2,-5.724,-8.257,5.749
4,-14.900,29.817,3.709
2,-21.584,6.180,5.075
2,-29.601,-14.790,6.227
2,-19.305,-36.748,5.152
2,-32.559,-46.318,2.364
2,3.298,9.800,1.457
2,-43.328,3.362,8.234
2,-11.854,41.765,1.386
2,-5.087,-31.403,5.918
2,-16.018,-22.542,6.386
2,-35.038,-11.019,5.649
2,-6.678,-32.288,5.951
2,-40.308,-32.849,2.569
2,-7.518,-34.977,5.307
2,-33.778,15.876,6.005
3,28.849,-49.793,2.484
2,15.043,-49.352,2.338
2,-49.139,34.713,4.826
2,-43.400,4.713,8.255
2,-3.829,32.607,0.613
3,25.779,-0.593,-2.096
2,-41.843,28.228,5.465
2,22.842,-29.613,2.593
2,30.934,-19.455,1.062
2,-28.496,-20.530,5.767
2,33.130,-4.568,-0.982
4,27.135,-2.757,-1.084
4,40.682,-21.040,0.792
2,6.837,43.106,-0.219
2,-19.939,-36.807,4.923
2,-23.875,-31.680,4.832
2,-4.939,26.045,1.683
2,32.217,39.516,0.015
2,-36.511,-25.444,4.443
7,24.379,34.329,1.571
2,-6.874,-13.129,5.794
2,25.579,-45.140,2.759
2,-18.045,-47.609,5.042
2,40.192,-39.940,2.367
2,-7.774,9.044,2.251
2,-32.403,-48.507,2.746
2,-30.536,-14.540,6.186
2,16.554,-47.750,2.639
2,-34.250,37.290,3.511
2,-4.452,-5.913,4.852
2,38.431,38.146,0.747
2,-8.079,8.538,2.286
2,-48.234,-34.756,0.890
2,7.623,-17.796,3.521
2,37.273,-36.873,1.900
2,-14.503,47.646,2.352
2,46.580,29.649,-0.661
2,19.331,-13.460,2.067
2,-3.302,48.891,1.788
4,8.404,22.093,0.624
4,15.098,-31.783,2.899
2,4.953,-41.089,3.466
2,-44.451,-45.929,0.929
2,37.505,-15.966,-0.424
2,-28.564,35.892,3.434
2,-36.451,28.718,4.878
2,14.707,16.757,0.169
2,-44.864,-40.884,1.257
2,31.033,-22.337,1.102
2,-19.101,-17.893,6.333
2,-1.871,-39.094,4.625
4,-21.126,40.379,2.620
2,-10.954,36.145,1.891
2,20.589,49.640,-1.294
2,-19.746,2.244,4.861
3,6.870,22.472,0.208
2,33.080,4.813,-2.009
4,21.408,39.563,0.531
2,19.502,-38.288,2.866
4,8.830,35.573,11.296
3,-21.291,19.347,4.337
2,-31.287,-44.096,2.685
2,-33.400,-34.153,3.010
2,31.749,37.957,-0.154
2,-16.287,-23.190,6.428
2,33.539,-16.686,0.418
2,-44.028,19.014,8.141
2,-27.127,19.532,4.653
2,42.836,-9.509,-0.807
2,5.310,-22.259,4.216
2,39.456,-46.748,2.685
2,35.450,16.218,-1.056
2,41.507,49.998,-0.970
2,-36.386,2.645,6.890
2,-29.065,44.343,2.352
2,-14.015,-19.974,5.890
2,5.426,-4.619,2.131
2,-16.721,2.797,4.339
2,10.267,-38.987,3.018
2,-44.801,-0.125,8.308
3,-20.928,42.231,2.298
2,27.207,1.580,-1.972
2,8.821,30.065,-0.583
7,10.760,39.086,31.079
4,41.251,17.258,-1.064
2,-44.955,-23.190,3.138
2,-29.061,5.827,6.041
2,18.784,33.250,51.945
2,3.314,-16.078,4.016
2,-14.768,39.747,1.991
2,46.221,-42.849,1.589
3,41.472,28.634,-0.109
2,-3.862,4.569,2.762
2,-6.127,26.926,2.224
2,-11.972,-48.267,4.547
2,-5.550,-36.852,5.063
4,22.786,-16.401,2.780
2,47.194,-47.115,1.371
2,30.354,32.647,0.424
2,-5.062,-8.285,5.392
2,32.758,43.853,-0.523
2,14.930,-40.481,2.457
7,17.902,25.459,11.211
3,-0.271,13.115,2.288
2,18.779,20.163,0.190
2,34.539,-2.990,-1.449
4,18.977,13.639,0.886
7,20.078,25.566,26.091
2,-7.259,-18.902,6.233
2,-35.594,-33.327,3.078
2,18.551,-11.155,1.296
2,6.819,10.672,1.124
2,-47.505,23.695,7.829
2,-5.121,-8.014,5.735
2,18.287,2.779,-1.733
2,10.189,9.797,0.098
7,20.027,25.430,12.116
2,-19.090,28.314,3.784
4,41.217,16.225,-1.110
2,-37.559,4.682,6.896
7,17.895,25.444,10.508
2,-10.191,21.733,3.504
2,-46.871,-46.512,0.980
2,32.408,44.476,-0.143
2,-43.940,-41.116,1.309
2,12.891,-24.307,2.791
2,-39.516,-10.076,5.886
2,9.652,-48.753,2.185
2,13.185,-49.241,1.899
2,48.358,45.177,0.568
2,24.173,11.637,-0.194
2,40.743,11.859,-1.791
2,-11.932,-19.865,6.126
2,-47.362,40.000,3.399
2,-1.830,25.499,0.547
2,-29.132,-15.104,6.291
4,-18.131,8.381,4.795
2,32.832,43.634,-0.252
2,-46.398,-24.358,2.540
2,4.554,-14.354,3.686
2,-3.993,-25.790,5.756
4,23.308,0.330,-1.301
2,20.393,-38.983,2.843
2,-10.051,48.229,1.911
2,-26.372,-47.721,4.223
2,-23.538,43.016,1.904
2,29.712,-35.905,2.888
1,42.030,25.631,-0.461
2,-0.499,47.681,1.354
2,1.869,-3.592,3.060
3,-15.787,-23.037,6.705
2,24.777,18.958,0.273
2,-14.891,7.653,3.622
2,-47.733,9.805,9.105
2,-20.399,19.878,4.118
2,35.910,34.375,0.497
2,42.772,22.805,-0.966
2,-11.887,42.831,1.440
4,0.696,4.472,3.659
4,42.816,22.483,-0.234
3,27.465,36.033,0.252
2,36.542,44.277,-0.796
2,-26.456,-23.300,5.822
4,24.262,-18.726,2.759
4,32.443,9.441,-0.783
2,-36.285,-42.531,1.734
2,9.802,-41.099,2.884
2,22.672,-44.705,3.036
2,29.098,1.579,-2.195
2,28.761,35.091,0.075
2,8.936,24.980,-0.796
2,-4.835,45.488,1.252
2,-37.658,36.546,3.422
2,6.575,-12.975,3.321
4,-0.702,13.409,2.544
2,31.445,-44.254,3.418
2,42.071,-11.201,-0.563
2,40.132,18.082,-1.695
3,21.874,-4.716,-1.559
2,-16.714,38.539,2.217
2,-46.955,-1.733,7.674
2,9.220,-48.396,2.244
2,2.102,-30.116,4.938
2,-32.399,4.786,5.934
2,-17.509,18.910,3.950
2,-37.863,-29.478,3.733
2,-0.745,24.688,0.240
2,47.132,-45.426,1.316
2,-34.723,16.963,6.233
4,-0.952,12.565,2.657
4,-1.014,12.820,2.701
2,23.600,-19.935,2.339
7,8.504,34.965,22.748
2,34.899,-27.282,1.071
2,25.314,18.874,0.234
2,-8.438,21.139,2.912
2,-7.276,-19.765,6.387
2,20.900,13.792,-0.089
2,-12.561,22.712,3.891
2,43.081,13.290,-1.996
2,-15.766,-36.280,5.432
2,10.490,-29.243,3.192
2,-17.105,-6.235,5.281
2,-15.741,-47.941,4.851
4,38.624,-17.556,0.935
2,-13.448,1.880,4.214
2,32.058,-30.240,2.106
2,-24.131,-28.581,4.873
2,-5.833,-14.109,5.689
4,41.990,22.107,-0.333
2,42.627,18.923,-1.582
2,-3.678,-44.750,4.538
2,-37.875,9.172,6.630
3,28.576,2.482,-1.637
2,-11.743,49.492,2.324
2,-7.475,-20.366,5.997
2,-45.758,-47.624,0.831
2,-7.550,16.276,2.480
2,28.529,14.384,-0.001
2,23.932,45.407,-1.678
2,15.397,2.295,-1.231
4,15.264,-30.327,2.669
2,23.530,-34.898,3.223
2,-26.052,28.834,5.050
2,-5.114,-7.381,5.717
2,29.867,9.208,-1.052
2,-6.643,-8.164,5.601
2,-15.800,-22.603,6.099
2,17.633,-34.474,2.012
2,16.583,-8.447,0.636
2,-28.247,-21.203,5.770
2,-44.325,27.014,6.230
4,25.342,38.777,0.621
2,1.007,-42.200,3.891
2,18.457,-39.379,2.281
2,36.094,20.291,-1.110
2,3.707,-10.062,3.204
4,41.521,-31.741,1.892
2,-2.121,-16.990,4.932
2,-44.289,-16.707,4.356
7,19.290,25.398,16.923
2,6.954,20.248,0.238
2,-6.424,-41.285,5.313
2,-7.449,-9.948,5.670
2,4.607,-33.956,3.837
2,10.842,-4.833,0.815
2,-33.110,39.334,2.761
2,7.734,-4.884,1.620
4,6.829,21.724,0.491
2,7.176,47.093,0.485
2,-41.880,-40.311,1.222
2,-7.152,-8.103,5.706
2,37.464,29.793,0.402
4,-43.563,-10.020,6.611
2,-18.641,20.769,4.114
2,30.441,-15.718,1.116
2,5.415,5.649,0.661
2,-3.718,44.754,0.904
2,-27.776,-30.245,4.218
2,-26.233,-23.798,5.830
2,-37.514,-27.759,4.123
2,32.009,2.106,-2.390
2,12.303,-28.896,2.895
2,49.326,36.356,-0.704
2,35.248,22.845,-0.409
4,16.397,-31.014,2.826
2,-26.247,27.600,5.035
2,30.118,15.982,0.033
2,-12.232,19.340,3.820
4,7.104,20.392,0.760
2,33.117,44.694,-0.143
3,27.237,39.037,0.235
2,-30.162,-10.846,6.227
4,-28.664,-22.257,6.776
2,33.652,-18.741,0.310
2,46.237,48.548,0.526
2,34.727,5.213,-1.943
2,-7.567,-30.645,5.726
2,41.192,16.533,-1.703
2,-16.225,-14.141,6.115
7,8.839,35.465,5.591
3,13.959,-29.503,2.497
2,21.804,-33.768,2.915
2,-27.579,45.549,1.913
2,18.636,14.510,0.239
2,-49.387,34.177,5.013
2,-0.262,13.462,1.945
2,-26.622,14.602,5.170
2,-19.684,42.503,2.064
2,-23.620,24.581,5.059
4,32.691,7.388,-0.655
2,-6.815,-10.496,5.754
2,4.858,-10.276,2.961
2,29.841,38.299,-0.069
2,-21.391,34.416,3.147
2,-19.360,30.871,3.548
2,-35.496,-10.042,5.892
3,-20.097,41.862,2.483
2,37.327,-2.200,-1.982
2,-33.656,-29.793,3.855
4,-43.698,-10.056,6.514
2,20.145,-28.662,2.324
4,20.509,-21.614,4.326
2,-19.030,31.478,3.414
2,4.357,-32.466,4.160
2,-40.429,-44.944,1.072
2,-27.051,30.675,4.266
2,42.458,-48.696,2.360
2,-26.662,-7.404,6.308
2,18.011,-6.153,-0.202
2,-25.674,-39.282,3.708
2,-36.179,-25.746,4.375
4,-44.498,-9.426,6.358
3,32.537,43.458,-0.024
2,41.528,25.955,-0.314
2,22.106,14.598,-0.106
4,-16.147,-22.404,6.632
2,8.307,-29.657,3.309
2,29.238,25.300,0.181
2,-42.056,-48.028,0.955
2,10.969,0.976,-0.541
2,-33.402,-2.033,6.601
2,41.445,-34.029,1.753
2,-1.204,22.803,0.752
4,39.566,18.551,-0.863
2,30.155,40.479,-0.315
2,10.100,-10.357,2.270
2,6.769,-43.757,3.318
1,13.899,40.756,1.570
4,7.728,1.834,0.443
2,44.606,25.052,-0.529
2,40.249,-14.627,-0.255
3,-43.666,-9.397,6.411
2,-9.425,-27.899,5.926
2,9.265,27.690,-1.088
4,41.242,17.338,-1.255
2,-38.356,14.602,7.212
3,41.410,29.146,-0.008
2,26.974,40.050,-0.353
3,32.159,44.060,0.207
2,29.064,49.412,-1.649
2,-0.686,-17.785,4.775
2,34.233,-12.163,-0.263
4,31.676,6.295,-0.547
2,-16.331,-23.137,6.250
2,-41.900,-28.548,2.986
2,17.528,-6.572,-0.025
2,-45.211,-34.743,1.252
2,48.247,19.648,-1.232
2,-42.421,27.826,5.597
2,40.879,9.814,-1.907
2,4.257,-38.556,3.759
2,-7.008,-31.229,5.974
4,-29.054,-18.284,7.559
3,-21.729,42.767,2.510
2,-25.150,29.138,4.943
4,-7.952,-3.463,5.457
2,-17.535,9.193,4.032
3,-16.511,-23.258,6.557
4,-21.417,40.769,2.721
3,-16.290,-22.147,6.578
2,-36.430,-24.998,4.417
2,23.446,44.217,-1.769
2,47.056,-7.559,-1.278
2,-8.849,15.762,2.720
2,-37.023,-24.367,4.275
2,-17.381,46.970,2.391
3,-27.513,31.521,4.739
2,-48.726,4.806,8.299
2,-43.741,27.944,5.722
2,-22.177,-35.446,4.175
2,10.066,-23.871,3.443
2,32.239,15.496,-0.295
4,27.694,13.796,0.441
2,33.000,-23.683,0.946
2,-6.615,-32.603,5.704
2,-8.308,32.955,1.944
2,12.878,-46.517,2.306
2,44.500,-22.258,0.880
4,23.483,36.203,4.829
4,-29.204,31.470,5.008
2,-27.404,-2.264,6.395
2,-15.228,-12.752,6.083
2,-21.990,-42.003,4.287
2,26.052,-1.148,-2.358
2,26.433,15.144,-0.119
2,-37.196,45.470,2.589
4,-34.727,-5.626,7.716
2,-30.025,48.106,2.356
2,-40.991,-6.110,6.951
4,13.195,25.480,-0.390
2,-25.892,-49.435,4.588
2,-41.755,17.470,7.876
2,-10.352,12.338,2.960
2,24.974,30.981,0.410
3,-17.767,7.827,4.563
2,-39.537,13.949,7.296
3,-20.594,19.302,4.337
2,-1.654,-11.550,4.794
3,32.440,44.324,0.046
2,-40.452,48.259,1.931
2,-4.927,43.207,0.547
4,-36.299,-25.253,5.137
3,32.105,44.145,-0.017
2,25.193,11.019,-0.335
2,-44.706,-41.572,1.305
2,-42.748,19.435,7.960
7,21.797,27.260,12.845
2,1.537,23.913,0.111
2,-40.197,12.764,7.493
4,-0.588,4.477,3.148
3,14.290,-29.761,2.681
2,-36.128,8.891,6.395
4,-26.938,30.683,5.001
2,-6.014,-2.285,4.273
2,-45.140,-14.158,4.404
2,17.774,20.539,0.192
2,49.037,-22.040,1.858
4,-0.922,12.832,2.779
2,-39.807,-5.093,6.856
2,49.259,49.509,0.722
2,10.972,11.223,-0.160
2,-25.173,-16.524,6.335
2,-44.242,-49.751,0.883
2,-8.839,49.670,2.029
4,-44.438,-9.483,6.500
4,-28.053,31.334,5.114
2,25.571,13.200,-0.189
2,40.358,21.029,-1.287
3,41.743,-31.711,1.426
4,-15.902,-22.690,6.573
2,47.656,-41.362,1.645
2,-6.264,-24.834,5.453
4,27.237,13.293,0.519
2,44.184,32.480,-0.560
2,-26.253,-12.819,6.805
2,32.797,6.290,-1.637
2,46.280,-16.949,0.222
2,19.269,24.693,0.169
2,-47.536,21.882,8.199
2,-9.875,11.251,2.945
3,26.798,35.812,0.281
2,-22.563,-18.346,6.071
2,6.026,-39.358,3.271
2,-18.497,-11.900,5.679
2,-35.987,-13.451,5.489
4,-20.608,-8.531,6.942
2,47.430,-2.085,-2.728
2,29.177,-45.282,3.004
7,16.580,25.442,13.311
2,-33.482,17.027,5.887
2,-4.781,-26.926,5.770
2,6.813,20.387,0.076
4,14.225,-31.144,2.712
2,23.403,-21.937,2.229
2,-12.505,-10.680,5.723
2,-46.428,-20.670,3.660
3,15.344,-29.708,2.562
2,-27.049,-14.951,6.427
2,-16.459,11.517,3.735
2,-35.766,-25.241,4.374
4,7.814,23.156,0.683
2,-35.731,-29.750,3.823
2,-44.072,-21.010,3.843
2,-13.180,-2.625,4.712
2,6.348,28.421,-0.492
2,-27.854,-6.592,6.006
2,27.415,25.129,0.062
2,11.798,44.284,-0.876
2,-4.575,-4.641,4.735
4,-25.658,-19.759,7.746
2,30.583,36.403,-0.106
4,-17.686,6.409,4.783
4,-27.058,31.347,5.082
4,-44.065,-9.475,6.477
3,5.325,-34.437,4.020
2,13.336,-38.262,2.253
2,15.797,-6.487,0.354
2,-21.594,-33.270,4.486
3,-0.846,13.477,2.142
2,-0.919,12.373,1.910
2,-16.683,-38.448,5.151
2,32.693,43.933,-0.180
4,5.838,-33.999,4.451
2,-47.680,-8.573,5.492
2,-29.695,-44.749,2.966
2,-25.187,28.908,4.948
2,-36.486,-25.437,4.669
4,40.339,17.993,-0.744
2,-24.907,-34.010,4.085
2,-37.258,29.125,4.809
2,21.547,49.169,-1.840
2,-28.608,-15.701,6.267
2,43.941,22.962,-0.933
2,-15.246,-17.387,6.145
2,21.387,7.736,-0.790
7,-32.982,-6.399,-7.643
2,33.117,-7.896,-0.346
2,-29.628,23.413,5.445
2,-47.765,-42.296,0.946
2,27.774,-12.569,1.221
2,-33.171,25.691,5.628
2,-10.734,-26.471,6.200
2,46.541,-24.020,1.481
2,2.653,24.016,0.030
2,26.904,42.768,-1.325
2,3.913,-33.509,4.000
2,-7.339,10.296,2.447
2,45.102,20.720,-1.134
2,-14.806,27.766,3.398
2,-4.819,-34.424,5.004
2,-29.391,9.678,5.896
2,-38.965,-9.785,5.979
2,-34.908,36.727,3.389
2,46.277,37.303,0.085
2,34.818,-8.792,-0.764
2,44.045,-26.786,1.074
2,-25.748,27.724,4.941
4,39.282,-15.168,0.919
3,27.592,12.500,0.285
2,-49.970,45.623,2.186
2,-46.253,-9.245,5.528
2,-4.309,-17.506,5.372
3,-6.415,-31.365,6.068
4,17.135,13.743,1.832
2,-10.236,26.856,2.997
4,-23.885,-8.394,6.935
2,16.368,-7.107,0.394
4,38.746,-19.440,1.256
2,-17.321,45.225,2.311
2,-4.179,-24.081,5.711
2,30.581,-37.294,2.500
2,-41.058,-5.039,6.996
2,17.097,-34.117,1.919
2,-7.396,-4.575,4.987
4,23.381,36.006,6.938
2,-32.457,-47.784,2.589
2,-5.797,-31.766,5.767
3,27.797,14.250,0.316
2,38.252,1.419,-1.945
2,-37.950,-0.587,7.153
2,-43.160,32.833,4.666
2,22.006,10.397,-0.474
2,-26.167,-9.842,6.283
3,-19.394,7.850,4.923
4,-43.536,-9.350,6.672
2,10.376,27.892,-1.127
2,-20.923,7.328,5.164
2,-38.505,38.572,3.271
2,31.736,18.938,0.175
7,24.368,34.286,0.872
4,18.762,-18.827,4.763
2,49.994,18.662,-1.712
2,32.793,-31.435,1.848
2,37.613,-23.162,0.335
3,-9.233,-3.608,5.287
2,5.968,25.052,-0.651
2,-7.749,17.681,2.412
4,-26.067,-19.890,7.826
2,-41.551,35.076,4.197
2,-5.035,-32.207,5.693
2,31.574,-45.245,3.202
3,-26.071,29.272,5.191
2,-9.976,-24.858,6.305
3,32.027,44.313,-0.039
2,-13.444,43.024,1.679
2,-20.804,-4.687,5.272
2,-38.172,46.186,2.236
2,24.266,5.678,-1.652
2,-43.076,-7.693,6.472
2,-16.966,15.276,3.852
2,-12.753,37.149,2.203
2,44.062,25.784,-0.551
2,37.544,-45.237,2.709
2,46.554,-11.540,-0.259
4,-35.770,-25.196,5.145
2,-16.160,-4.758,4.938
7,23.819,30.696,16.987
2,31.295,-46.473,3.088
2,36.239,-43.081,2.764
2,24.179,-8.054,0.655
4,6.164,-17.054,4.419
2,43.898,38.058,0.420
2,-6.880,-12.345,5.813
2,-6.807,-24.528,5.569
2,-49.975,30.580,5.371
7,23.536,30.210,6.539
2,-24.371,2.081,6.075
2,-20.249,43.356,2.009
2,-27.320,-40.496,3.629
2,12.862,-45.013,2.620
2,1.317,-40.264,4.065
2,-15.191,19.358,4.047
2,43.270,-1.182,-2.414
2,-18.400,-18.439,6.380
2,-43.366,-8.835,6.128
4,14.498,40.900,-0.694
7,10.772,39.080,5.175
2,7.054,-28.457,4.033
2,39.653,25.865,-0.363
2,-30.327,6.321,5.729
3,-3.175,22.634,1.531
2,13.217,15.697,-0.002
4,-21.732,-9.827,6.890
2,-18.327,-17.250,6.191
2,8.659,-38.446,2.991
2,-7.860,-26.630,5.797
2,12.386,32.447,51.945
4,-0.124,13.160,2.546
2,-42.876,-3.043,7.133
2,26.203,9.453,-0.631
2,-5.832,-41.637,5.124
2,-46.941,-19.460,3.751
2,-8.530,-16.290,6.167
2,10.662,-3.721,0.587
2,35.641,41.606,-0.340
4,33.769,8.837,-0.826
2,35.191,46.577,-1.444
2,16.937,-2.192,-1.058
2,-7.177,-7.892,5.710
2,35.540,19.484,-1.020
2,13.924,2.463,-1.241
2,-47.547,-2.418,7.575
2,-22.869,33.826,3.399
4,42.291,22.119,-0.227
2,12.358,11.616,-0.329
2,29.446,2.166,-2.204
4,25.629,-2.905,-0.894
2,16.275,-31.941,1.887
2,13.703,-32.720,2.166
2,-31.018,13.869,5.945
2,-27.107,47.236,1.830
2,32.394,-43.971,3.220
3,-8.240,-3.684,5.279
2,0.695,-46.727,3.742
2,30.854,22.032,0.275
2,-41.341,-2.163,7.243
2,1.097,47.955,1.209
2,-5.373,-32.788,5.686
4,-24.072,-9.900,8.076
2,-16.154,-23.084,6.171
2,-9.382,-39.586,5.004
2,2.716,-42.475,3.686
2,33.399,-9.044,-0.427
2,-8.864,-23.406,6.141
2,34.233,42.982,-0.675
2,-32.774,-27.952,4.461
2,-12.602,48.554,2.379
2,-7.762,-25.863,5.785
2,29.856,-23.491,1.413
2,-42.863,2.389,8.190
7,21.467,26.667,19.159
2,-23.382,-34.950,4.020
2,-44.191,-13.833,4.566
2,24.068,38.429,-0.264
2,-4.169,20.757,1.949
2,47.723,-18.529,0.837
3,42.258,29.078,0.008
2,-45.067,-6.105,6.398
2,23.550,-48.484,2.463
2,3.285,-24.972,5.310
2,-11.753,46.688,1.823
2,-30.057,9.193,5.858
4,6.041,-32.467,4.358
2,18.198,-34.089,2.018
7,21.708,27.247,7.957
3,-30.127,49.950,2.199
2,-41.008,-2.694,7.078
2,35.623,5.385,-2.031
2,-42.055,-17.351,4.757
4,-20.177,-12.377,6.592
2,-13.522,-35.900,5.745
2,30.396,38.240,-0.155
2,-11.038,-3.402,5.009
4,-27.316,31.635,5.231
2,32.742,14.639,-0.467
3,-36.212,-36.896,2.849
4,-19.007,-8.311,6.906
2,21.468,-38.942,2.940
2,15.336,-13.321,2.092
4,5.743,-33.993,4.083
2,-42.319,43.014,2.962
2,2.439,34.513,-1.117
2,-34.731,-13.674,5.804
3,32.812,8.185,-1.099
2,0.121,14.412,1.783
2,-27.541,-37.689,3.739
2,9.443,-45.865,2.416
4,21.724,-0.415,-0.752
3,-9.310,-4.778,5.366
2,2.097,24.856,0.057
3,-19.844,43.225,2.563
2,34.163,-25.283,1.052
2,-42.705,41.938,3.182
2,-5.418,-19.327,5.879
2,-6.260,-7.335,5.763
2,-40.391,-11.533,5.366
2,32.284,43.940,-0.444
2,-34.093,36.551,3.565
2,41.099,6.348,-1.739
2,-17.703,44.151,2.102
2,28.063,-28.364,2.619
2,-25.964,28.599,5.194
2,40.200,-12.154,-0.393
2,6.081,13.237,1.438
2,-8.529,-4.370,5.242
2,13.919,30.401,51.945
2,15.998,35.528,51.945
3,-5.019,75.070,0.684
2,14.366,37.346,51.945
2,17.850,-9.292,0.644
2,-31.585,-24.619,5.064
2,-14.165,46.774,2.235
2,40.132,17.718,-1.555
3,-8.071,-5.999,5.802
7,18.626,25.556,18.254
4,20.222,12.266,1.317
4,22.600,0.437,-1.078
3,-43.999,-9.512,6.349
4,23.903,3.166,-1.070
2,46.298,-22.452,1.260
7,23.178,29.579,24.737
2,-26.797,17.597,4.874
2,-45.689,31.088,5.458
2,48.029,39.913,-0.023
2,43.296,33.007,-0.506
2,-26.289,-11.973,6.941
3,5.965,-17.653,4.548
2,44.188,7.413,-2.424
2,44.683,35.635,-0.109
2,-38.126,31.277,4.330
3,28.928,13.940,0.361
2,42.634,38.010,0.503
2,-5.560,-32.710,5.684
2,21.582,30.280,51.945
2,29.849,-44.226,3.376
2,-36.665,-25.558,4.374
2,26.265,3.682,-4.093
2,32.922,44.313,-0.592
2,-10.281,4.342,3.416
2,-6.287,-32.572,5.876
2,-21.541,10.772,4.671
2,-39.375,-5.464,6.793
4,27.582,38.267,0.634
2,-10.212,-40.169,4.979
2,9.607,7.715,0.140
2,40.441,5.344,-1.766
2,23.625,-37.448,3.436
2,-6.749,19.600,2.213
4,34.501,8.375,-0.593
2,15.260,-31.663,2.173
2,-33.857,25.894,5.550
2,-8.144,-8.783,5.623
4,18.955,8.255,-0.208
3,49.984,24.945,-0.272
3,27.552,36.897,0.509
2,-19.096,-16.638,6.178
2,-49.973,-13.395,3.557
3,28.719,13.899,0.429
4,42.144,17.216,-1.099
2,-4.935,-28.012,5.782
3,32.333,43.896,0.109
2,2.505,-49.869,3.385
2,4.064,-44.404,3.193
4,-18.535,8.769,5.000
3,4.495,-35.527,3.882
2,27.253,-8.383,0.422
2,-40.086,-48.248,1.054
2,39.863,-33.156,1.269
4,38.327,-17.191,0.765
4,-1.222,13.755,2.542
2,-5.556,-7.408,5.809
2,23.037,-47.322,2.603
3,-35.515,-36.181,2.896
2,-41.469,16.980,7.778
2,-28.450,38.335,2.768
4,23.074,0.432,-1.130
2,-10.914,24.165,3.382
2,0.194,-11.914,4.285
2,-16.152,-12.496,5.980
2,16.003,-17.708,3.183
4,43.546,22.694,-0.318
2,-5.022,-32.380,5.685
3,-18.790,-18.870,6.510
2,16.118,-41.362,2.456
4,42.132,-30.827,1.556
2,-24.689,1.534,6.232
2,-18.300,-25.806,5.636
2,-1.023,-10.465,4.373
2,-43.140,-30.321,2.513
2,-31.768,-23.780,4.957
2,-10.592,-4.013,5.157
2,14.467,-31.586,2.171
2,-40.233,2.183,7.344
2,-7.313,-7.776,5.791
2,44.564,42.935,0.196
2,15.915,-45.662,2.674
2,-8.703,-5.191,5.040
2,-0.590,31.932,-0.477
2,41.857,29.054,-0.262
2,17.744,46.919,-0.795
2,-46.429,34.769,4.688
2,-42.387,34.400,4.310
4,41.915,18.091,-0.977
4,40.730,16.581,-0.451
2,-27.843,-25.929,5.313
2,-5.935,-2.838,4.345
2,42.347,-17.729,0.179
2,27.497,21.892,0.196
2,-34.115,13.916,6.304
2,-47.503,-24.092,2.432
2,-19.407,-27.036,5.452
3,14.008,-29.457,2.420
2,-42.992,5.744,8.046
2,13.593,29.705,51.945
2,13.212,-3.025,-0.072
4,29.245,-0.297,-1.396
2,48.900,7.345,-3.230
2,-5.268,-7.403,5.679
2,-32.883,10.498,6.598
4,-21.967,-7.402,6.402
4,39.526,-17.265,1.573
4,12.420,25.475,0.165
2,-26.412,-32.974,4.125
2,42.904,-19.490,0.451
4,-25.234,-18.278,7.729
2,-5.979,9.320,2.252
4,18.439,8.277,-0.281
2,-15.328,-23.394,6.063
4,24.906,-1.086,-0.341
2,37.421,-20.953,-0.170
7,10.723,39.119,36.115
2,30.844,9.835,-1.116
2,-31.684,-6.036,6.411
2,25.682,31.547,0.447
2,-31.676,9.634,6.171
2,32.784,44.524,-0.573
2,-25.307,-34.951,3.838
2,-13.866,-49.376,4.590
2,29.296,-12.037,0.900
2,-48.783,-14.958,3.439
2,-43.524,28.562,5.586
2,-7.474,-37.546,5.141
2,-10.982,-21.348,6.309
2,-31.196,34.809,3.246
2,20.556,-45.577,2.993
2,-1.833,30.977,0.135
2,-20.098,-18.208,6.225
2,-43.332,40.571,3.239
2,-7.465,-18.890,6.428
2,-5.307,23.246,1.804
2,29.885,15.340,-0.019
2,-24.185,13.374,4.721
2,7.056,16.304,1.156
3,-20.624,40.989,2.565
2,-19.910,-13.512,5.696
2,41.798,-48.822,2.460
2,12.744,-8.658,1.137
2,42.132,-41.181,1.915
2,6.694,-4.513,1.875
2,-1.689,-22.882,5.532
2,12.943,-23.521,2.798
2,-36.574,30.786,4.343
2,3.679,23.539,-0.005
2,-5.625,31.269,1.418
4,32.758,7.428,-0.840
2,-19.328,-24.592,5.662
2,38.078,31.702,0.770
2,-20.735,17.554,3.940
2,-13.680,-48.553,4.528
2,-32.564,-49.977,2.584
2,25.370,41.102,-0.721
2,-33.094,-29.653,4.001
2,-14.263,-7.686,5.543
2,37.673,-28.824,1.135
2,17.130,-36.963,2.469
2,-31.158,-10.157,6.116
3,7.926,20.964,0.666
2,25.817,-18.775,1.931
2,-45.970,-1.415,7.777
7,23.096,29.510,13.574
2,18.130,42.942,-1.220
2,-2.093,6.976,2.536
2,-49.063,8.115,8.621
2,5.139,-16.538,4.221
2,44.088,15.959,-1.988
2,-19.511,8.743,4.574
2,-18.750,11.834,3.999
2,-16.722,-22.848,6.087
4,6.056,-33.803,4.384
2,-33.174,-35.861,3.062
2,-9.036,-49.209,4.013
2,8.369,44.703,-0.071
2,-45.000,-38.675,0.915
2,-18.388,-35.413,5.310
2,-26.833,15.632,5.040
2,20.056,-32.839,2.284
2,37.885,-25.348,0.807
2,49.616,40.931,0.063
2,-5.549,11.145,2.513
4,41.406,18.093,-1.060
2,21.439,19.647,0.461
4,-28.536,31.275,5.154
2,-4.295,32.972,0.740
2,-6.540,-21.233,5.832
2,-42.771,-22.219,3.593
4,27.246,-1.720,-0.974
2,-13.231,-31.216,5.478
2,44.385,-34.986,1.770
3,42.614,29.507,-0.254
4,-0.895,12.919,2.825
2,47.976,-3.207,-2.406
2,10.853,24.293,-0.813
2,-48.235,-21.865,2.957
2,-34.389,36.097,3.509
2,42.992,23.171,-0.966
2,-13.795,44.605,1.859
2,-34.754,-35.572,2.761
2,-44.881,28.528,5.832
2,20.228,-8.680,0.623
2,42.106,-31.330,1.165
2,-30.462,-23.812,5.243
2,-27.973,-23.912,5.686
2,28.590,13.615,-0.087
2,-15.725,-30.365,5.488
2,14.606,32.409,51.945
4,24.492,-2.044,-0.999
2,11.557,-43.882,2.733
2,32.847,44.137,-0.437
2,-21.463,-9.756,5.715
4,-24.877,-18.016,7.798
2,-15.596,34.269,2.546
2,47.127,11.026,-3.068
2,23.227,11.052,-0.294
4,-19.388,-7.582,7.015
2,13.441,21.991,-0.042
2,-43.096,-21.585,3.776
3,32.704,7.740,-1.487
2,-32.295,24.218,5.624
2,34.842,-12.306,-0.393
4,22.067,38.497,0.638
3,-6.739,-32.838,5.904
2,-20.115,-22.935,6.056
2,-4.559,-31.256,5.735
2,17.387,-0.513,-1.339
2,43.280,21.096,-1.112
2,13.878,40.909,-1.309
2,-28.770,31.764,4.154
2,-27.974,-43.079,3.265
2,-49.136,28.539,6.478
2,39.248,41.902,0.099
2,29.862,-30.163,2.555
2,-29.833,42.898,2.594
2,-49.953,22.740,8.158
2,-28.634,30.941,4.280
2,31.870,-16.080,0.725
2,-8.862,-9.297,5.613
2,6.186,9.526,1.254
2,21.817,21.090,0.404
2,18.497,-29.854,2.330
2,-41.121,42.602,3.132
2,-43.470,-34.702,1.420
2,-46.088,18.410,8.531
4,32.625,7.413,-0.641
2,-37.748,-4.197,7.027
3,27.852,13.705,0.161
2,-13.283,21.844,4.039
2,-43.283,-10.505,5.494
2,-45.048,-44.658,1.027
4,-34.846,-5.352,7.302
2,-34.083,15.342,6.095
2,-27.173,2.192,6.307
2,-20.084,8.260,4.736
2,-17.085,34.833,2.383
2,-5.019,-31.610,5.805
3,-26.431,29.456,5.088
2,-34.381,26.006,5.467
2,26.523,33.639,0.258
7,23.431,36.029,2.016
2,-9.662,27.047,2.797
2,3.117,-33.803,4.077
2,23.235,18.522,0.464
2,44.935,36.245,-0.009
2,7.673,19.759,0.518
2,-3.565,-19.093,5.335
4,-1.112,13.157,2.729
2,-39.571,-6.667,6.633
2,-29.331,-23.785,5.337
2,18.291,43.784,-1.250
2,-23.327,-20.145,6.312
2,23.411,-28.505,2.544
2,43.818,29.711,-0.749
3,-20.504,19.438,4.425
2,26.609,21.906,0.179
2,-44.831,46.987,1.578
3,28.142,14.725,0.537
2,45.847,-33.574,1.608
2,-21.919,43.067,2.054
2,47.735,-0.861,-3.076
4,37.506,-14.467,0.821
3,-0.604,13.351,2.265
2,-13.905,12.347,3.734
3,3.471,-33.767,4.221
2,-32.987,-13.666,5.965
2,-16.834,-24.588,6.063
2,-4.038,-12.621,5.392
2,9.697,4.283,-0.385
2,4.228,-48.580,2.987
4,42.189,22.497,-0.426
2,-45.773,2.244,8.378
2,-24.163,23.729,5.118
2,-43.361,37.164,4.123
2,43.193,29.574,-0.622
2,-16.634,20.881,3.955
2,7.926,11.832,1.180
2,6.977,10.155,1.055
2,32.482,33.288,0.339
2,14.463,29.558,51.945
3,14.913,-28.721,2.788
2,-8.419,-7.241,5.624
2,-47.417,-6.405,5.856
2,20.153,7.118,-1.108
2,-20.835,42.872,2.442
2,-31.011,-6.297,6.340
2,5.100,44.765,0.072
2,-26.947,-12.506,6.754
7,-36.000,13.142,-10.619
2,-40.582,-36.136,2.049
2,6.867,-18.951,3.877
2,-20.336,40.939,2.060
4,-23.888,-8.250,7.771
2,-15.457,-24.338,6.073
2,46.606,-31.418,1.513
2,47.988,-13.791,-0.050
2,-36.486,-25.405,4.644
2,15.276,-5.064,-0.055
2,2.522,38.188,-0.992
2,-16.771,28.294,3.469
2,0.154,10.853,1.777
4,21.889,-1.378,-0.925
2,-33.470,36.740,3.490
2,39.586,-43.643,2.605
2,-10.907,-18.835,6.186
2,-45.188,-22.035,3.507
4,24.804,32.533,1.011
2,17.499,1.513,-1.519
2,32.765,43.887,-0.321
4,-21.017,42.617,2.622
2,-0.646,33.521,-0.571
2,1.301,8.109,1.893
2,37.913,34.126,0.598
2,-35.461,-37.060,2.478
2,38.861,5.681,-2.054
4,13.123,8.290,0.573
7,18.753,25.418,16.148
4,-18.170,7.213,5.255
3,16.977,7.275,-1.346
3,-0.180,13.612,2.347
3,-18.178,49.876,2.658
4,-28.497,32.441,4.587
2,10.815,-44.931,2.533
2,-16.938,-23.269,6.332
2,29.966,-49.945,2.447
3,-16.694,-23.299,6.595
2,-27.111,48.744,2.122
2,-36.350,-38.018,2.174
2,19.938,-0.698,-1.182
2,-19.622,34.573,2.780
2,-28.879,7.501,5.740
7,15.894,25.398,16.040
2,-26.482,-4.743,6.221
2,41.383,28.904,-0.195
4,-25.853,-19.218,8.529
2,-31.725,7.314,5.791
2,24.272,18.672,0.322
2,40.786,18.616,-1.644
2,4.230,-16.492,4.372
2,39.756,-18.225,-0.012
2,-9.652,-0.845,4.190
2,-22.411,-34.935,4.156
2,-39.992,36.469,3.856
2,6.493,-12.067,3.222
2,-3.076,7.466,2.697
2,-11.741,-34.011,5.561
2,-31.834,-49.686,2.844
2,42.510,11.119,-1.965
4,-0.692,12.436,2.664
2,-35.364,10.272,6.495
2,-43.154,-11.444,5.127
2,38.848,17.169,-1.778
2,4.607,-18.245,4.364
3,-43.633,-9.456,6.085
2,-9.246,39.819,1.572
2,-13.806,-6.472,5.415
2,-48.010,-44.642,1.009
2,7.382,19.724,0.482
2,37.635,-18.754,-0.100
2,-35.252,0.728,6.780
2,-34.443,4.316,6.319
3,-43.513,-9.270,6.476
2,1.584,-39.672,4.062
2,4.157,-31.965,4.266
2,-23.174,-3.973,6.065
2,-39.793,-46.896,1.194
2,-20.168,20.113,4.298
2,-13.073,-20.993,5.977
2,27.510,-27.635,2.469
2,1.618,43.657,0.187
2,24.459,47.335,-2.082
2,-20.088,-34.768,4.834
4,-36.915,-36.663,2.998
4,12.915,-30.669,2.842
2,-45.002,14.322,8.643
2,-35.784,-25.982,4.478
2,-2.484,-10.410,4.842
3,18.918,-37.096,2.872
2,-27.729,-32.386,3.814
7,-20.849,165.661,-76.000
2,-24.861,-35.510,3.844
2,34.313,-37.458,2.195
2,-20.437,42.642,2.082
2,33.599,-24.317,1.047
4,-17.420,6.126,5.053
2,-33.017,-38.650,2.754
2,-35.842,-25.568,4.737
2,-24.301,-28.016,4.924
2,-32.536,48.059,2.232
7,24.199,31.385,6.473
2,-16.675,-23.049,6.456
2,-21.967,-25.000,5.897
4,-36.154,-25.375,5.300
4,6.379,21.242,0.628
2,-16.458,39.298,2.113
3,41.119,18.077,-1.487
2,-24.898,28.724,5.139
2,44.594,33.709,-0.310
2,16.523,-28.960,2.082
2,12.526,-31.050,2.316
2,5.471,20.801,0.126
2,30.846,34.045,0.142
2,37.464,22.836,-0.736
2,-41.283,35.994,4.143
2,20.118,-3.629,-1.133
2,-49.666,-20.027,3.117
2,-18.469,2.022,4.569
2,27.832,-29.665,2.889
2,46.855,8.105,-2.706
4,-36.399,-36.682,3.112
3,6.340,49.978,1.205
2,-9.870,-27.603,6.019
2,-27.593,31.109,4.417
7,22.327,28.481,3.759
7,10.134,37.802,9.590
2,-11.652,41.229,1.461
2,-16.509,43.960,2.096
2,46.287,-25.828,1.423
2,38.789,35.073,0.627
2,-28.959,15.202,5.448
3,-32.893,6.263,6.619
2,-39.289,21.597,6.765
2,-13.044,14.717,3.423
2,-34.344,37.000,3.449
2,-25.600,21.697,4.794
2,29.979,-11.521,0.686
4,-5.023,22.991,2.256
2,23.532,-34.361,3.116
2,-22.717,30.647,4.152
3,-21.146,19.588,4.512
7,24.138,31.367,7.173
2,-24.251,33.685,3.603
2,-16.135,-22.720,6.094
2,8.839,19.831,0.242
7,21.731,27.256,4.466
2,29.973,44.168,-0.960
2,15.326,17.908,0.270
3,-15.569,-23.118,6.537
2,42.819,-5.666,-1.537
2,-17.794,-37.418,5.269
2,2.162,-29.469,5.118
2,33.152,-19.500,0.356
4,24.308,-1.818,-0.143
2,-6.957,-9.192,5.670
2,16.686,-12.358,1.655
2,30.058,49.205,-1.511
2,10.837,48.252,0.397
2,49.942,44.260,0.770
2,-1.018,-35.369,4.778
2,-3.864,24.620,1.383
2,22.188,-25.402,2.647
7,21.370,26.558,15.671
2,30.910,14.346,-0.165
2,27.780,-5.751,-1.405
2,-19.601,-43.781,4.544
2,-49.594,-14.101,3.550
4,-43.434,-9.008,6.617
2,-36.692,-42.911,1.524
2,18.453,-7.976,0.261
2,-46.296,-20.149,3.742
4,-44.110,-8.932,6.590
2,-19.342,6.338,4.601
2,37.455,14.108,-1.437
2,-14.750,-39.406,5.495
2,31.454,-42.615,3.375
2,26.130,-14.551,1.630
3,-18.327,5.975,4.877
2,-4.426,-40.637,4.934
2,-35.685,-46.302,1.749
2,-15.423,-13.294,6.141
2,-13.519,-40.912,5.087
2,-35.486,-12.156,5.690
2,28.189,-49.406,2.446
2,44.700,-41.517,1.613
2,32.840,-39.066,2.441
4,34.554,8.391,-0.380
2,18.515,2.009,-1.725
2,-30.471,-48.320,3.053
4,-0.589,13.478,2.463
7,6.188,-44.628,-10.838
2,-16.352,32.908,2.828
2,-36.424,-9.720,5.892
2,-6.996,-20.161,5.993
2,2.544,-45.062,3.415
2,-34.854,-7.768,6.302
2,42.871,-26.116,0.675
2,-5.129,-31.678,5.773
2,43.599,49.837,-0.198
2,30.139,1.803,-2.318
2,-9.548,37.865,1.874
7,8.400,35.001,11.353
2,-42.775,-1.218,7.672
2,40.366,18.332,-1.741
4,0.683,-1.372,4.409
2,-44.647,2.237,8.410
2,47.368,-32.771,1.355
7,10.190,37.971,8.872
2,22.323,37.773,-0.049
2,21.782,-27.755,2.400
2,-8.871,-4.081,5.038
2,-19.999,11.434,4.477
3,-26.494,28.952,5.077
2,-34.771,36.959,3.205
3,25.504,37.712,0.451
2,-8.150,43.344,0.969
3,-0.983,13.140,2.126
2,-31.570,35.978,3.100
4,-8.744,-3.618,5.443
2,-10.758,19.594,3.599
2,-37.831,-7.448,6.462
2,-3.674,17.939,1.957
2,-13.093,5.430,3.657
2,43.559,-49.468,2.136
2,-38.256,-21.294,4.022
2,1.190,-49.820,3.459
2,-20.580,9.391,4.709
2,36.205,-47.836,3.131
2,-22.459,-21.998,6.224
2,33.742,31.265,0.534
2,-7.534,-7.908,5.741
2,5.553,-35.671,3.365
2,13.712,36.761,51.945
2,-21.174,42.701,2.188
2,-33.511,36.435,3.419
2,-40.746,-24.056,3.432
2,31.145,24.260,0.330
4,25.304,-2.150,-1.286
2,4.524,11.081,1.318
2,-19.765,-1.797,4.955
2,-12.737,-32.420,5.395
7,23.786,30.828,25.377
3,-19.522,8.158,5.019
2,-21.746,-19.452,6.188
2,44.982,26.781,-0.513
2,-35.517,-25.764,4.473
2,-16.472,-37.801,5.172
2,20.792,40.830,-1.085
2,25.359,-42.618,3.100
2,34.556,-4.931,-1.165
2,13.062,-19.007,3.046
2,-1.303,13.726,1.970
2,26.273,21.477,0.175
4,27.698,13.910,0.382
2,2.536,-31.542,4.695
2,1.571,-8.649,3.563
2,-43.392,-9.511,5.901
2,30.331,-39.024,2.806
2,12.467,3.565,-1.034
2,-24.548,-13.752,6.467
2,41.486,3.025,-2.140
2,48.421,22.679,-0.807
2,-8.518,12.286,2.512
2,49.621,-11.926,-0.269
2,20.757,-39.778,2.685
2,28.043,37.285,0.337
4,43.327,23.104,-0.346
2,13.573,-21.867,2.813
2,9.154,5.521,-0.154
2,-26.687,-44.426,3.517
2,-24.020,-15.410,6.285
2,30.515,23.969,0.182
2,-14.818,-49.752,4.684
4,-35.565,-36.169,3.028
2,40.315,29.558,0.046
3,-35.768,-37.297,2.934
2,-1.187,12.997,1.903
2,4.182,28.281,-0.522
3,-8.100,-4.117,5.462
2,-45.301,19.278,8.253
3,27.689,13.675,0.127
4,-21.730,41.830,2.605
2,-38.156,42.051,3.069
2,13.783,-12.825,2.359
2,-49.396,15.917,9.345
2,-43.501,-8.852,5.905
2,21.598,17.399,0.263
4,7.626,23.030,0.514
2,25.300,-34.350,3.220
2,-35.481,-35.541,3.192
2,-25.387,-30.102,4.728
3,-35.858,-36.459,2.828
2,-48.269,36.662,4.142
2,-24.020,47.900,2.208
2,46.950,-45.935,1.348
4,41.654,17.085,-0.719
2,25.097,46.747,-1.961
7,22.432,-124.328,-83.283
2,42.173,29.394,-0.260
2,-5.276,9.313,2.357
2,-1.711,-1.613,3.508
2,3.974,-16.733,4.026
2,-25.419,28.049,5.128
2,4.268,38.244,-0.712
2,-34.109,37.430,3.526
2,-1.875,-48.344,3.977
2,-1.953,-26.718,5.975
2,3.648,37.101,-1.042
2,29.294,-17.890,1.428
2,49.891,15.361,-2.558
4,-2.698,-1.447,4.366
2,-18.364,48.430,2.386
2,41.761,-31.605,1.070
2,-5.264,-40.382,5.065
2,15.841,2.742,-1.268
2,-4.399,-47.929,4.215
2,-23.016,-9.760,5.946
2,43.017,6.165,-2.033
4,43.474,22.786,-0.391
2,22.843,29.808,51.945
3,42.041,29.993,0.079
2,6.960,20.245,0.529
2,17.091,1.043,-1.466
2,11.753,-1.213,-0.490
2,-48.898,-7.172,5.575
2,-26.038,19.789,4.510
2,44.543,29.710,-0.749
2,-49.301,45.603,2.282
2,-37.620,-20.048,4.259
2,44.751,-48.020,1.942
2,21.045,-38.291,2.928
2,-23.017,-19.062,6.226
2,18.712,-3.693,-1.070
2,-25.474,28.624,5.081
2,-2.990,43.324,0.297
2,-43.790,35.566,4.299
2,-34.483,-16.146,5.652
2,-34.366,37.041,3.419
2,-44.487,20.353,7.816
2,45.574,-45.360,1.481
2,-31.088,45.902,2.365
2,14.277,-38.462,2.143
2,-16.094,46.892,2.343
2,7.439,-6.020,1.809
2,-6.623,19.056,2.066
2,8.476,19.542,0.459
4,-4.498,-19.572,6.491
2,7.437,10.899,1.084
3,-21.059,-10.214,5.736
2,-15.511,7.207,3.846
2,-22.750,6.532,5.243
3,24.075,-3.966,-1.147
3,-21.416,41.000,2.322
2,-44.629,-23.667,3.086
2,40.414,-32.791,1.222
3,41.786,-18.631,0.714
2,-25.662,10.022,5.067
2,-10.083,-18.434,6.158
2,15.907,-9.346,0.879
7,21.788,27.333,18.431
2,-13.381,14.211,3.455
2,39.707,-38.694,2.166
2,16.849,-40.063,2.307
2,-38.588,9.531,6.937
7,16.140,-31.536,-5.918
2,24.364,-42.527,3.134
3,-0.869,12.796,2.040
2,-44.028,13.777,8.432
2,4.630,24.007,-0.150
2,-31.985,4.319,5.875
4,-0.496,13.127,2.666
2,-12.090,0.256,4.276
2,21.119,-45.343,3.059
4,31.400,32.864,2.010
2,20.470,-10.059,1.068
2,-34.724,-31.126,3.595
2,-3.787,29.638,0.814
2,-15.849,-22.547,6.062
2,-9.339,-32.370,5.523
2,-8.658,-48.042,4.225
2,33.159,26.890,0.159
2,-49.855,-23.332,2.255
2,-39.240,-32.883,2.557
2,23.736,32.624,51.945
2,-6.633,-30.850,5.974
2,20.231,-37.690,2.607
2,26.353,-40.894,3.099
2,44.740,46.372,0.085
4,6.453,21.028,0.628
2,37.385,34.729,0.475
2,-42.040,-41.825,1.375
2,4.033,-46.850,3.031
2,5.124,31.268,-0.537
2,-22.988,-35.361,4.029
3,28.144,12.803,0.388
3,27.658,13.834,0.277
2,27.181,-36.616,3.262
2,-37.211,22.392,6.213
2,-34.680,22.396,5.873
2,-8.585,24.417,2.707
2,-16.535,33.526,2.671
2,36.391,-6.865,-1.283
2,-12.425,-22.758,6.221
2,33.202,-42.297,3.337
2,-40.838,38.842,3.660
2,25.588,-20.572,2.047
2,26.478,-15.067,1.568
2,-36.096,-28.385,4.084
3,41.204,29.525,-0.008
4,-25.648,-17.679,7.734
2,32.175,43.935,-0.142
2,-39.060,33.386,4.002
4,40.345,17.159,-0.527
2,6.990,8.412,0.828
2,-1.032,19.067,1.455
2,-29.363,43.344,2.488
2,-8.155,18.211,2.637
2,-3.298,18.411,1.743
4,-18.378,8.310,5.011
2,-21.021,24.299,4.870
2,-34.544,-49.258,2.090
7,21.803,27.215,6.561
2,11.809,22.383,-0.131
2,-26.043,6.314,5.616
2,-32.502,29.941,4.511
2,-34.346,15.908,6.111
2,-36.435,39.145,2.883
2,42.466,0.353,-2.316
2,46.696,-8.005,-1.032
2,-6.698,-31.774,5.708
4,-18.240,7.355,5.095
2,-9.956,-32.896,5.450
2,-19.020,45.864,2.224
2,-25.388,28.562,4.936
4,40.585,16.816,-0.862
2,12.230,13.342,-0.175
4,-26.846,31.466,5.258
2,43.224,-2.276,-2.392
2,-2.819,-44.154,4.405
2,32.122,44.160,-0.258
3,28.732,38.180,0.405
2,-0.627,-20.227,5.291
2,-33.534,39.796,2.695
4,-27.701,30.509,4.994
2,11.372,7.598,-0.498
2,20.981,-37.582,2.685
2,2.998,-7.223,2.824
2,-13.066,6.444,3.395
2,29.780,-18.145,1.299
2,43.935,-40.521,1.519
4,23.277,-5.306,-0.199
2,-22.114,0.554,5.814
2,4.899,18.425,0.643
4,43.348,22.590,-0.111
2,11.113,-31.967,2.538
3,39.838,18.348,-1.366
7,15.938,25.369,6.184
3,-20.571,19.216,4.441
4,-36.554,-25.523,5.252
2,-28.506,-9.756,6.214
2,8.921,-6.761,1.657
2,-25.291,24.165,5.348
2,-28.070,-31.869,3.779
2,25.070,1.835,-2.210
3,-36.819,-36.080,2.708
4,-37.127,-36.697,2.855
2,42.089,-44.423,2.022
2,-41.906,-5.833,6.947
2,-13.884,-24.673,6.238
2,-0.628,13.204,1.822
3,-19.777,19.503,4.368
2,-26.868,31.351,4.402
2,-6.477,8.133,2.214
3,-6.241,-18.565,6.326
2,19.421,-3.517,-1.227
4,6.221,-34.256,3.859
2,35.561,-2.872,-1.648
2,-7.333,32.170,1.846
2,42.220,14.050,-1.920
2,26.287,31.424,0.496
3,41.892,28.651,-0.119
2,41.754,10.958,-1.857
2,10.940,-27.430,3.394
2,-48.197,-42.814,0.983
4,-20.365,-8.499,6.962
2,17.910,29.001,51.945
2,0.672,41.540,-0.188
4,-15.981,-22.630,6.663
2,-29.395,-36.252,3.273
2,-32.943,5.100,6.109
2,47.457,-25.785,1.698
2,-46.180,-6.696,5.994
2,33.676,16.960,-0.671
2,-1.823,-18.568,5.085
2,-20.400,19.299,4.120
7,23.193,29.522,7.993
2,-48.689,39.041,3.730
2,7.360,19.933,0.686
2,35.861,-9.802,-0.759
3,43.471,22.847,-0.738
2,18.034,-44.312,2.759
4,23.766,35.525,0.716
2,-24.952,29.895,4.786
4,-27.497,32.456,5.170
2,-12.702,8.247,3.282
2,-6.471,20.091,2.043
2,19.274,30.517,51.945
2,22.245,19.879,0.419
2,-4.948,-11.550,5.531
2,-45.650,-6.543,6.144
2,4.498,-17.103,4.371
2,-44.609,4.557,8.406
2,4.443,-34.950,3.809
2,12.506,-5.042,0.368
3,28.519,-2.778,-1.151
2,-48.465,-0.018,8.564
2,-28.056,30.756,4.655
4,4.375,-34.662,4.362
2,25.823,4.604,-1.610
2,-20.390,42.861,2.036
2,45.054,-11.351,-0.433
2,44.805,3.228,-2.499
2,-31.534,-46.745,2.539
2,45.575,-23.432,1.184
2,-22.908,-45.987,4.587
2,28.982,-24.033,1.633
2,2.943,43.937,0.013
3,-27.962,31.506,4.758
2,41.873,46.964,-0.548
4,15.165,8.187,-0.494
2,49.450,-10.321,-0.781
2,9.804,-7.939,1.748
2,-8.214,13.852,2.523
2,-16.858,-30.946,5.533
3,4.577,-35.746,3.842
2,-4.902,-23.414,5.657
2,-25.600,8.923,5.112
2,-47.907,44.421,2.432
2,3.687,44.854,0.046
7,22.728,29.003,22.660
3,-35.501,-25.248,5.056
2,-11.171,-42.403,4.995
2,-42.147,41.305,3.349
2,-2.954,18.920,1.547
2,29.143,-22.991,1.515
2,-27.171,38.994,2.458
2,19.003,-15.023,2.410
3,42.308,29.512,-0.008
7,23.184,29.657,19.853
2,-43.839,-9.178,5.944
2,3.215,-31.734,4.597
2,41.598,-39.551,2.157
2,-43.385,-23.652,3.083
2,3.542,34.935,-1.071
2,47.652,-28.313,1.615
2,-45.292,-21.488,3.550
7,23.154,36.672,1.113
3,41.315,17.418,-1.322
2,-34.471,36.691,3.470
3,-36.376,-25.997,4.782
2,20.256,43.792,-1.443
2,32.468,44.720,-0.514
7,23.884,30.815,12.792
2,43.522,-44.679,1.670
4,-27.838,-18.992,7.587
2,-21.846,-21.275,6.244
2,25.632,-30.411,2.803
2,-44.792,36.898,4.164
2,-43.606,-8.784,6.106
2,40.946,31.859,-0.067
2,26.799,39.457,-0.124
2,42.139,43.497,0.279
2,33.889,39.484,0.024
3,-19.931,40.805,2.351
2,-14.956,12.804,3.819
2,-6.343,-41.868,5.255
2,-36.010,-36.468,2.444
2,7.939,5.987,0.033
2,-36.266,-15.409,5.313
2,47.204,19.943,-1.240
2,-40.246,23.423,6.571
4,29.165,0.208,-0.049
2,-3.061,31.270,0.483
7,15.917,25.390,-0.152
2,-11.970,23.880,3.802
2,-17.659,20.295,4.035
4,34.441,8.116,-0.553
2,-21.327,-15.910,6.116
2,19.909,-27.584,2.344
2,-38.713,6.474,7.005
2,-30.922,21.894,5.325
2,27.280,18.967,0.198
2,17.634,2.109,-1.463
4,-19.993,-11.577,6.473
4,16.586,25.544,23.145
2,-6.095,-7.902,5.465
2,-28.227,43.440,2.222
4,14.263,-30.933,2.712
2,-44.450,42.300,2.742
2,39.136,-0.262,-1.958
4,31.009,33.639,1.790
4,19.508,-16.442,4.024
2,-19.056,-5.587,5.215
2,44.766,-29.647,1.098
2,-48.407,39.532,3.629
2,0.421,26.408,-0.004
2,47.177,4.430,-3.048
2,29.954,28.762,0.304
2,-3.232,-0.830,3.667
2,29.194,-5.979,-0.187
2,-29.088,-7.013,6.064
2,-13.729,-29.837,5.662
4,-0.401,12.569,2.451
2,-14.681,-30.429,5.493
2,16.063,-21.820,3.025
2,-21.157,-36.597,4.471
2,-25.544,-12.510,6.929
4,-18.134,-8.852,7.002
3,-6.455,-33.183,5.947
2,-21.387,-40.342,4.107
2,46.027,3.115,-2.781
2,30.639,1.047,-2.304
2,-25.580,28.135,5.162
2,2.223,-35.983,4.421
2,-6.197,-7.197,5.824
2,-34.238,7.148,6.283
2,-23.464,48.962,2.462
2,27.461,39.682,-0.313
2,11.427,-42.837,2.884
2,46.675,-44.875,1.363
2,44.316,-25.205,0.785
2,-18.882,36.497,2.399
2,2.175,-9.356,3.485
2,22.137,24.643,0.605
7,8.498,34.994,18.475
2,-44.050,1.410,8.467
2,-36.147,-35.704,2.511
7,10.728,39.127,41.152
3,44.131,22.834,-0.470
2,-9.787,-46.241,4.641
2,46.829,-33.643,1.416
2,-20.967,2.159,5.149
2,-20.632,9.940,4.753
2,22.471,-42.426,3.162
2,-6.552,-4.099,4.814
2,-11.991,4.676,3.582
3,28.009,13.826,0.215
2,28.230,30.261,0.571
2,11.520,-20.623,3.001
4,-24.238,-7.588,6.724
4,-43.896,-9.009,6.572
2,48.121,-24.598,1.892
2,-14.039,-33.627,5.460
3,-21.033,41.034,2.512
7,15.870,25.476,4.776
2,-30.083,4.182,5.908
2,41.597,-24.499,0.326
2,-13.839,14.967,3.601
3,32.845,9.426,-0.728
2,35.411,48.054,-1.475
2,7.686,34.386,-0.626
4,-0.221,12.794,2.522
2,27.070,38.373,0.125
2,-46.591,47.599,1.515
2,27.607,-28.898,2.771
4,-19.448,43.178,2.774
3,-16.299,-22.271,6.522
2,-17.282,13.198,3.930
2,9.541,36.598,1.199
2,-19.302,-48.345,5.170
2,-23.169,29.080,4.551
2,-18.225,46.921,2.313
2,3.781,-6.710,2.479
2,-27.000,-34.940,3.734
2,27.625,6.704,-1.379
2,-37.375,0.343,7.086
2,-35.534,-27.220,4.462
2,28.855,13.415,-0.123
2,-36.312,-26.035,4.374
4,15.086,-30.386,2.760
7,23.712,30.719,14.190
2,-7.609,20.223,2.497
4,-34.294,6.122,7.399
2,-7.691,-7.956,5.720
2,6.545,-22.596,4.039
2,41.735,29.679,-0.233
2,13.809,-45.768,2.524
2,-46.742,-17.115,3.998
2,-36.226,38.483,2.998
2,0.692,-31.112,4.842
2,-14.927,34.138,2.462
2,-48.618,-46.589,0.938
2,-8.367,-36.871,5.175
2,-33.575,-40.175,2.404
2,-15.692,31.110,2.943
4,41.532,-31.680,1.811
2,-24.603,-6.146,6.319
2,-10.020,45.744,1.350
2,8.792,-8.652,2.075
4,8.780,21.424,0.715
2,42.371,39.168,0.542
4,41.981,22.327,-0.151
2,7.456,-39.120,2.950
2,14.026,-29.445,2.260
2,35.227,18.090,-0.922
2,6.639,7.153,0.503
2,-14.904,18.048,4.070
2,12.425,0.367,-1.006
2,8.105,18.906,0.447
2,9.712,-18.645,3.186
2,34.233,-16.823,0.197
2,35.921,44.782,-1.015
2,47.589,-16.749,0.355
2,-17.883,33.605,2.704
2,2.314,-31.015,4.811
3,40.465,-11.292,-0.450
2,-14.206,49.158,2.450
2,-25.107,-12.056,6.730
2,-5.021,-25.917,5.670
2,24.708,33.640,0.156
3,-20.948,19.280,4.446
3,-43.333,-9.187,6.343
2,29.245,33.173,0.364
2,-42.942,-19.682,4.215
3,41.456,28.899,0.081
2,-38.139,-35.403,2.213
3,12.904,38.175,51.945
2,43.666,-37.250,1.999
2,-8.927,-35.530,5.413
2,-29.495,-5.163,6.116
2,-16.749,-29.717,5.459
2,8.585,-0.533,0.567
3,42.245,17.597,-1.275
2,-38.574,4.573,6.940
2,-44.069,-4.036,7.023
4,-27.038,30.763,5.025
2,23.107,20.418,0.277
2,-43.553,-9.581,5.919
2,6.051,11.048,1.216
2,-12.917,-47.080,4.706
2,-9.617,-4.335,5.072
2,-1.892,-31.081,4.933
4,-27.036,31.368,5.006
2,43.653,21.481,-0.966
2,20.925,-8.245,0.616
4,24.272,-4.910,-0.469
2,-3.746,35.916,0.213
2,-17.901,-33.284,5.462
2,49.563,19.100,-1.535
4,13.047,-29.606,2.832
2,-27.189,14.234,5.276
2,-31.946,31.560,4.224
2,19.937,-38.343,2.882
2,22.314,22.038,0.380
2,-42.073,48.511,1.831
3,-25.381,-19.290,7.054
2,-35.368,-35.591,3.138
7,21.048,25.979,2.368
2,10.702,-48.674,2.057
7,-108.047,-53.552,-31.691
2,5.976,8.966,1.216
2,6.758,12.133,1.276
2,45.062,39.030,0.285
2,-36.147,-1.974,7.041
3,-35.780,-36.508,2.821
2,5.219,-41.698,3.359
2,39.121,-5.465,-1.457
2,-7.718,-41.283,5.226
2,-15.411,11.726,3.823
2,0.763,-23.128,5.565
2,-37.994,44.842,2.785
2,35.539,-29.536,1.401
7,19.281,25.552,23.927
2,-16.388,-23.151,6.047
2,33.913,27.857,0.245
2,-4.478,-39.685,4.975
2,8.716,-24.188,3.865
2,37.435,20.449,-1.129
2,-25.280,-13.101,6.809
2,32.320,-24.818,1.129
2,29.525,-32.468,2.891
2,-20.296,20.406,4.294
2,43.356,5.277,-2.042
2,-1.157,15.940,1.872
2,43.259,22.508,-0.937
2,-35.870,-43.070,1.750
2,-44.623,-10.286,5.371
2,-33.317,3.150,6.169
2,-19.504,-19.371,6.374
2,-20.054,43.112,2.030
2,20.756,-28.717,2.321
2,-29.496,45.902,2.269
4,-1.010,13.558,2.409
2,5.009,-16.765,4.269
2,-14.112,-45.324,4.579
2,-40.361,-45.791,1.129
2,19.058,-28.670,2.355
2,-43.261,-41.178,1.304
4,25.500,2.285,-2.028
2,33.006,44.472,-0.157
2,5.881,-25.886,4.654
2,-11.291,-29.526,5.862
2,11.443,-35.977,2.500
7,15.915,25.464,9.000
2,-15.865,-23.320,6.061
2,-36.333,-26.185,4.409
2,-27.729,35.032,3.570
2,3.542,-33.291,3.877
4,8.178,34.320,25.628
2,28.834,29.677,0.473
2,7.878,28.718,-0.762
2,27.146,-37.424,3.272
2,-21.455,-29.916,4.922
2,10.845,43.052,-1.086
2,37.604,-9.818,-0.690
2,6.525,20.164,0.061
2,30.711,-2.286,-1.604
7,10.739,39.120,1.578
2,29.032,3.254,-1.990
2,-25.693,25.206,5.441
4,-11.985,32.858,3.547
4,43.946,21.808,-0.225
2,-46.413,49.714,1.237
2,22.532,-24.895,2.607
7,10.413,38.481,9.545
2,28.312,-4.181,-0.917
3,-4.131,-31.284,5.969
2,17.806,-30.620,2.109
2,-4.016,-18.076,5.379
4,-43.775,-10.054,6.453
2,-48.311,12.238,9.105
2,0.636,-36.854,4.559
2,-25.587,27.876,4.962
2,-43.034,23.095,6.887
2,-17.973,-12.425,5.726
2,33.539,-23.673,0.956
2,-36.728,-25.641,4.375
2,32.446,47.252,-1.264
7,24.091,31.434,11.370
2,25.050,-35.035,3.270
2,-22.066,-17.890,6.096
4,-5.446,-33.604,6.010
2,-25.450,28.655,5.180
3,41.478,29.133,-0.085
2,-9.788,-19.612,6.253
2,5.947,-17.900,4.104
2,5.118,8.046,1.172
2,37.582,-42.516,2.612
2,32.754,43.884,-0.483
3,28.230,36.601,0.284
2,46.606,36.246,-0.095
2,-8.639,-36.175,5.265
3,-43.480,-9.627,6.263
2,5.275,40.820,-0.235
3,-16.023,-22.652,6.495
2,-25.783,-19.115,6.773
2,-48.952,-27.996,1.503
2,15.753,30.470,51.945
2,-39.803,47.814,1.937
2,-47.874,-15.156,3.658
7,-86.745,5.418,0.855
3,29.061,13.885,0.518
2,-0.816,12.418,1.888
2,12.688,-49.501,1.729
4,-36.477,-36.845,3.220
2,-32.078,26.001,5.614
2,4.794,-16.956,4.100
2,6.354,-34.786,3.313
2,42.132,32.811,-0.463
2,-20.572,19.737,4.334
2,-8.285,-4.346,5.033
2,36.805,-31.390,1.004
2,17.952,-18.930,3.348
2,-30.041,32.477,3.948
2,-0.864,35.430,-0.739
2,48.137,-19.109,0.898
2,11.283,-6.100,0.695
7,23.338,30.113,16.319
2,32.713,43.911,-0.149
2,18.642,44.571,-0.996
7,95.921,-56.285,-58.836
2,-43.518,-5.798,6.916
7,24.502,31.884,23.286
2,36.940,7.007,-2.029
2,7.126,-2.842,1.560
4,31.793,8.255,-0.599
4,-35.165,-37.079,3.146
2,30.481,-19.171,1.211
2,35.941,-44.743,2.715
2,47.016,-6.846,-1.526
2,34.594,-24.420,0.981
2,2.700,-2.020,2.495
2,-28.167,-10.245,6.327
2,33.443,-29.112,1.587
2,-49.265,49.262,1.396
2,-5.128,-31.103,5.740
2,20.127,-38.336,2.779
2,-39.847,31.383,4.614
2,38.567,9.565,-1.785
2,-43.806,2.986,8.411
4,27.839,13.951,0.403
2,-37.554,11.756,6.741
7,23.107,29.561,26.132
2,7.123,21.288,0.087
2,-6.023,-44.758,4.514
2,43.122,-46.554,2.145
2,-31.534,38.374,2.832
2,-49.008,-3.949,7.101
2,-10.036,44.818,1.254
2,8.253,19.355,0.519
2,23.239,12.730,-0.270
7,24.437,31.977,14.199
2,7.709,47.168,0.523
2,-21.684,36.582,2.944
3,32.663,6.619,-1.465
2,-47.861,13.074,9.010
2,-26.053,-13.688,6.828
2,-25.843,-12.801,6.857
2,24.584,-32.501,3.110
2,34.824,25.261,-0.127
2,0.018,32.088,-0.739
2,-33.391,-36.379,2.942
2,-8.654,5.436,2.727
2,48.928,-17.157,0.641
7,10.888,39.123,0.139
2,0.750,-26.335,5.619
2,40.221,-46.582,2.583
2,26.502,35.560,0.052
2,40.791,17.026,-1.787
3,-5.812,21.747,1.855
3,-20.503,7.857,5.140
2,47.308,-4.444,-2.056
2,24.716,-1.213,-2.225
2,-25.664,27.798,5.107
4,-0.598,13.552,2.330
4,17.202,25.545,16.127
2,10.108,-14.176,2.980
2,-36.952,-33.833,2.577
2,-24.817,2.463,6.073
2,-0.779,4.753,2.496
3,-8.682,-5.144,5.391
3,-43.530,-9.707,6.119
2,9.756,9.327,0.186
2,-9.866,16.539,3.083
4,18.673,-16.480,4.111
2,-19.317,-18.404,6.378
2,1.526,23.320,0.171
2,-17.802,3.232,4.446
2,0.712,-2.882,3.174
2,-45.398,20.886,7.897
4,-0.412,13.532,2.534
4,-3.263,-1.555,5.197
2,30.477,12.357,-0.362
2,26.543,3.574,-1.740
2,-32.217,-11.408,6.097
2,38.030,-44.974,2.695
2,-26.816,-12.705,6.814
7,17.895,25.513,0.676
2,-43.154,47.787,1.678
2,47.882,-2.516,-2.666
2,-10.973,7.180,2.860
2,18.775,34.775,51.945
2,15.277,36.160,51.945
2,-11.747,-42.424,4.904
2,35.882,-13.514,-0.560
2,48.780,-25.941,1.998
2,-30.010,-36.258,3.265
2,-17.753,48.759,2.425
2,-20.540,-49.696,5.205
4,27.717,14.421,0.538
3,43.288,22.119,-0.437
2,-30.299,-15.040,6.098
4,4.556,-35.068,4.316
2,49.997,46.870,0.560
2,45.977,-17.808,0.500
3,-0.212,13.173,2.237
2,-2.711,-38.498,4.774
2,-26.069,-26.189,5.337
4,21.050,26.124,16.333
7,22.008,27.783,7.270
4,29.475,13.852,0.463
2,-23.978,21.090,4.502
3,-5.279,-32.694,5.882
2,-46.075,12.633,8.773
2,44.024,-31.147,1.129
2,-8.615,3.404,3.196
2,49.279,38.113,-0.648
2,20.614,46.718,-1.367
2,-23.808,26.665,4.925
2,1.056,-48.724,3.473
2,-7.720,-8.519,5.594
2,-10.343,-33.584,5.447
2,1.067,-16.936,4.531
2,-43.795,-10.255,5.554
2,18.012,-13.239,1.872
3,-22.823,-11.811,6.230
2,14.706,-31.051,2.095
2,14.611,17.331,0.182
2,-6.368,-14.014,5.721
4,4.093,0.485,2.573
2,31.871,-12.538,0.563
3,32.014,44.195,0.004
2,-3.679,44.026,0.729
2,24.029,15.897,-0.113
2,4.933,-8.183,2.449
2,-33.400,-0.634,6.692
2,-5.735,-8.239,5.750
2,-7.332,-20.386,6.089
2,39.299,13.762,-1.571
2,21.576,-32.541,2.670
4,3.785,-33.794,4.681
2,-19.818,42.582,2.017
3,-28.637,31.083,4.924
2,-26.045,29.250,4.936
2,8.100,-7.055,1.720
2,-10.075,-2.152,4.707
2,42.623,28.125,-0.344
2,-10.259,40.138,1.692
4,40.282,-19.534,1.231
2,-35.535,-25.237,4.770
2,-12.755,18.575,3.861
2,5.296,-33.714,3.698
7,8.177,34.303,12.825
2,-34.448,36.990,3.330
2,44.990,-43.699,1.364
2,-37.424,37.604,3.137
2,-38.637,49.738,1.220
7,9.725,37.186,5.357
3,5.375,-16.963,4.415
2,30.356,-46.460,2.884
2,-27.824,35.645,3.469
2,-16.544,-36.214,5.330
2,-22.468,-29.419,4.827
2,-1.620,-8.489,4.449
1,15.061,-49.960,2.474
2,42.689,48.761,-0.499
2,-28.564,12.840,5.450
4,4.594,-33.449,4.393
2,30.002,-16.554,1.128
4,-36.179,-25.260,5.085
2,20.878,-4.890,-1.702
2,-38.271,40.708,3.087
2,45.218,24.380,-0.621
2,11.343,11.671,-0.128
2,48.365,-46.807,1.179
3,-16.377,-23.234,6.687
2,36.878,28.287,0.193
2,-1.650,17.590,1.638
2,-32.411,47.529,2.317
2,30.626,43.217,-0.639
2,-46.510,-6.007,6.202
2,40.386,-25.472,0.583
2,-16.256,36.052,2.235
2,-22.748,-10.530,5.972
1,17.264,25.404,9.806
3,-1.207,13.469,2.203
2,-26.620,-13.243,6.790
2,-26.947,-6.376,6.140
2,17.599,13.670,0.348
3,41.667,29.734,0.037
2,-32.773,-45.752,2.402
2,-25.412,28.799,5.119
2,-49.872,47.638,1.637
2,-31.768,5.622,5.741
3,4.450,-34.451,4.225
2,-34.466,-7.143,6.353
2,-34.861,3.148,6.540
2,8.698,-48.523,2.243
4,-18.170,7.184,5.067
2,-6.876,-11.692,5.816
2,-34.931,20.866,6.132
2,-6.584,-7.018,5.815
4,-27.553,32.491,5.156
2,-44.623,-1.243,7.924
4,-27.331,31.595,5.248
2,41.066,22.308,-1.137
2,43.351,23.613,-0.793
2,-6.153,-19.004,6.068
2,-12.289,40.488,1.664
2,42.062,-25.831,0.524
2,-12.409,-19.298,6.168
2,-34.485,36.367,3.502
2,32.025,44.503,-0.315
2,-49.150,-40.124,0.555
2,-15.713,-28.684,5.431
2,43.901,-20.355,0.854
2,-20.816,19.782,4.127
2,35.939,4.087,-2.125
2,-40.720,-23.403,3.596
2,6.720,-35.856,3.119
2,41.685,-9.063,-0.843
4,-27.803,31.977,4.829
2,30.887,22.603,0.246
2,-25.034,28.176,4.943
2,34.540,45.426,-1.307
4,-17.848,-8.796,6.875
2,16.055,-29.683,2.172
2,20.551,-15.427,2.237
2,12.665,-25.798,2.863
3,-20.056,19.128,4.321
3,-35.970,-25.127,5.080
3,-19.800,42.890,2.470
2,4.713,34.640,-0.917
2,-49.640,38.015,4.099
2,-17.887,6.734,4.299
2,4.830,-28.740,4.716
2,10.401,-27.250,3.467
2,-44.226,-40.559,1.263
2,8.436,-15.175,3.119
2,-24.362,19.196,4.303
2,-37.162,9.035,6.456
2,4.633,-0.761,2.001
2,38.703,43.899,-0.383
4,-44.457,-9.332,6.393
2,-34.068,36.104,3.359
2,-23.517,-15.952,6.297
2,-44.071,-8.949,5.957
2,28.301,-40.611,3.413
2,-8.866,14.416,2.655
2,38.140,18.903,-1.687
2,15.869,-0.966,-1.027
2,23.765,-41.159,3.140
2,-9.136,23.509,2.893
2,26.734,15.722,-0.028
2,6.421,-48.185,2.348
2,6.670,-33.384,3.381
2,13.754,-37.187,2.126
2,23.165,38.692,-0.607
2,38.522,-32.293,1.182
2,-20.520,-26.254,5.306
4,-19.814,42.147,2.627
2,17.589,-2.385,-1.228
2,30.294,30.337,0.471
2,-7.507,25.069,2.676
2,42.638,41.636,0.359
2,47.195,-37.447,1.413
2,27.625,-41.042,3.329
2,-1.851,36.736,-0.439
3,5.177,-17.551,4.347
3,-16.522,-23.530,6.629
4,43.842,22.127,-0.244
2,35.043,38.042,0.239
7,19.329,25.494,5.015
2,19.980,-43.755,2.990
3,41.553,28.693,-0.007
2,-47.101,16.391,8.844
2,-3.810,20.784,1.395
2,21.939,-23.791,2.665
2,4.713,-22.534,4.474
2,25.693,46.200,-1.723
3,42.597,29.373,-0.244
2,-20.668,19.748,4.566
2,-21.355,-2.676,5.488
3,9.203,36.109,6.967
2,-48.971,35.775,4.598
2,-33.501,36.723,3.427
2,-45.332,1.898,8.386
2,-28.997,29.964,4.654
2,6.204,38.838,-0.670
2,-5.375,27.578,1.756
2,-1.111,48.209,1.568
2,-28.807,-27.944,4.567
2,-24.015,3.027,5.809
2,26.656,44.389,-1.501
2,40.143,2.222,-2.120
7,21.485,26.600,23.344
3,-43.562,-9.644,6.164
2,-22.186,-36.201,4.232
2,37.325,16.009,-1.528
2,-14.538,-0.672,4.317
2,-35.948,-35.658,2.693
2,-25.566,-1.619,6.585
3,-0.462,12.775,2.320
2,11.780,-37.977,2.604
2,-40.888,-35.630,2.037
3,29.339,13.977,0.388
4,28.503,-0.139,-1.172
3,-8.865,-3.183,5.048
2,12.283,-47.877,1.951
2,47.383,45.863,0.492
2,-13.386,32.964,2.190
7,40.748,4.808,-10.031
2,-30.183,48.915,2.251
2,-23.102,-13.146,6.097
4,-21.629,-9.721,6.859
4,42.125,18.427,-0.653
7,22.014,27.907,12.855
2,-27.545,-31.420,4.007
2,35.514,-40.121,2.606
2,11.172,-43.388,2.799
2,0.302,-41.685,4.022
2,-22.833,-15.679,6.268
3,15.287,-30.211,2.598
2,-29.679,19.584,5.072
2,-13.535,17.847,3.862
2,47.348,24.709,-0.758
4,24.507,3.592,-0.844
2,-1.282,-49.474,3.816
2,-46.960,-47.914,0.827
2,-0.306,-27.578,5.631
2,33.961,-40.071,2.729
2,35.739,17.186,-0.974
2,42.254,3.018,-2.237
3,-22.520,42.633,2.600
2,30.542,21.483,0.266
2,20.244,-40.888,2.721
7,8.468,34.909,17.763
2,28.723,42.105,-0.960
2,-47.946,-17.917,3.713
2,34.674,-17.261,0.165
2,26.532,5.185,-1.665
4,8.358,21.584,0.470
2,-11.325,41.893,1.337
2,35.091,1.357,-2.375
2,35.643,31.571,0.640
3,-18.698,6.641,5.009
2,46.178,-27.609,1.308
2,35.014,-29.423,1.487
2,-18.655,49.635,2.589
2,-19.498,-47.339,5.044
2,-43.160,-17.731,4.489
2,-26.884,24.112,5.195
2,27.750,37.207,0.233
4,26.844,-1.826,-1.075
2,-10.042,-4.324,5.157
2,20.883,-38.620,2.855
4,40.082,18.037,-0.951
2,-26.265,-30.951,4.608
2,-46.779,4.826,8.262
7,23.540,30.175,28.893
2,3.703,46.688,0.512
2,-16.443,-22.756,6.346
2,36.044,4.964,-2.122
2,-6.499,47.544,1.807
2,-20.870,-45.243,4.689
2,-43.563,-3.313,7.072
2,-17.610,-7.296,5.386
2,-30.627,34.881,3.200
7,24.034,31.355,21.864
2,32.306,49.744,-1.597
3,-19.955,-49.948,5.335
2,-11.638,-12.170,6.028
2,45.056,-48.924,1.970
2,-21.063,19.501,4.186
2,-34.515,36.179,3.321
2,42.974,8.519,-2.266
2,42.902,30.264,-0.555
2,16.908,47.861,-0.839
2,-5.600,-15.681,5.571
2,-7.796,0.449,3.811
2,-7.472,-28.763,5.903
2,13.452,-27.178,2.822
2,5.546,23.019,-0.246
2,32.846,49.637,-1.547
2,11.104,-30.980,2.773
2,-8.433,-25.149,5.964
3,-43.565,-9.365,6.383
4,0.084,13.579,2.358
2,9.040,-2.596,0.704
2,42.378,28.902,-0.138
2,-8.447,-12.307,5.823
4,14.045,-29.431,2.772
2,-42.817,4.739,8.022
2,-33.152,-37.611,2.891
2,7.210,3.621,0.214
2,-38.038,45.437,2.553
7,19.397,25.373,8.518
3,-16.643,-22.340,6.596
2,7.805,-29.957,3.498
2,20.786,-37.908,2.819
2,1.389,-17.637,4.566
2,23.607,-7.993,0.711
2,-6.640,-8.752,5.729
2,-34.045,36.609,3.321
4,-20.563,-5.129,6.019
2,26.345,13.804,-0.235
2,-4.485,-36.690,5.050
2,-20.781,42.869,2.064
2,8.895,34.645,51.945
2,-10.556,-19.702,6.214
2,14.420,2.760,-1.337
4,22.182,1.389,-1.484
2,35.237,27.505,0.189
2,-8.415,-5.004,5.022
2,-34.753,36.654,3.396
2,-46.453,-45.014,0.977
2,4.018,-49.995,2.916
2,-10.297,-49.984,4.156
2,20.942,34.073,51.945
2,47.026,-5.385,-1.886
2,-18.368,-39.219,5.151
2,42.156,-30.720,1.247
2,35.448,21.392,-0.634
2,14.104,48.215,-0.459
2,30.674,-40.150,2.950
4,42.543,22.847,-0.140
2,31.990,10.000,-1.272
2,-49.711,24.667,7.835
2,21.472,-23.550,2.619
4,42.306,21.689,-0.143
4,31.444,6.346,-0.839
2,22.242,16.097,0.048
2,11.578,32.576,51.945
2,-47.661,-30.291,1.703
2,-35.130,-43.809,1.753
2,7.087,19.857,0.619
2,6.933,1.899,0.615
2,-30.223,7.139,5.788
4,-35.225,-5.169,8.186
2,4.317,-15.023,3.744
2,14.538,40.814,-1.415
2,2.566,-11.488,3.713
2,22.805,19.481,0.379
2,-25.602,13.424,4.888
2,2.250,28.913,-0.260
4,20.285,-0.660,-0.965
7,24.500,31.997,5.810
2,10.007,-1.271,0.160
2,-37.728,-18.301,4.571
2,48.143,-30.114,1.304
2,48.636,-32.943,1.243
2,19.648,-38.553,2.654
4,-36.470,-26.059,5.060
7,23.039,29.667,0.319
2,-30.637,-36.660,3.209
2,20.222,35.522,51.945
2,-20.957,-12.952,5.715
2,-11.457,33.687,1.976
2,46.729,-14.611,-0.033
2,-3.099,-29.933,5.451
2,11.703,-0.485,-0.672
3,15.246,-28.685,2.791
2,43.216,9.992,-2.305
2,-28.032,30.760,4.543
1,7.836,32.630,2.044
2,-31.482,26.892,5.522
2,-35.233,-36.057,2.602
2,28.072,34.734,0.261
2,0.099,21.431,0.875
4,22.635,0.896,-1.319
2,23.535,6.297,-1.486
2,-42.333,40.053,3.487
7,14.826,48.160,-9.965
2,38.887,29.758,0.123
2,22.466,6.395,-1.260
2,-27.320,42.840,2.175
2,-17.907,-49.794,5.341
3,27.103,36.222,0.473
3,-19.983,8.385,4.967
2,-2.031,-44.699,4.344
2,-10.535,-24.942,6.319
4,-35.572,-36.598,3.298
2,1.379,-41.409,3.872
2,-17.973,1.716,4.458
4,-22.992,-8.174,6.998
2,-46.955,-44.248,1.106
2,22.164,44.094,-1.653
2,-44.293,5.284,8.267
2,-10.070,-0.312,4.200
2,-31.173,4.010,5.736
2,44.317,-45.410,1.609
2,-28.257,30.159,4.365
2,42.397,10.193,-2.076
4,-20.206,-9.046,6.482
2,26.639,19.848,0.219
2,7.942,40.008,-0.820
2,-0.197,-22.093,5.452
2,-38.122,-11.000,5.546
4,-17.589,6.773,5.193
2,43.772,43.992,0.308
4,24.841,-16.392,3.431
4,-26.836,-62.011,3.038
2,34.220,8.457,-1.437
2,-39.159,2.571,7.333
3,-29.345,32.375,4.454
2,-25.584,27.914,4.947
2,6.725,42.476,-0.325
7,-26.990,-7.780,-8.679
2,41.950,-29.496,0.903
2,10.022,-19.327,3.107
2,1.040,48.502,1.397
3,43.660,22.454,-0.556
2,17.684,-47.503,2.666
2,27.527,11.581,-0.358
2,26.644,-1.159,-2.259
2,41.873,-49.842,2.375
2,-16.139,-13.466,6.049
4,39.344,-18.298,1.256
3,28.266,14.607,0.266
2,-41.761,48.062,1.837
2,-15.056,-47.414,4.795
4,-12.602,32.757,3.649
2,43.473,39.518,0.387
2,-40.871,18.060,7.747
4,-18.424,-8.973,7.015
3,-19.847,19.409,4.601
4,14.358,-31.420,2.789
2,10.106,4.644,-0.414
2,23.262,-42.534,3.229
2,-0.583,-28.197,5.604
2,-47.739,9.215,9.043
2,-14.449,12.490,3.813
2,6.308,-40.452,3.133
2,33.820,26.209,0.029
2,13.896,37.325,51.945
2,48.478,-7.597,-1.582
2,-7.287,-6.734,5.400
2,-24.304,-3.013,6.483
2,-26.791,-1.255,6.510
2,-0.410,-4.398,3.836
2,-19.191,7.954,4.623
2,-48.934,-24.591,1.934
7,24.188,31.389,14.168
2,4.685,-11.601,3.378
3,-44.031,-9.498,6.086
4,27.828,14.439,0.507
4,32.995,9.214,-0.461
2,-39.752,-14.072,4.941
2,-24.559,-5.423,6.336
2,8.477,43.645,-0.368
2,-13.880,43.853,1.938
2,40.771,35.737,0.466
2,-38.414,30.045,4.593
3,-2.232,27.373,0.560
2,-38.777,31.870,4.309
2,-34.719,36.653,3.472
2,-5.674,-31.500,5.944
7,24.053,31.444,20.465
2,-17.772,-8.412,5.486
2,26.426,-3.665,-1.248
2,5.528,18.044,0.668
7,24.386,31.878,3.713
2,-7.104,-7.480,5.605
2,7.922,35.831,-0.774
3,25.656,36.367,0.499
2,-28.050,-45.757,3.371
2,-22.197,-23.145,6.123
2,6.260,4.102,0.429
2,-8.579,-4.408,5.203
7,10.501,38.378,13.857
2,-22.260,46.997,2.308
2,9.497,-46.804,2.152
2,-22.068,43.274,2.256
3,-43.693,-9.390,6.438
3,-19.928,8.035,5.124
2,24.255,-19.134,2.097
3,27.522,37.082,0.446
2,20.169,-37.865,2.745
2,32.086,48.439,-1.312
2,-43.026,47.159,1.670
2,35.341,-42.849,2.942
2,-27.166,1.285,6.407
2,4.948,24.800,-0.332
2,-45.809,22.842,7.582
2,36.894,-29.953,1.143
2,-12.017,-13.422,6.086
2,-16.780,-43.272,4.737
2,22.108,28.983,51.945
2,-48.212,-47.263,0.899
2,35.374,37.578,0.347
2,26.556,49.922,-2.065
2,-5.246,-11.071,5.528
2,8.415,-25.449,4.029
2,-6.109,-23.805,5.631
2,5.575,15.979,1.264
3,15.174,-29.874,2.532
2,-37.218,-12.100,5.383
2,26.781,-15.531,1.480
3,42.303,29.629,-0.032
4,43.454,23.173,-0.357
2,15.637,-32.810,1.966
2,-24.934,-42.279,3.700
2,29.000,-21.617,1.627
2,41.502,2.432,-2.230
4,32.133,8.504,-0.666
2,-6.857,-6.458,5.751
2,-36.329,-35.542,2.557
2,38.793,38.766,0.648
2,33.939,-45.877,2.897
7,22.732,29.112,4.531
2,-13.208,37.550,2.210
2,40.920,-30.198,1.064
2,5.968,-13.676,3.446
4,-4.541,-19.607,6.431
2,26.377,-34.643,3.223
2,-1.488,-41.307,4.397
2,-34.868,-46.927,2.137
4,5.861,-33.060,4.340
3,33.116,8.751,-1.209
4,31.279,33.520,1.540
2,24.882,-11.725,1.276
2,-16.955,25.644,3.686
2,-42.672,24.581,6.679
2,32.428,44.352,-0.250
2,37.835,5.815,-2.113
2,18.498,-48.693,2.775
7,8.376,34.948,-0.753
2,18.206,-36.462,2.378
2,24.419,40.647,-0.610
2,-26.351,28.718,4.952
2,33.266,-41.635,3.173
2,-35.401,-36.916,2.445
2,-34.089,36.272,3.488
2,-44.843,5.624,8.275
2,41.571,-42.450,2.126
2,-49.732,48.194,1.553
4,18.409,13.714,0.954
2,6.904,20.439,0.507
2,-8.335,-6.886,5.811
2,28.188,-25.986,2.093
2,-42.647,49.711,1.473
7,21.485,26.642,9.392
4,-26.167,-19.151,7.000
2,32.685,43.731,-0.371
2,31.072,2.364,-2.386
2,-19.373,7.829,4.557
3,-43.893,-9.276,6.145
4,38.078,-20.279,0.954
2,17.193,-31.086,1.919
2,-1.149,13.464,1.841
2,33.868,40.949,-0.048
3,31.817,44.491,0.154
2,-19.035,6.450,4.566
2,-43.286,21.057,7.551
7,21.454,26.572,6.602
2,-45.356,-18.170,3.962
2,-0.854,-5.595,4.138
2,-3.591,31.562,0.626
2,-47.754,-29.612,1.762
2,28.688,-35.993,3.231
2,-35.479,-35.474,3.108
2,-47.407,-11.611,4.666
2,-5.168,-17.647,5.763
2,46.139,-9.759,-0.616
2,9.450,36.706,-0.945
2,-4.818,-14.637,5.460
2,5.506,12.602,1.372
2,29.798,-24.399,1.419
2,-49.622,-26.249,1.639
2,-49.856,-3.539,7.314
2,-27.005,-32.225,4.073
4,-18.851,-7.726,6.724
3,-18.983,6.760,4.955
2,22.854,43.811,-1.622
2,-16.310,-15.926,6.309
4,31.929,10.159,-0.656
4,27.794,12.341,0.455
2,-3.099,-3.535,4.277
2,46.964,-19.842,1.022
2,20.953,43.248,-1.532
2,-27.095,-4.177,6.223
2,15.806,37.463,51.945
2,8.853,4.246,-0.205
2,-45.602,-17.627,4.000
3,41.579,-31.948,1.435
4,-44.181,-9.094,6.360
2,21.568,34.806,51.945
2,34.383,-22.611,0.564
2,16.323,-30.526,2.020
3,-26.234,29.101,5.085
3,27.464,12.875,0.242
2,45.141,15.992,-2.002
2,-33.825,34.099,3.423
2,-29.842,-16.480,5.929
2,41.171,17.058,-1.712
2,42.403,22.144,-0.948
2,-0.951,9.924,2.235
3,-3.843,22.747,1.546
4,-36.644,-25.102,5.235
2,15.067,-30.619,2.129
2,35.204,32.627,0.590
2,10.405,-13.377,2.824
4,15.591,-29.759,2.749
2,42.866,22.047,-1.020
2,-9.333,43.044,1.188
2,6.524,47.168,0.473
2,19.106,-37.659,2.820
2,-16.850,-39.794,5.110
2,-2.559,-15.114,5.094
3,20.756,-36.723,2.876
2,37.496,46.094,-1.372
2,-0.962,-38.041,4.461
2,-29.898,36.652,2.965
2,-8.539,-27.036,5.942
2,-25.525,27.847,5.230
4,-43.441,-10.214,6.608
2,-27.777,-2.696,6.342
2,-38.899,31.334,4.418
4,41.665,22.144,-0.149
2,12.826,-47.350,2.042
2,-16.613,-22.276,6.464
2,-24.346,-45.964,4.238
2,15.389,6.933,-1.535
2,-34.968,-11.685,5.703
2,-3.552,-1.997,4.042
2,25.856,33.650,0.274
2,21.312,39.743,-0.897
2,-22.771,27.990,4.713
2,-9.674,-25.742,6.186
3,41.903,28.776,0.086
4,40.366,17.477,-1.154
2,-30.924,-45.831,2.851
2,-8.636,4.274,3.048
2,42.838,19.436,-1.477
2,13.159,-14.845,3.055
3,15.833,-30.919,2.604
2,33.401,-33.198,1.956
2,-2.737,36.837,-0.156
4,37.214,-18.963,0.935
2,22.345,-11.494,1.343
2,47.173,-43.018,1.618
2,-5.044,2.727,3.061
2,-6.665,-8.614,5.802
3,-44.030,-9.741,6.005
3,-43.921,-9.488,5.958
2,43.217,18.846,-1.725
2,-14.751,48.346,2.539
2,31.940,12.215,-0.541
2,15.629,-15.898,2.674
2,-47.246,43.980,2.499
2,29.580,-3.580,-1.384
2,-29.340,-4.346,6.252
4,-26.811,-19.653,7.987
3,-26.502,29.137,5.206
2,-5.200,46.452,1.524
2,-6.881,29.252,2.048
4,-3.666,21.691,2.167
3,41.739,-30.506,1.529
2,46.878,43.908,0.219
2,-43.552,-49.802,0.824
2,-46.818,-6.509,5.848
2,40.198,-15.742,-0.260
2,-35.655,-39.129,2.331
3,-5.742,-31.638,6.098
7,139.870,-121.672,-58.175
2,-39.171,1.315,7.132
3,6.043,-32.943,4.080
2,33.423,49.624,-1.615
2,33.264,-33.911,2.082
2,28.010,-37.637,3.171
2,-48.702,7.421,8.476
3,-18.936,8.753,5.002
7,21.797,27.201,0.975
2,11.163,-34.031,2.389
2,-38.622,28.777,4.871
2,7.167,-32.417,3.373
2,4.505,48.134,0.724
2,33.291,-27.427,1.472
4,-0.480,13.546,2.371
2,-25.675,-12.377,6.900
2,-30.528,27.628,5.246
2,25.224,14.624,-0.337
2,28.200,10.509,-0.598
2,-15.595,36.904,2.309
2,-7.913,-3.864,4.886
2,13.851,3.924,-1.198
2,40.749,-1.599,-2.088
2,8.811,-15.701,3.009
4,39.584,-14.643,0.866
3,41.579,28.556,0.102
2,-45.855,40.600,3.229
2,17.404,-18.926,3.347
2,32.026,44.567,-0.620
2,31.036,-21.728,1.051
3,4.260,-34.789,4.277
2,-13.449,8.717,3.392
2,-46.291,17.906,8.722
3,42.232,28.901,0.043
2,18.857,44.042,-1.271
7,21.652,27.273,14.939
2,-25.773,27.745,5.186
3,31.675,8.904,-0.872
2,2.623,-18.205,4.549
2,-34.499,36.299,3.345
3,-36.487,-25.176,5.036
2,29.402,12.990,-0.077
2,-0.826,34.189,-0.534
2,-21.394,37.212,2.792
3,42.092,-18.549,0.794
3,41.538,-32.063,1.614
2,-48.853,-4.755,6.527
2,-38.102,-20.284,4.229
4,40.927,-15.527,0.928
2,33.033,-2.356,-1.496
4,-22.331,42.564,2.674
7,8.402,35.006,2.808
2,44.926,-7.446,-1.060
2,39.911,20.380,-1.471
4,28.743,-4.215,-0.260
2,-25.676,-27.846,4.891
4,8.438,34.932,27.020
7,29.562,39.304,-8.978
2,15.029,-23.947,2.832
2,-46.571,-1.314,7.854
2,46.473,42.548,0.146
7,8.406,31.444,1.564
4,26.963,-1.896,-1.172
2,-42.757,-24.405,3.165
2,-5.017,-31.682,5.804
2,36.792,-25.196,0.906
7,23.497,30.246,7.238
4,41.580,18.024,-1.000
2,7.358,35.979,-0.708
2,-32.211,-20.725,4.907
2,-28.037,33.105,3.760
2,-38.398,-12.928,5.180
2,-6.216,-32.330,5.691
2,14.131,42.110,-1.458
2,-10.199,-15.824,6.051
2,-10.730,22.618,3.450
2,35.968,-47.327,3.149
2,-40.676,15.586,7.544
2,-34.462,28.252,5.113
3,42.134,29.718,-0.124
2,48.687,38.066,-0.472
2,26.074,17.862,0.067
2,48.680,-21.602,1.644
2,-20.493,1.615,5.079
1,-2.909,27.693,0.724
2,9.144,-17.421,3.313
2,-30.151,-30.668,3.881
2,20.924,-28.144,2.310
2,-2.103,33.158,-0.020
2,19.520,-36.853,2.611
2,45.827,-35.300,1.646
2,11.906,-17.962,3.184
2,47.301,-11.472,-0.247
4,-28.807,-18.416,7.535
2,45.556,-42.908,1.533
2,41.033,28.915,-0.241
2,42.023,-31.744,0.994
7,24.427,32.049,23.985
2,-3.708,-42.701,4.730
2,-11.446,-6.537,5.021
2,46.213,5.826,-2.673
4,-1.115,13.174,2.486
2,12.961,16.439,0.102
3,-6.134,-19.018,6.321
3,-6.165,-33.370,5.861
4,-34.791,-5.417,7.124
2,-44.414,-44.474,0.996
2,-47.870,24.877,7.609
2,22.942,27.678,0.328
2,11.858,-34.654,2.289
3,-44.160,-8.993,6.050
2,21.849,-3.917,-1.574
2,13.808,-31.974,2.150
2,14.276,47.592,-0.629
2,40.767,17.282,-1.499
4,21.667,27.272,28.904
2,31.121,12.372,-0.456
2,-17.990,21.685,4.179
2,-40.529,-21.219,3.926
3,26.160,-3.467,-0.851
4,-17.606,-8.907,6.965
2,24.656,-45.515,2.651
2,33.611,11.738,-0.836
3,-26.607,30.573,4.775
2,-10.303,11.736,3.023
2,-17.765,11.219,3.923
4,-29.041,31.197,5.198
2,-18.131,41.118,1.888
2,1.902,-11.794,3.845
2,35.047,31.816,0.638
2,-19.303,7.370,4.580
2,39.831,22.079,-1.096
2,-20.044,19.851,4.156
2,6.095,-34.303,3.354
2,-38.920,7.085,7.086
4,-27.347,31.708,4.910
2,23.200,45.555,-1.738
2,-32.845,-38.121,2.871
2,26.343,28.294,0.608
2,35.856,-26.731,1.101
4,17.350,-16.342,4.125
7,22.694,29.100,0.348
2,-17.565,-43.805,4.776
2,14.314,-19.992,3.054
2,-34.349,36.574,3.539
3,-20.698,19.107,4.531
2,25.906,36.966,0.222
2,-36.022,31.978,4.078
7,8.143,34.239,3.579
2,49.203,18.698,-1.609
2,42.895,4.368,-2.109
2,41.671,-16.706,-0.056
4,-5.640,-33.326,5.940
2,-46.718,25.398,7.337
2,-43.085,-0.544,8.033
2,-1.066,-31.791,4.837
2,11.279,-14.720,3.106
2,-2.564,-22.530,5.560
4,38.263,-18.020,1.011
2,-16.627,-22.461,6.044
2,-14.132,-19.441,5.943
2,29.420,-0.709,-2.064
2,45.247,-33.081,1.620
2,2.222,-41.445,3.915
3,-19.642,42.624,2.588
2,-23.969,10.366,4.829
2,27.906,-46.044,2.813
4,-0.522,13.532,2.696
2,32.804,32.491,0.341
4,-20.345,42.052,2.619
2,0.121,16.203,1.637
2,19.926,-38.246,2.824
2,32.709,41.247,0.076
4,-17.626,-9.249,6.919
2,10.550,-22.601,3.310
2,34.079,-24.729,1.007
4,-26.510,31.634,5.405
4,-98.019,-17.893,6.239
3,-19.175,43.344,2.635
2,27.595,38.168,0.134
2,-6.576,6.312,2.461
2,-11.712,1.653,4.148
3,-19.818,42.246,2.522
2,42.473,-32.020,1.213
2,43.252,42.395,0.396
2,-35.529,34.633,3.620
4,-0.140,13.398,2.671
2,-0.852,-17.015,4.730
2,14.876,18.222,0.307
2,35.417,-47.561,3.070
2,3.841,-35.703,3.952
2,19.881,-38.016,2.886
2,39.293,-40.195,2.458
2,-44.222,-46.837,0.892
2,32.716,43.873,-0.145
2,-35.207,-19.565,4.889
7,10.463,38.477,-0.516
2,-16.511,-17.468,6.148
2,0.783,8.447,1.958
2,-35.279,49.240,2.025
2,34.265,14.140,-0.910
2,-37.787,-2.279,7.205
2,5.229,-35.130,3.495
3,27.774,37.036,0.423
3,-36.228,-36.864,2.778
2,43.666,-19.813,0.862
2,-6.358,15.640,2.504
2,-33.830,34.721,3.356
2,-40.412,-1.568,7.185
2,24.556,16.715,-0.002
3,12.415,-31.310,2.595
4,-36.422,-36.761,3.055
2,-29.827,0.382,6.413
7,9.847,37.183,6.074
2,19.316,-27.652,2.331
2,17.794,-40.343,2.260
2,-36.371,-25.176,4.661
7,22.732,29.092,21.266
2,-32.346,-7.091,6.276
2,11.826,-23.963,2.880
2,-23.741,-30.199,4.817
2,19.213,-37.250,2.790
2,-33.383,49.212,2.023
2,-49.989,-10.584,4.596
4,12.433,9.536,0.025
2,24.378,-15.029,1.913
3,27.738,3.070,-1.593
2,33.516,-34.892,1.968
2,34.330,17.658,-0.725
3,-35.659,-25.221,4.880
2,-26.385,31.921,4.563
3,32.897,44.401,0.092
2,0.030,13.502,1.831
2,23.538,42.900,-1.409
4,-21.163,40.981,2.560
3,41.670,29.590,0.025
7,-13.238,49.484,-4.222
2,17.473,-16.339,2.700
2,-33.659,-41.824,2.107
3,25.296,-2.178,-1.836
2,-38.518,0.907,7.142
2,10.740,46.021,-0.180
1,5.370,11.533,1.271
2,-42.437,-40.217,1.219
3,-5.589,-33.345,5.716
2,-30.661,40.166,2.722
2,37.866,-24.366,0.491
2,46.743,-8.546,-0.948
3,-44.403,-9.216,6.228
2,-41.247,-40.563,1.232
2,27.823,-38.664,3.350
2,22.688,22.527,0.360
2,49.871,-3.723,-2.730
2,-34.812,-38.450,2.524
2,-11.238,-12.694,6.048
2,-15.775,-22.848,6.093
2,31.654,7.351,-1.605
2,-11.202,-4.418,5.036
2,29.063,-33.711,3.067
2,-15.755,-22.964,6.052
4,-36.447,-36.176,3.075
7,-26.602,114.351,-94.613
3,-20.192,41.213,2.455
2,-43.373,-8.642,6.324
2,-43.159,16.187,8.237
3,-35.974,-37.416,2.931
7,10.734,39.002,36.835
2,34.351,18.713,-0.758
7,23.754,30.884,26.775
2,-19.741,5.607,4.831
4,41.429,17.331,-0.699
2,32.237,-31.122,1.981
3,6.311,19.998,0.680
3,15.928,-30.962,2.652
2,7.569,40.577,-0.716
4,-12.644,26.909,4.750
4,-20.068,42.888,2.585
4,21.090,26.144,15.635
2,39.768,-24.533,0.353
2,26.144,6.365,-1.522
2,17.979,36.846,51.945
2,13.756,-24.557,2.844
2,-5.675,13.131,2.662
2,49.662,9.145,-3.130
2,43.760,24.752,-0.440
2,-23.120,-16.473,6.140
2,33.408,0.051,-2.218
4,-0.359,13.656,2.507
3,-25.472,28.777,5.171
2,-6.151,-16.317,5.923
2,-32.650,23.539,5.718
2,-30.064,-46.492,2.998
2,-7.038,20.180,2.236
2,-13.096,-34.299,5.622
2,-12.776,-42.200,4.853
3,32.737,44.169,-0.005
2,48.118,2.696,-3.386
2,-19.037,26.962,4.011
2,-24.495,42.996,1.845
2,-21.426,-20.423,6.261
2,-38.284,29.506,4.777
2,-45.269,-7.879,5.901
2,-26.812,-42.341,3.412
2,-23.325,-27.641,5.032
2,-37.888,3.684,7.029
2,27.428,-46.739,2.501
2,-36.709,2.191,6.886
2,-6.800,-9.404,5.787
2,35.585,-18.833,0.198
2,-6.388,-31.409,5.918
4,-25.731,-18.813,7.970
2,-12.774,25.623,3.845
2,-49.453,-47.397,0.817
2,-46.400,36.462,4.171
3,-35.695,-25.644,5.079
4,7.456,21.096,0.663
3,-43.463,-9.528,6.166
2,-34.967,-6.775,6.451
2,-25.245,-13.242,6.840
2,22.101,26.365,0.394
2,-0.474,25.613,0.058
2,23.359,-29.348,2.559
2,-7.311,-6.491,5.687
2,13.829,42.831,-1.385
2,-43.585,-26.795,2.953
3,-4.961,22.063,1.828
2,35.021,-7.882,-0.939
2,39.857,5.784,-1.806
2,-5.613,-31.059,5.687
2,-5.079,6.062,2.570
4,32.183,9.619,-0.370
2,-31.809,39.351,2.723
3,5.696,22.661,0.191
2,-9.161,-19.724,6.256
2,-46.733,-32.488,1.635
7,24.560,31.924,9.305
2,-14.733,-45.138,4.650
2,-33.755,-36.860,2.819
2,-23.494,-39.926,3.936
2,1.862,17.485,1.400
2,33.508,-42.996,3.157
2,-10.768,23.520,3.418
2,-17.624,26.590,3.778
1,23.173,29.516,25.434
4,-21.733,-7.357,6.560
2,-29.765,-21.156,5.294
2,31.806,31.846,0.426
2,27.233,49.898,-1.937
2,49.046,-41.192,1.671
2,24.128,25.283,0.313
2,20.118,-13.645,2.123
2,-44.265,-7.832,6.233
3,-16.171,-23.213,6.692
2,-29.268,-41.865,3.308
2,-2.824,-5.918,4.593
2,-33.508,30.644,4.331
2,-45.670,-10.119,5.364
2,-13.628,40.434,1.796
2,0.530,36.815,-1.126
4,24.207,-0.707,-1.070
2,20.735,40.800,-1.089
2,3.948,-16.239,4.440
2,-47.655,46.966,1.904
2,38.942,31.502,0.369
2,-42.384,46.202,1.797
2,38.345,-48.753,3.176
4,15.052,-31.854,2.632
2,-41.926,-46.671,0.845
2,-8.628,-17.876,6.366
2,-47.930,25.671,7.373
2,5.575,-0.385,1.529
2,7.833,-27.794,3.896
2,-6.659,-32.061,5.749
2,-21.789,42.846,2.113
3,15.628,-17.134,3.139
4,5.437,-33.968,4.532
2,-4.592,-2.138,4.253
2,-20.882,48.348,2.379
2,32.404,31.151,0.491
3,41.430,29.067,-0.113
2,-15.904,-23.842,6.071
2,-8.783,-2.709,4.637
2,28.360,-33.859,3.107
1,4.214,14.326,1.339
2,43.810,-11.713,-0.491
2,44.146,47.710,-0.088
2,-49.207,-44.828,0.956
2,-26.034,28.839,4.849
2,-11.265,-28.575,6.016
7,16.689,25.497,4.882
3,39.416,-16.649,0.311
2,25.463,43.341,-1.540
2,39.109,-45.535,2.704
2,-34.122,37.126,3.407
2,2.916,-17.690,4.344
3,-36.309,-36.905,2.931
2,16.439,15.798,0.237
2,-19.692,-5.570,5.295
3,43.477,23.326,-0.472
4,81.295,36.694,-1.774
2,-21.475,43.198,2.217
2,38.083,-21.995,-0.062
2,-32.387,-12.210,6.115
7,24.450,31.943,10.004
2,44.663,-21.608,0.827
2,-39.757,-12.741,5.071
2,49.039,-32.541,1.274
2,-14.848,44.519,2.035
2,-8.961,19.303,3.146
3,-9.530,-4.989,5.329
2,40.994,29.076,-0.105
2,-46.837,0.187,8.359
2,-16.258,-22.311,6.078
2,37.251,-4.099,-1.605
2,-48.379,-31.416,1.291
2,-34.430,-26.908,4.540
2,-13.175,-2.044,4.684
2,-41.045,7.351,7.648
2,-1.974,4.530,2.696
2,-39.902,17.303,7.469
2,28.939,-36.574,3.040
4,42.666,-30.906,1.660
4,-27.902,29.952,5.131
3,-33.191,5.801,6.638
3,-0.256,12.749,2.200
2,-11.631,24.403,3.647
2,11.640,6.282,-0.705
2,-6.735,-8.583,5.766
2,9.333,3.198,-0.370
2,-6.202,-37.697,4.953
3,42.282,28.578,-0.085
2,46.786,-49.750,1.696
2,15.752,-24.118,2.732
2,-5.108,-32.031,5.730
2,12.548,-48.829,1.762
2,-30.759,-11.171,6.195
4,15.977,25.490,24.489
7,9.053,36.017,1.970
2,-12.397,-33.874,5.581
2,-14.975,-45.641,4.706
4,-19.764,7.134,5.227
2,3.514,42.489,-0.128
4,-26.592,-19.485,6.998
3,-27.050,29.908,4.926
4,-36.517,-35.817,3.225
4,43.622,22.992,-0.181
2,-29.295,-19.444,5.766
2,-1.145,13.255,1.822
2,-36.041,-25.817,4.609
2,7.431,-20.602,3.674
2,-42.146,28.800,5.328
2,26.814,43.335,-1.477
2,19.771,-2.968,-1.275
2,-34.058,37.303,3.477
2,22.668,13.480,-0.192
2,-31.503,-30.696,3.575
2,43.387,27.232,-0.590
2,-27.852,30.391,4.660
2,15.628,-31.153,2.231
2,-2.062,-5.454,4.404
3,14.346,-29.187,2.600
2,-16.072,-41.337,5.087
3,15.619,-31.199,2.695
2,-46.123,-43.163,1.197
2,4.848,-12.128,3.502
3,6.055,-17.476,4.434
4,34.510,8.358,-0.507
4,4.366,-34.438,4.376
3,-26.560,29.500,5.162
4,-28.274,30.906,5.067
2,19.373,-19.974,3.093
2,-2.800,-4.058,4.227
2,34.496,7.664,-1.636
2,21.978,-36.222,3.123
2,-20.710,19.907,4.519
2,44.029,-3.341,-2.290
3,-43.979,-9.895,5.898
2,-9.831,-4.571,5.093
2,41.907,18.309,-1.694
2,-35.881,0.794,6.897
2,39.381,12.073,-1.797
4,-19.080,-10.469,6.749
3,-43.545,-9.507,6.292
4,-21.003,-8.724,6.824
2,32.026,-22.023,0.806
2,5.728,2.544,0.835
3,-44.380,-9.266,6.312
2,-48.730,10.816,9.254
2,-18.508,4.332,4.501
2,-21.375,27.834,4.630
3,-7.714,-5.737,5.683
2,-26.710,33.743,3.625
2,37.823,27.201,-0.259
2,25.849,37.457,0.375
2,18.580,-22.335,3.036
2,36.068,36.051,0.446
2,24.544,35.695,0.002
3,15.026,-28.658,2.843
7,-72.594,54.840,-72.662
2,-29.262,27.265,5.268
2,28.796,20.584,0.185
3,41.764,29.588,0.118
4,6.984,21.908,0.711
2,-15.176,37.923,2.322
4,11.825,40.879,-0.720
3,-44.685,-9.101,6.159
2,-42.637,-47.824,0.800
2,-22.494,35.520,3.164
3,-1.075,13.002,2.264
4,-19.277,-10.679,6.692
2,-20.961,21.204,4.252
2,-9.718,40.276,1.615
4,-26.429,-19.173,7.845
2,5.938,-29.477,4.196
2,3.523,-13.741,3.825
7,18.049,25.543,8.401
2,-34.760,35.013,3.508
7,-11.470,-35.930,-7.330
3,-33.927,5.716,6.467
2,41.733,-30.685,0.975
2,-49.403,-15.121,3.399
2,-21.946,-40.489,3.959
2,39.404,-31.147,1.054
2,-18.847,-30.541,5.363
1,24.458,31.874,28.179
2,43.408,35.905,0.167
2,18.885,3.308,-1.968
7,10.762,39.102,19.566
2,21.090,45.576,-1.542
4,32.851,7.868,-0.980
2,45.120,-23.064,1.039
2,36.916,17.599,-1.462
2,46.319,-44.282,1.414
2,19.723,-37.105,2.720
2,10.666,-37.878,2.943
4,-25.011,-16.527,7.465
3,5.956,-17.343,4.098
2,-33.293,36.571,3.519
2,-44.518,-33.581,1.490
4,23.714,35.574,1.417
2,10.941,-41.946,2.891
2,23.430,43.547,-1.684
2,-42.340,29.811,5.302
2,-16.665,-49.887,5.036
2,-32.446,22.463,5.635
4,-23.212,42.477,2.559
2,22.601,-36.284,3.206
2,40.875,16.318,-1.788
2,40.982,-45.426,2.386
2,34.687,27.578,0.241
2,-25.357,-46.424,4.093
2,9.943,27.108,-1.160
2,-0.415,-6.992,4.008
2,-4.930,-41.127,4.951
2,0.648,26.925,0.043
2,14.439,-29.159,2.368
3,-26.745,31.638,4.945
2,38.615,48.628,-1.410
2,40.201,17.166,-1.781
3,-27.951,32.336,4.746
2,-2.105,-21.759,5.429
2,34.072,-10.676,-0.474
2,29.264,20.905,0.245
2,-32.968,-48.016,2.559
2,35.285,0.491,-2.379
4,41.460,17.035,-0.796
3,-18.123,7.750,4.558
2,-26.333,-4.215,6.292
4,38.120,-16.853,0.883
2,48.893,-22.707,1.908
2,-25.748,8.246,5.145
7,10.517,38.470,14.576
2,13.490,-34.211,2.108
4,21.570,-0.651,-1.049
2,-6.376,-8.434,5.643
2,18.720,5.923,-1.992
2,-15.630,-34.607,5.449
3,-3.661,21.889,1.628
2,19.834,43.334,-1.441
2,10.821,33.172,51.945
2,15.899,38.922,51.945
2,22.123,-4.086,-1.586
4,-14.582,32.828,3.926
2,-3.121,-6.450,4.686
2,4.074,8.103,1.377
3,-4.482,-31.889,6.032
2,-32.481,31.816,4.148
2,30.985,19.022,0.224
4,40.740,18.301,-0.946
2,-37.613,-34.203,2.364
2,-36.988,-48.750,1.479
2,-26.803,28.239,4.859
2,5.800,20.782,0.121
2,24.539,-25.767,2.655
2,-6.351,-8.509,5.709
2,42.847,-47.200,2.244
2,-21.359,-0.107,5.645
2,-35.925,-10.783,5.700
2,-0.953,-7.213,4.192
2,-34.616,1.001,6.516
2,-31.902,-20.202,4.913
2,32.030,9.039,-1.348
2,1.646,-49.519,3.424
2,-39.562,-40.218,1.487
2,-36.123,-25.160,4.486
2,12.769,-36.829,2.278
2,15.129,33.196,51.945
2,44.086,26.547,-0.585
2,-35.631,-18.135,5.192
3,-20.219,41.672,2.506
3,-43.496,-10.094,5.966
2,-13.864,-35.294,5.690
2,-43.667,9.408,8.162
2,-18.175,-34.640,5.289
7,18.575,25.387,3.514
4,37.648,-18.093,1.041
4,-0.088,13.185,2.653
2,45.522,41.251,0.184
2,-49.242,10.973,9.232
2,-35.757,-36.295,2.441
2,34.336,5.692,-1.828
2,31.798,8.229,-1.488
2,-45.040,47.663,1.495
2,-7.501,-9.118,5.624
2,20.893,-38.921,2.670
2,-38.179,42.791,3.169
2,7.961,-46.561,2.626
2,28.448,14.278,-0.166
2,27.548,-49.157,2.488
2,45.902,10.995,-2.881
2,20.749,-37.832,2.768
4,-18.634,-10.908,6.341
2,-34.185,-24.280,4.777
4,28.681,13.241,0.472
2,-20.909,42.304,2.009
2,-27.443,19.096,4.692
4,-33.262,7.026,7.666
2,42.058,-31.262,1.085
2,39.826,18.523,-1.830
2,-30.993,3.410,5.868
2,36.812,-41.424,2.615
2,-19.401,8.949,4.580
3,-22.316,42.867,2.677
4,-18.160,6.494,5.157
2,-15.314,-11.603,5.940
2,23.800,-11.127,1.298
2,45.235,-14.412,-0.247
2,43.245,-5.261,-1.675
2,34.423,8.239,-1.477
2,-7.451,-33.674,5.385
4,1.480,4.395,3.486
2,21.189,-38.168,2.878
2,-39.323,-33.595,2.402
2,40.032,-44.482,2.523
2,-39.360,-15.979,4.879
3,0.086,13.160,1.920
2,1.305,-22.480,5.248
2,-27.313,-3.054,6.314
2,-5.076,14.757,2.634
2,3.417,26.032,-0.267
2,-28.426,15.296,5.445
2,-3.238,-23.749,5.749
7,24.167,31.376,9.971
4,26.645,-2.160,-1.083
2,21.587,-33.147,2.783
2,12.351,41.952,-1.588
2,-49.518,4.939,8.492
2,42.154,17.471,-1.695
2,-45.175,12.076,8.755
2,-31.988,-13.095,6.249
2,-9.314,-6.801,5.482
2,-38.945,-13.122,5.049
2,-6.286,-32.209,5.995
2,31.826,3.831,-2.329
2,32.323,36.645,-0.198
2,-5.615,42.419,0.461
2,0.214,43.221,0.061
2,-38.243,-29.084,3.744
2,32.365,44.437,-0.221
2,11.333,22.021,-0.075
4,-27.285,-19.480,7.998
2,-31.223,-1.407,6.467
2,-26.726,48.366,1.951
2,-21.074,-27.555,5.188
3,32.703,44.050,0.057
2,-24.801,46.934,1.980
2,22.305,-47.903,2.741
2,3.406,4.399,1.571
2,30.074,10.821,-0.810
2,-27.266,-30.455,4.268
2,-7.138,-9.489,5.747
2,-5.124,-12.769,5.588
3,13.074,-30.429,2.544
2,20.414,5.199,-1.617
2,-36.577,-25.968,4.459
2,-1.652,16.696,1.821
2,-38.934,22.342,6.541
2,-27.230,-44.202,3.380
2,34.792,-25.401,1.072
2,-6.465,-8.553,5.841
2,43.536,-7.133,-1.202
2,-7.629,-6.542,5.637
2,26.626,-0.478,-2.373
2,-26.069,28.487,5.241
2,-10.872,-15.466,6.019
2,39.230,23.272,-0.826
2,-20.064,-25.328,5.484
2,6.170,31.789,-0.705
4,-43.924,-9.608,6.464
2,0.256,-20.398,5.160
2,-49.460,-31.677,0.962
2,-26.596,42.876,2.033
4,-44.452,-9.084,6.481
2,-10.782,37.718,1.864
2,42.401,6.610,-2.035
4,38.337,-16.156,1.409
3,24.987,37.592,0.276
2,-11.067,39.033,1.758
2,40.135,35.603,0.605
2,14.994,49.802,-0.420
3,41.617,29.404,0.065
7,9.759,37.357,16.825
2,-17.309,-20.473,6.354
2,17.524,22.308,0.196
2,35.259,17.491,-0.916
2,22.783,-8.383,0.729
2,-5.210,7.098,2.520
2,41.033,28.978,-0.213
2,-31.988,-3.876,6.591
2,-18.137,28.674,3.481
2,31.682,24.202,0.298
2,19.347,13.848,0.165
4,5.433,-35.805,4.509
2,-26.505,34.990,3.441
2,6.274,30.818,-0.565
2,-26.524,29.287,4.847
2,30.017,31.073,0.448
2,-47.405,-21.799,3.315
2,-25.320,28.688,4.936
3,31.805,44.451,0.029
2,48.807,44.796,0.544
4,0.034,-1.391,4.761
3,-20.248,7.965,5.049
2,-43.540,-10.976,5.299
2,-40.281,29.789,5.100
2,9.578,-41.664,2.933
2,24.167,-38.673,3.568
2,-25.970,28.283,4.946
2,-33.298,42.300,2.914
2,11.787,-23.116,2.888
3,-26.909,31.589,5.030
2,-33.919,36.327,3.512
2,-16.508,-22.139,6.303
2,32.439,43.566,-0.322
2,4.925,38.636,-0.643
2,-32.470,21.071,5.641
2,-9.370,6.944,2.452
2,-48.145,29.595,5.948
2,-32.317,0.748,6.589
2,-41.200,10.552,7.688
2,19.638,-38.130,2.904
2,47.356,-14.701,0.035
2,33.160,-39.706,2.506
2,42.373,-20.342,0.394
2,31.184,-32.662,2.452
2,23.046,-3.043,-1.519
2,-33.870,36.412,3.458
2,-19.097,48.367,2.384
2,36.597,-23.210,0.427
2,-26.792,8.725,5.410
4,-27.199,30.715,5.399
3,27.938,-2.533,-1.321
4,24.277,-4.203,-0.947
4,33.243,7.395,-0.844
2,29.842,42.417,-0.804
7,10.845,39.094,24.603
2,-25.275,-17.278,6.464
2,-40.891,37.397,3.817
2,37.633,36.147,0.603
4,5.158,-35.918,4.197
2,15.010,-10.134,1.346
2,-38.788,-27.616,3.822
2,-4.375,37.109,0.665
2,-28.164,30.490,4.283
2,-10.481,7.461,2.762
4,4.130,3.871,1.996
2,-14.237,28.828,3.026
3,-0.388,13.768,2.232
2,-6.909,-27.054,5.840
4,-35.993,-35.686,3.259
2,-10.499,45.493,1.407
2,-7.605,14.128,2.471
2,-42.657,-10.380,5.598
2,14.960,1.853,-1.146
2,3.205,37.718,-1.131
2,-27.601,20.647,4.740
2,30.975,-31.459,2.505
2,-14.000,9.330,3.609
2,-46.446,40.569,3.218
2,-25.960,29.067,4.972
3,-5.657,-20.069,6.140
2,-47.308,27.967,6.565
2,41.544,-35.120,1.953
2,-28.065,-31.257,3.725
2,36.060,-11.371,-0.697
4,25.177,-1.126,-0.682
2,-39.503,6.731,7.271
2,15.726,-33.818,1.920
2,21.027,7.333,-0.949
2,-16.324,-22.266,6.290
2,-22.609,-29.992,4.828
2,-0.663,-11.159,4.433
2,16.047,-21.121,3.086
2,13.903,-42.595,2.841
2,-49.013,-44.237,0.946
2,-24.095,11.888,4.707
2,-25.610,28.307,5.057
2,21.251,0.021,-1.776
2,43.916,1.189,-2.501
2,21.368,-36.977,2.607
3,27.611,14.285,0.229
4,27.350,-1.783,-1.050
2,36.228,-20.507,-0.078
2,35.541,41.075,-0.207
2,3.308,32.706,-0.694
2,-24.656,30.850,4.637
2,-0.774,13.424,1.873
2,-19.635,46.231,2.264
4,-10.683,32.798,3.528
2,3.924,-7.347,2.552
2,-35.009,36.718,3.386
2,-36.406,-25.608,4.728
2,-20.891,29.142,4.309
2,-8.926,-24.679,6.152
2,46.624,35.182,-0.246
3,-0.423,13.533,2.246
2,-42.381,12.259,7.878
2,26.318,-17.174,1.873
2,-2.167,-2.263,3.733
2,-12.292,-20.566,6.093
2,-16.185,-22.562,6.153
2,-37.721,-33.457,2.562
3,-19.494,8.142,4.984
2,-49.251,17.499,9.145
4,-28.340,31.318,5.082
4,23.320,-2.786,-1.030
4,43.397,22.676,-0.152
2,46.371,-13.276,-0.010
2,-25.188,-12.022,6.724
2,40.480,42.420,0.381
2,-36.723,7.960,6.435
2,-9.435,-44.820,4.772
2,-36.691,-23.678,4.170
2,-47.060,-5.820,6.179
2,29.806,18.576,0.212
2,-9.789,-4.433,5.076
2,-0.998,-2.169,3.467
2,6.600,16.886,1.059
2,46.223,32.945,-0.517
4,-21.724,-9.689,6.702
2,47.323,24.170,-0.776
2,19.555,-48.101,2.967
2,-43.918,-23.753,3.046
2,41.026,44.905,-0.119
2,-40.330,-12.894,4.947
2,21.713,-37.748,2.913
2,-18.516,8.784,4.438
2,-44.704,-7.018,6.265
4,11.538,26.032,0.989
2,-14.095,22.639,3.985
2,25.561,35.809,0.109
2,8.529,-28.299,3.665
2,-27.368,31.305,4.323
3,-4.028,21.255,1.493
2,-34.518,-39.284,2.549
2,-44.091,-9.413,5.897
2,46.907,17.066,-1.667
4,-28.385,32.208,5.107
4,37.264,-14.695,0.840
2,1.924,38.461,-0.873
3,21.309,-37.102,2.791
2,39.966,18.552,-1.652
2,-45.160,-33.272,1.563
4,-18.262,-8.992,7.069
2,21.775,-15.446,1.894
2,27.711,-13.473,1.351
3,-36.318,-37.049,2.912
2,37.434,-43.101,2.616
2,4.277,44.307,-0.092
2,-24.241,-9.976,6.333
2,-39.050,39.234,3.230
2,41.017,-12.344,-0.345
2,-17.073,-14.499,6.020
4,5.768,-35.653,4.357
2,-46.618,-18.754,3.874
4,23.579,-4.109,-1.032
3,-28.639,32.641,4.275
2,30.564,12.934,-0.317
2,15.962,44.328,-1.015
2,20.314,12.913,0.042
2,-5.495,26.106,1.976
2,35.765,36.640,0.437
2,-16.535,-22.311,6.050
2,17.208,26.282,51.945
2,40.240,-29.261,1.085
2,43.952,4.217,-2.282
2,-17.727,-26.620,5.710
2,8.921,8.643,0.410
2,33.251,29.740,0.663
2,47.022,-10.961,-0.411
3,4.300,-33.303,4.335
2,-19.007,-6.174,5.353
2,11.668,47.183,-0.050
2,-28.498,47.228,2.191
2,-25.505,-21.647,6.043
2,-18.401,-6.627,5.334
4,-21.548,-9.130,6.737
2,2.317,8.837,1.645
2,40.718,16.213,-1.353
2,-25.504,28.965,4.958
2,-9.152,-17.570,6.321
2,8.229,8.745,0.526
4,6.984,22.986,0.670
2,-3.528,-41.818,4.704
7,20.052,25.551,11.417
2,-3.351,-8.239,4.871
2,32.338,-38.744,2.489
2,-33.998,36.902,3.454
2,-10.151,16.046,3.050
2,-4.591,27.522,1.376
2,6.677,18.270,0.596
2,3.885,16.295,1.098
7,21.106,25.958,8.652
2,-19.719,-32.910,5.012
2,14.235,-13.492,2.431
2,-29.979,38.886,2.643
2,29.394,-17.141,1.299
2,-14.064,-45.871,4.617
2,-13.754,-13.524,6.195
3,33.670,8.715,-1.363
2,-17.111,-8.578,5.648
2,-1.935,24.757,0.640
2,0.582,-28.315,5.362
2,-24.790,28.422,5.112
2,48.247,47.601,0.484
2,-34.064,37.417,3.434
2,2.094,-9.978,3.586
2,7.699,30.817,-0.637
3,-0.855,12.580,2.132
7,10.501,38.573,5.233
4,15.960,40.805,1.351
2,4.579,-33.655,3.868
3,-9.557,-3.569,5.136
4,13.981,25.452,1.917
2,-46.055,40.079,3.334
2,-39.469,-40.758,1.473
2,-13.345,-49.065,4.558
2,-34.193,25.418,5.490
2,-26.587,30.277,4.703
3,-17.882,7.737,4.638
2,10.492,-16.168,3.133
2,48.622,33.103,-0.762
2,-7.947,-8.239,5.787
2,-36.845,-35.873,2.425
2,-16.053,-23.071,6.031
2,-23.114,41.665,2.011
2,30.454,-34.676,2.724
2,23.703,-30.893,2.807
2,-26.828,-45.662,3.662
4,8.859,35.567,12.722
7,24.065,31.357,21.164
2,29.319,-6.820,-0.096
2,33.103,44.114,-0.554
4,41.596,-31.266,1.631
2,-11.472,-47.604,4.576
2,3.955,39.531,-0.595
4,31.512,7.376,-0.729
2,5.548,45.347,0.178
2,48.453,37.458,-0.552
2,-26.393,28.075,5.209
2,-5.184,43.904,0.708
2,-26.733,-22.419,5.867
2,21.382,21.915,0.347
4,34.575,8.116,-1.011
2,-17.031,43.728,1.950
2,-23.785,-20.702,6.318
2,41.361,33.719,0.009
2,49.459,35.710,-0.680
2,-9.184,-5.184,5.082
2,-40.095,20.331,7.338
2,24.462,-48.685,2.533
2,28.935,30.320,0.479
2,40.423,6.580,-1.666
2,20.010,-37.307,2.682
2,32.229,-43.094,3.365
2,-25.907,-12.785,6.813
2,-0.803,-45.269,4.116
4,-18.365,-9.120,6.923
2,-49.989,-38.627,0.222
2,-34.259,37.184,3.322
2,4.853,36.304,-0.804
2,-32.221,16.974,5.740
2,-16.426,-22.233,6.481
3,-23.190,29.779,4.460
4,0.090,13.331,2.378
2,0.733,4.552,2.223
2,20.313,0.233,-1.708
2,27.465,37.593,0.169
2,2.903,-1.447,2.368
2,-38.029,44.263,3.022
2,24.247,32.489,51.945
2,12.945,-7.726,0.756
2,47.253,38.301,-0.056
2,11.627,31.923,51.945
3,42.340,21.848,-0.809
4,22.117,-22.387,4.156
2,4.474,-6.966,2.441
7,22.735,37.180,0.823
2,-8.717,6.217,2.490
2,21.814,3.681,-2.008
2,30.964,-35.209,2.516
2,-20.940,7.467,5.121
2,-19.940,7.859,4.569
2,-36.661,-25.183,4.685
2,-1.728,39.139,-0.382
2,-20.526,42.762,2.020
4,42.788,17.927,-0.736
4,18.749,-18.810,4.060
2,38.416,-33.118,1.327
2,38.645,21.336,-1.145
2,-33.368,-47.623,2.395
2,11.830,12.953,-0.107
2,-24.089,26.074,5.087
3,13.857,-30.228,2.732
2,-36.738,-39.098,1.977
2,-20.732,43.233,2.018
7,18.743,25.529,11.235
2,-23.414,10.517,4.818
2,0.990,22.890,0.377
2,-32.348,-32.191,3.218
2,14.552,-27.845,2.712
2,-44.455,-22.268,3.429
2,-9.975,0.389,3.963
2,20.526,-14.052,2.106
2,26.168,-24.009,2.317
2,10.381,49.237,0.609
3,-24.752,28.755,5.191
2,-46.335,-11.567,4.886
2,-22.753,42.672,2.090
2,6.584,-6.872,1.917
3,-16.078,-22.570,6.433
2,-28.626,-14.249,6.419
4,5.246,-32.984,4.383
3,27.635,36.995,0.618
3,-5.579,-31.507,6.061
2,0.790,34.750,-1.075
4,40.172,-18.706,1.330
3,27.822,13.615,0.373
2,31.616,-36.826,2.229
4,-0.305,13.636,2.547
2,-35.693,-35.349,2.930
3,6.117,-17.622,4.372
3,27.577,14.495,0.272
2,15.463,44.841,-0.953
3,15.676,-30.092,2.587
2,44.518,-6.806,-1.246
2,26.226,22.303,0.160
2,-27.576,7.865,5.520
2,-42.175,24.231,6.748
2,-33.812,12.381,6.508
2,-48.033,-41.440,0.795
2,43.021,-24.248,0.585
2,41.911,9.937,-2.087
3,39.811,-10.218,-0.614
2,-37.574,26.489,5.469
2,41.673,17.645,-1.757
2,38.296,45.057,-0.847
2,-32.499,21.920,5.596
2,-40.533,19.137,7.686
2,-3.264,-34.544,5.063
7,10.773,39.104,5.895
3,43.329,21.631,-0.583
2,-10.535,44.054,1.313
3,-43.259,-8.969,6.449
2,-19.501,-13.985,5.857
2,-35.446,-48.492,1.805
2,3.525,-43.477,3.372
2,-34.321,35.746,3.487
2,16.548,-1.298,-1.094
2,40.960,-30.766,0.974
2,40.987,10.680,-1.830
2,4.944,-18.281,4.114
2,31.947,-31.884,2.147
2,38.393,25.460,-0.557
2,-48.108,-25.628,1.920
4,15.767,-31.619,2.653
2,10.947,38.248,51.945
3,-43.231,-9.284,6.176
3,-16.027,-22.666,6.531
2,-34.233,36.737,3.341
2,-36.255,-26.867,4.410
2,24.324,10.550,-0.363
3,-20.068,19.215,4.339
2,-30.023,-33.318,3.190
2,-39.202,-10.749,5.699
7,5.196,7.276,-9.576
2,-27.233,-42.766,3.414
2,-27.143,-12.990,6.927
3,-5.846,-19.237,6.335
2,-9.281,5.886,2.671
2,-14.768,-15.465,6.311
2,33.372,27.704,0.278
2,-7.924,-6.615,5.765
2,-48.605,27.345,6.907
2,-43.176,-41.773,1.371
2,-16.189,-23.025,6.224
4,15.555,-32.000,2.769
4,42.838,17.892,-0.999
7,8.513,34.944,3.520
2,29.171,-40.145,3.112
2,-7.469,8.461,2.219
2,35.362,-46.929,3.049
2,-7.334,-0.451,3.953
2,-9.625,-4.789,5.324
3,-35.395,-36.482,2.922
2,33.010,25.317,0.166
4,-4.155,21.798,2.195
2,9.273,48.428,0.798
2,-15.379,-43.908,4.681
3,-36.781,-36.955,2.546
2,-7.937,-21.039,6.220
2,-21.285,43.400,2.018
2,-4.529,-3.353,4.457
2,-43.054,-13.307,4.728
2,-4.229,-31.683,5.723
2,47.167,-29.901,1.293
3,-43.429,-9.147,6.394
3,-27.794,32.091,4.819
2,-17.503,30.274,3.428
3,-28.742,31.285,4.871
2,14.072,-3.470,-0.043
2,-40.784,-37.921,1.713
2,9.518,34.111,51.945
4,-2.772,22.327,2.433
2,-33.875,48.508,2.206
2,-6.171,5.185,2.688
2,42.065,-31.288,1.238
2,8.393,19.432,0.299
2,4.152,-16.367,4.241
2,-22.076,35.991,3.080
2,29.206,41.545,-0.711
2,-4.740,18.884,1.869
2,19.636,-47.374,2.976
2,-13.358,36.325,2.309
2,42.940,-15.398,-0.362
2,-7.004,-7.956,5.682
2,-30.587,31.930,4.072
4,32.555,6.506,-0.503
3,24.519,-3.308,-1.048
2,-13.323,12.387,3.690
2,14.705,-31.616,2.116
4,26.596,-2.240,-1.144
2,-13.249,-0.439,4.359
2,-15.426,-6.041,5.513
2,21.250,44.884,-1.576
7,-3.545,81.152,-1.553
4,-20.904,40.760,2.804
2,26.194,-6.080,0.091
2,-6.822,-38.823,5.102
2,-13.957,-29.032,5.847
3,5.087,-35.787,3.851
2,-43.978,-21.992,3.571
2,8.983,13.628,0.863
2,-39.249,11.985,7.189
2,-39.511,-38.326,1.706
2,-32.341,8.920,6.265
2,-25.567,-14.430,6.448
2,49.850,2.302,-3.660
2,28.648,13.882,0.022
2,8.788,-14.180,3.143
2,-36.765,17.641,6.709
2,-40.778,3.734,7.467
2,-8.491,30.490,2.171
2,8.403,-23.264,3.927
3,40.804,29.636,0.120
2,-1.894,-29.135,5.582
2,-36.627,-35.608,2.480
2,2.752,-7.741,2.952
7,19.368,25.373,15.522
2,-38.452,10.468,6.975
3,32.407,44.320,0.015
2,38.555,-10.634,-0.711
2,28.850,8.497,-1.000
4,9.753,37.314,20.409
4,40.876,16.019,-0.778
2,-49.303,-10.354,4.745
2,-25.683,-24.003,5.779
2,29.571,13.755,-0.164
2,1.041,39.836,-0.536
2,-34.764,-40.813,2.210
2,28.962,14.072,0.100
2,1.316,15.435,1.607
2,-46.489,22.530,7.889
2,32.745,-42.576,3.292
7,23.766,30.819,27.474
2,19.868,6.495,-1.443
2,28.893,-39.670,3.134
3,31.724,7.199,-1.075
2,-47.611,37.427,3.820
2,-20.627,42.166,2.133
2,31.473,36.026,-0.187
2,-33.051,13.818,6.251
2,-38.031,47.978,1.684
2,-24.352,-40.141,3.870
2,2.905,27.624,-0.166
2,45.355,10.876,-2.749
4,5.115,-35.798,4.609
2,38.818,-4.712,-1.735
2,27.304,38.881,0.010
2,-47.307,-14.702,3.784
2,7.477,-15.041,3.292
7,10.402,38.430,0.203
4,24.839,2.959,-1.093
2,26.371,2.614,-1.936
2,40.837,-29.601,1.124
2,-26.079,28.395,5.264
2,-36.617,35.368,3.516
2,15.805,33.780,51.945
2,39.582,40.578,0.419
7,46.121,48.188,-5.738
3,-28.166,32.967,4.287
3,27.346,12.948,0.256
2,45.310,1.039,-2.595
4,33.101,9.444,-0.436
2,-34.399,36.763,3.347
4,-43.469,-9.544,6.485
2,49.487,-10.942,-0.515
2,5.490,32.262,-0.768
2,11.904,-44.321,2.672
2,21.070,-37.381,2.852
2,-43.921,-9.729,5.704
2,3.216,7.695,1.589
2,-13.152,22.365,4.023
2,-48.992,22.407,8.251
4,-36.127,-37.156,3.096
2,-1.437,-35.725,4.758
2,-0.939,40.434,-0.409
2,14.280,48.742,-0.406
2,-37.594,-17.484,4.817
2,-16.644,-11.948,5.781
2,-22.692,-2.652,6.039
2,-40.862,-48.661,1.045
2,38.187,-44.117,2.633
4,33.214,7.879,-0.612
7,21.432,26.711,8.695
2,-7.311,6.446,2.488
2,-12.508,-6.168,4.912
2,46.559,3.923,-2.932
7,22.359,28.361,27.503
3,32.351,44.389,-0.002
2,-5.735,-5.127,5.019
2,-14.025,-5.696,5.350
2,39.968,-5.995,-1.462
3,33.674,7.666,-1.204
2,46.322,-1.571,-2.683
2,-25.339,49.607,2.366
3,-5.009,-33.062,5.695
2,38.522,4.662,-2.178
2,-16.324,-22.896,6.032
2,-3.025,5.696,2.807
2,-16.798,-36.722,5.296
2,-41.233,-41.132,1.282
2,-33.696,36.869,3.452
2,-17.183,-26.829,5.829
4,39.726,-18.098,1.272
2,32.669,43.600,-0.230
2,-4.875,-35.002,5.048
2,41.327,-38.908,2.130
2,5.936,41.095,-0.320
7,20.117,25.447,7.224
2,25.240,-45.593,2.605
2,8.862,-22.876,3.766
2,34.248,8.115,-1.387
2,-43.810,-24.960,2.909
2,-3.351,-29.359,5.612
2,-1.423,34.499,-0.342
2,-45.840,21.205,7.941
2,-30.575,-2.618,6.562
3,-35.579,-36.718,2.925
2,23.229,49.289,-2.351
4,-25.583,-21.370,7.538
2,-41.063,-49.163,0.982
2,-35.524,-49.243,1.802
3,33.628,8.728,-1.085
2,5.536,22.100,0.097
2,-16.579,-46.342,4.813
4,40.320,17.715,-1.105
2,-35.885,8.079,6.274
2,16.054,-46.563,2.640
2,15.924,3.280,-1.255
2,-8.357,0.973,3.740
2,20.168,-4.186,-1.023
4,-23.946,-8.432,7.827
4,-28.594,31.146,5.234
2,-6.561,22.397,2.156
7,15.949,25.471,18.152
3,8.140,21.002,0.663
4,31.631,9.260,-0.742
2,36.727,-44.179,2.640
2,-17.001,31.765,3.152
2,26.980,45.671,-1.452
2,-5.081,-3.736,4.634
2,32.675,-37.485,2.266
4,-15.932,-22.686,6.612
2,-42.747,-48.942,0.850
2,31.377,-10.845,0.381
2,-45.414,-33.986,1.364
2,-41.458,45.835,2.216
2,-34.045,36.369,3.489
2,17.476,18.451,0.110
2,-38.982,-17.083,4.923
2,48.276,39.434,-0.137
2,46.655,-28.152,1.340
4,-4.960,22.474,2.090
2,-4.857,-19.471,5.677
2,-36.349,-16.362,5.223
2,32.663,43.565,-0.256
4,26.798,0.732,-1.353
2,38.846,46.920,-1.145
2,-37.817,28.904,4.810
2,-5.397,-27.734,5.885
2,32.532,44.408,-0.626
2,11.645,-30.964,2.594
2,-9.707,32.138,2.094
2,-43.906,-24.423,2.950
2,-47.977,-12.788,4.147
2,-26.265,-6.062,6.237
3,-36.197,-36.560,2.764
2,-30.428,36.340,3.028
2,-20.269,-7.995,5.424
2,-35.472,30.731,4.298
7,10.805,38.990,9.493
4,-21.358,-10.260,6.904
2,-30.362,-37.464,3.271
2,4.243,-6.199,2.441
2,44.472,46.850,-0.043
2,22.485,-2.873,-1.562
4,17.333,40.846,0.055
7,-11.740,-42.064,-70.764
2,-5.751,43.709,0.554
2,-37.319,18.710,6.713
2,-11.849,13.067,3.270
4,4.866,-33.563,4.577
2,-36.271,-24.926,4.392
2,-1.264,5.057,2.537
4,-20.024,41.968,2.723
2,-20.362,7.212,4.740
2,31.302,-13.429,0.735
2,-46.254,11.202,8.783
4,38.546,-16.528,1.224
2,25.552,-31.395,2.992
2,29.500,14.051,0.159
2,-2.456,-49.658,3.921
2,43.072,22.835,-0.946
2,28.311,38.169,0.082
2,26.026,-26.584,2.526
2,26.372,-47.209,2.437
2,-7.646,-7.891,5.607
2,-36.631,-13.404,5.386
4,6.048,20.104,0.681
2,-15.935,-9.848,5.885
2,9.777,1.247,-0.162
2,-33.393,-12.251,5.907
2,-33.460,36.343,3.500
2,16.695,-11.820,1.522
3,-49.970,2.021,8.350
3,-36.411,-25.599,4.864
4,-22.191,-11.222,6.598
2,28.410,13.632,-0.164
3,-43.422,-9.270,6.390
2,-28.919,17.909,5.002
3,33.455,9.072,-1.311
2,-38.687,36.990,3.595
2,22.348,-48.484,2.695
2,-19.668,-39.530,4.833
2,-41.554,-35.879,1.901
2,41.356,28.508,-0.241
2,10.957,-4.172,0.679
2,6.239,15.192,1.413
2,-26.055,28.058,4.935
2,-2.455,14.928,2.206
2,15.107,33.787,51.945
4,-20.319,43.042,2.627
2,-7.653,-20.007,5.976
2,13.436,23.033,-0.390
4,-36.203,-36.673,3.129
2,28.626,-7.038,-0.007
4,24.337,-0.670,-0.307
2,11.942,-8.302,1.132
2,-43.933,37.170,4.291
4,24.710,-3.712,0.539
2,4.834,-18.325,4.308
2,-19.939,6.657,4.656
2,-38.207,-36.870,1.808
2,45.887,42.523,0.168
2,-27.069,30.861,4.433
2,-28.349,31.337,4.446
2,-23.245,12.936,4.552
2,-12.081,48.336,2.244
2,-39.617,-34.683,2.379
2,-16.167,-23.071,6.487
3,40.982,18.385,-1.426
2,40.282,-49.704,2.730
2,-5.129,-7.845,5.592
2,40.885,-15.111,-0.277
2,1.752,14.086,1.318
2,-44.018,-0.719,8.097
2,20.712,31.759,51.945
2,38.313,-23.730,0.333
2,-40.594,47.243,2.110
2,3.406,8.860,1.474
4,-25.876,-20.218,7.393
2,-28.362,31.125,4.346
2,28.748,-17.881,1.505
2,4.563,-34.522,3.820
2,-14.127,-42.834,4.999
2,-9.031,-28.391,6.004
2,28.711,4.508,-1.777
2,13.621,-38.727,2.311
3,-43.645,-8.857,6.382
2,47.181,-44.682,1.419
2,8.536,-46.258,2.502
2,20.944,-38.219,2.870
3,-33.441,5.684,6.564
2,-36.848,-18.601,4.671
2,25.215,-48.990,2.523
2,-36.183,25.375,5.786
2,-5.197,-12.038,5.546
2,20.631,-36.710,2.715
7,24.547,32.052,19.092
4,6.386,-17.237,4.543
2,-15.092,-19.071,5.830
2,-4.841,-31.742,5.742
2,4.836,-19.131,4.358
2,-6.883,39.116,1.141
2,-27.080,13.424,5.255
2,-6.936,-45.321,4.520
2,-10.459,27.713,2.942
2,-11.155,11.029,3.254
2,21.717,-24.754,2.681
2,-26.947,-24.433,5.808
2,34.348,22.901,-0.159
2,-5.448,-8.108,5.624
2,-9.591,-4.651,5.020
2,25.987,-10.823,0.942
2,20.166,-36.825,2.770
7,18.580,25.464,11.937
2,37.097,4.462,-2.188
3,28.464,13.464,0.157
2,23.178,-20.482,2.421
2,0.388,-42.343,3.995
2,46.748,-36.691,1.472
2,39.083,-1.258,-1.965
3,-44.229,-9.071,5.912
2,28.655,44.099,-1.272
2,14.093,1.871,-1.177
2,-27.071,32.411,4.345
2,45.224,-47.765,1.742
4,-27.221,-20.962,7.455
4,43.672,23.285,-0.190
2,-7.142,-34.455,5.346
3,26.591,39.218,0.250
2,36.384,-43.705,2.672
2,-23.795,39.709,2.404
3,6.060,-17.359,4.108
2,44.573,-49.222,2.028
2,1.065,-14.959,4.375
2,3.930,-29.573,4.761
2,-0.288,-32.235,4.750
2,-12.581,7.489,3.224
2,46.452,30.854,-0.818
2,-3.580,-49.740,4.011
2,-14.670,46.154,2.149
2,40.935,-33.037,1.408
2,20.810,19.477,0.348
2,39.736,22.628,-1.016
2,44.536,-34.227,1.616
2,-33.956,47.805,2.372
2,-30.960,-14.183,6.201
2,-16.576,-22.992,6.367
2,15.355,-2.812,-0.551
2,-40.343,30.565,4.985
2,8.577,35.491,-0.803
3,-19.600,8.098,5.201
2,5.101,31.865,-0.674
4,-43.464,-9.425,6.603
2,-13.555,-19.271,6.068
3,6.313,22.486,0.523
7,-37.736,161.925,-76.800
2,-16.072,-26.945,5.789
2,13.139,45.434,-0.694
2,41.055,28.990,-0.263
2,27.445,-5.677,-1.452
2,-19.501,-49.452,5.324
4,-35.813,-37.804,3.217
2,42.693,21.706,-0.855
2,15.776,-14.724,2.329
3,-26.075,29.340,5.211
4,-18.133,7.671,5.260
2,31.219,43.979,-0.453
2,26.046,-1.734,-2.131
2,27.596,12.690,-0.143
2,7.234,-19.655,3.689
2,-17.791,-22.017,6.203
2,1.437,-20.295,4.867
2,-0.415,-12.611,4.566
2,-32.316,-32.876,3.081
2,34.711,-2.419,-1.702
2,-19.012,-13.501,5.737
4,24.973,-1.755,-0.566
3,32.420,7.544,-1.504
2,-7.676,-7.518,5.775
2,-3.816,-6.028,4.770
2,34.084,24.260,-0.069
2,-43.235,8.574,7.979
2,-9.295,3.599,3.274
2,40.440,-48.573,2.726
2,30.474,6.009,-1.751
2,-47.006,-15.892,3.777
2,45.474,-48.589,1.903
2,29.567,-25.879,1.692
2,20.321,-36.845,2.812
2,-1.365,-27.552,5.773
2,27.586,-3.777,-1.165
2,8.448,7.460,0.298
2,-14.277,-14.909,6.283
2,33.055,9.887,-1.067
2,43.803,-1.672,-2.338
2,36.169,6.754,-2.021
2,-3.756,46.777,1.495
2,-14.258,-26.522,6.055
2,-16.080,-22.381,6.177
2,38.749,-6.654,-1.210
2,37.879,-36.523,1.770
2,12.245,-41.441,2.897
2,7.539,11.450,1.177
4,40.158,18.146,-0.659
2,-42.770,3.750,8.051
2,-24.165,-36.315,3.764
2,-25.497,-40.655,3.813
2,33.024,47.641,-1.415
2,28.193,14.454,-0.061
2,-15.531,-40.080,5.441
2,6.726,-9.493,2.339
2,-36.158,-41.483,1.876
3,8.089,19.974,0.790
2,39.943,-23.266,0.208
3,41.528,29.101,0.052
2,-41.640,21.846,7.277
2,-0.678,12.664,1.854
2,3.920,20.881,0.483
2,-26.010,-37.580,3.635
2,41.156,-11.537,-0.462
2,-43.311,-8.990,6.006
3,-5.370,-20.321,6.102
2,43.450,30.411,-0.670
2,-30.988,-6.920,6.198
2,36.700,38.428,0.467
4,-18.375,8.849,4.972
3,41.942,-31.669,1.537
2,-26.611,-12.529,6.731
2,13.618,15.188,0.094
2,31.579,20.055,0.096
2,-38.255,49.326,1.293
2,37.380,-4.673,-1.508
2,-41.732,-23.579,3.286
4,24.933,-16.472,2.708
2,13.088,37.432,51.945
2,-38.715,-18.212,4.640
2,32.692,2.470,-2.395
2,-7.843,-19.073,6.326
2,0.392,-9.586,3.883
7,8.668,35.507,2.738
2,-5.892,-6.885,5.620
2,8.874,31.776,51.945
2,-10.038,-10.848,5.840
2,-48.987,38.037,3.985
2,25.077,7.078,-1.340
2,-25.472,14.091,4.994
2,-27.145,31.262,4.343
4,-35.666,-36.308,3.094
7,23.705,30.776,30.970
2,24.147,6.918,-5.675
2,-33.790,37.273,3.325
2,28.960,36.033,-0.021
2,32.775,43.909,-0.242
2,-29.090,-38.830,3.404
2,19.750,15.176,0.293
2,-47.391,8.061,8.733
2,-22.687,28.629,4.600
2,-41.524,12.303,7.757
4,6.992,22.241,0.553
2,-30.428,-4.952,6.209
2,-22.846,22.193,4.655
2,-0.225,-30.296,5.051
7,23.713,30.685,26.076
2,32.720,43.799,-0.212
2,-42.143,-9.746,5.869
2,-39.078,20.015,6.981
2,42.090,37.434,0.496
2,-41.014,49.795,1.430
2,1.299,-29.641,5.075
2,-34.805,-30.124,3.731
2,30.830,35.869,-0.083
7,8.061,34.343,14.959
2,-28.136,-3.230,6.250
2,43.213,17.245,-1.813
4,-26.829,31.104,5.175
2,-40.355,43.808,2.937
2,26.455,23.580,0.122
2,48.114,13.957,-2.565
2,4.950,-32.005,4.115
2,15.128,44.328,-1.091
2,12.160,42.770,-1.361
2,40.095,16.859,-1.713
2,36.519,21.156,-0.866
2,29.753,12.751,-0.195
2,-37.043,-31.450,3.306
2,30.590,39.716,-0.126
3,-16.175,-23.055,6.558
2,-9.404,-25.085,6.333
2,-33.155,-15.244,5.821
7,19.388,25.406,2.914
2,-33.623,43.460,2.879
2,14.979,-22.284,2.870
2,18.735,-33.886,2.061
3,28.613,14.057,0.427
4,20.168,-21.161,3.706
3,32.307,43.952,0.013
2,-32.635,13.407,6.305
2,-25.351,44.378,1.717
7,24.580,31.811,0.267
2,-7.146,-19.531,6.356
2,-1.827,19.016,1.506
2,-45.537,14.425,8.711
2,-46.423,23.117,7.681
2,-44.383,29.815,5.444
2,-6.204,-27.805,5.902
4,-0.686,13.616,2.379
2,-4.465,0.288,3.596
2,34.936,-33.035,1.580
2,-35.735,-36.999,2.425
2,-7.011,-9.147,5.669
2,12.400,8.255,-0.676
2,-5.525,-23.729,5.641
2,38.998,9.919,-1.765
2,-11.096,7.759,2.996
2,32.661,44.552,-0.172
2,-15.541,-19.762,5.914
3,-36.621,-26.099,4.750
2,-25.570,27.910,5.199
2,-14.088,-37.902,5.515
2,8.111,32.041,-0.750
2,-42.916,-3.941,7.077
2,23.659,-12.768,1.589
3,-8.465,-4.475,5.310
3,-4.892,23.619,1.754
2,18.877,36.024,51.945
3,19.284,-37.287,2.943
2,2.362,25.832,-0.079
2,26.691,-49.886,2.511
3,42.151,-31.437,1.599
2,-33.748,37.380,3.533
2,16.544,-27.612,2.257
2,49.699,20.842,-1.061
2,-48.144,6.170,8.265
2,33.142,49.167,-1.513
2,-5.881,6.360,2.474
4,40.061,18.122,-1.177
3,-19.973,19.174,4.570
2,41.371,10.181,-1.966
4,24.642,2.661,-0.867
4,43.111,23.161,-0.398
7,23.180,29.668,22.644
7,22.121,27.864,14.949
2,-42.694,14.320,8.100
2,29.715,-12.425,1.052
2,-43.769,33.301,4.651
2,-48.232,-1.050,8.060
2,-6.542,38.316,1.160
2,-22.759,1.225,5.936
2,-36.497,-36.122,2.425
2,-48.323,-40.408,0.670
2,16.445,36.032,51.945
3,26.866,35.992,0.257
2,0.591,47.418,1.229
2,-4.914,30.882,1.198
2,9.705,26.280,-1.095
2,-11.359,10.434,3.289
4,24.501,-2.273,-0.761
2,-0.089,23.600,0.401
3,27.760,36.850,0.478
2,-40.405,34.187,4.140
2,45.746,-3.860,-2.013
2,48.737,-24.678,2.076
2,-20.498,-17.293,6.214
4,40.845,18.107,-1.122
2,13.072,-29.933,2.131
2,21.538,46.808,-1.769
2,23.472,-49.346,2.398
2,30.699,-23.862,1.192
2,-46.572,-36.330,0.827
2,28.797,-13.455,1.177
2,38.152,5.262,-2.169
2,45.982,22.652,-0.715
2,-15.909,-23.049,6.457
2,31.861,-41.085,2.993
2,-47.007,-27.727,1.935
2,-43.048,17.109,8.181
2,-20.014,15.441,4.209
2,29.591,12.120,-0.257
2,-29.953,11.999,5.924
4,-20.202,7.300,5.113
2,-13.730,5.629,3.719
2,40.791,-19.119,0.059
2,13.569,-22.909,2.812
2,6.210,5.805,0.296
2,24.651,-18.677,1.966
2,-12.628,-9.037,5.478
4,-26.861,-19.425,8.046
2,45.393,25.854,-0.703
2,34.858,16.168,-0.832
2,-25.205,20.941,4.665
2,49.329,15.478,-2.317
2,38.278,-20.531,-0.116
2,38.982,-44.015,2.657
2,-34.383,36.434,3.513
2,-16.712,-40.341,5.109
3,14.353,-30.740,2.551
2,25.572,-36.478,3.586
2,-36.048,-35.386,2.817
2,21.042,15.678,0.128
2,-20.782,19.792,4.343
2,-4.944,-23.980,5.641
2,7.439,22.007,-0.159
2,8.676,9.154,0.597
2,44.105,-43.244,1.548
2,47.524,34.180,-0.546
2,-41.586,26.104,6.078
2,27.069,2.362,-1.921
2,41.743,4.533,-1.986
2,-43.358,42.408,2.965
4,41.002,18.240,-1.046
2,-28.858,18.833,5.060
2,5.980,49.421,1.095
2,-31.489,18.120,5.517
2,-16.656,-35.200,5.337
2,-41.068,-28.833,3.160
2,36.255,3.064,-2.045
2,-35.956,-35.923,2.441
2,2.864,45.903,0.375
2,-46.154,0.425,8.330
2,-23.683,-12.427,6.193
2,22.221,12.527,-0.217
4,-0.826,12.221,2.526
2,9.390,23.016,-0.497
2,48.924,-46.795,1.201
3,42.033,-30.786,1.436
2,-2.111,38.482,-0.214
3,43.313,22.240,-0.617
3,-36.118,-35.836,3.061
2,-2.674,-7.805,4.646
2,-31.948,-34.849,3.039
2,-6.573,-32.835,5.767
2,-10.990,-41.228,4.986
2,-27.204,21.593,4.910
2,45.790,0.590,-2.709
2,8.596,-10.913,2.389
2,-11.633,-18.054,6.192
2,-36.689,24.255,5.956
2,-29.349,-41.302,3.258
4,-21.366,41.642,2.680
2,43.296,36.844,0.337
2,-23.999,8.334,4.980
2,-16.317,-24.332,6.066
2,42.726,46.832,-0.237
3,40.552,17.636,-1.353
2,-14.443,0.170,4.216
2,43.620,-31.527,1.097
4,-0.598,12.435,2.361
2,8.273,12.925,1.073
2,-28.217,-12.641,6.598
2,9.150,-34.230,2.734
7,-39.967,-27.956,-9.565
2,20.697,-25.898,2.384
2,18.530,-5.296,-0.652
2,-17.460,-31.760,5.480
2,43.294,35.061,-0.057
2,14.425,24.126,-0.617
2,43.250,0.302,-2.397
2,-18.751,-10.806,5.709
2,-29.664,-14.070,6.463
7,37.885,-44.444,-5.687
2,-45.262,15.519,8.708
4,23.945,-1.086,-0.448
2,-21.652,38.100,2.578
2,-29.474,-9.853,6.130
4,41.904,-31.542,1.875
2,-45.276,16.197,8.683
2,-8.025,12.659,2.482
2,1.809,-16.785,4.411
2,4.638,-16.538,4.285
2,-4.739,-7.855,5.653
1,22.030,27.775,17.741
2,10.879,-8.299,1.514
2,-46.196,-7.350,5.868
2,-8.530,-5.512,5.355
2,3.449,-34.000,3.751
2,25.521,17.885,0.075
2,13.257,-39.502,2.545
3,-22.144,41.773,2.494
2,27.833,-49.813,2.341
2,-38.577,26.473,5.647
2,-8.697,-44.779,4.766
2,20.903,-38.791,2.896
7,15.874,25.560,11.816
2,7.325,13.346,1.261
2,-27.289,-32.731,3.931
2,17.279,20.930,0.185
2,-24.220,47.371,2.137
3,-21.059,19.201,4.571
2,-45.330,38.568,3.700
2,40.801,-15.952,-0.221
2,21.633,-5.061,-1.688
2,37.295,-3.358,-1.678
2,-23.401,26.018,4.986
2,-21.090,-14.873,6.033
4,18.481,-18.229,3.888
2,-16.183,-22.396,6.466
2,44.947,-37.301,1.710
4,-1.393,13.546,2.746
2,47.295,35.148,-0.323
4,8.469,34.964,25.596
2,-43.326,7.586,7.976
2,39.371,38.480,0.639
2,-38.043,5.161,6.812
2,7.106,6.804,0.247
2,-27.549,-33.761,3.720
2,-29.789,8.548,5.824
2,45.956,-46.091,1.461
2,-21.703,-37.829,4.282
2,-29.335,17.487,5.160
2,-8.802,-32.777,5.579
2,-22.585,-1.352,6.067
2,-6.229,-32.238,5.969
2,-1.638,6.666,2.436
2,-2.701,-39.040,4.715
2,-33.928,36.957,3.451
2,30.568,-32.898,2.612
2,1.632,11.312,1.449
2,-5.723,-31.796,5.794
2,48.516,26.810,-0.525
2,-21.584,-32.620,4.590
2,-26.771,-30.765,4.402
2,33.952,22.392,-0.073
2,6.437,-41.834,3.164
7,-93.984,-25.681,-68.143
2,32.832,-46.810,2.917
2,13.500,-11.024,1.879
2,-37.857,-25.278,4.390
3,-20.192,41.961,2.340
2,-36.127,-36.744,2.428
2,-34.463,-20.167,4.738
2,19.868,-38.464,2.709
2,-26.016,17.035,4.855
2,-33.094,21.229,5.790
2,-43.832,13.173,8.272
3,27.651,14.559,0.309
2,-8.085,-6.644,5.751
2,-43.098,34.212,4.464
2,42.851,0.964,-2.335
2,45.457,-0.757,-2.613
4,32.062,9.812,-0.481
2,-0.568,48.320,1.556
2,7.085,5.597,0.111
3,-44.019,-9.122,6.255
2,-27.000,-41.335,3.583
2,34.802,23.480,-0.363
3,31.302,9.522,-0.665
2,19.216,-27.042,2.388
4,21.997,1.217,-1.368
2,-45.602,-32.157,1.867
4,32.096,9.498,-0.500
4,-43.502,-9.862,6.504
2,-37.458,29.690,4.735
2,26.405,-6.580,0.266
2,-9.380,-5.253,5.165
2,3.258,44.442,0.078
2,-28.028,2.534,6.208
2,6.443,19.963,0.559
7,23.756,30.840,31.669
2,40.435,4.445,-1.915
3,42.257,28.390,0.107
3,42.755,-17.320,0.497
2,43.259,14.801,-2.008
2,-6.382,-9.946,5.683
2,20.454,-21.619,2.908
2,24.690,-19.474,2.100
2,48.181,4.083,-3.242
2,13.880,25.387,-0.942
4,-22.218,43.109,2.624
2,43.861,-42.188,1.757
4,-25.788,-20.257,7.680
2,46.830,-0.838,-2.917
2,-45.180,-36.200,1.042
2,34.010,47.250,-1.472
2,-7.726,-9.715,5.861
3,-6.530,-33.065,5.930
2,-47.057,45.709,1.991
2,-3.967,-9.708,5.198
2,-47.865,43.830,2.621
2,-9.381,-12.191,5.985
2,-33.835,36.972,3.508
4,-36.803,-36.457,3.019
2,-17.719,37.581,2.218
2,18.840,4.072,-1.929
4,15.167,-30.432,2.610
2,-30.428,11.396,6.110
2,48.582,-10.051,-0.799
2,-9.755,6.186,2.682
2,31.180,-26.867,1.633
2,-5.077,40.553,0.246
4,-5.140,-32.994,5.977
2,-10.176,24.909,3.221
2,15.976,19.888,0.317
4,37.472,-18.710,1.070
2,-11.350,4.543,3.523
2,44.877,22.103,-0.709
2,-13.583,-33.988,5.552
2,48.447,-29.564,1.342
2,-42.901,33.679,4.526
2,-36.047,-25.676,4.381
4,39.386,-17.638,1.482
7,22.757,28.903,10.109
2,46.385,25.462,-0.683
2,-23.636,3.972,5.639
2,32.950,18.697,-0.109
2,-34.639,36.616,3.325
2,-19.299,10.610,4.429
2,-21.277,21.646,4.373
4,-0.446,13.547,2.522
2,33.483,-43.719,3.167
2,48.822,11.890,-3.121
2,37.591,31.006,0.719
2,-20.221,7.753,4.775
4,8.656,35.498,4.165
4,-36.312,-36.086,3.088
3,29.691,13.893,0.458
2,0.272,13.698,1.666
2,46.124,-23.444,1.352
2,-31.663,-36.127,3.034
2,-38.163,-45.094,1.392
2,12.429,9.556,-0.695
2,-0.332,12.972,1.854
2,-12.880,-43.793,4.540
2,-47.880,-37.951,0.495
2,-8.008,42.758,0.955
2,25.292,37.045,0.205
2,-49.203,24.290,7.737
2,-33.900,36.352,3.567
2,-0.136,19.643,1.193
2,5.910,-20.130,4.009
2,16.436,29.046,51.945
2,28.940,47.697,-1.534
2,-7.825,-22.961,6.137
2,12.872,49.151,0.032
2,-36.097,45.572,2.662
4,8.103,34.412,20.649
2,49.790,-47.890,1.105
2,-7.794,46.924,1.599
3,42.100,29.079,0.056
2,-4.080,3.136,2.988
2,-1.933,41.523,-0.086
2,28.650,-42.080,3.405
2,26.294,-3.909,-1.039
2,-33.582,-1.466,6.703
7,24.038,31.330,12.769
2,-16.784,-22.530,6.123
2,42.667,43.645,0.239
7,10.754,38.975,23.883
2,-7.259,-20.912,6.279
2,32.693,44.118,-0.451
2,41.482,-31.273,1.223
2,30.217,-12.084,0.860
2,19.119,-24.054,2.520
3,33.478,7.088,-1.433
2,22.316,20.559,0.396
2,-9.552,11.768,2.837
2,20.719,-48.275,2.931
7,164.176,30.646,-52.525
7,23.819,30.885,30.271
2,-10.297,-28.602,5.900
2,0.095,-21.641,5.398
2,-43.678,-19.887,4.207
2,-17.476,-16.659,6.194
2,-27.595,17.781,4.880
2,-2.401,-31.335,4.974
2,-30.391,21.993,5.351
3,-6.027,22.488,1.989
2,-42.112,-22.322,3.615
4,27.224,38.808,0.560
2,18.172,45.991,-0.842
4,28.082,14.883,0.469
2,44.546,15.592,-2.012
2,-46.784,-41.034,0.885
2,10.179,-2.850,0.403
2,2.868,-26.057,5.281
2,0.293,39.481,-0.690
2,-0.005,-34.116,4.681
2,-6.376,-32.275,5.969
2,-28.407,27.204,5.175
2,-28.245,-38.035,3.722
2,1.495,26.146,0.022
2,-6.948,-9.096,5.741
2,-13.244,-26.031,6.357
2,-39.212,-12.403,5.213
3,-4.015,23.570,1.480
3,24.662,-4.020,-1.356
2,13.151,-29.865,2.141
2,-48.475,-5.908,5.918
2,-25.696,27.539,4.937
2,-23.982,-16.261,6.288
2,15.383,20.078,0.277
2,-9.835,2.318,3.608
2,2.715,-24.569,5.317
3,28.285,14.526,0.284
2,13.558,45.863,-0.705
2,-25.924,28.106,4.966
2,33.229,22.436,0.094
2,-15.027,-3.889,4.789
2,4.575,-16.938,4.269
2,-34.495,37.143,3.322
4,-28.013,31.859,4.810
2,8.569,-30.749,3.097
2,-6.634,-8.269,5.779
7,-26.785,-43.799,-5.530
2,-25.817,28.326,4.959
3,2.691,-33.850,4.614
3,32.048,44.082,0.012
2,-30.121,5.631,5.851
2,-49.791,-43.060,0.955
4,20.309,10.944,0.357
2,-11.129,-23.934,6.372
2,-0.082,34.230,-0.881
2,-23.558,-29.597,4.771
2,15.872,27.694,51.945
2,43.386,2.023,-2.378
2,-8.516,27.181,2.681
2,-16.489,-6.846,5.509
2,6.197,-31.789,3.752
2,-17.464,40.573,1.901
2,-11.768,37.126,2.036
2,-9.782,21.352,3.530
2,46.550,-48.107,1.525
2,19.310,27.671,51.945
2,-45.947,23.379,7.511
2,-32.619,31.278,4.239
4,-4.172,-19.160,6.225
3,41.755,29.684,-0.081
2,33.803,14.475,-0.716
2,6.966,-12.355,3.177
2,11.135,8.192,-0.409
4,41.593,-30.827,1.838
3,25.211,37.683,0.494
2,33.583,-30.664,1.593
2,-26.117,-11.530,6.724
2,-15.712,35.454,2.363
2,49.962,-8.329,-1.403
4,31.849,6.949,-0.750
2,25.710,-24.822,2.651
2,21.085,-37.765,2.785
2,8.091,0.752,0.556
2,36.789,-40.498,2.393
2,-22.509,-6.344,5.592
2,-0.453,13.792,1.909
2,44.130,-17.172,0.094
2,-17.577,47.804,2.303
2,37.249,5.717,-2.112
2,2.270,13.359,1.325
4,-1.018,12.756,2.711
2,49.999,17.742,-1.771
2,-39.734,34.340,3.874
2,-13.040,-27.355,6.144
2,-0.818,43.301,-0.011
2,-33.141,21.896,5.629
2,20.110,-38.525,2.761
3,-2.803,24.602,1.084
2,3.818,49.151,1.052
2,29.663,13.717,-0.029
2,-27.117,-12.500,6.765
2,-2.696,40.673,-0.123
2,-29.094,9.029,5.828
2,-36.059,-36.978,2.436
2,40.687,38.227,0.750
3,31.844,44.738,0.131
3,8.345,21.143,0.457
2,-39.940,-31.594,2.747
7,-12.595,22.109,-10.262
2,-40.520,-34.584,2.346
4,-36.194,-25.172,5.126
2,40.662,-11.852,-0.383
4,9.489,36.746,3.344
2,40.902,16.117,-1.808
4,20.338,8.343,0.620
2,-4.474,-49.592,3.969
2,-43.051,19.909,7.852
4,-27.178,-19.476,7.737
4,-19.929,-5.667,6.043
2,-28.530,31.070,4.828
2,20.604,22.091,0.163
2,8.646,-7.294,1.740
2,13.241,40.745,-1.461
7,22.849,28.922,17.082
3,-16.075,-22.637,6.500
2,-1.624,-2.389,3.601
2,7.319,2.969,0.270
2,16.382,-35.847,2.253
4,41.895,-14.913,0.781
2,36.792,-20.147,-0.071
2,14.136,-48.927,2.084
2,-49.307,7.566,8.587
2,-5.446,-1.112,4.096
2,41.011,42.641,0.302
4,28.567,-0.099,-1.386
2,-11.914,32.897,2.103
2,44.403,-42.311,1.665
2,42.766,12.202,-1.943
2,-7.943,-7.012,5.757
2,34.226,21.653,-0.243
2,-26.714,32.629,4.289
2,-28.670,-44.082,3.154
2,-11.049,-38.527,5.237
2,30.226,14.771,0.030
2,46.697,-47.374,1.468
2,-35.353,35.336,3.433
2,4.521,47.267,0.614
4,26.974,1.148,-1.549
2,-14.477,33.378,2.390
3,-36.502,-25.495,4.828
2,-16.490,-22.783,6.045
3,-16.075,-22.734,6.531
2,-31.373,33.363,3.622
2,7.134,-39.991,3.062
2,-34.423,-21.392,4.595
2,45.635,18.001,-1.715
2,-25.012,28.153,5.011
2,41.640,29.780,-0.229
2,32.249,44.259,-0.627
7,23.003,29.597,4.504
3,-36.102,-37.318,2.970
2,-49.071,0.303,8.405
2,-15.684,24.277,3.853
2,-40.874,-14.523,4.878
2,18.592,-41.231,2.411
2,1.632,29.544,-0.367
2,12.223,-33.921,2.114
2,10.751,-47.110,2.120
2,-19.843,-8.838,5.437
2,30.701,-4.801,-0.768
3,-16.436,-22.758,6.571
2,22.263,-30.735,2.454
2,-8.914,-26.040,6.084
2,-1.771,-7.681,4.373
2,-33.640,-11.048,5.941
2,29.355,17.202,0.128
3,-19.680,19.132,4.388
3,14.378,-31.451,2.539
4,16.390,8.367,0.187
2,13.305,-8.979,1.182
2,-7.364,-20.539,6.091
7,-3.251,26.304,-3.904
2,-34.538,-24.688,4.695
2,-48.635,-33.310,0.999
2,-31.764,29.121,4.644
2,-5.217,-31.072,5.683
2,26.373,41.634,-0.922
2,30.181,-1.740,-1.755
4,6.823,23.269,0.579
2,-8.222,22.840,2.733
2,-38.676,35.733,3.642
2,-28.595,-32.019,3.737
2,-15.346,47.367,2.344
2,36.222,18.039,-1.166
2,33.523,20.772,-0.200
2,-37.935,25.990,5.737
2,6.889,20.889,0.123
2,-11.804,-4.389,5.060
2,-18.142,2.622,4.525
2,-25.702,-12.152,6.834
3,-20.597,19.447,4.551
2,28.314,35.442,0.122
2,-30.369,-44.602,2.968
2,48.642,43.208,0.403
3,40.888,18.101,-1.286
2,-3.478,45.509,1.072
2,12.395,-18.202,3.107
2,-40.068,-6.415,6.754
2,-7.177,-9.123,5.786
2,-42.318,38.062,3.819
2,40.317,49.737,-1.175
2,-32.797,26.200,5.550
2,33.864,-7.275,-0.711
2,-25.362,27.971,5.191
4,32.204,7.185,-0.690
4,5.472,-32.592,4.508
3,42.603,-31.021,1.397
3,32.950,44.368,0.184
2,-28.127,28.545,4.809
4,4.809,-35.006,4.258
2,-4.936,-1.368,4.036
2,-25.564,-7.534,6.230
3,-9.450,-3.826,5.170
2,26.310,36.485,0.168
2,46.497,22.944,-0.764
2,3.534,-21.224,4.580
2,-35.840,-38.530,2.283
2,-44.483,48.666,1.433
2,28.287,-11.928,0.982
7,10.189,37.926,16.051
2,20.440,10.891,-0.386
4,41.054,16.315,-1.176
2,12.696,17.027,0.186
2,43.619,13.634,-2.144
2,-39.953,-0.074,7.339
2,1.976,4.446,1.970
2,-7.760,5.662,2.682
2,-12.569,26.506,3.546
3,-16.590,-23.348,6.600
2,-6.056,8.719,2.186
2,36.701,-11.720,-0.756
3,41.558,29.060,0.096
2,12.995,-32.916,2.144
4,-23.798,-8.234,7.917
2,29.490,13.491,-0.163
2,18.105,-3.155,-1.134
2,-28.133,-48.803,3.922
2,-24.069,31.648,4.234
2,3.912,12.534,1.265
4,-35.602,-24.889,5.089
2,-19.785,10.152,4.722
2,25.702,37.153,0.276
3,-49.868,-26.946,1.665
3,42.040,30.257,0.119
2,32.738,44.474,-0.235
2,-19.073,-38.122,5.139
2,-41.402,-46.887,0.844
2,18.529,-2.816,-1.279
2,-16.654,-23.220,6.306
2,-15.470,-30.855,5.533
2,21.160,-4.852,-1.872
4,-27.012,30.700,5.237
2,38.747,-19.266,-0.050
2,31.690,7.407,-1.434
2,44.466,49.791,-0.113
2,-5.705,10.515,2.542
2,-44.026,-15.627,4.504
7,49.157,127.340,-40.929
4,-4.531,24.063,2.086
2,12.456,21.778,0.141
2,-47.952,28.179,6.556
2,-44.338,47.961,1.520
2,-28.833,-36.691,3.365
2,-43.228,32.165,4.882
3,-16.300,-23.100,6.505
2,-3.176,49.590,1.881
2,-29.009,-20.369,5.606
2,-9.984,17.064,3.162
2,9.822,10.941,0.248
2,-7.231,23.908,2.397
4,24.320,-2.617,-1.104
2,6.220,22.732,-0.193
2,-15.831,-39.636,5.380
2,-12.880,-29.418,5.806
2,-7.993,-8.283,5.594
2,-2.539,-11.835,4.966
2,-15.635,33.625,2.665
2,46.314,30.313,-0.716
2,41.271,20.917,-1.330
2,30.624,-35.670,2.552
2,48.017,44.714,0.424
7,-15.515,15.882,-8.160
2,13.853,23.610,-0.545
2,8.504,20.794,0.195
2,-16.651,-23.332,6.033
2,-44.039,29.314,5.547
2,31.718,-39.869,2.742
7,24.389,31.869,16.296
2,10.578,-39.710,3.018
2,-13.780,-26.257,6.158
2,-1.378,11.531,2.172
2,18.641,42.581,-1.376
2,20.768,-38.942,2.766
2,-2.355,19.870,1.396
2,28.287,13.881,-0.151
2,10.712,49.785,0.621
2,32.183,44.549,-0.605
2,-5.465,-31.828,5.954
4,-22.953,-9.608,6.482
2,-46.492,7.034,8.347
2,-31.385,33.999,3.493
2,14.322,8.220,-1.128
2,-48.555,-41.289,0.756
2,-38.519,-5.689,6.645
4,5.855,-33.243,4.709
4,-0.842,12.835,2.573
2,-34.621,36.994,3.508
2,-43.441,-9.151,5.943
2,29.715,-5.554,-0.291
2,-14.603,-42.329,5.001
2,-31.711,35.345,3.164
4,36.887,-19.174,0.763
4,15.245,-31.849,2.667
3,-8.365,-4.346,5.218
4,38.009,-20.700,0.740
2,-33.863,37.064,3.515
2,-7.390,-18.869,6.398
3,-20.866,7.967,5.227
3,29.682,13.645,0.253
2,-34.595,3.801,6.449
2,-41.075,44.170,2.693
2,-35.148,18.332,6.213
2,4.049,49.956,1.122
2,-25.689,-48.586,4.485
3,-35.353,-37.244,2.970
2,32.522,20.962,0.017
3,-20.609,43.081,2.635
2,12.501,-11.389,2.291
3,15.492,-30.688,2.482
2,-34.912,37.041,3.520
2,23.529,33.084,51.945
2,0.541,-14.645,4.452
2,43.448,4.478,-2.165
7,15.988,25.546,9.704
7,10.428,38.404,11.701
4,24.693,2.529,-0.899
4,32.688,9.041,-0.638
2,5.328,-17.259,4.075
2,-8.890,38.838,1.624
2,-48.903,-43.684,0.966
2,-40.245,-23.155,3.647
2,48.172,40.645,0.136
2,47.087,-1.648,-2.854
2,40.858,-0.301,-2.089
3,42.203,29.045,-0.054
4,-2.653,22.282,2.398
2,-44.910,40.752,3.192
2,-7.146,-41.481,5.328
2,32.510,-41.653,3.241
4,-17.890,7.194,4.994
7,21.290,26.742,11.485
4,10.495,38.392,29.667
2,41.601,28.870,-0.261
3,43.377,23.106,-0.649
2,49.421,-31.128,1.050
4,-0.494,13.478,2.573
2,35.844,-11.912,-0.599
4,-28.052,32.598,4.960
2,-37.736,34.391,3.735
2,-48.182,-35.700,0.763
3,21.234,-36.525,2.918
2,1.974,-4.531,3.116
2,12.576,-4.361,0.332
2,-25.543,29.136,5.018
2,-35.911,-25.729,4.387
2,-6.518,-32.488,5.886
2,-11.286,-10.447,5.744
4,41.747,17.209,-0.885
2,23.964,47.618,-2.157
2,46.200,34.472,-0.255
2,-7.779,-40.749,5.225
2,-7.843,7.955,2.245
2,36.978,-16.972,-0.234
4,22.524,-0.561,-0.893
4,-9.211,32.844,3.521
4,-43.395,-9.662,6.334
3,42.025,29.910,0.018
2,-30.484,34.265,3.313
2,22.290,25.835,0.444
2,-1.668,-32.186,4.880
2,-39.623,-21.672,3.785
3,-16.287,-23.087,6.601
2,31.835,9.969,-1.142
2,-8.038,18.806,2.719
3,27.115,2.294,-1.653
2,21.686,-26.635,2.438
2,-34.621,-27.896,4.422
2,21.077,5.357,-1.488
2,-28.148,17.184,4.962
2,37.519,-13.284,-0.636
2,-8.105,-7.057,5.597
2,-16.795,-23.658,6.497
2,17.000,1.716,-1.393
2,13.856,-9.046,1.165
3,27.552,12.625,0.169
2,49.361,9.746,-3.107
2,20.256,14.654,0.176
2,-14.881,-37.473,5.499
2,8.939,-29.774,3.139
2,6.640,-33.973,3.286
2,-0.554,13.426,1.832
2,-31.303,38.954,2.690
2,-33.844,-25.959,4.663
2,14.218,-37.805,2.140
3,-26.543,29.581,5.147
2,28.206,23.726,-0.007
2,-45.989,-28.779,2.141
7,20.607,25.368,0.296
2,-16.798,-34.154,5.544
2,47.126,-3.727,-2.095
2,-2.603,-25.427,5.957
2,-48.617,-29.856,1.465
2,-37.792,-8.696,6.076
2,-25.161,-11.205,6.930
2,-45.556,3.898,8.287
2,24.868,-16.537,1.984
2,-43.156,44.338,2.349
2,0.278,-23.439,5.682
2,-14.872,-14.818,6.351
2,29.966,-15.127,1.241
2,34.242,-46.527,2.901
4,15.297,40.794,-0.804
2,-37.694,-37.406,1.739
7,16.680,25.407,3.477
2,-23.724,-30.798,4.959
2,8.820,-5.754,1.610
2,32.242,44.236,-0.491
2,-30.625,13.021,5.994
4,3.757,-33.300,4.405
2,-18.396,-45.127,4.816
2,-39.805,35.617,3.792
4,41.983,17.327,-0.926
2,-25.329,28.049,5.132
2,-0.563,-33.944,4.798
2,12.413,37.546,51.945
4,21.220,-0.887,-1.089
4,-24.718,-21.394,7.496
2,-18.581,17.157,3.867
2,-46.963,-7.224,5.781
2,33.246,-44.441,3.039
2,36.095,-18.430,0.099
2,-0.776,16.883,1.611
2,3.920,47.283,0.670
2,-44.749,33.819,4.621
2,-4.075,40.443,0.055
2,-34.364,44.505,2.810
4,-3.052,22.934,2.313
2,-29.782,-11.285,6.348
4,-27.635,32.541,4.679
2,29.133,-3.374,-1.366
2,-13.478,-43.986,4.663
1,15.096,-29.678,2.418
3,-19.670,42.784,2.486
2,48.987,-40.515,1.625
2,33.194,-7.349,-0.522
2,13.266,-15.571,3.121
2,28.645,46.670,-1.345
2,-23.609,2.077,5.915
3,-43.852,-9.253,6.181
7,23.475,30.181,4.444
2,-20.069,18.352,3.972
2,19.078,5.509,-1.921
2,-39.442,10.854,7.256
2,-27.600,34.399,3.630
4,-36.793,-36.648,3.275
7,10.794,38.983,13.090
4,42.312,17.793,-0.895
2,-47.190,27.384,6.732
2,44.715,-17.849,0.422
2,-47.163,46.756,1.812
2,32.486,-19.916,0.596
2,14.748,-20.351,3.079
2,8.368,37.948,-0.805
3,-16.053,-22.618,6.455
2,-38.506,-40.064,1.637
2,-20.039,-10.033,5.547
4,-23.488,-8.912,7.895
2,-31.614,-35.303,3.059
2,11.891,5.588,-0.873
7,-49.362,-11.295,-5.742
2,7.573,-6.897,1.733
2,-41.491,-42.290,1.329
2,-41.077,7.932,7.581
2,-7.501,-8.559,5.600
2,46.416,-36.269,1.487
2,-46.715,-5.281,6.609
2,-4.351,-31.471,5.805
4,33.321,8.920,-0.883
2,14.609,-28.083,2.490
4,41.213,16.622,-0.449
2,-9.729,-9.963,5.592
3,41.594,-32.044,1.659
2,-45.785,11.977,8.806
2,-5.057,-6.026,5.050
2,36.077,25.254,-0.352
2,13.178,-20.355,2.833
2,46.892,20.581,-1.208
2,35.801,-28.720,1.214
2,32.997,31.918,0.381
2,-33.566,18.222,5.892
2,-14.133,-39.583,5.433
2,-19.815,-31.341,5.172
2,30.405,37.612,-0.132
3,-17.981,8.106,4.584
2,6.533,40.728,-0.435
2,-1.472,-15.313,4.720
2,20.905,-13.538,2.035
2,-6.492,-29.558,5.820
2,45.760,-47.663,1.642
3,31.939,8.092,-0.942
2,-19.575,-45.991,4.940
2,45.832,-24.973,1.300
4,-35.613,-26.106,5.202
2,-5.763,-42.194,4.988
2,30.041,19.057,0.252
2,6.537,3.585,0.474
2,28.405,-27.803,2.345
2,-48.025,-0.501,8.213
2,-0.194,41.835,-0.030
2,-31.277,-5.246,6.381
7,-26.981,120.909,-32.629
2,36.386,14.318,-1.177
2,-25.035,-30.590,4.861
4,2.762,-1.488,3.807
4,32.354,43.675,0.048
3,-24.700,28.397,5.139
2,-15.905,40.715,1.899
2,-2.852,-21.748,5.427
2,1.470,17.954,1.341
2,27.740,22.475,0.071
2,11.458,-42.138,2.864
2,-26.820,-25.370,5.603
2,8.914,48.900,0.840
2,17.387,35.901,51.945
2,-20.782,41.534,2.012
2,1.533,19.135,1.043
7,19.428,25.434,7.117
2,-17.615,25.902,3.769
7,-41.760,49.414,-6.705
2,-29.304,22.412,5.249
2,21.215,24.404,0.424
7,24.399,31.984,1.616
2,-19.879,19.382,4.158
2,-1.793,37.546,-0.437
2,-35.272,-26.246,4.527
2,-2.166,-37.299,4.736
2,-11.537,28.837,2.694
2,-7.433,-19.779,6.115
3,41.987,29.396,-0.015
2,34.067,32.429,0.550
2,45.230,-45.876,1.655
2,49.542,-39.638,1.606
2,-7.038,-18.193,6.443
2,10.292,48.114,0.407
2,30.691,15.698,0.054
2,25.756,-40.796,3.154
2,-31.247,-23.926,5.080
2,-15.325,39.710,1.951
2,-29.420,18.397,5.209
2,42.683,49.314,-0.549
2,3.082,40.942,-0.241
2,-42.807,-14.901,4.678
2,27.602,44.040,-1.450
4,-15.885,-22.633,6.548
2,11.525,35.400,51.945
2,44.948,35.043,-0.180
2,-4.627,-16.167,5.439
2,-39.238,-43.423,1.468
2,-8.139,-23.483,6.072
2,10.353,-34.981,2.610
2,4.872,-5.302,2.237
2,49.751,8.553,-3.204
2,31.904,44.281,-0.627
4,-20.776,42.854,2.827
2,-18.537,43.506,2.097
2,31.573,22.062,0.207
2,-43.102,12.199,8.111
4,-4.339,-19.157,6.126
4,-29.471,31.578,4.971
3,7.259,20.233,0.656
3,15.629,-31.607,2.488
2,-27.275,31.892,4.267
2,33.828,-37.839,2.268
3,-0.892,13.465,2.172
3,33.450,7.005,-1.507
2,19.578,-34.213,2.173
2,-12.047,-25.768,6.464
2,34.100,19.522,-0.510
4,-25.004,-18.361,7.832
2,48.775,33.749,-0.751
4,21.555,-1.140,-0.780
2,-34.066,36.404,3.483
2,-34.663,-29.000,4.042
2,-12.162,-12.396,6.229
4,-11.194,32.757,2.796
2,-27.434,36.539,3.183
2,47.061,42.467,0.131
3,42.453,29.531,-0.076
2,-34.813,36.775,3.501
3,-22.815,-11.893,6.473
2,-6.507,-26.054,5.796
2,-15.580,-47.062,4.770
2,-47.574,10.315,9.029
2,48.284,-25.536,1.870
2,-38.536,46.966,2.082
2,40.466,24.261,-0.603
2,37.955,6.429,-2.122
2,-43.583,-1.162,7.857
2,-23.416,-45.380,4.201
4,-36.395,-36.955,3.135
2,-40.821,27.863,5.343
2,36.372,-28.627,1.149
2,-27.880,-42.000,3.527
2,-22.105,41.295,2.035
2,-39.078,-23.545,3.675
2,34.972,40.005,0.021
2,-20.994,16.175,4.117
3,-5.701,-33.021,5.912
2,-35.125,-36.616,2.525
2,18.550,15.802,0.266
2,-16.863,42.640,1.986
2,42.091,-45.211,2.029
2,-32.606,39.879,2.662
2,-44.251,-8.491,5.966
2,-28.119,-27.421,4.796
2,0.128,13.135,1.822
7,8.068,34.306,15.670
2,35.689,15.323,-1.148
2,-38.247,11.380,6.961
2,12.677,23.019,-0.452
4,-15.770,-22.755,6.622
4,-23.524,-8.490,6.825
2,45.357,-27.748,1.125
2,31.462,48.732,-1.425
3,27.988,38.446,0.261
2,44.965,-37.874,1.768
2,30.904,38.825,-0.044
4,11.512,40.173,-0.716
2,44.641,13.997,-2.303
2,-18.723,7.748,4.488
4,19.276,40.901,0.902
2,31.071,14.871,0.000
2,25.421,-25.666,2.652
4,-27.653,32.680,5.198
3,43.424,22.437,-0.793
2,-12.323,-29.507,5.847
2,-2.233,11.676,2.344
2,28.316,-15.713,1.356
4,20.252,11.006,1.072
2,26.687,-19.238,1.879
7,23.367,30.193,26.797
2,14.641,25.451,-0.017
2,45.104,30.061,-0.669
2,47.992,26.640,-0.606
2,46.039,37.803,0.166
2,42.470,12.649,-1.946
2,7.751,-32.390,3.204
2,-47.041,-20.940,3.548
2,25.612,-40.143,3.185
2,32.596,44.214,-0.502
2,-28.613,0.918,6.502
2,-9.020,-5.652,5.161
7,17.877,25.528,19.638
2,-27.363,-45.910,3.528
2,-21.115,40.158,2.106
2,26.025,2.185,-2.046
2,39.051,-29.570,1.122
2,-44.837,30.131,5.465
4,37.466,-14.766,0.691
2,-42.746,46.702,1.718
2,46.399,-15.799,0.014
2,4.650,-17.232,4.131
2,6.636,27.743,-0.607
2,18.477,-27.031,2.391
2,-15.082,38.721,2.233
2,-10.139,-23.942,6.313
3,28.575,14.094,0.310
2,35.118,4.362,-2.055
2,-21.229,12.073,4.506
2,-10.763,-28.236,6.003
4,18.665,-37.070,2.867
2,-16.238,-23.072,6.038
4,38.477,-19.394,1.232
3,25.759,-4.270,-0.800
2,-48.925,36.362,4.388
2,5.786,42.769,-0.171
2,-12.725,32.855,2.208
2,20.073,1.094,-1.913
2,-13.210,-1.271,4.556
2,2.950,6.163,1.658
4,-0.564,12.499,2.398
2,42.988,15.440,-1.981
2,48.759,-12.644,-0.194
2,-7.251,-24.115,5.782
4,41.661,17.962,-0.767
3,-36.401,-25.641,4.892
2,21.459,12.276,-0.300
2,38.584,15.673,-1.619
2,-18.026,-46.512,4.910
2,41.466,17.616,-1.714
2,-43.846,-44.042,1.136
2,27.457,-33.402,3.126
2,-19.022,7.554,4.588
2,-19.868,43.205,2.388
4,-27.685,30.397,5.422
4,40.410,-17.321,1.290
2,35.409,30.768,0.584
2,10.943,3.250,-0.574
7,21.412,26.727,10.090
4,-1.287,13.636,2.605
2,22.120,-3.819,-1.366
4,-0.279,13.662,2.388
2,-9.584,-15.296,5.979
2,-3.615,-49.176,4.005
3,5.615,-33.048,3.792
2,29.742,20.212,0.272
2,48.614,-30.802,1.255
2,30.505,26.586,0.329
2,-26.890,-12.449,6.801
2,34.278,2.809,-2.322
2,-42.095,-20.735,4.173
2,-13.092,16.284,3.657
2,-16.015,-47.470,4.801
2,32.266,44.309,-0.622
2,31.539,-33.562,2.443
2,-43.704,6.219,8.240
2,-32.879,48.986,2.103
2,15.457,17.143,0.281
7,24.361,32.067,27.480
3,-27.022,30.316,4.809
4,40.417,17.333,-0.478
2,-18.565,27.368,3.791
2,13.774,-18.171,3.193
2,32.217,44.186,-0.591
2,-19.342,-20.000,6.268
4,41.237,16.165,-0.796
2,21.316,-36.178,2.642
2,-40.908,-15.679,4.980
2,-16.895,-45.852,4.823
2,-29.518,-40.544,3.245
2,32.239,18.010,-0.126
4,27.722,13.932,0.356
3,-43.691,-8.845,6.344
2,48.829,-19.467,1.176
2,19.881,-37.356,2.621
2,18.823,-38.038,2.863
2,-38.040,15.415,7.164
2,-24.132,46.421,2.038
2,-46.159,48.539,1.329
4,-23.178,-8.761,7.811
2,-8.552,46.274,1.357
2,-48.800,35.161,4.671
2,45.001,-36.091,1.793
2,24.786,3.458,-1.899
2,1.942,6.028,1.748
2,24.523,44.033,-1.665
4,-27.998,32.408,4.878
4,-26.875,31.119,5.410
2,-12.738,-26.865,6.211
2,33.815,-34.411,1.894
2,-30.810,-31.830,3.379
4,-21.717,-9.650,6.901
2,17.985,-0.450,-1.520
2,-30.610,38.017,2.740
2,17.319,-5.720,-0.181
2,-25.560,38.352,2.521
2,-20.866,-18.877,6.061
2,19.213,-37.092,2.277
2,-37.356,-4.990,6.794
2,33.266,-37.611,2.255
2,-9.651,-3.957,4.981
2,39.907,39.057,0.575
2,-20.726,-46.754,4.902
4,-26.906,32.321,5.345
7,8.451,31.435,0.145
7,22.510,27.485,-6.631
2,-14.619,37.445,2.335
2,29.315,13.274,-0.129
4,-28.201,-22.478,7.001
2,-5.500,-8.264,5.834
2,-11.798,-0.270,4.436
3,-20.069,19.603,4.439
2,-8.410,7.982,2.294
2,-23.551,-43.811,4.066
2,19.339,3.599,-1.987
2,-19.763,-2.883,4.904
2,47.597,-19.075,0.896
2,-34.954,10.633,6.540
2,-6.751,-33.546,5.394
2,18.124,41.475,-1.391
2,-29.303,-37.933,3.390
2,7.020,9.167,0.987
2,27.144,-5.298,-1.438
2,28.965,14.053,-0.041
2,5.080,-19.948,4.307
2,-37.594,43.690,3.204
2,-11.941,-31.408,5.423
2,0.233,-12.586,4.397
3,33.248,7.825,-1.256
2,-20.165,-4.872,5.194
4,18.134,-17.525,3.760
2,-8.177,-7.856,5.567
2,9.936,-7.091,1.492
2,-30.945,-19.155,5.117
4,22.410,-0.596,-0.842
2,-49.895,-44.774,0.965
3,-18.360,7.354,4.790
2,-10.282,33.434,2.105
2,-7.598,-20.727,6.277
2,-32.474,49.761,1.918
2,-40.623,-17.977,4.706
2,5.367,-38.262,3.364
4,4.819,-33.629,4.507
2,-14.644,5.821,3.814
2,-33.970,36.891,3.563
2,21.458,-36.521,2.758
2,41.769,-27.747,0.823
2,36.972,-9.070,-0.806
4,33.068,8.972,-0.367
2,37.169,-10.738,-0.786
2,-7.029,-15.341,5.892
2,-6.716,-8.668,5.822
2,-40.282,-35.079,2.237
2,6.052,-43.859,3.365
2,-25.263,22.209,4.786
2,43.558,-21.064,0.572
2,-48.485,31.115,5.558
2,32.531,-38.138,2.395
7,24.363,31.927,15.597
2,-23.866,-4.632,6.311
2,-47.260,3.404,8.335
2,-7.703,-8.956,5.607
2,-12.354,-32.945,5.398
7,22.135,27.729,10.062
2,2.162,-42.942,3.663
2,16.514,-29.984,2.014
2,13.357,-33.507,2.157
4,-43.431,-9.943,6.324
2,48.817,-8.569,-1.199
7,8.110,34.411,2.867
2,-5.774,0.281,3.822
2,-11.059,-1.460,4.665
2,-15.805,17.253,3.841
3,-24.753,28.321,5.119
2,3.607,40.098,-0.469
2,-27.605,33.420,3.724
2,-14.450,19.688,4.084
4,27.662,-0.469,-1.208
2,1.339,-25.650,5.515
3,31.822,44.297,-0.106
2,21.316,-37.535,2.878
2,28.273,-18.708,1.815
2,-46.857,30.922,5.631
2,40.044,-7.913,-1.138
7,10.743,39.147,43.311
4,32.927,7.716,-0.727
3,-43.535,-9.880,5.894
2,-34.398,-33.469,3.018
4,25.518,-0.996,-0.888
2,-31.956,-13.846,6.130
2,-0.189,-17.492,4.698
2,19.699,1.571,-1.907
2,-12.220,47.707,1.973
2,-33.745,37.202,3.391
2,-40.147,-3.307,6.981
4,-36.353,-36.903,3.104
2,2.108,-34.854,4.426
2,-5.162,48.878,1.801
2,27.036,28.032,0.585
3,4.474,-33.590,4.173
3,-0.480,13.581,2.147
4,25.199,-1.469,-0.469
2,-23.050,37.327,2.957
2,-7.573,-6.902,5.770
2,-25.606,28.090,5.183
2,-20.139,19.935,4.490
3,32.940,6.699,-1.424
2,4.244,3.674,1.262
4,-37.100,-36.314,2.916
2,44.947,22.723,-0.670
2,-31.429,-13.549,6.218
2,-24.444,37.438,2.741
2,11.037,-19.174,3.106
2,17.834,32.392,51.945
7,23.770,30.722,1.605
2,-9.940,-3.082,4.814
2,-16.431,34.692,2.372
2,8.634,17.274,0.650
2,-33.953,-22.120,4.606
2,48.847,-39.715,1.579
2,-21.195,-35.358,4.491
2,4.890,42.966,-0.138
2,0.958,18.661,1.209
2,40.027,-35.564,1.869
2,8.284,-45.719,2.659
2,-44.164,-39.102,1.217
2,29.399,-1.378,-1.986
2,-26.066,1.506,6.423
2,7.726,20.530,0.637
2,44.300,22.052,-0.728
2,4.198,35.024,-1.027
3,-35.747,-25.521,4.898
2,25.881,-45.866,2.635
2,-16.359,-26.172,6.040
2,-26.769,-36.706,3.590
2,-31.214,42.517,2.747
4,12.461,25.424,-0.554
2,45.161,49.125,0.193
2,32.903,44.492,-0.126
4,-27.984,31.398,5.158
2,-8.416,-0.725,4.165
2,28.552,14.623,-0.164
2,20.313,-38.906,2.943
3,-43.583,-9.366,6.459
4,-21.605,41.503,2.788
2,-3.401,-11.242,5.201
2,32.668,43.763,-0.139
2,13.013,41.559,-1.522
7,-22.292,-22.425,-5.056
2,-11.832,2.923,3.912
2,28.798,18.837,0.147
3,-30.152,-49.931,3.432
4,-35.759,-5.531,8.024
2,-39.283,42.880,3.204
2,-33.658,36.659,3.322
2,-5.651,-37.741,5.042
2,35.842,-4.338,-1.320
2,-11.849,37.690,2.053
2,-29.644,7.473,5.823
2,-42.680,1.870,8.095
2,34.972,37.008,0.329
2,-8.277,-17.289,6.275
2,42.471,-30.969,1.030
2,48.436,0.020,-3.445
2,-48.726,-37.590,0.298
2,17.500,14.934,0.370
4,25.262,-17.050,2.670
2,28.232,-34.502,3.257
2,-3.522,-15.723,5.270
2,37.545,18.913,-1.695
2,36.716,29.641,0.402
2,-49.987,40.602,3.587
2,41.376,-36.993,2.132
2,42.484,38.579,0.574
2,-10.361,-8.381,5.448
2,35.289,-35.466,1.891
4,-18.339,-7.446,6.838
2,44.929,31.590,-0.684
4,-22.520,-7.043,6.499
2,49.538,45.330,0.675
4,-0.850,12.977,2.453
3,28.280,37.923,0.481
2,38.684,-13.742,-0.356
2,-27.518,-1.290,6.552
2,-5.455,-31.708,5.813
7,19.299,25.459,4.315
2,46.902,-27.581,1.524
2,-4.791,39.094,0.352
4,5.957,-33.448,4.292
2,5.682,38.519,-0.635
3,-43.894,-9.665,6.141
2,-32.931,-33.714,3.000
2,28.048,13.662,0.079
2,25.834,28.710,0.492
4,-3.920,21.480,1.962
2,10.825,36.222,51.945
2,10.986,-25.616,3.319
7,9.843,37.231,6.790
2,9.406,35.208,51.945
2,-13.988,-15.370,6.297
2,-26.550,28.687,4.935
3,42.470,29.500,-0.213
2,-35.482,5.919,6.385
2,-44.259,10.879,8.440
2,-32.124,-41.820,2.409
4,-36.677,-25.511,4.918
2,11.744,48.311,0.269
2,-12.712,21.913,3.978
2,0.725,-20.702,5.166
2,24.553,-33.143,3.130
7,24.130,31.297,2.276
3,26.028,36.144,0.652
2,10.124,35.317,51.945
2,-38.860,36.311,3.667
2,11.716,-34.118,2.256
2,-45.124,-17.199,4.085
3,44.109,22.624,-0.523
2,18.019,-16.523,2.803
2,-4.364,-28.922,5.817
2,-39.754,-0.741,7.277
2,-29.399,19.058,5.170
2,6.352,2.134,0.692
4,41.237,-15.344,0.744
2,-18.829,-41.223,4.784
2,-33.911,36.522,3.415
2,40.667,17.298,-1.510
2,31.799,-26.335,1.460
2,-23.157,-41.235,3.977
2,-20.292,41.706,2.102
4,33.501,7.884,-0.702
3,8.027,22.384,0.146
3,-36.082,-25.830,4.929
2,24.261,1.009,-2.208
2,-9.097,17.968,2.943
2,46.320,-9.220,-0.658
2,33.814,-6.682,-0.825
2,32.201,44.608,-0.209
2,-16.250,-23.117,6.431
2,13.706,5.855,-1.267
2,-34.948,-2.310,6.942
2,-33.946,37.194,3.447
2,4.695,-41.987,3.467
2,20.120,22.536,0.194
2,-8.613,2.349,3.519
3,-22.659,41.852,2.240
2,30.642,32.608,0.409
2,37.543,40.350,0.196
4,7.405,33.069,-0.056
2,5.200,-17.981,4.136
2,18.424,5.464,-1.991
2,-35.268,14.833,6.357
2,-49.666,-34.941,0.891
2,-48.406,46.686,2.013
2,-31.446,-20.512,4.919
7,18.704,25.407,9.129
3,-21.160,41.858,2.608
7,10.129,37.952,13.179
2,-31.883,-32.471,3.178
3,-44.227,-9.073,5.942
2,-46.849,16.885,8.838
2,-31.513,-44.899,2.698
2,-48.544,-19.008,3.393
2,-10.922,-18.265,6.173
2,-10.227,-34.724,5.469
2,38.520,-29.081,1.137
2,-9.129,31.345,2.119
2,-6.987,15.704,2.412
2,-6.800,-23.692,5.762
2,33.786,-37.243,2.211
4,6.728,21.162,0.617
4,18.453,13.686,1.659
3,-24.695,28.906,5.195
2,-35.079,-4.104,6.808
2,14.959,14.156,0.273
2,-8.342,-10.490,5.763
2,-44.314,23.848,6.888
2,-18.854,7.515,4.597
4,-43.979,-9.010,6.499
3,-19.813,7.105,4.724
2,-29.892,39.492,2.677
2,16.896,-0.240,-1.254
2,-34.262,41.029,2.735
2,39.225,10.563,-1.652
2,35.343,29.659,0.538
3,-36.185,-35.770,3.118
2,25.245,-18.027,1.884
4,-43.809,-9.812,6.349
2,24.793,18.299,0.151
2,-44.674,-26.987,2.655
2,-9.205,-10.110,5.671
2,32.552,24.862,0.327
2,-1.236,13.402,1.866
2,45.953,-36.695,1.631
2,-18.333,30.074,3.544
2,41.691,28.725,-0.213
2,17.200,-45.944,2.615
2,-30.617,-29.757,3.905
2,0.142,34.751,-0.995
2,-12.353,35.256,2.077
4,-19.179,8.412,5.175
2,5.369,29.548,-0.512
4,-21.321,19.379,4.638
2,31.008,35.345,-0.049
2,32.240,43.952,-0.605
2,-21.132,-19.398,6.161
2,42.713,33.175,-0.482
2,-1.961,-19.149,5.156
2,-17.528,-1.658,4.443
3,6.103,-17.374,4.374
2,28.643,-5.880,-0.179
2,45.749,-15.499,-0.010
3,43.891,22.585,-0.539
2,-35.377,-10.575,5.779
2,-34.239,-13.459,5.761
3,-20.014,7.374,5.076
2,9.394,-28.857,3.432
2,-23.781,-2.727,6.394
2,12.223,43.459,-1.147
2,14.124,-28.650,2.200
3,26.686,35.750,0.264
2,-49.005,49.788,1.291
2,35.188,34.282,0.248
2,4.464,-7.674,2.483
2,-10.370,35.848,1.993
2,39.812,-7.192,-1.253
2,49.989,-29.695,1.165
2,5.790,-32.247,3.799
2,-43.574,-9.355,6.043
2,6.353,-30.601,3.850
2,-16.486,3.690,4.215
2,17.092,15.408,0.271
3,-36.449,-25.632,5.120
3,26.745,39.337,0.280
2,-41.518,-32.113,2.432
4,41.553,16.719,-0.784
2,47.488,13.243,-2.657
2,5.390,-16.481,3.719
2,-4.738,-8.436,5.779
2,-22.733,24.703,5.111
2,-20.133,7.857,4.606
2,0.932,-38.889,4.209
2,-49.371,22.829,8.146
2,-2.478,29.170,0.472
2,-28.796,19.476,4.921
2,9.967,16.783,0.554
2,34.551,47.937,-1.541
2,-18.731,6.895,4.556
2,26.831,17.476,0.135
2,-24.964,28.698,5.173
2,-31.996,13.957,6.163
2,-26.058,27.856,5.206
2,33.283,-40.289,2.710
2,40.984,16.585,-1.659
2,-34.339,36.594,3.461
2,28.061,-43.710,3.230
7,-72.455,30.393,2.948
2,-8.344,-7.627,5.607
2,-9.843,-46.884,4.586
2,-33.782,36.946,3.439
2,-32.584,1.581,6.283
2,-0.376,13.677,1.835
2,2.471,-14.020,4.051
3,-5.341,23.719,2.189
4,41.040,18.077,-1.097
2,-8.652,-5.431,5.070
3,32.737,44.528,-0.107
2,33.266,9.791,-1.224
2,-24.512,-31.966,4.731
4,-21.152,-9.817,6.912
2,32.829,43.688,-0.620
4,-25.436,-20.021,7.997
2,-21.372,42.626,2.028
2,-34.862,37.027,3.463
7,19.970,25.512,18.404
2,41.281,-5.262,-1.640
2,-6.824,-20.978,6.041
2,-9.705,2.864,3.495
2,36.797,-30.774,1.033
4,-36.451,-25.143,5.158
2,-19.130,-15.061,5.963
7,23.054,29.568,31.015
2,47.542,22.893,-0.858
2,-26.338,-11.880,6.668
2,9.148,-18.919,3.177
2,32.418,43.443,-0.270
2,49.463,19.668,-1.411
2,-26.037,-11.544,6.873
2,-22.466,43.889,2.221
2,25.621,-3.373,-1.384
2,21.431,-4.346,-1.625
2,3.641,40.917,-0.276
2,-22.831,-4.387,5.896
2,-39.173,-11.468,5.440
2,8.911,-12.756,2.864
2,-17.163,-44.837,4.704
2,-8.933,-11.325,5.864
2,-32.878,-8.664,6.175
2,-7.255,-19.944,6.440
2,3.799,-5.697,2.527
2,-5.792,-17.743,5.970
2,-41.585,6.739,7.763
2,40.799,-49.912,2.602
2,44.653,-14.139,-0.248
4,25.937,-1.021,-1.441
2,21.169,9.890,-0.598
2,4.547,-18.511,4.210
2,-41.063,31.670,4.780
2,5.786,-24.804,4.694
2,20.031,-1.473,-1.498
4,41.554,-15.492,0.604
2,43.194,-3.960,-2.090
3,-18.501,8.682,4.579
2,10.321,8.183,-0.128
2,32.292,44.545,-0.625
4,43.576,22.102,-0.294
2,37.808,-17.327,-0.177
2,5.704,-46.698,2.701
3,-19.965,19.123,4.607
2,20.472,-36.756,2.852
2,-42.518,-45.569,0.952
4,27.080,12.969,0.405
2,-40.551,-17.266,4.736
2,-7.705,-8.740,5.748
2,-25.804,27.726,4.955
2,-26.510,-42.886,3.474
2,-0.907,42.457,-0.035
2,-15.222,-44.823,4.639
3,42.293,29.122,0.013
2,45.600,1.539,-2.658
7,8.751,35.433,1.312
2,-39.097,-27.166,3.856
2,27.196,-12.218,1.251
2,0.151,-32.701,4.686
2,43.951,24.240,-0.525
2,17.844,-7.880,0.232
4,-23.281,-19.981,7.319
2,-25.257,-45.834,4.023
2,-22.112,38.418,2.539
2,-42.790,21.280,7.364
2,30.119,-9.498,0.084
2,21.721,23.837,0.607
2,23.530,-39.945,3.360
2,-39.896,18.947,7.450
4,-36.033,-25.238,4.952
4,40.087,-19.670,1.023
2,2.340,35.153,-1.184
2,-48.471,-12.531,4.146
3,-43.516,-8.903,6.340
2,47.197,-28.708,1.385
2,24.948,-22.328,2.072
2,-20.385,20.495,4.419
2,-34.744,19.702,6.196
2,48.273,-18.426,0.815
2,37.152,-7.101,-1.275
2,37.122,24.680,-0.489
3,5.360,-16.858,4.283
2,-4.507,-16.989,5.452
2,-47.107,-1.123,7.956
2,16.762,20.682,0.144
2,-29.330,47.368,2.243
2,-31.745,2.449,6.149
2,-3.759,-32.962,5.171
3,4.020,-33.036,4.334
2,24.683,-39.668,3.300
2,-36.092,-35.904,2.702
2,41.227,-1.892,-2.204
2,-20.883,-25.289,5.579
2,-10.800,49.396,2.204
4,-0.449,12.980,2.513
2,11.749,0.843,-0.839
2,11.307,-1.633,-0.267
3,32.406,7.260,-1.431
2,-26.253,24.453,5.357
2,-45.154,-48.347,0.751
2,38.704,-23.256,0.191
2,5.865,22.218,0.105
2,-49.532,25.281,7.619
3,-25.966,29.294,5.050
2,-14.327,-22.200,6.057
2,43.621,-47.175,2.142
4,30.496,33.456,1.013
2,-29.547,13.095,5.684
4,-19.978,41.443,2.561
4,24.697,-1.183,-0.341
2,-24.250,-12.332,6.419
2,16.109,-15.383,2.537
2,21.296,2.569,-1.810
2,-13.233,-43.387,4.667
3,32.215,44.120,0.027
2,35.074,24.423,-0.239
2,38.591,-38.348,2.025
2,41.107,29.005,-0.251
4,-0.292,12.912,2.696
2,39.772,-14.200,-0.278
2,-23.794,9.085,4.828
4,5.341,-34.489,4.614
2,-44.011,-13.110,4.665
4,41.419,-30.998,1.680
2,4.499,-17.416,4.409
3,27.742,-4.380,-0.861
2,-14.573,43.817,2.070
2,3.822,34.081,-0.958
2,-20.189,8.296,4.732
4,-27.055,31.374,5.189
2,6.227,-37.638,2.834
2,3.961,25.469,-0.187
2,41.256,13.464,-1.890
2,38.936,-33.324,1.387
2,6.018,27.185,-0.546
2,37.694,37.676,0.866
2,2.992,21.195,0.543
2,-36.895,5.475,6.554
2,-15.027,35.983,2.456
4,25.669,-2.440,-1.163
2,-13.079,24.026,3.972
4,4.102,2.563,2.132
2,42.288,-31.102,1.104
2,-0.680,10.995,2.117
2,-18.368,-13.073,5.749
3,21.177,-4.835,-1.679
2,-33.998,36.604,3.378
4,-20.341,41.065,2.806
2,44.646,39.623,0.259
4,-22.688,-8.606,6.838
2,8.561,-44.433,2.931
2,-30.218,-45.905,2.925
2,10.807,2.614,-0.541
2,49.872,-4.422,-2.397
2,44.765,-1.571,-2.412
2,-27.607,12.593,5.321
2,42.115,28.475,-0.232
3,-43.726,-9.005,6.389
2,41.135,16.987,-1.655
2,34.475,-40.438,2.868
3,31.502,10.005,-0.650
2,-36.808,-4.760,6.955
2,34.932,2.301,-2.270
2,32.544,-33.262,2.158
2,-11.627,7.498,3.063
2,-14.623,17.577,3.909
2,-43.526,-48.032,0.766
3,41.523,29.110,0.048
2,-5.589,-11.570,5.554
3,-43.615,-9.366,6.100
2,-39.747,-7.990,6.437
4,-20.052,41.378,2.619
3,-20.593,19.262,4.398
2,-26.492,33.091,3.729
2,-28.400,-33.541,3.519
4,17.647,-17.061,3.662
2,-17.326,-12.707,5.790
4,-15.979,32.794,4.218
2,-13.894,-42.057,5.121
2,-0.935,13.039,1.822
3,42.250,-31.373,1.276
2,-3.232,2.464,2.882
2,5.484,9.489,1.389
2,43.833,49.199,-0.167
2,-40.235,-7.440,6.694
2,8.011,-48.696,2.195
4,-20.220,7.423,5.160
2,28.118,-13.869,1.356
2,-16.199,-22.638,6.375
2,23.903,17.862,0.303
2,25.104,8.479,-0.881
2,44.917,-24.552,0.928
2,1.131,-28.954,5.244
2,-11.437,-13.910,6.053
2,-41.996,7.899,7.839
2,4.363,-37.999,3.738
4,-29.008,-18.208,7.472
2,-37.696,-41.121,1.783
2,-30.797,-33.305,3.078
2,-17.062,43.194,1.998
2,-39.961,-25.229,3.724
2,-34.297,37.150,3.440
2,9.604,29.207,-0.771
4,-16.236,-22.320,6.656
2,-45.626,-16.154,4.047
7,22.399,28.487,31.693
2,6.004,0.000,1.363
7,-44.290,28.824,-8.726
2,-42.370,10.995,7.911
2,40.694,20.383,-1.481
2,40.982,-18.406,-0.014
2,0.830,23.939,0.171
2,-49.138,-45.695,0.896
2,1.405,-4.400,3.284
2,-14.680,-28.494,5.708
2,7.247,7.323,0.329
2,-25.234,-12.001,6.628
2,14.959,-20.955,3.011
2,12.091,-6.731,0.635
4,25.667,-0.791,-0.823
2,29.255,-11.481,0.802
2,33.952,33.754,0.327
2,9.088,38.851,-0.998
2,26.344,30.886,0.512
2,18.564,1.090,-1.668
2,-44.199,-37.003,1.114
2,6.116,16.614,1.095
4,28.260,13.285,0.398
2,-6.141,26.060,2.281
2,-6.145,36.038,1.244
2,-3.767,-33.566,5.181
3,25.727,37.026,0.523
2,-25.110,-22.352,5.892
2,45.299,42.660,0.088
2,39.547,24.688,-0.541
2,-8.988,10.353,2.709
2,34.507,38.079,0.106
7,13.937,40.797,0.131
3,-4.298,22.617,1.598
2,10.657,-0.517,-0.273
2,-1.936,9.556,2.467
3,-3.075,22.389,1.527
2,32.279,-46.400,2.995
2,-21.577,16.085,4.199
2,-48.759,18.997,8.975
2,42.270,-36.762,1.969
2,-41.245,47.603,2.010
3,-4.777,-32.311,5.683
2,-32.969,-40.552,2.440
4,-3.375,-0.924,5.071
2,18.084,-35.166,2.163
2,-43.922,12.013,8.387
2,-0.288,-36.103,4.618
2,4.048,-33.239,3.969
7,20.642,25.363,0.994
2,26.410,49.361,-2.082
2,-1.005,-44.368,4.218
2,23.926,-25.662,2.612
2,-5.619,40.922,0.405
2,-37.062,-34.837,2.392
2,-36.251,-20.024,4.439
2,49.064,1.472,-3.651
3,5.116,-33.982,3.810
3,5.028,-18.138,4.476
3,5.242,-17.929,4.496
2,47.184,-38.919,1.541
2,-43.936,2.096,8.383
2,-36.395,-25.376,4.466
2,-34.779,17.932,6.211
2,-19.860,23.975,4.602
2,-46.900,-12.138,4.562
2,21.205,-31.959,2.471
2,31.559,17.347,-0.049
2,-42.157,2.649,7.903
2,31.297,-48.824,2.716
2,44.216,34.293,-0.290
2,31.680,7.587,-1.490
2,-0.450,-41.857,4.147
7,15.847,25.396,1.256
2,-41.771,47.021,1.926
2,47.900,31.688,-0.854
2,17.949,-7.212,0.001
4,21.753,1.868,-1.488
2,-43.448,-2.480,7.296
2,18.296,-37.587,2.368
2,36.201,24.694,-0.428
2,33.053,-12.764,0.177
2,2.200,16.647,1.392
2,45.994,-42.195,1.585
7,16.537,25.519,18.228
2,39.317,-38.282,2.039
2,11.808,40.846,-1.441
2,-16.368,-23.359,6.148
7,19.445,40.768,-0.536
7,23.188,29.625,3.807
2,-36.245,46.813,2.172
3,-21.035,40.922,2.498
2,-11.316,43.451,1.398
2,-10.045,31.615,2.153
2,-6.456,-7.236,5.806
2,-25.572,-39.829,3.752
2,31.130,-32.081,2.424
2,16.607,-34.804,2.003
2,-48.230,14.387,9.205
2,36.422,30.227,0.588
2,21.116,-11.858,1.651
2,-48.309,11.692,9.056
4,-16.484,-22.957,6.721
4,39.816,18.023,-0.603
2,23.095,6.813,-1.227
2,-6.569,-20.432,5.893
3,27.354,12.805,0.304
2,10.745,-16.717,3.196
2,36.115,-32.857,1.235
7,22.408,28.503,13.536
2,-39.402,-36.960,1.850
4,-25.492,-21.035,7.630
3,26.445,38.746,0.347
4,20.275,8.939,0.676
2,-12.418,-45.862,4.684
2,-33.789,22.485,5.816
2,-45.950,37.092,3.968
2,-49.036,-49.953,0.868
2,8.113,-30.413,3.356
2,-13.747,-2.211,4.593
2,-11.379,-11.685,6.010
2,20.664,-2.264,-1.268
2,-37.153,49.398,1.433
2,-48.349,-4.400,6.792
2,19.972,-5.563,-0.458
3,-43.980,-9.479,6.231
2,-17.284,27.119,3.654
2,-31.654,46.399,2.379
2,29.716,28.205,0.212
7,39.375,-30.720,-4.553
2,25.025,-8.310,0.802
2,31.055,4.270,-2.257
2,23.031,-13.026,1.616
2,11.532,-24.522,3.036
2,9.928,-13.084,2.705
2,8.314,39.026,-0.846
3,-19.060,7.921,4.945
2,-1.485,10.616,2.405
2,-33.445,-33.255,3.063
4,40.770,17.149,-0.764
7,10.841,38.989,25.322
2,4.399,26.748,-0.466
2,-30.750,1.939,6.235
2,32.890,35.334,0.037
2,12.936,36.764,51.945
2,32.803,40.376,0.119
2,-5.489,-31.789,6.009
2,-42.323,-25.676,3.216
2,-46.136,-32.223,1.823
3,-5.691,-18.865,6.211
3,-21.406,-9.996,6.016
4,6.257,-17.538,4.473
2,-16.062,-2.511,4.465
2,-35.196,-41.294,2.012
7,21.997,27.840,3.780
2,-19.513,23.422,4.522
2,-36.243,-35.799,2.828
2,6.420,35.326,-0.792
2,33.263,2.067,-2.373
2,-9.421,-28.902,6.036
2,46.751,36.854,0.043
2,-19.792,-44.969,4.721
2,21.277,-37.817,2.809
2,36.601,-42.473,2.663
2,-8.578,-46.741,4.545
3,33.837,9.114,-1.315
2,-7.355,-20.766,6.348
2,-48.333,-8.384,5.296
2,-18.085,22.912,4.256
4,23.467,30.296,38.673
3,-18.169,7.019,4.781
2,-14.592,11.915,3.782
2,16.748,4.718,-1.558
2,34.539,8.896,-1.656
2,-2.555,-23.566,5.661
2,28.204,4.100,-1.839
3,-19.175,7.337,4.897
2,25.085,-2.979,-1.734
2,-41.729,34.515,4.233
4,-36.525,-26.034,4.934
2,40.209,40.606,0.564
2,-5.313,-8.958,5.508
2,-10.570,17.129,3.365
3,-35.467,-37.226,2.830
2,22.938,-11.672,1.370
2,33.887,3.827,-2.168
2,39.968,29.077,0.039
2,-44.575,37.712,4.065
2,12.373,20.158,0.189
2,-35.477,13.514,6.679
2,46.666,-38.691,1.529
2,-31.716,-0.090,6.700
2,-41.215,-7.132,6.782
2,40.968,-46.025,2.430
2,4.859,35.281,-0.940
2,-39.184,-44.197,1.471
2,21.209,47.346,-1.652
2,-34.748,-18.651,5.207
2,1.563,-48.923,3.367
2,-26.140,-18.956,6.552
2,-35.827,22.379,6.012
3,-35.726,-25.256,4.807
2,13.388,17.592,0.247
2,9.265,-5.060,1.434
2,-7.780,-6.726,5.784
2,29.654,-33.666,2.912
2,4.013,-26.407,5.030
2,-20.128,-26.806,5.322
2,5.013,32.547,-0.812
3,42.065,29.143,-0.110
2,32.123,-23.223,1.033
4,43.376,22.162,-0.239
3,27.350,36.246,0.289
2,-16.399,16.303,3.765
2,-20.914,-30.244,5.018
2,35.486,49.430,-1.674
2,-28.938,31.165,4.473
4,37.950,-15.129,0.914
2,-22.107,31.200,3.880
2,-27.076,-27.181,5.041
2,27.992,14.912,-0.152
2,-1.101,-37.209,4.513
2,-0.450,-43.597,4.116
2,37.410,-48.576,3.195
2,-49.495,-10.859,4.484
2,0.760,49.722,1.734
2,-36.349,43.067,2.919
2,-12.819,-49.182,4.515
3,-43.942,-9.801,6.089
4,-3.221,0.411,4.016
4,24.441,31.929,31.674
4,13.844,40.755,3.009
2,30.989,-49.331,2.651
2,-31.265,15.119,5.672
3,28.587,14.442,0.317
2,-20.173,42.117,2.154
2,-4.227,-47.268,4.278
2,32.530,-47.392,2.968
2,-24.452,21.739,4.774
2,1.911,7.796,1.784
2,-18.557,-27.189,5.538
7,10.490,38.381,17.450
3,29.608,13.315,0.453
2,-34.168,16.801,6.080
2,-49.782,49.859,1.128
2,-34.875,21.479,6.004
2,51.959,39.991,-3.599
2,-27.341,27.998,4.980
2,-37.181,-29.814,3.678
2,7.407,-10.863,2.537
2,-0.898,-4.633,3.992
2,37.917,-45.623,2.707
2,-36.270,-25.976,4.416
2,-15.366,28.032,3.467
2,37.384,-0.919,-2.010
2,6.179,-38.224,3.170
2,47.424,10.366,-3.095
2,-21.061,2.804,5.153
2,13.001,47.703,-0.257
2,45.584,-37.660,1.617
4,39.899,-18.864,1.204
2,-6.358,-23.257,5.745
2,-9.341,44.381,1.146
2,-34.613,-12.379,5.690
2,-6.034,-6.980,5.601
2,-29.454,36.058,3.317
2,-48.361,23.057,8.029
2,-10.102,-3.747,5.185
2,39.314,40.111,0.498
2,-15.264,-46.598,4.814
7,22.992,29.501,16.365
2,-1.058,33.155,-0.450
2,23.527,7.401,-1.045
2,-7.544,-6.638,5.736
2,-6.192,16.167,2.308
3,32.889,8.523,-1.039
2,-11.816,35.627,1.979
2,-33.270,36.496,3.268
2,-38.718,21.573,6.590
2,28.154,-24.369,1.973
2,15.159,-44.143,2.866
2,-24.269,40.661,2.119
2,-3.341,-20.038,5.355
2,12.478,12.976,-0.228
2,16.624,31.930,51.945
2,-26.715,31.310,4.432
2,-31.747,-1.211,6.562
4,-36.008,-25.894,5.107
2,43.807,43.008,0.421
2,48.126,5.547,-3.113
3,-4.525,-31.529,5.912
2,-15.605,36.027,2.291
2,11.949,21.267,0.089
2,37.333,44.503,-0.775
2,48.068,7.435,-2.983
2,-39.160,-46.740,1.279
2,-24.914,28.516,5.155
2,17.297,46.360,-0.855
7,10.367,38.573,10.983
2,9.819,27.774,-1.158
2,-19.576,-21.270,6.302
4,-27.665,32.816,4.640
4,38.769,-16.937,1.415
2,-34.448,36.127,3.325
2,32.092,44.004,-0.620
2,-25.883,3.178,6.230
2,37.654,-28.048,1.155
2,26.372,-4.029,-1.288
2,-31.059,-16.407,5.811
2,21.571,-7.532,0.442
2,38.368,-17.349,-0.174
2,-6.524,-19.625,5.986
2,-18.432,6.224,4.567
2,19.870,-42.094,2.793
2,-11.596,19.311,3.759
2,3.695,-33.545,3.818
4,-28.339,-18.718,7.742
2,2.511,-10.926,3.633
2,-7.705,-9.544,5.792
2,4.078,-28.714,4.835
2,-21.077,34.972,2.949
2,20.032,-37.190,2.840
2,-14.235,27.994,3.140
2,-3.339,-35.139,5.021
2,16.267,20.991,0.150
2,32.464,34.980,0.100
2,-3.082,39.776,0.044
2,-36.245,-4.361,6.942
2,-32.261,-21.913,4.869
2,-19.430,32.193,3.310
2,28.516,14.011,0.036
2,-34.631,37.017,3.481
2,-40.950,-31.474,2.568
4,41.812,18.313,-1.200
2,-16.070,24.695,3.843
4,37.895,-17.437,0.881
7,22.164,27.870,7.968
2,-17.825,-27.724,5.707
2,32.406,43.630,-0.618
2,-10.050,3.637,3.464
2,33.224,-30.166,1.653
2,-35.835,-25.259,4.375
2,-3.688,-1.380,3.865
2,1.463,-43.494,3.644
4,-33.415,7.077,7.924
4,-27.290,32.841,5.056
2,-13.113,42.370,1.549
2,43.360,37.754,0.412
2,19.219,47.635,-1.029
7,24.090,31.384,4.375
4,30.548,33.474,1.945
2,-25.641,-13.427,6.832
2,-14.069,-14.365,6.243
2,42.789,42.757,0.306
4,-3.260,-0.867,4.369
2,-29.518,-32.177,3.572
2,41.491,-25.607,0.523
2,-33.553,-46.640,2.424
3,32.241,44.058,-0.069
2,49.865,-43.925,1.871
4,-23.497,-19.855,7.373
2,-12.445,45.217,1.685
2,-32.718,-35.519,3.042
2,-19.916,20.839,4.187
2,20.094,30.484,51.945
2,37.304,9.189,-1.881
4,-44.007,-9.566,6.327
2,-24.002,-24.127,5.854
2,20.271,1.679,-2.044
2,17.883,-28.713,2.296
2,-29.796,-15.370,6.168
3,11.220,39.548,-0.663
2,40.349,17.537,-1.551
2,-28.785,6.885,5.829
2,-27.078,-49.920,4.157
2,-36.622,-25.444,4.374
2,-6.063,12.422,2.630
2,46.880,27.401,-0.522
2,30.181,35.236,0.020
3,6.086,-32.718,4.001
2,32.152,-20.735,0.785
2,-17.303,20.911,4.033
4,-37.052,-36.250,3.191
2,25.183,23.771,0.104
2,0.842,-6.151,3.601
2,19.361,-4.068,-1.037
2,-49.928,39.215,3.766
3,21.390,2.239,-1.605
4,-25.136,-20.354,8.406
2,37.578,-8.201,-1.083
2,30.621,7.932,-1.331
2,10.492,-24.780,3.429
2,-32.159,-1.707,6.603
2,-0.566,36.873,-0.922
2,40.172,46.665,-0.795
3,-35.792,-36.389,2.907
2,-0.771,-27.003,5.742
2,-26.633,-7.950,6.278
2,-47.189,-30.776,1.714
2,-5.920,-31.701,5.978
2,17.850,-22.724,2.880
2,-5.983,34.466,1.057
3,31.870,7.897,-1.005
4,-24.179,-10.100,7.936
2,32.050,-49.361,2.734
2,-4.777,-42.196,4.804
2,12.052,-22.017,2.737
2,49.602,37.558,-0.938
4,11.127,39.585,1.499
2,20.639,-29.407,2.403
2,-33.287,-4.225,6.597
2,-19.455,13.709,4.204
2,-34.355,36.190,3.321
2,3.390,28.013,-0.332
2,-27.928,-29.675,4.353
2,19.442,-1.163,-1.577
4,-44.178,-9.484,6.437
2,-44.596,3.012,8.356
2,-16.438,-44.568,4.721
2,-5.096,-17.113,5.663
2,-1.087,20.131,1.176
2,-25.829,-8.728,6.100
2,42.855,49.899,-0.504
2,-27.074,42.304,2.182
2,21.713,-38.155,2.639
2,-34.596,32.914,3.768
2,1.296,26.803,0.039
2,-25.146,-25.409,5.459
4,43.352,22.566,-0.423
2,28.944,6.090,-1.527
2,-24.910,49.989,2.359
2,-2.573,34.192,0.013
2,8.114,-14.672,3.167
2,-45.332,-12.232,4.787
2,-33.480,36.756,3.534
2,30.188,-43.805,3.450
2,7.283,2.410,0.397
2,21.863,-16.000,1.956
2,-0.024,9.813,1.830
2,32.948,44.140,-0.307
2,-46.070,5.320,8.234
3,19.376,-37.298,2.819
7,21.356,26.624,26.832
2,22.304,39.861,-0.776
2,49.956,22.153,-0.770
2,35.714,-23.349,0.649
2,-43.080,17.979,8.134
2,-39.863,22.704,6.716
2,-19.156,6.620,4.615
2,-35.260,-38.085,2.464
2,48.284,-49.385,1.271
2,-4.042,-13.414,5.405
4,-20.100,8.023,5.256
2,20.594,-41.473,2.886
2,-7.718,-9.600,5.838
2,48.382,27.928,-0.419
4,-29.403,32.218,4.786
2,3.118,41.509,-0.200
2,-30.914,-40.847,2.747
2,-26.793,-29.036,4.624
2,3.029,23.600,-0.033
2,-13.662,-22.150,6.067
2,33.077,44.453,-0.455
4,40.722,16.616,-0.975
4,34.163,8.991,-0.491
3,-19.883,41.891,2.465
2,-26.545,-35.379,3.759
2,-20.167,19.637,4.300
2,-11.299,-26.720,6.186
4,-36.499,-36.093,3.109
2,-36.872,-10.090,5.781
2,-11.554,35.107,1.967
2,41.428,28.753,-0.222
3,-44.102,-9.123,6.215
2,20.820,-16.405,2.256
2,21.027,49.021,-1.547
3,6.773,20.536,0.722
7,17.259,25.443,2.783
3,24.621,-3.604,-1.310
2,-17.813,40.168,1.981
3,13.282,-29.735,2.226
3,-26.898,29.745,4.972
2,17.783,-17.085,2.953
2,18.054,37.525,51.945
2,35.072,19.159,-0.820
2,13.957,-5.587,0.212
2,-18.539,19.988,4.011
2,46.965,-18.147,0.689
2,-22.997,35.264,3.189
2,18.548,13.807,0.205
2,30.568,47.503,-1.355
2,29.370,-46.981,2.672
2,1.639,-9.547,3.706
2,21.641,-8.286,0.714
2,-13.420,-4.302,4.916
3,-24.780,28.103,5.117
2,17.021,-1.604,-1.161
2,36.130,16.811,-1.171
4,18.733,-16.534,3.399
2,20.281,18.842,0.302
7,23.035,36.704,4.643
4,25.235,33.106,1.029
4,-32.924,6.343,8.000
2,-33.948,36.921,3.502
2,2.886,48.422,1.039
2,-11.127,-43.528,4.865
2,-0.819,38.451,-0.685
2,41.463,29.961,-0.254
2,20.739,-37.662,2.803
2,36.440,-27.653,1.124
2,17.171,49.816,-0.601
2,-35.334,44.780,2.861
7,16.626,25.553,12.609
2,29.186,-31.137,2.837
2,41.485,-47.715,2.426
4,-18.010,6.701,5.163
2,-45.020,34.420,4.526
2,-35.182,3.868,6.608
2,40.220,-23.994,0.251
2,39.327,-17.765,-0.066
3,-16.247,-22.263,6.533
2,-28.507,38.968,2.576
2,36.258,-25.141,1.016
2,25.117,40.499,-0.572
2,-41.821,-44.629,1.187
2,4.515,31.020,-0.400
4,-21.922,41.803,2.646
2,-2.471,-42.972,4.434
2,-35.234,42.628,2.817
2,34.283,-36.674,2.182
2,-49.814,-15.996,3.280
2,-10.012,28.596,2.688
2,-34.450,36.537,3.556
2,26.522,-38.370,3.361
3,41.808,28.669,0.004
2,23.914,36.960,-0.105
2,9.630,-27.635,3.678
2,-33.042,-18.210,5.158
2,6.837,-31.938,3.479
2,-3.412,-31.340,5.224
2,15.597,5.388,-1.589
2,-27.173,43.891,2.032
2,48.854,-11.190,-0.410
2,-43.398,-9.300,5.969
2,-45.944,-37.835,0.867
4,22.962,0.888,-1.455
2,-39.228,-18.376,4.674
2,6.944,20.548,0.207
2,17.586,7.299,-1.364
2,23.351,-1.153,-2.123
2,-36.819,-41.382,1.818
2,27.638,-18.286,1.791
2,25.240,-19.077,2.006
2,44.828,28.991,-0.688
2,-22.901,24.048,5.068
2,-20.617,20.200,4.591
2,-33.648,7.160,6.372
2,9.059,44.123,-0.367
3,-28.843,31.489,4.637
2,-23.568,5.328,5.520
2,-6.617,34.874,1.360
2,-8.850,-7.315,5.610
4,-20.477,41.062,2.770
2,-24.804,-37.894,3.661
2,20.388,15.246,0.262
2,43.791,-25.519,0.764
2,-17.405,24.085,3.903
2,0.212,30.890,-0.546
2,8.567,40.528,-0.836
2,-13.015,-6.519,5.177
7,31.408,-34.673,-5.373
2,20.011,-12.399,1.905
2,38.019,-39.704,2.150
2,4.533,-17.598,4.247
2,-20.136,12.140,4.295
2,-37.408,34.861,3.668
2,-18.607,-15.480,6.019
4,41.338,17.133,-0.797
2,-30.048,26.054,5.456
2,4.228,-13.645,3.690
2,-15.644,13.757,3.928
4,-12.871,26.414,4.288
2,-4.785,5.165,2.729
3,-4.377,23.663,1.731
3,-5.357,-19.257,6.001
2,-16.584,-16.411,6.325
4,41.066,-15.268,0.668
2,14.575,24.916,-0.677
4,-0.941,12.763,2.543
2,-16.306,-22.656,6.065
4,42.411,-31.269,1.542
2,-41.032,26.571,5.891
3,26.666,35.658,0.428
2,25.869,-7.164,0.418
2,29.244,6.727,-1.489
4,40.955,18.180,-0.839
2,-38.891,0.512,7.252
2,-32.909,-43.227,2.221
2,-45.155,-48.979,0.873
3,28.118,12.972,0.249
2,-26.845,31.781,4.408
2,-12.806,-13.477,6.181
2,48.282,-34.942,1.263
4,39.755,18.439,-1.121
2,-26.347,28.482,4.936
4,-43.491,-9.671,6.605
2,48.622,-46.322,1.353
2,-29.882,-41.739,3.046
2,-12.970,-28.729,5.929
2,-4.501,-27.452,5.798
2,-0.510,-32.734,4.762
2,8.799,-47.474,2.221
2,44.270,-39.159,1.883
3,-16.687,-22.736,6.584
2,-0.065,-37.930,4.429
2,-19.511,44.445,2.234
2,14.702,-3.161,-0.305
2,6.515,-31.130,3.719
2,17.227,14.230,0.434
4,39.793,-17.755,1.383
2,-18.712,-20.805,6.308
2,4.455,17.083,0.929
2,8.101,17.824,0.660
2,-21.790,34.999,3.104
2,-39.124,-4.034,6.986
2,-36.765,-28.134,4.053
2,5.488,46.547,0.447
3,41.616,-31.066,1.348
2,-9.857,-21.733,6.367
2,-2.723,-14.373,5.158
2,-18.727,-22.080,6.417
2,33.070,44.348,-0.499
2,-1.085,-9.596,4.271
2,43.939,5.095,-2.129
2,-26.662,-13.129,6.729
7,15.987,25.544,0.552
3,26.950,38.307,0.405
2,-21.487,42.987,2.225
2,-20.288,20.171,4.447
2,27.646,-23.917,1.963
2,19.519,-21.355,3.018
2,-32.712,-36.150,3.039
2,-24.794,6.196,5.379
2,18.572,-38.062,2.355
2,44.972,47.366,0.143
4,24.271,-2.253,-1.011
3,32.697,6.776,-1.453
4,43.194,23.360,-0.326
2,-15.978,15.762,3.754
2,-34.323,-5.433,6.533
2,-35.343,-36.750,2.432
4,-44.007,-9.764,6.463
4,-4.095,21.467,2.083
2,-47.903,31.366,5.519
2,-5.462,-7.453,5.759
2,6.913,24.341,-0.545
2,2.390,45.236,0.375
2,31.878,44.332,-0.240
2,1.762,21.912,0.585
2,7.172,25.700,-0.690
2,39.029,-10.894,-0.724
2,44.977,27.425,-0.563
2,29.883,-27.328,1.915
3,13.061,-31.185,2.485
4,4.513,-33.305,4.605
2,17.134,13.600,0.428
2,40.050,-4.057,-2.070
2,-46.844,49.147,1.282
2,-42.724,30.703,5.195
2,-31.437,-32.142,3.232
2,-24.963,27.933,5.012
2,5.022,-17.743,4.167
3,-16.750,-23.340,6.574
2,-29.519,1.499,6.293
2,39.714,47.821,-1.013
7,22.786,28.911,11.504
2,-43.757,44.351,2.205
2,49.779,36.685,-0.913
7,15.927,25.546,17.448
2,-36.792,10.307,6.500
2,8.147,42.772,-0.439
3,41.331,28.569,0.101
2,18.885,-0.534,-1.617
3,26.830,-3.926,-1.060
4,-36.010,-26.006,5.066
2,-15.657,-27.420,5.658
2,-36.014,-36.317,2.427
2,5.397,-24.244,4.599
2,-25.709,-34.345,3.895
2,-21.138,14.058,4.240
2,-31.404,13.376,6.183
2,-34.859,18.847,6.148
3,-26.157,29.380,5.162
2,9.460,17.862,0.481
4,-3.490,23.080,2.356
2,41.076,29.523,-0.255
2,-17.558,29.620,3.466
2,-14.501,35.642,2.410
2,43.811,41.626,0.398
7,19.958,25.558,21.898
2,-11.811,47.237,1.889
2,-38.341,-1.758,7.224
2,6.461,-23.639,4.335
4,4.462,-34.436,4.569
2,-31.617,32.432,3.801
3,-4.747,-31.576,5.872
2,-15.802,-26.085,5.998
2,-6.361,-44.237,4.751
3,-21.329,41.589,2.547
2,-21.537,-48.212,5.000
2,-38.931,15.443,7.262
2,-46.533,8.113,8.696
2,5.181,25.298,-0.404
4,39.436,-16.699,1.421
2,25.525,41.969,-1.028
2,39.847,-31.520,1.058
3,28.764,13.166,0.333
2,32.023,-37.227,2.212
2,-6.090,-8.430,5.792
2,15.181,-16.827,2.997
2,-12.644,-22.189,6.152
2,-23.886,-19.752,6.428
2,-26.639,-33.472,4.018
2,0.223,28.694,-0.179
2,47.830,-23.444,1.794
2,-32.039,-27.266,4.571
4,41.659,-30.673,1.644
2,8.379,-47.874,2.234
7,18.688,25.479,7.023
2,-41.717,6.147,7.781
3,32.428,44.493,0.022
4,11.534,40.300,0.005
2,9.728,-36.989,2.869
2,12.479,35.466,51.945
2,-26.108,30.719,4.621
4,-0.598,13.447,2.409
1,39.913,-11.040,-0.568
3,26.881,37.192,0.403
2,16.481,35.279,51.945
2,-28.151,-40.549,3.605
2,15.821,-12.668,1.826
2,-44.993,-25.356,2.719
7,10.752,39.046,20.286
2,41.475,-4.241,-2.023
2,23.377,-0.559,-2.160
2,6.595,-26.327,4.363
2,5.578,-31.130,4.022
2,-43.122,-44.256,1.148
2,31.552,-23.701,1.107
2,11.234,-16.183,3.175
2,-41.975,47.548,1.822
2,-45.081,-2.004,7.610
2,30.804,-20.855,1.120
3,-26.358,29.038,5.208
2,-33.980,36.514,3.496
4,-18.106,7.094,4.988
2,-23.025,15.521,4.431
4,-25.426,-20.115,7.967
4,-20.185,-5.750,6.186
4,42.113,18.218,-0.667
2,32.202,-42.268,3.260
2,-41.704,23.073,6.906
2,-6.917,-1.680,4.225
2,10.365,2.949,-0.484
2,46.875,-13.064,-0.019
3,-20.348,40.042,2.483
2,34.947,-27.959,1.185
2,-33.649,36.237,3.322
3,13.461,-31.355,2.617
2,20.645,-32.231,2.411
2,30.257,29.712,0.459
2,9.342,25.596,-0.902
2,27.586,42.776,-1.261
2,-30.240,-22.663,5.087
4,37.861,-15.110,0.842
7,42.041,26.092,-6.609
4,-2.998,21.962,1.818
4,8.777,30.778,0.854
2,-32.770,34.434,3.480
2,49.622,10.598,-3.255
2,-43.926,47.252,1.612
2,48.544,-2.107,-2.919
2,26.655,-35.897,3.242
2,-43.952,6.888,8.249
2,34.722,-5.488,-1.122
2,-16.087,14.530,3.921
2,41.132,27.586,-0.184
2,-8.606,-33.502,5.530
3,-4.723,-31.975,5.841
2,37.409,27.677,-0.059
2,32.387,44.426,-0.290
2,-24.442,48.408,2.244
2,27.664,-6.601,0.104
2,-3.959,-16.832,5.303
2,-29.111,-23.285,5.372
2,-33.254,-7.366,6.313
4,15.969,40.913,-0.817
2,-21.582,-4.111,5.481
1,8.519,31.350,6.532
2,-14.605,39.166,2.145
3,43.102,21.510,-0.637
4,-0.175,13.898,2.645
2,32.378,44.732,-0.627
2,36.115,-6.286,-1.273
4,14.257,-31.177,2.742
2,-28.068,25.045,5.421
2,-44.195,-4.688,6.985
2,-33.786,37.268,3.350
3,28.762,13.095,0.225
2,-2.515,-29.992,5.375
2,23.548,-3.137,-1.641
2,-9.639,33.231,2.117
2,11.200,4.530,-0.813
7,24.060,31.391,12.070
2,3.386,-33.889,3.935
2,-23.404,32.547,3.854
4,-35.718,-25.973,4.973
2,-13.766,-43.332,4.793
2,-23.414,35.745,3.075
2,9.387,37.677,-1.060
4,38.581,-17.733,0.495
4,-27.070,32.577,5.119
2,34.796,-4.232,-1.320
2,8.363,0.203,0.620
2,-32.620,-30.655,3.652
2,-16.726,-13.629,5.941
2,-35.926,-25.892,4.411
2,-3.224,-22.752,5.590
2,-16.447,-22.840,6.414
3,-4.769,-20.217,6.015
4,-28.084,32.473,4.973
2,-16.628,-23.462,6.432
7,22.469,28.375,0.965
2,41.482,-23.943,0.299
4,11.926,25.386,-0.450
2,-35.854,12.835,6.743
3,-17.815,8.243,4.610
2,15.654,40.853,-1.575
4,22.203,2.150,-1.388
2,9.073,-44.001,2.920
2,-29.155,-48.944,3.576
2,-46.562,15.278,8.858
2,-40.432,49.609,1.460
2,-26.828,-11.650,6.920
2,-7.258,-48.396,4.079
2,13.904,25.030,-0.908
4,-19.616,-8.326,6.982
2,32.094,44.108,-0.344
4,-26.711,-20.354,6.924
2,-10.978,22.130,3.601
4,42.164,22.654,-0.230
2,-9.860,19.572,3.510
2,6.016,37.112,-0.815
2,7.996,5.411,-0.067
2,20.179,17.383,0.149
2,-28.844,39.425,2.554
2,-40.936,-9.147,6.233
3,31.932,44.333,0.002
3,13.788,-29.243,2.457
3,27.359,12.901,0.160
2,-45.533,-45.334,0.861
2,-21.495,42.863,2.064
2,-31.457,-17.214,5.627
2,26.642,-28.303,2.673
2,-38.219,-34.165,2.366
2,-3.038,12.850,2.415
2,-8.099,-8.986,5.618
2,14.739,-26.395,2.658
2,-12.416,-15.084,6.146
2,34.610,-10.286,-0.626
4,-18.306,6.272,5.160
2,27.739,-18.821,1.867
7,23.019,36.696,3.937
4,-0.446,12.938,2.576
2,-5.981,-8.533,5.650
3,30.585,32.651,0.720
3,41.683,-30.555,1.510
2,-13.444,48.263,2.306
2,-22.535,21.721,4.532
2,-6.743,-7.658,5.678
2,7.451,20.515,0.154
4,39.050,-14.940,1.009
2,-3.282,-33.995,5.099
2,33.104,44.594,-0.426
2,1.724,32.727,-0.720
3,-0.599,13.350,1.907
2,11.940,-15.890,3.192
2,-29.466,-2.076,6.460
2,-20.442,7.493,4.583
2,48.837,-25.280,2.063
2,-36.769,-25.420,4.481
2,47.844,-7.710,-1.372
2,45.240,-18.055,0.502
2,42.760,-10.282,-0.758
2,-7.663,-7.405,5.778
2,-21.399,-46.959,4.947
2,-28.834,-27.083,4.833
2,-44.493,-2.267,7.465
7,13.193,40.469,-5.320
2,-6.803,-9.045,5.833
2,-30.164,18.078,5.328
2,11.904,22.928,-0.395
4,-4.323,23.934,2.132
2,-5.581,-32.725,5.994
2,-34.343,36.415,3.330
2,25.204,-46.732,2.339
2,16.854,-17.851,3.250
2,16.737,-20.857,3.198
2,4.277,13.349,1.319
2,32.466,44.606,-0.610
2,9.491,-10.377,2.377
2,9.092,30.234,-0.572
2,-27.452,29.685,4.693
2,4.868,-16.686,3.964
2,13.039,-21.505,2.739
3,27.897,-2.831,-1.233
2,43.904,21.587,-0.907
2,49.035,37.525,-0.707
4,3.538,4.417,3.030
3,-43.869,-9.423,6.155
2,-21.444,-45.144,4.547
4,41.518,-30.708,1.591
2,5.934,-7.526,2.115
2,-46.810,-31.807,1.704
2,18.279,23.420,0.044
2,-5.626,-21.175,5.779
2,-12.745,38.888,2.073
4,-15.828,-22.852,6.676
2,-41.711,18.584,7.932
2,-35.138,8.961,6.518
4,-28.495,-21.656,7.099
2,-25.516,28.878,5.004
4,-20.520,-5.770,6.053
2,-38.649,-19.833,4.401
2,44.734,-3.354,-2.241
2,28.585,14.584,0.111
2,-18.817,32.299,3.209
2,-41.335,-47.534,0.907
2,3.995,9.113,1.441
2,8.517,36.944,-0.779
2,-37.709,31.631,4.262
3,5.307,-17.780,4.440
2,-32.777,18.301,5.688
2,27.498,31.546,0.557
4,41.533,-17.418,1.066
2,-39.321,14.450,7.274
2,32.343,13.970,-0.410
2,36.699,-37.413,1.978
2,32.446,44.590,-0.626
2,-43.703,15.051,8.424
2,-7.780,44.007,0.991
2,-44.178,49.422,1.376
2,-42.313,6.806,7.895
2,-6.847,-45.875,4.372
2,36.576,-26.731,1.130
2,26.012,23.018,0.141
2,-24.646,31.400,4.489
2,13.562,0.716,-1.068
2,-33.079,-20.070,4.957
2,-41.281,-11.739,5.257
2,-11.932,2.334,4.032
2,28.750,9.627,-0.851
2,-25.169,42.580,1.946
2,-20.456,12.679,4.299
2,-22.156,23.461,4.998
2,-49.782,18.230,9.015
4,-11.908,28.101,3.512
4,5.876,-17.379,4.519
2,19.348,-37.157,2.722
2,-7.703,22.991,2.519
7,-46.492,47.285,-67.699
2,7.563,21.423,-0.018
2,21.732,15.152,-0.026
2,-7.490,-17.929,6.089
2,-24.002,-32.273,4.709
3,14.013,-28.712,2.488
2,-46.044,-31.506,1.945
2,0.923,-31.841,4.746
2,-47.595,20.834,8.428
2,-47.247,-26.691,2.060
2,-30.650,17.382,5.397
2,-44.190,3.400,8.361
2,1.285,9.365,1.800
2,26.266,14.335,-0.250
2,4.747,26.338,-0.410
7,23.698,30.867,19.784
2,14.012,49.863,0.015
2,41.652,-31.682,1.074
2,4.056,-40.313,3.709
2,28.964,13.946,-0.165
4,-21.130,41.444,2.618
2,20.913,-39.202,2.796
3,-17.688,7.707,4.573
2,2.950,-24.073,5.226
2,43.489,18.218,-1.725
2,44.318,-29.085,1.073
2,47.452,-19.620,1.010
2,41.432,36.268,0.449
2,-35.545,-6.547,6.474
2,-11.789,-32.752,5.374
2,-20.561,40.175,2.206
2,-17.685,-15.110,6.049
2,22.911,9.683,-0.650
2,30.090,13.255,-0.153
2,34.292,8.950,-1.454
3,28.079,36.317,0.230
2,16.938,-44.136,2.661
2,-22.780,20.261,4.205
2,38.247,22.288,-1.000
2,-42.712,29.374,5.368
3,-0.163,13.127,2.238
7,8.412,34.842,4.232
2,37.291,11.183,-1.395
2,-5.179,-37.281,5.006
2,32.672,46.699,-1.218
3,42.039,29.054,-0.031
2,-19.470,-42.892,4.603
3,41.467,29.093,-0.005
2,-5.746,-19.330,6.027
2,45.531,48.122,0.319
2,-6.339,-31.285,5.888
2,-18.336,-37.287,5.290
2,24.187,9.477,-0.734
2,-27.141,-5.113,6.137
2,-16.117,49.530,2.618
4,32.590,44.504,0.072
3,41.352,28.793,0.099
3,-5.432,-31.784,6.040
2,39.647,-26.497,0.830
2,19.969,24.035,0.212
2,-29.132,23.665,5.426
4,24.930,-5.908,0.045
4,-19.161,8.475,5.134
2,-45.816,-13.581,4.366
2,-11.105,-9.141,5.422
3,-24.310,28.480,5.194
2,-47.996,-22.547,2.842
2,-34.992,11.202,6.534
2,24.544,-10.331,1.019
2,-43.050,43.691,2.558
2,-40.321,-38.864,1.539
7,23.716,30.773,12.093
4,34.886,8.794,-0.943
3,-36.729,-36.821,2.770
2,26.613,25.574,0.342
7,8.362,34.890,22.035
2,-46.329,21.573,8.056
4,36.521,-19.221,0.554
2,-38.724,-6.284,6.556
2,-32.958,28.503,4.922
2,-25.123,1.116,6.438
2,4.157,-17.172,4.121
2,-7.169,0.243,3.843
2,-19.080,7.539,4.568
2,-13.496,-41.697,4.993
2,42.060,-30.581,1.173
2,-23.556,-5.095,6.148
4,23.516,-6.291,0.035
2,-27.089,37.197,3.022
2,-49.164,30.394,5.556
2,-45.636,30.245,5.580
2,16.320,-14.837,2.400
2,-48.829,43.005,2.944
2,-0.023,18.161,1.329
2,23.287,-15.898,1.972
2,-4.942,17.928,1.946
2,-28.742,-48.211,3.617
2,26.246,-40.260,3.211
4,37.774,-17.402,0.952
3,-18.098,7.428,4.683
2,-4.222,37.636,0.571
7,8.103,34.255,9.269
2,44.119,-33.693,1.613
4,33.827,9.131,-0.817
2,-10.186,-20.350,6.348
2,-1.234,18.294,1.541
2,-18.716,-21.410,6.373
2,-17.208,14.207,3.958
2,-47.812,-32.802,1.186
4,-21.454,-9.364,7.069
2,-7.330,-36.064,5.200
3,42.201,29.512,0.012
2,11.055,-9.466,1.777
2,-27.604,8.982,5.608
2,-44.913,21.506,7.562
2,2.372,-35.334,4.387
2,33.036,33.053,0.385
2,-6.158,-43.358,4.969
4,31.830,7.084,-0.985
2,38.382,42.567,-0.246
2,-20.430,6.606,4.771
3,32.690,43.800,-0.049
2,2.675,39.248,-0.771
2,-1.586,-24.290,5.718
2,6.455,-15.917,3.528
2,-18.582,-14.368,5.971
3,27.016,38.139,0.527
2,31.933,9.809,-1.168
2,15.689,-1.919,-0.851
4,28.642,-0.132,-1.311
2,25.434,29.607,0.454
3,32.990,44.170,-0.122
2,37.526,-27.039,1.106
2,-23.009,-0.663,6.137
2,17.941,-19.542,3.376
2,6.149,17.194,0.907
2,-7.411,21.582,2.428
2,-42.751,40.434,3.371
2,31.051,7.482,-1.496
2,24.673,-28.354,2.446
2,-20.330,41.360,2.101
2,-17.242,-48.759,5.012
4,8.502,1.354,0.266
2,32.671,44.086,-0.394
2,6.282,-39.908,3.163
2,-0.016,-25.584,5.875
2,-23.269,36.818,3.017
4,-26.453,-19.829,7.991
7,21.351,26.687,21.949
2,-19.690,-28.359,5.374
4,4.365,-35.150,4.554
2,-5.943,28.431,1.862
2,4.395,-35.982,3.694
2,-7.646,-6.123,5.313
3,-4.936,-31.768,5.984
2,7.075,20.159,0.550
4,43.621,22.968,-0.440
2,41.936,47.860,-0.650
2,-19.629,1.632,4.793
2,20.996,30.450,51.945
3,5.480,-17.772,4.467
2,-36.857,29.704,4.570
4,-28.326,31.417,5.293
4,-21.417,41.652,2.806
2,1.580,22.467,0.414
2,-45.690,32.657,5.015
2,-16.298,-30.029,5.455
4,23.490,0.630,-1.261
2,-5.556,32.684,1.242
2,-46.095,19.520,8.390
2,-5.542,30.731,1.393
2,-39.228,-47.526,1.175
2,-22.358,-20.714,6.247
2,45.006,-21.092,0.981
3,42.706,29.387,-0.058
2,-0.244,8.642,2.106
7,8.831,35.616,2.025
2,20.411,23.072,0.226
2,41.073,42.088,0.362
2,-41.757,21.034,7.412
2,33.550,30.485,0.555
2,-36.120,-25.306,4.479
4,12.404,8.367,0.763
2,-20.969,4.165,5.241
2,20.593,-1.720,-1.408
2,32.247,44.734,-0.623
2,15.541,-28.467,2.475
2,-36.049,-0.163,7.072
4,-21.747,-10.383,6.585
2,-4.741,46.118,1.521
4,-43.452,-9.826,6.346
4,-18.262,-11.602,6.382
4,-19.945,-12.837,6.356
2,-36.878,20.709,6.499
2,-40.768,-11.101,5.476
3,-18.994,6.953,4.927
2,-9.763,-1.547,4.492
2,-40.237,32.419,4.475
2,-21.023,19.699,4.252
2,-28.018,-0.877,6.623
2,5.582,-19.667,4.171
2,37.370,22.301,-0.776
7,21.320,26.618,29.622
2,-28.727,-46.103,3.257
4,22.111,-16.343,2.806
4,41.680,17.122,-0.926
2,22.547,4.751,-1.772
2,42.311,-36.077,2.059
2,13.581,-40.426,2.706
2,-29.630,-18.811,5.776
2,-13.683,-12.609,6.121
2,4.210,4.531,1.324
2,-22.631,-17.725,6.082
2,-22.161,-25.555,5.614
2,-8.758,42.398,1.115
2,42.600,29.430,-0.469
2,5.922,8.328,1.077
2,43.316,10.528,-2.206
2,2.200,30.066,-0.338
2,29.168,37.779,0.075
2,-0.309,-31.414,4.850
2,-22.256,-22.605,6.164
2,-44.266,12.719,8.477
4,42.097,-30.761,1.570
2,46.003,19.322,-1.390
2,14.440,-10.026,1.367
3,27.594,2.304,-1.578
2,41.732,-33.577,1.658
2,-35.525,-25.849,4.428
2,-15.904,-33.433,5.603
2,-5.184,-4.975,4.910
2,-18.491,18.329,4.059
2,36.465,-1.905,-1.919
2,27.920,7.410,-1.241
2,-24.672,-20.266,6.415
3,5.258,-33.239,4.242
2,5.220,-30.647,4.199
2,-23.475,38.991,2.567
2,43.840,-0.613,-2.531
4,34.713,7.895,-1.003
2,-33.254,7.645,6.314
2,-25.760,45.164,1.853
3,-36.579,-26.129,4.708
2,-7.114,-6.632,5.615
2,34.783,-47.057,3.023
4,-5.149,23.058,2.429
2,26.025,-27.316,2.616
2,4.533,-17.858,4.132
2,-43.961,30.174,5.334
4,33.125,44.352,-0.003
2,-38.921,45.497,2.655
2,-7.709,13.193,2.521
2,-24.966,28.337,5.214
2,37.764,48.942,-1.508
2,29.389,-8.285,0.026
2,4.808,4.434,1.047
3,19.018,-37.380,2.918
2,41.771,34.083,0.039
2,-14.512,-23.075,6.081
2,-5.906,-32.733,5.733
3,-35.725,-25.477,4.956
3,-18.585,7.619,5.070
2,-23.495,-13.689,6.195
2,-16.014,-22.524,6.231
3,41.017,28.415,0.037
3,11.958,49.969,0.442
3,28.658,14.257,0.482
2,-7.566,-9.126,5.693
2,28.553,6.471,-1.422
2,20.929,47.803,-1.547
2,10.207,-3.421,0.609
4,26.747,12.813,0.491
2,-48.874,15.739,9.298
2,31.221,12.917,-0.481
2,-15.965,-22.204,5.907
2,-29.759,-28.331,4.421
4,19.347,25.430,22.526
2,-19.668,-22.637,6.157
3,42.185,29.603,0.158
3,19.605,-49.988,2.764
2,-39.847,-11.727,5.353
2,-24.552,35.324,3.170
2,17.799,-49.159,2.729
2,40.596,18.762,-1.679
4,38.647,-16.479,1.572
2,46.210,-8.471,-0.912
2,-5.577,-32.573,5.992
2,-27.726,-47.030,3.820
2,-1.074,-19.256,5.084
3,43.733,22.141,-0.616
2,-26.650,32.272,4.349
2,-9.047,45.188,1.287
2,-26.513,27.635,5.166
2,-13.256,-5.851,5.208
3,-19.656,42.958,2.540
2,-29.427,-30.233,3.992
2,28.314,27.583,0.424
2,-38.791,14.117,7.171
7,108.974,29.494,-26.955
2,-27.837,48.396,2.192
2,-28.732,-11.409,6.484
2,26.725,-16.408,1.651
2,-4.251,-10.770,5.343
2,-38.998,35.197,3.785
2,-26.101,-11.840,6.918
2,-16.881,13.723,3.960
4,10.811,39.080,46.189
2,-6.332,-32.416,6.016
2,48.161,-17.210,0.586
2,-20.807,19.824,4.191
4,-3.443,21.870,1.814
4,-3.141,22.008,2.184
7,10.871,39.006,38.274
2,16.389,-19.790,3.369
3,28.437,13.761,0.126
2,-44.136,3.932,8.319
4,-19.454,-10.525,6.819
3,-35.475,-37.765,2.926
2,1.241,-13.457,4.252
2,12.489,36.881,51.945
3,25.688,37.859,0.392
4,-18.970,-10.748,6.430
2,30.693,-17.286,0.921
2,-21.404,-3.334,5.458
7,23.378,30.127,3.047
3,41.915,30.038,-0.166
4,0.264,13.733,2.555
2,7.352,19.245,0.568
2,40.262,-4.855,-1.823
3,25.355,37.900,0.366
1,9.468,36.617,-0.230
7,15.980,25.446,13.224
2,-49.008,-23.139,2.417
3,-8.784,-3.714,5.364
2,49.974,38.627,-0.607
2,-16.645,-22.559,6.120
2,-2.752,-42.435,4.558
2,-22.214,-3.984,5.727
3,22.200,-3.603,-1.238
2,8.054,20.751,0.469
4,25.988,-0.365,-1.158
2,26.241,46.732,-1.705
2,-47.678,33.666,4.963
7,23.077,29.631,7.295
4,33.439,8.903,-0.657
2,-36.902,-36.518,2.516
2,14.806,-21.484,2.896
2,13.009,20.500,0.148
3,22.313,28.357,30.296
3,-35.595,-36.458,2.769
3,39.231,-16.661,0.082
2,4.375,9.738,1.367
2,39.210,-48.853,2.973
2,-33.608,19.964,5.931
7,24.416,32.041,33.771
2,-6.275,-32.524,5.843
2,36.073,-38.617,2.194
4,-35.449,-36.732,3.093
2,-26.496,-11.758,6.918
2,-19.938,30.996,3.594
4,25.438,39.354,0.423
2,24.718,6.049,-1.644
2,-28.413,-35.024,3.438
2,-49.424,-1.503,7.934
2,4.255,-21.447,4.379
2,-43.920,-9.331,5.896
2,-7.641,-19.204,5.968
2,-19.206,4.269,4.695
2,41.012,47.584,-0.805
2,-19.961,6.990,4.570
2,9.708,-15.922,3.054
2,45.687,-39.410,1.759
2,-3.326,38.110,0.246
2,4.009,33.358,-0.827
2,15.990,29.679,51.945
2,49.817,-18.262,1.035
2,-24.076,-37.633,3.757
2,-11.297,45.678,1.584
2,4.259,40.274,-0.369
2,-45.139,-44.053,1.177
4,-4.417,-32.033,6.007
2,32.082,9.057,-1.365
2,42.495,9.641,-2.246
2,44.590,6.887,-2.546
3,-20.142,8.086,5.017
2,-49.840,-46.871,0.739
2,-34.358,36.457,3.498
2,-34.270,41.616,2.752
2,-2.878,-12.282,5.002
4,39.461,-15.396,1.205
2,35.320,-48.112,3.094
2,13.330,-29.662,2.128
2,32.646,-23.020,0.884
2,40.420,39.319,0.577
2,-8.210,-3.388,4.771
2,35.649,-8.068,-1.041
2,-6.868,29.842,1.910
4,23.164,-4.581,-0.613
4,-18.225,8.288,5.054
2,41.441,28.867,-0.229
7,16.541,25.455,1.370
2,-10.891,-29.123,5.913
2,-30.868,1.395,6.398
3,6.567,21.322,0.501
2,-16.152,-22.072,6.347
2,41.599,-22.376,0.224
2,-35.908,-34.337,2.571
2,-9.680,-31.481,5.554
2,-39.330,24.409,6.301
7,9.851,37.241,23.276
4,-20.705,-9.705,7.139
2,0.141,-36.565,4.560
3,-15.939,-23.371,6.632
2,16.757,-32.952,1.895
2,7.347,-45.242,2.911
2,10.025,-16.788,3.151
2,-7.042,-46.816,4.298
2,-28.674,4.159,6.201
2,5.733,47.512,0.525
2,20.077,-38.955,2.693
2,-32.808,-44.941,2.370
3,32.347,44.479,-0.079
2,44.746,32.176,-0.581
2,25.074,33.138,0.332
2,18.291,3.352,-1.820
2,45.701,41.981,0.135
2,31.919,-3.329,-1.376
7,22.085,27.844,10.760
2,-28.071,-22.078,5.797
2,-25.997,46.754,1.827
2,-7.710,-9.434,5.816
2,46.799,22.469,-0.835
2,-36.094,-32.593,3.206
2,-23.237,18.979,4.187
2,-41.831,11.595,7.822
2,19.947,40.925,-1.138
3,-1.134,12.854,1.934
2,-49.489,-8.109,5.335
4,31.025,33.656,1.303
2,39.512,-48.170,2.899
2,-42.948,25.039,6.540
3,6.372,19.779,0.475
2,33.519,24.948,0.089
3,28.223,15.281,0.365
2,-5.203,11.663,2.486
2,47.440,49.706,0.611
2,-19.771,-14.749,5.931
2,30.715,19.988,0.251
7,19.379,25.522,1.513
2,-18.704,-2.445,4.670
3,42.441,-31.092,1.431
4,-25.484,-20.938,7.333
4,20.367,9.549,0.071
4,28.816,-0.025,-1.328
2,32.187,44.651,-0.626
2,-25.970,-42.670,3.456
2,-35.032,-36.665,2.444
7,23.439,30.237,5.841
2,-40.288,31.850,4.570
2,46.523,43.318,0.221
2,-2.498,43.954,0.351
2,15.024,0.781,-1.102
2,35.840,-26.070,1.147
3,33.866,7.061,-1.472
2,39.106,15.910,-1.636
2,47.559,-10.917,-0.387
3,-4.854,-32.267,5.926
2,-28.869,26.128,5.320
2,32.482,44.265,-0.303
3,24.929,37.793,0.256
2,-30.782,31.309,4.176
2,-29.365,-29.346,4.246
2,-15.545,5.648,3.971
4,-34.773,-5.976,7.087
2,27.557,47.698,-1.664
2,42.615,-19.220,0.471
7,22.485,28.368,21.217
7,23.428,30.174,21.907
2,-43.595,-17.024,4.545
4,23.141,36.649,8.879
2,19.505,-42.938,2.805
2,37.777,1.675,-1.949
3,41.346,28.625,0.001
2,-33.038,-19.090,5.010
2,2.619,-39.695,3.999
2,-27.342,49.587,2.293
2,-19.488,25.654,4.451
2,24.857,-44.525,2.855
2,27.154,-38.823,3.352
2,-30.753,25.281,5.671
4,-35.624,-36.780,3.073
2,-18.775,-23.054,6.101
2,-1.937,-10.682,4.719
7,90.576,145.979,-73.852
2,-45.001,19.793,8.103
2,-40.027,-45.366,1.145
2,-1.091,47.525,1.292
2,-35.833,7.274,6.342
4,14.627,40.926,0.027
2,-47.042,34.763,4.770
2,-35.603,-11.442,5.634
2,-6.999,-9.340,5.591
3,-43.520,-9.522,6.319
2,-6.482,-8.937,5.709
2,18.420,-29.094,2.330
2,-12.662,-39.876,5.231
2,-28.214,4.539,6.197
2,49.129,5.590,-3.394
2,0.771,4.388,2.217
3,-20.415,41.281,2.554
2,-48.058,40.246,3.416
2,49.595,29.493,-0.339
2,-20.717,-0.272,5.224
2,-12.229,-2.225,4.866
2,-3.755,-35.587,5.121
3,5.317,-34.206,4.041
2,-45.196,-24.006,2.826
2,-9.763,17.624,3.090
2,-40.593,43.265,3.043
2,-27.681,30.087,4.440
2,5.788,-26.614,4.574
2,23.260,13.747,-0.177
7,23.755,30.689,19.084
2,-28.807,-10.530,6.293
2,-6.027,46.001,1.384
2,1.272,32.205,-0.739
2,27.224,13.040,-0.187
3,-37.167,-36.234,2.605
3,-27.015,31.703,4.858
2,33.916,43.836,-0.844
2,7.147,-29.795,3.755
2,-18.361,-23.624,5.861
2,40.306,-13.033,-0.288
3,-2.538,26.249,0.741
4,39.948,18.226,-0.993
2,23.344,-2.584,-1.770
2,-43.347,-36.570,1.310
2,48.984,36.774,-0.652
2,16.355,-45.124,2.765
2,-1.510,13.559,1.917
3,-7.932,-5.780,5.738
2,15.259,20.631,0.188
2,39.755,4.984,-1.961
4,-0.278,12.818,2.722
2,22.212,27.333,0.321
2,-28.925,11.985,5.535
4,-24.046,-9.886,8.073
2,42.233,28.662,-0.223
2,-28.740,-40.436,3.418
2,-21.301,25.895,4.870
4,-26.018,32.368,4.822
3,42.238,29.438,0.021
2,36.947,15.522,-1.414
2,-49.867,44.891,2.498
2,-43.802,5.611,8.226
2,35.830,-16.281,-0.062
2,42.182,22.569,-0.964
2,5.099,-16.781,4.254
2,34.527,-22.026,0.469
2,45.988,36.366,-0.013
2,23.687,-47.326,2.469
4,-18.353,7.651,5.277
2,-5.614,-9.002,5.633
2,-21.536,-15.186,6.134
2,-20.665,15.657,4.277
2,47.518,19.143,-1.332
2,35.911,14.642,-1.046
2,-24.789,28.353,5.077
2,-1.706,-5.855,4.401
2,40.384,-16.325,-0.168
4,-19.459,7.226,5.135
3,41.060,28.437,0.063
2,-33.477,1.505,6.371
2,28.403,32.307,0.526
2,-31.916,36.826,3.140
2,31.619,10.084,-1.231
2,-33.711,35.826,3.288
2,-43.359,48.499,1.564
2,-19.788,46.756,2.375
4,43.608,22.176,-0.349
2,30.889,49.638,-1.641
4,24.549,2.629,-1.112
4,20.309,10.365,0.189
2,25.845,41.464,-0.818
4,-36.247,-25.358,5.085
2,-27.435,24.482,5.288
2,-12.779,12.561,3.602
3,-20.303,20.243,4.625
4,-26.948,31.301,5.376
4,29.651,13.335,0.531
2,40.663,2.459,-2.147
2,40.138,-17.830,-0.046
2,-21.541,-41.661,4.258
2,33.156,-29.616,1.700
2,12.466,14.022,-0.046
4,41.307,18.148,-1.097
2,3.164,7.061,1.578
2,-12.921,23.248,3.966
2,-31.420,4.981,5.654
2,40.660,15.622,-1.687
2,-17.238,-13.387,5.914
2,24.536,2.197,-2.117
2,-7.874,30.495,2.076
4,-20.614,-10.928,6.862
2,-33.674,38.291,2.919
4,32.128,44.528,0.125
2,-26.358,-39.317,3.739
4,42.618,17.261,-1.161
2,20.146,-21.019,2.998
4,-35.383,-36.474,3.121
3,16.028,-30.637,2.470
2,-1.218,-43.365,4.280
4,43.404,21.280,-0.200
2,-8.341,0.337,3.876
2,23.916,16.474,0.026
2,-14.303,-29.675,5.671
2,-35.658,-25.125,4.665
3,-43.214,-9.036,6.422
3,28.546,-2.788,-1.161
7,151.911,-1.198,-33.142
2,40.100,21.502,-1.238
2,19.883,-37.989,2.475
2,-40.882,8.610,7.462
2,-29.632,31.060,4.397
2,-35.415,44.241,2.964
2,18.753,29.657,51.945
2,-3.242,-0.213,3.555
2,21.306,-37.370,2.701
4,24.424,-3.264,0.428
2,-32.714,41.772,2.858
2,-48.300,8.384,8.819
2,-25.904,-22.029,5.894
2,32.637,43.809,-0.322
7,113.655,156.047,-60.170
2,-0.379,36.209,-1.026
2,-4.703,15.469,2.605
2,38.917,-47.033,2.762
2,21.161,-22.871,2.674
2,8.685,45.878,0.247
2,27.409,-9.302,0.407
2,36.602,-35.931,1.829
2,-15.794,0.525,4.289
2,-25.586,-5.319,6.235
2,-14.937,-24.542,6.076
4,-28.588,31.223,4.969
2,21.792,38.963,-0.925
4,41.118,17.908,-0.752
2,-41.888,10.749,7.845
7,22.936,41.406,-6.988
2,22.019,0.956,-2.030
3,-3.463,21.934,1.609
2,27.878,9.860,-0.710
2,11.643,4.013,-0.935
2,-35.500,47.175,2.346
2,-43.065,-2.102,7.414
4,-0.189,13.538,2.493
2,10.067,-20.750,3.146
2,-36.611,-11.272,5.602
2,14.048,19.493,0.356
7,22.674,28.917,1.045
2,-43.757,-40.274,1.297
2,-9.153,-21.878,6.335
2,-5.188,-7.608,5.705
2,13.637,-28.542,2.594
2,38.456,39.499,0.471
2,43.893,33.032,-0.434
4,9.417,29.638,2.196
2,28.732,-44.968,3.145
2,45.705,38.927,0.258
2,22.930,1.466,-2.060
3,-43.364,-9.228,6.178
2,-9.709,-39.109,4.926
3,27.241,1.407,-1.554
4,21.368,-23.528,3.332
3,-25.695,-20.917,6.651
2,21.587,35.530,51.945
2,6.953,-1.902,1.335
2,-26.191,10.806,5.076
7,12.908,20.150,-8.319
2,-40.377,26.416,5.883
2,43.522,21.839,-0.944
2,41.860,-30.541,1.036
2,35.393,-10.507,-0.719
2,10.277,11.439,0.177
2,-34.241,20.645,5.947
2,-25.818,-13.601,6.785
3,49.763,49.987,0.914
3,-16.114,-23.156,6.652
2,38.713,-2.168,-2.036
3,-20.001,18.898,4.360
2,42.717,-37.638,2.081
2,-37.473,-41.680,1.673
3,-36.347,-37.290,2.911
2,17.450,21.442,0.217
2,38.282,-13.151,-0.542
3,-21.973,42.019,2.488
4,-20.698,-5.458,6.084
2,-31.625,1.383,6.397
2,22.071,-16.499,2.084
2,-48.571,-16.611,3.506
4,16.377,13.732,1.074
2,11.915,23.744,-0.760
4,36.552,-19.357,0.667
2,22.969,48.148,-2.184
2,-24.512,28.222,4.811
2,-15.961,27.083,3.652
2,43.173,41.656,0.409
4,32.634,6.528,-0.543
2,13.197,-14.282,2.957
4,40.677,17.318,-0.883
2,5.449,-5.376,2.204
2,-29.308,31.831,4.294
2,14.222,-26.180,2.720
2,-4.306,-34.224,5.056
7,24.490,31.958,25.383
2,0.416,19.563,1.155
2,26.188,37.205,0.354
3,-20.028,41.997,2.546
2,13.991,-41.557,2.838
2,18.988,-8.324,0.467
2,-13.658,0.292,4.270
4,7.318,33.077,0.656
2,30.234,-26.604,1.643
2,-15.013,24.882,3.743
2,-31.882,27.442,5.408
2,-17.423,-10.012,5.780
2,-36.831,-45.452,1.467
2,-25.617,-13.128,6.951
2,37.683,19.458,-1.458
2,-37.066,38.500,3.058
2,-19.951,18.890,3.979
7,16.681,25.415,0.667
2,47.772,-27.777,1.748
2,5.168,-48.050,2.726
2,42.505,3.959,-2.068
2,-36.363,-26.086,4.660
2,4.738,-47.716,2.948
2,16.074,-5.116,-0.190
2,44.254,10.292,-2.434
2,-26.776,-43.580,3.427
2,-30.042,35.191,3.230
3,49.812,-5.651,-1.963
2,29.667,-19.421,1.472
2,29.278,33.798,0.228
2,-18.112,-31.662,5.352
2,27.865,12.440,-0.256
2,10.949,-34.706,2.521
2,1.995,31.710,-0.577
2,33.883,-19.277,0.305
2,16.396,-23.845,2.674
2,-32.076,-30.784,3.584
2,-30.231,31.094,4.288
4,-3.321,3.019,4.267
2,-14.861,0.922,4.224
2,-10.167,-26.375,6.126
2,9.099,29.471,-0.668
2,32.208,44.663,-0.424
2,47.890,-24.064,1.830
4,31.963,7.073,-0.851
2,13.048,-4.779,0.235
2,48.388,-4.232,-2.237
2,-30.970,-16.992,5.697
2,32.219,-10.873,0.072
2,4.700,-44.111,3.178
2,-17.244,-22.060,6.165
2,21.340,-4.746,-1.696
2,5.433,8.830,1.287
3,20.110,-37.129,2.952
4,15.728,-31.388,2.791
4,39.418,-18.568,1.161
2,-19.719,-0.775,4.966
2,-10.443,18.815,3.482
2,40.870,-47.811,2.595
3,27.973,14.899,0.241
2,-46.423,-22.475,3.154
2,-22.666,42.077,2.038
2,24.071,-2.116,-2.007
2,-39.653,31.964,4.474
2,40.178,45.781,-0.633
2,-38.557,30.652,4.510
2,16.741,-45.608,2.683
2,-26.435,27.779,5.170
7,22.121,27.772,2.384
2,-26.194,28.423,5.142
2,-20.299,19.735,4.273
2,-45.167,3.478,8.334
2,30.511,-49.599,2.496
3,-21.300,41.622,2.631
2,38.471,-29.871,1.065
2,-26.035,43.160,1.948
2,16.079,-48.011,2.551
4,-17.989,-10.836,6.542
2,-33.694,36.970,3.492
2,-45.031,25.882,6.666
3,-7.937,-5.897,5.787
2,13.308,49.548,-0.001
2,-44.170,18.286,8.301
2,49.478,-13.366,-0.143
3,3.879,-33.299,4.153
2,-1.977,-42.640,4.309
2,11.540,26.002,-1.164
2,37.828,42.515,-0.324
2,-6.450,-8.395,5.663
2,23.897,-19.463,2.208
4,-13.006,26.420,4.988
2,26.741,36.163,0.077
2,-32.318,-14.682,5.986
2,-35.913,40.293,2.899
2,38.976,-3.258,-2.039
2,2.404,-27.410,5.352
2,8.102,20.688,0.757
2,48.593,43.878,0.428
2,-41.336,9.994,7.694
4,-18.163,6.393,5.206
4,5.088,-33.311,4.450
2,27.688,15.700,0.074
2,18.754,-2.290,-1.320
4,-27.785,32.424,5.484
4,3.968,-34.509,4.504
2,-15.957,36.500,2.259
4,22.168,-0.342,-0.725
2,-10.731,-14.916,6.061
2,-35.739,23.123,5.913
4,-44.179,-9.703,6.446
2,-49.539,39.678,3.692
2,-20.241,40.197,2.047
2,1.579,45.527,0.464
4,24.418,-0.291,-0.934
7,10.050,37.937,11.025
2,-13.963,-4.656,4.945
4,-4.353,21.281,2.092
2,2.268,-20.323,4.890
2,11.456,-49.010,1.907
3,24.103,-0.797,-1.953
4,39.539,-15.299,0.884
2,31.010,-47.910,2.795
4,40.602,17.384,-0.448
2,-40.211,-46.342,1.170
2,8.109,21.425,-0.137
4,-23.877,-8.496,7.866
2,1.710,-6.703,3.361
2,-41.685,-10.169,5.778
2,-43.370,-13.939,4.668
2,19.881,-6.291,-0.193
2,39.303,-6.997,-1.194
2,-20.886,-9.264,5.516
2,38.423,-49.363,3.189
2,-27.802,-20.752,5.917
2,-16.155,42.003,2.039
2,41.363,29.616,-0.178
3,-18.445,-49.493,5.429
3,-36.139,-36.078,2.652
4,-18.120,7.406,5.143
2,-36.307,12.492,6.832
2,40.988,-3.831,-2.136
2,-44.575,-0.676,8.118
2,-11.720,27.228,3.092
2,7.779,-19.572,3.543
3,-36.105,-35.718,3.105
2,-44.741,-20.711,3.761
2,-16.328,-29.143,5.450
3,-19.530,8.284,4.934
2,36.353,31.714,0.710
2,-46.371,-8.367,5.621
4,-23.228,-8.298,6.884
2,-0.318,12.490,1.925
2,25.796,-47.595,2.428
2,22.605,8.385,-0.777
2,20.372,-44.891,2.973
7,23.863,30.790,3.004
7,1.965,0.410,-8.012
4,5.395,-35.820,4.764
2,37.981,-4.760,-1.624
2,-8.679,23.887,2.743
2,17.920,0.338,-1.540
2,-35.914,-35.692,2.691
2,-10.228,-15.116,6.063
4,31.904,8.448,-0.623
3,-3.798,21.940,1.692
2,27.388,-21.155,1.697
2,-21.500,-38.649,4.381
2,24.219,-45.828,2.645
3,-6.459,-31.488,6.025
2,-6.460,-12.766,5.808
2,-4.834,38.362,0.615
4,-20.225,-8.667,6.817
2,45.672,39.619,0.330
4,21.299,-2.522,0.096
2,-36.664,-36.556,2.426
4,-36.235,-25.773,5.289
2,34.159,-15.325,0.222
2,-26.043,28.419,5.080
2,9.502,-0.952,0.237
2,30.799,-13.879,0.925
2,-0.496,21.806,0.806
2,-1.003,-40.790,4.231
2,-17.118,11.265,3.852
2,41.522,43.290,0.253
2,-40.289,-8.255,6.507
2,-25.668,-46.925,4.217
2,0.441,-15.927,4.449
2,-22.394,-48.050,4.953
2,-47.631,-9.798,5.249
2,-17.764,41.563,1.900
2,44.454,-12.150,-0.328
2,-18.134,-25.192,5.658
2,42.809,-15.971,-0.312
2,-41.438,23.936,6.687
2,40.849,-31.414,0.929
2,19.966,31.977,51.945
2,1.200,-3.592,3.254
2,-33.566,36.774,3.512
2,-32.464,7.061,6.071
2,-17.616,7.960,4.182
2,-1.705,-14.160,4.860
2,23.222,39.319,-0.671
4,-1.118,12.606,2.653
2,-36.127,-35.812,2.929
4,15.700,-30.082,2.775
2,4.465,17.948,0.740
4,-27.721,-21.491,7.287
2,11.010,-26.279,3.290
3,-36.698,-35.934,2.760
3,22.905,33.063,51.945
3,-15.669,-23.204,6.549
2,1.906,9.342,1.671
2,-7.500,-28.023,5.917
2,-9.555,-16.843,6.222
2,-47.436,35.731,4.463
2,-12.415,13.025,3.416
2,35.702,-2.186,-1.856
2,-32.188,-39.358,2.779
2,40.843,-46.684,2.464
2,35.946,-36.413,1.980
3,-16.531,-22.671,6.663
7,-63.718,2.152,0.979
3,-10.337,-4.494,5.225
2,1.621,39.211,-0.713
2,36.292,48.395,-1.554
2,17.807,-29.359,2.280
3,-5.308,-7.103,5.698
2,-45.046,-43.441,1.256
2,37.799,-10.860,-0.770
2,-22.641,-28.470,4.960
7,8.104,34.430,14.248
2,-16.454,-22.724,6.445
2,39.855,-15.094,-0.249
2,-6.726,-7.405,5.718
2,-48.325,16.288,9.097
4,21.635,-0.768,-0.787
7,23.370,30.199,19.113
4,-43.851,-9.137,6.430
2,-23.077,-40.515,3.983
2,4.118,2.525,1.400
7,22.791,28.952,3.834
3,-24.806,28.236,5.158
2,-26.130,27.688,5.112
2,8.316,-37.949,3.007
2,-46.260,39.554,3.386
2,-23.420,8.369,4.900
2,-45.873,-44.788,0.975
2,7.216,-41.323,3.081
2,34.795,8.487,-1.397
2,-5.891,-31.462,5.810
2,46.917,-35.910,1.299
2,-20.691,-9.764,5.556
2,22.293,-27.124,2.390
2,-12.388,19.867,3.843
2,48.350,4.789,-3.211
2,31.493,1.933,-2.428
2,2.459,-45.785,3.448
2,20.284,-37.208,2.699
2,7.695,-39.936,3.038
2,33.065,44.510,-0.363
2,-31.219,40.074,2.743
2,40.541,35.229,0.482
2,-22.918,3.879,5.459
4,-25.415,-19.012,7.766
2,-49.286,-15.835,3.394
2,-13.760,-25.343,6.250
2,8.729,39.525,-0.931
2,-5.045,-18.937,5.736
2,42.739,-7.045,-1.228
2,-2.835,35.765,-0.168
7,39.111,27.360,-4.994
2,-6.399,-34.895,5.150
2,39.709,33.113,0.516
2,-12.713,3.615,3.813
2,-18.862,8.728,4.601
2,32.658,43.908,-0.363
2,4.509,-27.313,4.798
2,-18.156,-42.711,4.622
2,-5.493,17.586,2.075
3,41.428,29.534,0.040
2,-45.215,33.470,4.675
2,-32.474,27.474,5.346
2,32.721,-33.913,2.090
3,28.554,14.683,0.271
4,-11.701,28.807,3.407
2,-25.895,28.957,4.936
2,44.914,44.926,0.142
4,38.610,-17.240,0.650
4,-36.640,-25.884,5.244
2,15.401,23.958,-0.194
2,7.165,46.105,0.245
2,-17.190,16.986,3.748
2,-43.229,15.505,8.352
2,-20.947,41.803,2.025
2,29.032,14.868,0.003
2,-43.785,8.151,8.089
2,-22.286,24.043,5.090
4,23.531,-2.875,-1.149
2,25.571,-37.928,3.664
2,-31.152,-32.603,3.154
2,10.440,6.406,-0.357
3,-16.681,-23.199,6.598
2,-33.919,-42.513,2.056
4,43.006,21.500,-0.050
3,27.555,13.500,0.147
3,28.222,12.471,-0.058
2,-34.017,-12.335,5.851
2,25.171,21.352,0.096
2,14.908,4.657,-1.496
2,-0.670,14.864,1.817
2,31.057,37.796,-0.234
3,-6.507,-21.004,5.991
2,-44.260,40.891,3.168
2,-33.427,-42.766,2.092
2,-6.888,40.118,0.804
2,46.788,37.786,0.088
2,24.892,10.568,-0.439
2,31.031,17.725,0.102
2,19.572,-26.129,2.322
2,-34.726,12.177,6.604
3,-9.011,-5.500,5.279
4,30.399,33.075,2.186
2,16.162,2.203,-1.252
2,32.302,38.433,-0.027
2,-9.577,10.762,2.907
2,17.372,-18.109,3.204
2,-5.368,-31.517,5.829
2,-37.433,33.683,3.875
2,-26.984,32.166,4.272
2,32.050,43.832,-0.626
3,-4.987,-32.662,5.987
2,-45.824,-10.949,5.117
2,3.594,22.494,0.131
2,28.713,-11.532,0.816
2,-7.264,-25.576,5.775
2,26.180,20.419,0.175
2,29.247,46.475,-1.294
2,46.053,-46.948,1.490
2,4.045,-1.784,2.182
3,32.381,44.354,-0.005
2,39.384,3.915,-2.109
2,24.768,-42.161,3.231
4,0.158,13.440,2.579
2,-25.437,28.088,5.199
2,-10.583,-42.722,5.020
2,-1.952,34.410,-0.188
2,4.082,-27.830,4.934
2,3.778,-25.657,5.144
2,-34.079,35.930,3.495
2,33.695,-2.700,-1.521
4,24.061,31.440,25.362
2,9.056,-20.606,3.334
2,37.970,-26.365,0.987
4,-20.446,42.030,2.639
2,13.856,29.165,51.945
2,-30.110,45.643,2.333
2,1.875,12.654,1.365
2,-17.301,39.888,2.011
2,9.695,14.207,0.747
2,16.911,41.541,-1.368
2,-40.346,41.813,3.246
3,-5.050,-19.500,5.965
4,-0.376,12.609,2.401
2,-42.013,-47.271,0.889
2,41.114,17.184,-1.756
2,2.881,-8.905,3.228
2,29.482,13.972,-0.163
2,-24.967,-13.343,6.609
2,7.156,-14.200,3.294
2,-25.556,-14.252,6.916
2,-14.807,-14.031,6.268
2,9.377,29.551,-0.646
2,-4.962,49.927,1.942
2,32.241,44.088,-0.410
2,43.866,10.876,-2.125
2,-8.978,-45.292,4.764
2,-6.813,-0.731,3.980
2,-39.365,40.160,3.276
7,-48.481,6.933,-8.526
2,-15.761,-22.878,6.091
2,4.607,-18.008,4.378
2,-6.239,23.846,2.019
2,-23.892,-7.271,5.997
2,-28.578,20.238,4.856
2,-35.569,9.633,6.469
3,-36.433,-25.504,4.969
2,41.276,29.038,-0.252
4,4.063,4.462,2.789
2,31.650,-43.608,3.455
2,-19.409,7.952,4.651
2,22.724,-43.709,3.243
2,-25.730,48.652,2.077
4,-0.665,13.678,2.586
3,41.146,29.379,0.095
4,41.366,-18.602,1.010
2,8.530,49.289,0.922
2,16.079,14.231,0.424
2,38.965,-46.056,2.714
2,23.693,-9.582,1.023
2,16.380,-13.075,1.901
4,42.449,21.851,-0.182
2,-1.392,-20.340,5.339
4,-32.916,6.569,7.228
2,35.829,-6.896,-1.208
2,-10.739,-10.845,5.888
2,-19.839,41.170,2.132
3,-16.507,-22.805,6.551
2,-25.209,34.178,3.455
2,7.284,32.024,-0.772
7,24.534,31.878,20.490
2,5.751,1.353,1.004
2,-36.590,-46.274,1.513
2,28.174,-21.410,1.585
2,35.617,-16.770,0.122
4,42.816,21.515,-0.149
2,-38.567,-30.993,3.097
2,-33.284,29.047,4.807
2,-8.913,-11.890,5.882
2,27.801,-36.031,3.308
3,5.571,-17.700,4.513
2,-46.280,-21.446,3.605
2,-38.233,33.274,3.974
2,-5.692,-31.307,6.046
2,-35.486,-30.415,3.721
2,-29.150,12.612,5.604
2,-34.950,48.399,2.186
2,1.369,-27.711,5.453
3,-32.991,5.993,6.349
4,-35.813,-26.017,5.060
2,26.469,0.812,-2.311
2,-35.551,-3.478,6.890
2,-5.622,-28.733,5.858
2,21.821,27.146,3.070
2,33.082,-36.263,2.104
2,19.923,2.089,-2.010
2,-24.544,-11.285,6.327
2,18.098,-1.377,-1.381
2,-7.156,-8.781,5.619
2,-39.738,21.303,7.010
2,-21.907,5.593,5.276
2,31.556,40.416,-0.071
2,-8.234,-1.419,4.313
2,21.400,-44.709,3.091
2,28.316,37.611,0.230
2,32.932,-48.015,3.013
2,-21.515,-5.929,5.376
2,18.384,-21.238,3.200
2,41.915,15.093,-1.818
7,10.510,38.478,15.294
4,43.381,21.441,-0.332
4,42.105,-30.686,1.504
2,35.744,-14.042,-0.422
3,41.540,29.587,-0.127
2,-32.203,42.070,2.830
2,-15.037,-8.889,5.738
2,32.648,43.739,-0.373
2,-6.270,-38.972,5.101
2,-23.382,-31.328,4.951
3,-1.551,13.412,2.116
2,-0.492,-44.664,4.038
2,19.020,-48.013,2.859
2,-18.310,-48.447,5.240
2,-41.370,-21.857,3.691
1,11.212,26.651,-0.474
2,-17.409,-36.462,5.300
2,-43.803,-8.886,5.895
2,-47.904,-48.682,0.858
2,49.078,-28.681,1.535
2,-40.905,-4.222,6.969
2,-11.108,-41.866,4.987
2,32.443,45.794,-0.929
3,28.962,-3.979,-0.951
2,10.972,-36.316,2.641
4,-14.706,29.405,4.443
2,27.116,30.706,0.602
3,-0.776,13.493,2.176
4,-19.281,43.456,2.681
2,27.781,5.686,-1.543
2,0.875,42.342,-0.058
2,14.975,7.663,-1.355
2,-49.268,-13.550,3.622
2,-7.671,-38.925,5.150
2,-30.825,46.402,2.382
2,14.067,-14.122,2.676
4,29.405,0.436,-1.366
4,24.427,-5.587,-0.123
3,5.326,-17.069,4.468
2,45.903,-36.049,1.554
2,4.377,21.220,0.371
2,-30.635,-13.744,6.306
2,-25.297,-13.017,6.958
2,-35.571,-31.701,3.489
4,23.376,36.203,6.235
4,32.246,44.536,0.097
2,15.946,32.668,51.945
2,49.905,-49.949,0.997
2,-33.603,36.487,3.330
2,-24.852,20.238,4.445
2,15.966,-23.373,2.879
2,-26.790,-12.199,6.917
3,32.881,44.118,-0.069
2,38.772,24.778,-0.611
2,-36.455,-25.601,4.746
2,-48.813,48.962,1.446
2,-25.407,4.824,5.926
2,-16.272,-23.070,6.211
4,14.278,-29.711,2.860
2,18.542,-42.943,2.753
2,-40.254,2.991,7.395
4,42.134,17.428,-0.548
2,-20.692,20.274,4.149
7,17.948,25.551,12.615
2,-7.954,-2.188,4.443
2,38.499,-15.187,-0.432
2,-13.408,45.354,1.802
2,24.483,-14.003,1.869
2,-12.320,-4.070,5.024
2,37.037,2.365,-2.045
4,16.106,-32.321,2.413
2,7.765,19.675,0.691
3,27.129,13.634,0.237
2,-5.090,10.268,2.436
2,32.749,44.330,-0.564
2,-38.251,-31.593,2.972
2,-27.103,30.242,4.365
2,-8.091,-6.881,5.800
4,28.702,0.554,-1.289
2,-18.613,-0.845,4.671
2,-17.023,-44.307,4.736
7,20.039,25.413,13.513
2,37.052,-45.976,2.882
4,-19.568,-10.495,6.734
2,-31.095,47.499,2.378
3,-28.119,32.597,4.324
2,39.079,-15.515,-0.283
2,-38.423,-8.132,6.310
2,31.962,-1.430,-1.819
4,-4.943,-18.712,6.205
3,15.481,-31.682,2.425
2,27.084,4.440,-1.624
2,-31.278,23.341,5.487
3,-43.768,-8.919,6.299
2,28.296,24.496,0.013
2,13.491,1.522,-1.102
2,11.095,-47.990,2.025
2,-25.438,-11.733,6.861
2,-11.158,28.612,2.779
2,-48.759,-36.440,0.552
3,-36.338,-36.054,2.826
2,-7.078,-6.308,5.740
2,-33.305,37.576,3.137
2,20.895,-39.611,2.734
2,-9.365,9.896,2.753
2,-10.116,38.898,1.837
4,-5.142,20.878,2.375
2,17.158,-21.725,3.047
2,0.143,25.940,-0.023
2,45.577,-2.025,-2.444
2,-46.719,-49.856,0.844
2,7.473,-21.481,3.843
2,47.151,-38.040,1.498
2,-33.714,-25.376,4.722
2,-15.207,35.219,2.505
4,39.315,-14.203,0.774
2,44.510,0.953,-2.618
4,34.188,8.856,-0.797
2,-8.364,11.663,2.587
2,34.054,48.499,-1.538
4,40.205,-17.959,0.963
2,-32.594,0.114,6.676
2,-36.399,-25.318,4.460
2,-4.228,-42.218,4.799
2,-39.270,29.763,4.795
2,-30.240,25.480,5.562
2,-41.950,-4.147,6.941
2,4.247,1.082,1.637
7,10.751,38.989,15.968
2,35.991,-16.829,0.206
2,2.284,-47.810,3.493
3,22.536,5.355,-1.503
2,-11.565,48.922,2.221
3,-43.250,-9.369,5.950
2,-13.662,-34.751,5.734
7,16.590,25.399,11.204
2,19.854,-38.882,2.629
3,26.849,35.722,0.253
2,5.128,48.201,0.756
4,5.215,-35.435,4.166
2,-42.681,20.650,7.633
2,5.403,-16.846,4.095
2,15.959,-42.158,2.596
2,-49.276,32.999,5.044
2,-7.361,-14.903,5.847
2,41.968,-4.870,-1.777
4,15.405,-31.694,2.701
2,12.434,2.626,-0.932
2,37.031,-32.951,1.218
2,-12.113,-1.160,4.675
2,-13.200,-8.830,5.516
2,-0.944,17.572,1.516
4,-22.547,-8.325,7.039
2,-30.616,7.590,5.766
2,35.070,40.799,-0.107
2,28.737,32.852,0.534
2,45.133,37.282,0.241
2,-31.158,-40.119,2.766
2,-44.593,13.878,8.517
4,32.532,43.538,0.051
2,18.075,18.475,0.033
4,42.444,22.121,-0.378
2,-20.380,-12.730,5.638
2,6.966,-11.514,2.817
2,-19.732,42.898,2.049
2,32.811,-43.173,3.271
2,23.191,0.744,-2.050
2,-18.699,27.899,3.678
7,8.732,35.422,8.443
2,39.599,-49.815,2.902
2,14.603,45.379,-0.849
2,0.874,-24.679,5.693
2,-44.726,38.510,3.746
3,-4.419,-31.851,6.022
2,-15.079,29.966,3.000
2,27.647,14.533,-0.157
4,7.695,32.643,0.619
2,32.859,30.402,0.666
2,27.239,18.420,0.206
4,-24.868,-21.695,7.489
2,12.617,-29.909,2.631
2,-20.145,41.130,1.995
2,-9.578,-4.923,5.053
2,-29.014,-32.416,3.635
2,-17.947,23.705,4.164
2,9.707,-40.002,2.889
2,46.716,18.566,-1.427
2,-22.954,-19.639,6.271
2,-47.280,34.189,4.945
2,17.980,-46.700,2.673
2,-28.795,-19.146,5.915
2,-20.861,-3.301,5.226
2,-26.955,-39.199,3.774
2,-13.879,24.982,3.887
2,-45.012,27.814,6.050
2,-26.136,4.238,6.049
7,21.145,26.046,3.066
2,12.662,-30.390,2.734
2,8.364,19.946,0.468
2,18.451,-15.438,2.501
7,21.343,26.685,18.461
2,21.974,-14.681,1.960
2,5.025,17.318,0.891
2,-16.180,-22.096,6.367
2,26.186,17.183,0.099
2,41.229,-44.851,2.247
2,5.979,10.399,1.227
4,22.423,-0.946,-0.799
2,-34.839,16.177,6.228
2,-18.406,13.624,4.100
2,-12.732,5.918,3.354
2,-8.957,37.648,1.878
2,31.563,18.007,0.037
2,-17.134,0.656,4.351
3,32.378,9.512,-0.811
2,14.344,-43.009,2.816
2,-13.364,-37.266,5.755
2,-24.106,49.873,2.468
3,-15.734,-22.799,6.486
2,26.440,-12.279,1.276
2,32.082,-34.987,2.116
2,38.856,-7.691,-1.057
4,-27.016,31.463,5.012
2,-20.136,20.156,4.155
2,-1.278,-1.578,3.430
2,23.948,-27.340,2.469
2,38.678,26.010,-0.455
4,27.432,12.721,0.443
2,-25.991,6.887,5.512
2,-47.327,13.096,8.864
2,38.733,-19.819,0.031
4,-44.041,-9.078,6.543
2,-36.742,-1.813,7.151
2,-14.271,6.782,3.685
2,-37.392,-45.396,1.383
2,26.149,45.914,-1.559
2,-11.605,-15.168,6.127
2,-27.627,-40.952,3.621
2,-1.232,-4.007,3.968
2,11.301,13.227,0.116
2,47.806,-4.223,-2.200
4,-20.887,-10.372,6.657
2,31.105,39.364,-0.063
2,-19.331,33.197,3.044
2,-25.123,3.907,6.046
2,-6.542,13.920,2.572
3,-21.789,41.701,2.150
2,-15.081,-49.167,4.754
2,-36.517,-35.390,2.458
2,-21.837,-13.374,5.825
2,4.704,-12.712,3.644
2,-35.601,37.496,3.086
2,-3.551,-28.576,5.729
2,31.029,8.358,-1.401
4,29.072,0.661,-1.293
2,0.528,-19.047,4.848
2,9.208,-39.122,3.080
2,41.045,-24.565,0.362
3,-21.221,41.821,2.578
2,6.532,-19.925,3.886
2,-41.233,-19.706,4.451
2,-17.408,12.673,3.960
2,-34.283,37.018,3.539
2,-47.598,47.569,1.700
2,25.580,37.293,0.248
3,0.032,13.199,2.303
2,22.886,-41.867,3.178
2,-8.170,-43.565,4.903
2,-29.890,15.708,5.425
2,0.916,-13.027,4.235
2,-24.787,16.682,4.649
2,-45.242,-41.554,1.261
2,-6.076,-31.115,6.028
2,-1.991,-15.729,4.889
2,27.078,-40.688,3.301
2,47.961,38.095,-0.229
2,47.094,18.080,-1.561
2,-4.709,-21.872,5.564
2,-22.283,6.016,5.269
2,-4.095,-4.342,4.516
2,-14.086,18.086,3.963
2,-41.321,0.382,7.604
7,21.308,26.545,14.973
2,-33.715,36.832,3.356
4,15.290,-30.519,2.764
2,-7.480,-23.516,5.935
2,31.723,7.630,-1.396
2,7.401,45.447,0.126
3,-5.591,-33.240,5.693
4,6.468,-33.071,4.521
2,-30.173,-7.899,6.136
2,12.128,-32.292,2.315
3,5.536,22.210,0.228
2,-0.413,-38.623,4.427
3,5.949,-33.732,3.874
2,32.140,44.609,-0.514
2,28.406,-30.978,2.918
2,-3.901,22.790,1.367
2,0.449,-16.551,4.486
2,23.547,17.368,0.314
3,-20.256,41.645,2.557
3,-43.595,-9.493,6.391
2,41.174,29.115,-0.235
2,-5.459,34.666,0.959
2,42.460,-31.107,1.002
2,-26.443,-18.470,6.513
4,28.958,0.152,-1.245
2,-2.229,20.481,1.216
4,39.310,-17.127,1.825
2,48.397,-31.644,1.292
4,-4.090,23.250,1.988
4,-6.111,-33.962,6.009
2,-3.119,-27.221,5.843
2,11.055,-7.755,1.244
2,-20.249,19.642,4.263
3,28.875,0.138,-1.534
2,-47.661,14.003,9.024
2,8.307,-10.401,2.368
2,40.615,24.902,-0.259
2,26.873,-7.767,0.453
2,-3.003,32.641,0.316
2,34.944,-35.905,1.944
2,-38.003,1.847,7.079
2,-15.193,-7.078,5.587
2,10.988,44.067,-0.870
4,41.456,-30.639,1.750
2,-16.277,-3.739,4.691
2,-34.539,36.141,3.476
2,37.820,-2.852,-1.876
4,5.739,-34.100,4.800
2,11.310,-40.242,3.028
2,10.712,-49.444,1.885
4,43.655,21.154,-0.124
2,9.154,-46.338,2.335
2,-16.582,-23.155,6.096
2,-19.555,-30.420,5.334
4,22.490,1.940,-1.526
2,18.543,-40.402,2.335
2,-12.930,45.613,1.738
2,0.822,20.008,1.110
4,37.770,-21.039,0.760
2,-37.408,9.906,6.584
2,-48.567,-24.159,2.110
2,4.724,-16.552,4.130
2,19.632,20.395,0.202
2,-10.980,34.127,2.050
2,47.980,-42.957,1.698
2,-46.066,1.240,8.365
3,-15.496,-22.960,6.540
4,-4.690,23.879,2.220
2,10.964,45.000,-0.499
2,-4.784,2.201,3.164
2,-43.656,-8.904,5.892
2,10.743,39.147,44.750
2,21.014,21.462,0.349
2,-24.456,32.358,4.071
2,-22.795,42.378,2.260
2,-11.204,49.922,2.320
2,-21.372,-7.374,5.575
2,7.139,20.137,0.126
2,6.280,-46.240,2.670
2,32.217,37.378,-0.173
2,18.793,-5.822,-0.529
3,-43.677,-9.939,6.164
3,27.481,38.150,0.560
2,14.699,-25.242,2.742
4,-27.329,30.622,5.094
2,45.706,-12.854,-0.191
2,-5.568,39.446,0.616
2,-34.752,37.009,3.496
2,11.794,37.604,51.945
2,15.267,41.362,-1.452
2,41.842,22.168,-1.105
2,8.696,24.492,-0.700
2,33.152,29.105,0.486
2,39.474,-45.092,2.757
4,21.037,26.021,12.143
2,13.056,-42.624,2.863
2,-29.944,47.175,2.391
2,-16.785,25.045,3.715
2,-2.138,-34.413,5.044
2,4.364,-17.453,4.129
3,32.394,44.493,-0.104
2,9.228,-47.806,2.183
2,-28.628,-14.902,6.343
4,-43.911,-9.208,6.493
2,-49.004,-12.607,3.919
2,-35.745,-19.118,4.895
3,32.385,43.463,0.069
2,37.412,23.386,-0.745
2,23.904,20.255,0.262
2,-9.729,36.145,1.999
2,0.072,5.223,2.229
4,41.332,17.070,-0.706
2,47.352,18.583,-1.500
3,-35.650,-25.365,4.999
2,1.840,47.580,0.963
2,7.253,1.439,0.695
2,-38.493,28.221,5.027
2,-21.061,-42.584,4.454
2,-43.926,-27.207,2.760
2,24.721,49.966,-2.549
2,10.707,-10.802,2.432
2,-13.972,-31.184,5.415
1,6.060,20.812,0.484
2,-5.667,-48.771,3.993
4,32.645,43.947,0.124
2,27.417,12.801,-0.036
2,34.607,-44.465,2.963
2,34.005,-5.212,-1.033
2,38.033,0.155,-1.988
2,-6.422,-47.616,4.155
3,-35.812,-25.691,5.015
2,-3.644,34.401,0.302
3,-35.313,-36.840,2.798
2,7.951,-23.638,4.009
4,-3.216,1.142,4.541
4,37.796,-18.757,1.010
2,3.314,39.311,-0.743
4,-0.569,13.417,2.394
3,24.575,-3.623,-1.275
2,-23.502,-36.354,3.897
2,46.211,40.848,0.115
2,-49.916,-17.721,3.299
7,22.779,29.066,20.568
2,-4.338,35.210,0.492
4,40.390,17.604,-0.994
2,45.576,27.469,-0.562
2,23.680,4.993,-1.675
2,-43.294,35.306,4.355
2,-26.376,12.681,4.975
2,19.130,-15.564,2.474
2,5.831,48.843,0.981
2,-27.810,41.596,2.417
2,21.083,-24.296,2.542
4,-36.781,-35.935,2.953
2,14.037,-8.516,0.940
2,-33.324,23.362,5.696
2,47.273,-43.543,1.551
4,40.989,18.077,-0.575
3,27.481,12.671,0.320
2,-7.533,48.671,1.955
3,40.517,28.031,-0.003
2,-41.364,43.521,2.831
2,-21.237,8.317,4.780
2,-4.692,-8.751,5.351
2,18.821,28.198,51.945
2,-6.908,-13.815,5.791
2,6.070,-16.302,3.575
2,23.565,25.453,0.267
2,-26.116,-13.899,6.903
2,25.424,45.300,-1.705
4,42.853,22.628,-0.386
7,15.858,25.434,6.888
3,-0.040,13.115,2.025
2,14.868,-23.311,2.831
4,40.121,18.450,-0.794
2,38.672,-49.862,3.167
2,-35.971,14.847,6.701
2,26.316,-34.099,3.146
2,25.328,49.766,-2.531
2,1.373,-47.222,3.592
2,-19.363,-2.479,4.846
3,42.309,29.538,-0.178
2,40.639,18.253,-1.779
2,13.437,-1.022,-0.636
4,41.498,18.406,-0.767
2,-24.540,-16.624,6.370
2,-4.141,15.277,2.506
3,49.947,-20.845,1.735
2,-30.524,-5.968,6.295
2,43.149,6.731,-2.061
2,-0.256,18.812,1.406
2,24.716,9.675,-0.577
2,-46.806,-39.411,0.549
2,-15.193,-40.710,5.342
2,-14.169,-6.981,5.448
4,37.106,-15.025,0.966
2,-12.277,-9.475,5.509
2,19.317,-16.395,2.624
2,-6.594,33.900,1.368
4,-0.471,12.158,2.378
4,21.740,27.245,20.525
2,-31.951,-44.492,2.548
2,25.261,-25.136,2.731
4,40.643,-20.405,0.821
2,7.693,15.453,1.059
2,-27.412,5.316,5.957
2,14.236,40.988,-1.363
2,37.060,-38.614,2.104
2,-38.068,-44.540,1.414
4,-18.230,7.427,4.979
3,-21.169,42.636,2.636
2,-4.233,2.071,3.007
2,-35.260,-22.257,4.450
2,28.853,13.876,0.063
2,-47.106,-33.010,1.440
2,-24.535,21.052,4.638
2,33.755,-40.796,2.953
2,7.699,-11.808,2.742
2,-9.593,-4.539,5.286
3,41.392,-8.533,-0.947
2,-49.930,31.597,5.106
2,43.068,-28.210,0.913
2,-9.064,27.185,2.672
2,-30.857,0.235,6.537
2,-22.977,23.077,4.901
4,41.798,-30.376,1.725
2,-39.978,-22.583,3.647
2,-19.776,-22.074,6.258
4,3.552,-34.167,4.325
2,-11.864,-39.308,5.327
3,-36.327,-36.098,2.602
4,-20.774,-8.456,7.333
2,44.372,19.220,-1.668
2,29.735,0.325,-2.120
2,-31.933,6.755,5.860
2,35.812,-28.036,1.115
2,-5.513,-3.350,4.517
2,-24.950,28.893,5.070
2,25.623,-49.336,2.547
2,14.764,-18.177,3.152
2,-10.747,-13.702,6.062
2,-6.899,-15.904,5.938
3,7.546,20.823,0.354
3,41.491,-31.063,1.515
2,42.879,-36.088,1.942
2,48.487,-17.873,0.761
2,13.086,36.122,51.945
2,-46.976,-9.490,5.344
2,-26.236,9.809,5.259
2,14.082,-36.597,2.052
4,-35.325,-35.105,3.262
2,47.055,9.006,-2.847
2,10.410,25.866,-1.011
2,14.045,-30.806,2.181
4,-36.130,-25.914,5.272
2,4.069,-19.649,4.584
2,-8.328,-22.590,6.192
3,42.272,-31.406,1.610
4,-27.078,-19.786,7.909
4,-43.509,-9.623,6.598
2,-25.500,-6.944,6.303
2,4.801,-25.229,4.806
2,7.984,-9.015,2.155
2,4.966,33.218,-0.872
2,-2.791,-46.962,4.333
2,13.287,0.245,-0.985
4,28.305,-4.084,-0.217
2,24.863,13.884,-0.300
2,28.512,5.095,-1.745
2,-27.180,-1.739,6.436
2,-19.658,0.163,4.854
7,21.361,26.593,25.437
3,-18.982,8.427,5.049
2,46.763,-39.586,1.618
3,-20.030,19.539,4.394
7,22.668,37.188,3.663
2,25.534,-14.645,1.774
2,10.540,0.364,-0.264
2,-12.903,-36.346,5.769
3,-3.545,24.062,1.300
2,4.223,-18.344,4.446
2,47.690,8.921,-2.873
2,8.521,-1.505,0.596
2,7.605,-18.990,3.582
2,28.392,5.662,-1.616
2,32.684,43.949,-0.354
2,47.400,-12.451,-0.044
3,-21.098,19.093,4.595
2,-31.102,32.728,3.808
2,-6.388,-7.217,5.748
2,42.472,-31.148,1.004
4,-22.351,42.971,2.691
7,17.218,25.489,1.378
2,-9.216,29.521,2.356
2,-18.833,-37.581,5.266
2,27.395,-30.210,3.027
2,41.772,-31.139,1.020
2,-2.584,37.362,-0.088
2,-26.598,-11.744,6.868
2,-49.294,48.692,1.454
2,-35.552,-26.163,4.757
4,-26.995,32.781,5.185
3,25.649,35.374,0.557
2,-16.043,-19.499,5.997
2,15.575,-48.496,2.459
3,12.424,38.303,51.945
1,22.356,28.464,32.391
2,-8.111,-47.427,4.415
3,43.678,21.438,-0.561
2,-40.895,-29.412,3.082
2,-26.461,47.087,1.796
2,16.890,45.047,-0.971
2,4.790,-3.124,2.058
2,2.310,41.895,-0.111
2,43.562,21.733,-0.939
2,39.722,-37.853,2.060
4,21.456,26.634,28.227
2,20.270,-38.676,2.829
2,31.974,-47.428,2.966
2,28.264,16.750,0.134
2,-20.906,42.054,2.009
2,0.518,-8.867,3.758
2,-29.359,-43.146,3.183
3,-4.226,21.832,1.537
2,47.541,11.539,-3.008
3,-16.456,-22.394,6.516
4,-36.095,-25.802,5.206
2,-38.998,-34.288,2.468
4,-1.183,4.531,3.289
4,5.737,-34.263,4.440
2,48.841,17.508,-1.728
2,-45.478,28.534,6.038
2,-47.331,-43.379,1.081
4,-22.303,-6.893,6.413
2,3.132,-12.895,3.707
2,19.099,-48.581,2.882
2,10.440,41.400,-1.150
1,3.723,14.056,1.363
2,-21.279,31.535,3.674
3,27.557,13.627,0.309
2,-46.409,27.916,6.401
4,-21.200,41.488,2.705
2,37.915,-35.347,1.712
2,-5.481,-8.134,5.743
2,-19.899,-9.378,5.483
2,-1.383,13.361,1.935
2,19.912,-38.941,2.496
2,33.120,-3.508,-1.215
2,30.466,45.406,-0.815
4,-22.127,-9.971,6.853
2,-1.068,46.689,1.055
3,4.494,-16.993,4.548
2,27.710,-15.768,1.426
2,-9.241,47.042,1.474
2,33.479,-13.411,0.105
2,31.634,-8.076,-0.042
2,-25.301,-20.896,6.265
2,-12.004,44.353,1.615
2,44.073,42.166,0.358
2,8.727,-27.625,3.832
3,-15.658,-22.795,6.475
2,26.166,37.842,0.247
3,-25.458,29.094,5.176
2,-0.810,45.782,0.752
2,41.809,26.549,-0.336
2,-16.157,-22.287,6.464
3,-3.062,26.007,1.024
2,12.676,-6.725,0.514
2,-25.651,20.344,4.585
2,-15.857,10.364,3.619
2,-34.739,36.905,3.496
3,41.674,-31.818,1.524
2,18.221,-23.316,2.782
2,49.836,-2.850,-3.014
2,35.161,-32.457,1.458
2,-45.976,-14.941,4.116
2,2.173,32.364,-0.657
4,12.412,8.955,0.730
2,47.599,2.075,-3.206
2,-49.909,17.558,9.078
4,23.957,2.784,-1.015
3,27.029,36.798,0.580
2,-7.011,20.836,2.298
2,3.892,-45.014,3.293
2,11.225,-35.316,2.500
2,-48.229,-2.344,7.638
2,19.454,22.318,0.188
4,-16.340,32.283,3.654
2,39.075,33.351,0.592
2,15.312,-30.651,2.143
2,34.031,4.722,-1.873
2,-42.130,-21.645,3.881
2,43.531,22.606,-0.955
2,-30.229,-21.654,5.077
2,40.148,-13.732,-0.218
3,-6.420,-32.893,5.988
2,-48.616,45.916,2.203
3,32.542,44.591,-0.064
2,2.942,28.893,-0.266
2,16.916,16.057,0.228
2,-20.245,24.945,4.732
4,-0.827,12.652,2.467
2,-2.972,-26.657,5.905
2,-8.611,27.841,2.542
3,-16.739,-23.307,6.641
2,19.206,-43.685,2.914
2,16.267,-32.692,1.859
2,31.999,44.476,-0.140
2,-38.911,-29.100,3.542
4,-28.252,-22.115,6.812
2,-5.936,-8.615,5.762
2,32.172,43.958,-0.538
2,-20.334,0.735,5.006
2,33.707,-11.426,-0.267
4,35.057,8.957,-0.666
2,15.456,-32.142,1.940
2,7.717,-28.462,3.793
3,-43.879,-9.059,6.392
2,24.950,-23.960,2.455
2,-22.193,17.924,4.092
3,-16.024,-22.646,6.452
2,5.868,30.159,-0.513
2,-33.778,-15.365,5.758
2,-48.605,-18.222,3.519
2,38.791,-0.784,-1.926
2,7.232,-26.491,4.124
2,39.584,3.242,-2.109
4,20.362,13.613,1.422
3,-5.048,-7.321,5.776
4,-27.159,-21.143,7.125
2,38.993,-41.095,2.528
4,-35.697,-36.407,3.080
2,21.469,8.272,-0.649
7,10.514,38.553,16.013
4,41.201,-17.132,1.025
2,-1.662,-37.062,4.643
2,-1.482,23.288,0.730
2,-12.518,33.685,2.081
2,-40.945,27.301,5.611
2,48.941,14.741,-2.435
2,-5.599,-8.284,5.744
2,12.047,-7.643,0.879
2,11.734,-33.179,2.289
2,-5.583,-7.475,5.795
7,23.513,36.034,1.313
2,-17.767,11.864,3.962
4,41.597,17.228,-1.233
7,19.959,25.452,16.308
2,37.760,17.639,-1.750
4,43.486,22.242,-0.164
2,-25.043,-47.697,4.452
2,32.641,44.588,-0.298
2,-42.324,-14.561,4.744
2,-37.271,-28.870,3.828
7,10.822,38.973,10.932
4,-12.367,27.569,3.725
3,-36.164,-35.860,2.925
2,8.698,3.673,-0.148
4,32.312,43.487,0.000
2,-18.031,29.240,3.490
2,-49.881,3.033,8.295
2,21.259,-49.735,2.775
2,25.637,-21.622,2.017
7,8.139,34.322,12.114
4,-0.984,12.884,2.452
2,-39.492,-29.490,3.343
2,17.873,30.315,51.945
2,4.998,-2.354,1.951
3,-1.160,13.249,2.114
3,14.859,-31.954,2.318
2,14.517,0.571,-1.037
2,-6.338,16.697,2.154
2,35.627,0.939,-2.369
7,-12.213,33.303,-51.579
2,32.352,10.832,-0.908
2,-15.651,23.422,3.939
2,4.504,-36.798,3.628
2,-26.812,-40.777,3.606
2,31.704,7.816,-1.424
2,32.207,-46.940,2.978
7,10.856,39.080,-0.581
2,-13.279,11.844,3.688
4,43.617,-78.429,2.048
2,-20.361,-19.193,6.142
2,29.559,-31.593,2.815
2,-19.948,-42.607,4.527
2,-8.251,36.461,1.836
7,23.808,30.818,16.288
7,23.098,29.671,31.713
2,-20.509,16.884,4.044
2,-28.743,28.667,4.860
2,-26.731,27.265,4.981
2,19.397,-35.570,2.362
2,33.992,7.535,-1.498
2,12.272,4.625,-1.031
2,-42.629,-19.074,4.397
3,-18.475,7.727,5.118
2,-45.815,4.563,8.284
4,-6.414,-20.742,6.459
2,29.661,-2.163,-1.772
2,2.445,43.018,0.022
2,-36.233,-25.313,4.384
2,-46.233,20.378,8.255
2,-25.964,27.598,5.075
2,-6.544,-32.520,5.797
2,-47.362,22.533,8.067
2,-34.926,45.344,2.692
2,0.531,-40.225,4.163
4,-21.451,41.370,2.613
2,-29.491,13.640,5.691
2,36.097,19.435,-1.115
2,-7.089,-6.477,5.777
3,38.589,-17.315,0.160
2,-16.173,19.310,4.023
2,-17.021,11.899,3.852
2,3.026,36.134,-1.189
4,-27.743,32.366,5.377
2,-16.440,-23.446,6.032
2,-48.540,34.142,5.011
2,-11.983,23.331,3.778
2,30.885,-11.704,0.652
2,47.495,16.906,-1.725
2,38.730,-30.482,1.061
2,-8.812,22.395,2.980
2,-35.182,-36.811,2.566
2,36.173,-30.543,1.132
2,-26.669,-12.074,6.876
2,-25.684,1.014,6.544
2,41.057,-27.806,0.918
4,42.738,22.706,-0.220
2,13.872,33.302,51.945
2,-45.050,22.208,7.434
2,-42.620,16.222,8.053
2,-0.584,16.261,1.685
2,14.538,-5.721,0.161
2,0.540,6.107,2.039
2,13.059,-3.770,0.055
2,40.615,17.693,-1.724
2,-37.081,43.871,3.070
2,-47.441,-0.437,8.187
3,-6.550,-18.471,6.329
2,44.780,43.519,0.211
2,-10.668,-49.448,4.209
2,-20.567,20.206,4.153
2,10.208,-18.188,3.162
2,-5.293,-39.162,5.053
3,13.908,38.278,51.945
4,24.884,-4.471,-0.741
2,-1.263,37.098,-0.670
2,-37.495,1.403,7.013
2,-44.236,43.037,2.548
2,43.640,-38.132,2.052
2,-31.294,-36.715,3.139
2,49.159,-42.922,1.794
2,-9.708,5.199,3.015
2,-32.868,4.292,6.052
2,3.267,-34.139,4.235
7,21.178,26.124,0.301
3,41.386,28.961,0.020
2,30.005,-4.869,-0.648
3,5.550,-33.319,3.887
4,14.489,8.244,-0.401
2,16.424,13.733,0.372
2,46.628,-27.036,1.537
2,26.093,47.466,-1.877
2,-16.376,7.309,4.004
2,-6.296,-15.724,5.866
2,-26.774,41.019,2.235
3,-36.806,-35.872,2.541
2,-27.725,6.660,5.787
4,7.683,21.862,0.464
3,-28.344,-18.674,6.148
2,-36.259,36.838,3.259
2,-45.889,35.578,4.420
2,-43.377,2.605,8.304
2,-9.995,-12.714,5.929
2,41.498,-31.565,1.002
2,11.555,-29.977,2.842
2,-36.503,-25.590,4.515
4,4.195,-0.200,2.749
2,-23.511,-48.389,4.977
2,23.420,19.608,0.343
4,-21.616,-6.970,6.594
3,6.095,-34.302,3.812
2,-24.861,13.494,4.726
4,16.025,-31.359,2.676
2,-7.014,-30.856,5.742
2,15.363,-28.982,2.138
2,48.326,15.099,-2.217
3,-16.168,-22.700,6.590
3,-36.100,-25.201,4.824
2,-24.934,28.746,4.942
2,-33.079,-16.614,5.673
7,23.157,29.622,19.155
4,3.966,-33.423,4.557
3,26.800,35.794,0.291
2,25.793,26.872,0.514
2,11.874,-49.820,1.688
2,40.635,16.474,-1.700
2,-13.233,-46.589,4.771
4,39.272,-17.353,0.979
7,19.287,25.435,9.918
2,-27.758,14.222,5.331
2,1.112,14.848,1.567
4,-0.334,13.144,2.540
2,42.319,29.412,-0.257
2,6.080,40.404,-0.419
2,-35.610,-37.056,2.462
2,25.557,36.668,0.250
2,-2.288,47.220,1.457
2,20.514,-36.763,2.506
2,40.862,-28.627,1.009
3,-19.671,8.227,4.968
2,-41.515,-36.870,1.746
2,-47.650,10.866,8.989
2,28.594,34.482,0.194
3,42.418,29.040,0.054
2,-37.089,48.781,1.557
2,-38.715,-33.032,2.500
2,-9.333,-4.715,5.015
3,38.922,-16.787,0.165
2,-36.904,17.058,6.768
2,41.394,1.085,-2.185
2,-25.318,28.825,5.102
2,-9.209,-49.842,3.917
4,-43.682,-8.923,6.619
4,-35.709,-36.615,3.109
2,-33.151,35.183,3.285
2,37.982,43.084,-0.388
2,-5.788,11.956,2.560
2,-39.916,19.534,7.467
2,28.058,-0.891,-2.060
2,5.446,-44.985,3.030
2,47.989,11.228,-3.098
2,-26.344,26.441,5.200
3,28.903,-45.778,2.925
2,-18.624,24.278,4.364
2,-35.430,21.323,6.102
3,-35.724,-25.621,5.103
2,14.299,-29.623,2.145
2,8.198,24.904,-0.724
2,-26.171,28.325,5.249
2,-9.924,27.862,2.853
2,-35.279,-25.028,4.504
2,-43.115,28.138,5.612
2,25.220,2.885,-4.445
2,3.254,14.648,1.402
2,0.255,-6.755,3.923
2,-43.453,-15.756,4.647
2,21.719,-4.353,-1.629
2,-31.100,-47.094,2.697
3,-43.505,-9.558,6.323
2,-21.431,43.275,2.045
2,-49.974,-9.235,5.003
2,-13.039,-17.163,6.260
2,-48.581,-22.341,2.805
4,30.461,33.347,2.139
2,5.541,-33.165,3.700
2,-18.829,-35.721,5.236
4,-35.783,-26.145,5.159
2,-6.070,-48.121,4.113
2,-22.920,-48.328,4.955
7,22.363,28.465,19.122
2,47.335,44.820,0.418
2,32.470,-41.073,3.053
4,-1.254,13.092,2.390
2,-30.790,-15.443,5.989
2,-26.175,18.901,4.520
2,-1.474,38.223,-0.516
2,40.751,-13.825,-0.266
2,27.476,45.927,-1.450
4,-15.370,30.567,3.672
2,34.787,-35.260,1.893
2,25.468,-46.256,2.483
2,12.182,-29.473,2.863
2,41.505,17.638,-1.727
2,-0.044,28.077,-0.033
2,-18.362,10.293,4.266
2,-33.857,36.206,3.324
2,12.463,8.919,-0.711
2,-6.440,-32.931,5.722
2,-37.244,-5.606,6.700
2,-31.850,30.970,4.318
2,36.331,-31.820,1.149
7,8.340,35.001,9.929
2,7.126,28.822,-0.595
2,-13.254,1.270,4.218
2,-34.575,36.725,3.470
2,33.902,21.217,-0.219
2,-35.503,-34.960,3.012
7,19.244,25.502,12.020
2,-27.710,21.888,4.914
2,-26.499,46.370,1.803
2,-28.104,-24.459,5.634
2,-34.217,37.191,3.392
2,-12.674,49.142,2.456
3,-43.466,-9.378,6.382
7,-46.161,108.158,-27.051
2,-36.683,-25.605,4.496
2,18.445,-47.826,2.765
2,-3.431,1.721,3.010
2,34.529,0.722,-2.403
2,-38.999,-39.029,1.476
4,21.896,-1.012,-0.852
2,-16.494,-22.535,6.432
2,20.572,0.730,-1.917
4,39.392,-18.033,1.202
2,-27.193,31.324,4.268
2,-31.213,-35.663,3.078
2,10.370,-36.933,2.876
2,-18.443,-9.401,5.595
2,46.475,-32.890,1.516
2,-5.165,0.145,3.784
2,-0.596,6.374,2.339
2,-18.364,-44.262,4.749
2,-18.382,45.614,2.270
2,47.579,-49.564,1.489
2,12.189,14.603,0.063
2,-7.383,11.040,2.590
2,47.406,9.620,-2.960
2,28.402,-15.039,1.356
4,-18.896,8.632,5.276
4,-25.329,-17.515,7.753
2,26.461,-47.985,2.543
2,-23.695,-10.230,6.052
3,25.293,-3.846,-1.077
2,10.178,28.405,-0.987
4,-25.184,-20.977,7.647
3,-27.332,30.174,4.951
2,-30.429,-23.244,5.170
2,-34.702,10.091,6.543
3,21.707,39.050,-0.210
2,46.115,-24.447,1.359
2,49.623,-38.874,1.549
7,21.372,26.726,21.251
2,23.726,1.187,-2.130
2,-26.123,27.868,5.241
2,-34.829,36.843,3.468
2,0.668,24.634,-0.019
2,-0.818,-24.573,5.878
4,-29.314,31.215,5.097
2,-19.799,-11.323,5.539
2,7.835,45.792,0.207
2,-18.159,-29.488,5.530
2,-1.075,-29.391,5.382
2,43.215,38.423,0.473
2,-34.379,45.820,2.696
4,-35.467,-37.696,3.093
2,22.561,-21.630,2.565
7,8.497,34.909,10.641
2,-5.810,2.790,3.018
2,-28.141,7.412,5.651
2,-23.254,39.844,2.326
2,-12.301,-34.437,5.704
3,-18.218,8.776,4.564
2,-6.183,42.149,0.541
2,26.043,40.921,-0.615
2,-22.567,-27.194,5.076
4,31.927,8.486,-0.665
2,40.888,11.310,-1.773
2,-10.455,49.824,2.176
2,-48.015,-5.145,6.351
2,-41.358,-39.425,1.390
2,21.986,-42.069,3.136
2,39.879,14.494,-1.714
2,32.789,43.742,-0.133
2,-22.492,49.006,2.524
2,-6.225,3.330,2.787
3,41.842,28.679,-0.027
2,0.584,38.034,-0.957
3,-4.643,-31.311,6.025
2,-46.079,33.340,4.882
2,39.621,-16.730,-0.122
2,18.775,-49.462,2.805
2,-49.972,25.635,7.545
2,32.861,-11.669,-0.001
2,6.027,-37.012,3.003
2,-37.145,-6.157,6.606
2,-17.452,21.874,4.041
4,24.812,-2.908,0.252
4,4.474,-33.392,4.567
2,-29.733,-18.065,5.669
2,-40.091,-30.639,2.983
2,-14.261,44.339,1.998
4,41.435,22.876,-0.094
2,-6.868,3.180,2.992
2,-3.720,5.925,2.829
2,-36.100,-23.726,4.334
2,-39.598,12.693,7.325
2,-27.208,-0.651,6.604
2,-28.511,46.412,2.015
4,4.257,1.879,2.213
3,41.170,29.183,0.025
2,3.719,31.867,-0.483
7,15.974,25.440,14.632
2,41.719,28.671,-0.206
2,6.080,24.245,-0.544
3,-18.130,-11.289,6.235
2,-41.012,35.145,4.216
4,-33.367,7.083,7.326
2,19.535,-38.434,2.659
4,39.546,-13.975,0.733
2,39.241,-14.530,-0.336
2,48.071,10.492,-3.051
2,-34.223,-27.420,4.555
2,35.860,13.295,-0.969
2,22.847,18.925,0.449
2,42.480,-4.114,-2.135
2,16.678,-17.328,3.101
3,-16.322,-23.091,6.616
2,-7.033,43.783,0.709
2,-38.885,46.551,2.187
3,28.374,37.980,0.309
4,31.811,8.078,-0.487
2,-25.798,27.856,5.083
2,18.028,26.206,51.945
2,34.179,28.798,0.405
2,0.532,46.861,1.006
2,21.795,6.764,-1.006
2,-49.050,4.262,8.301
2,32.244,18.614,0.031
2,5.086,19.050,0.554
2,-22.184,-1.712,5.871
2,24.579,-43.908,3.021
2,40.947,-36.146,2.042
2,-34.401,10.963,6.517
2,-49.215,-37.184,0.280
2,12.583,-46.042,2.500
2,16.406,-49.525,2.800
7,22.390,28.408,29.598
2,-16.930,8.366,3.889
2,-2.140,10.823,2.508
2,26.001,-41.493,3.133
2,-5.802,-7.301,5.731
4,21.274,-5.201,-0.476
3,-35.576,-37.055,2.903
2,-25.759,-12.482,6.860
2,-43.156,49.369,1.520
2,-34.705,36.672,3.544
2,-5.739,-31.716,5.764
4,42.586,-31.231,1.810
4,5.687,-34.193,4.691
4,38.772,-17.949,0.953
2,19.200,15.181,0.328
2,29.638,-21.897,1.491
2,13.500,7.087,-0.963
2,-26.281,28.020,5.037
2,9.461,47.171,0.454
3,27.459,14.074,0.322
2,37.823,-37.087,1.878
2,-36.410,-35.877,2.429
2,28.752,21.606,0.184
2,6.930,20.224,0.583
2,8.761,8.084,0.323
2,-23.189,7.018,5.150
2,4.871,27.565,-0.530
2,31.488,-18.458,0.844
2,25.420,-24.367,2.511
2,22.699,7.841,-0.855
2,8.910,47.510,0.620
2,-36.399,-25.844,4.375
3,43.799,21.932,-0.682
2,-28.092,30.515,4.733
2,-26.094,-11.838,6.898
2,22.577,45.387,-1.696
2,-49.798,41.158,3.484
2,27.038,-13.450,1.420
2,-20.239,48.233,2.267
2,-40.994,30.528,5.133
2,-32.052,34.612,3.440
2,7.373,23.606,-0.410
2,6.662,46.547,0.295
2,-18.842,42.277,2.108
2,26.102,-35.954,3.382
2,-25.934,-41.084,3.664
4,-19.919,7.130,5.115
4,19.183,-19.291,3.898
7,23.540,30.244,17.018
3,-20.269,43.102,2.492
4,22.115,-0.355,-0.770
2,-10.515,-45.088,4.829
2,-32.063,-2.422,6.564
2,-31.288,-7.491,6.270
3,38.609,26.693,-0.298
2,45.579,-30.042,1.301
2,-29.612,-48.537,3.338
4,24.278,2.448,-0.832
4,19.748,13.580,0.862
4,-1.218,13.194,2.780
2,35.494,12.291,-0.942
2,-34.312,37.036,3.322
2,1.922,48.680,1.260
2,27.855,0.293,-2.061
2,-41.463,8.326,7.607
2,-39.800,0.561,7.242
2,36.325,-21.683,0.007
2,-44.980,-45.426,0.881
4,-3.299,1.046,3.832
2,49.072,35.208,-0.652
2,32.991,45.682,-1.043
3,-20.727,40.525,2.469
2,-20.236,-14.476,5.904
2,3.422,17.651,0.999
3,33.089,7.207,-1.415
3,24.848,37.805,0.430
2,-49.572,-39.168,0.341
2,38.885,40.722,0.289
2,-9.544,15.911,2.913
2,-21.072,-11.419,5.731
2,-4.682,26.899,1.443
2,30.373,-10.017,0.285
4,-28.340,30.718,5.383
2,24.494,17.803,0.154
3,-36.637,-26.177,4.888
2,-7.468,6.978,2.334
4,26.546,-5.598,-0.197
2,-2.763,7.927,2.561
4,5.421,-34.895,4.131
2,-6.089,-30.132,5.787
2,-0.368,-1.749,3.405
4,31.087,6.760,-0.446
2,-21.199,41.596,2.181
2,14.457,-30.862,2.192
2,11.617,-26.372,3.070
2,-40.876,23.126,6.695
2,40.327,18.214,-1.763
2,-25.047,-12.488,6.744
2,-7.248,-7.261,5.636
2,-35.314,-20.665,4.462
3,-9.200,-3.870,5.368
2,4.051,24.637,-0.102
7,23.163,29.572,26.830
2,26.234,-4.483,-1.013
2,-33.920,-14.819,5.811
2,31.180,47.975,-1.336
2,-16.863,-5.084,4.961
2,33.843,-44.950,2.903
3,41.378,28.722,0.114
2,6.917,20.344,0.321
2,43.986,35.704,0.089
2,24.737,46.221,-1.862
2,-43.383,23.504,6.823
1,21.644,27.164,19.129
2,-34.474,-40.193,2.386
2,-42.613,-11.283,5.202
2,16.621,33.803,51.945
2,-15.711,19.737,4.030
2,14.763,-45.637,2.669
7,23.085,36.604,2.525
2,-42.213,43.568,2.830
2,11.295,-16.912,3.151
2,8.797,16.748,0.731
2,17.084,-15.590,2.565
2,11.086,-28.657,3.214
2,-47.018,-47.104,0.843
2,15.839,38.220,51.945
4,41.860,18.063,-0.749
4,-11.880,32.737,2.825
2,-7.315,-5.677,5.237
2,-7.455,-13.223,5.804
2,-48.786,17.785,9.114
2,-4.799,-43.997,4.701
2,0.584,16.937,1.508
2,9.909,-39.392,2.962
2,-31.246,-43.208,2.719
2,-4.758,7.470,2.517
2,-14.297,3.178,4.014
4,15.758,-30.874,2.741
2,37.771,49.768,-1.441
2,3.266,-14.720,3.893
2,19.277,7.291,-1.273
4,38.110,-20.401,1.098
2,-44.366,22.530,7.284
2,-20.822,19.873,4.550
2,-25.626,-13.296,6.858
3,-35.956,-35.716,2.936
2,-24.719,0.714,6.514
3,-43.386,-9.116,6.133
2,-31.098,-20.979,5.004
3,40.279,27.481,-0.128
2,21.867,45.352,-1.603
7,9.774,37.235,11.808
2,49.011,47.538,0.421
2,5.844,-8.112,2.252
2,2.352,-25.157,5.383
2,26.077,24.486,0.188
2,31.432,-40.331,2.874
2,-16.311,-23.228,6.431
2,-16.646,-22.912,6.405
2,29.653,38.986,-0.205
3,5.183,-17.481,4.280
2,22.267,-38.643,3.187
2,24.020,-33.271,3.176
3,34.289,8.795,-0.991
2,-35.142,-24.508,4.542
2,37.449,-31.866,1.080
4,23.346,36.061,8.345
2,7.008,20.564,0.605
2,-25.530,-24.956,5.566
2,39.615,-23.931,0.230
3,-34.065,5.814,6.640
4,-27.469,30.289,5.377
7,8.369,34.998,12.778
4,-20.274,41.654,2.599
3,-5.046,22.485,1.892
4,31.680,8.273,-0.912
2,47.025,-48.720,1.485
2,25.409,44.668,-1.639
2,3.527,-38.096,4.004
2,33.235,42.108,-0.207
2,-18.065,-21.551,6.229
2,-49.176,44.579,2.519
2,-19.110,-45.246,4.770
2,-12.207,-46.791,4.710
4,-21.323,42.636,2.731
4,32.053,7.037,-0.553
2,43.141,-19.703,0.735
2,1.656,-42.041,3.889
2,31.322,-12.480,0.727
2,37.737,-3.867,-1.743
2,-22.927,11.444,4.752
2,23.093,30.486,51.945
2,43.981,-16.589,-0.045
7,-81.582,-106.025,-88.215
2,45.546,-7.949,-0.990
2,-12.390,10.745,3.435
2,-39.539,-46.183,1.288
2,-23.137,6.079,5.406
2,19.929,-33.810,2.259
2,21.328,19.018,0.454
2,-35.006,-15.797,5.574
2,18.247,7.464,-1.243
2,25.016,38.322,-0.005
2,-12.642,44.651,1.759
2,32.701,-29.968,1.844
2,-2.286,-46.713,4.292
2,20.994,-38.612,2.801
2,2.234,22.542,0.399
2,23.317,40.782,-0.816
2,-25.036,28.130,5.132
2,-13.418,7.127,3.402
2,-8.726,7.478,2.391
2,20.116,5.658,-1.562
2,-18.606,29.516,3.577
2,-25.476,-31.851,4.601
2,-45.315,11.483,8.752
2,47.624,6.657,-2.978
2,3.613,28.656,-0.361
2,1.480,-26.317,5.491
4,-17.727,-8.626,6.909
7,48.813,-62.006,1.016
2,-24.978,-12.798,6.702
2,-1.802,-6.728,4.435
2,12.966,-10.213,1.624
2,20.905,-27.112,2.371
2,-2.848,-48.754,3.945
2,-49.694,32.530,5.098
2,-11.318,38.327,1.853
4,-20.549,-8.662,7.198
4,12.367,10.964,0.943
2,-12.441,2.096,4.124
2,-0.713,13.814,1.888
2,-48.259,-9.053,5.310
3,41.316,-31.679,1.386
2,-26.868,-12.362,6.940
2,9.788,10.265,0.272
7,21.668,27.152,9.354
2,-33.928,36.320,3.498
4,27.011,-2.779,-0.955
2,-36.769,11.726,6.625
2,38.768,-21.702,0.077
3,-25.925,29.603,5.072
2,-20.630,-38.352,4.654
4,4.325,-34.561,4.452
2,-33.823,-28.153,4.371
2,29.953,6.825,-1.495
2,-14.154,-37.350,5.515
2,11.876,5.031,-0.939
2,35.335,36.290,0.291
2,4.504,-29.253,4.732
2,46.152,-30.090,1.354
2,-15.665,-23.029,6.042
4,-17.536,-8.969,6.720
2,16.670,-26.299,2.479
2,-7.842,-7.116,5.742
2,36.488,12.474,-1.160
4,21.414,-23.500,4.046
2,33.779,-12.894,-0.025
2,-17.886,-30.384,5.439
2,-33.930,46.448,2.715
2,7.873,21.025,0.534
2,-44.216,33.765,4.571
2,20.024,-37.219,2.679
2,15.710,-18.854,3.397
2,-0.125,-16.627,4.534
2,33.663,43.229,-0.630
2,-34.282,37.342,3.546
3,6.165,22.221,0.814
2,15.247,-19.423,3.337
2,0.036,-18.374,4.825
2,16.339,25.059,-0.075
3,29.854,13.603,0.056
2,34.239,-16.249,0.190
4,-20.080,41.802,2.645
2,29.714,29.528,0.402
2,-8.141,23.604,2.689
2,44.967,-39.186,1.801
4,-16.136,-23.108,6.756
2,-5.823,-31.007,5.834
4,-36.051,-37.309,3.252
2,17.790,-45.426,2.693
3,-5.041,-32.470,5.897
2,28.410,23.040,-0.008
2,-21.143,-39.244,4.374
2,-49.177,48.053,1.620
3,26.081,-3.313,-1.247
2,-21.878,42.465,2.095
4,14.507,8.249,0.326
2,-3.254,6.467,2.898
4,-29.445,31.926,5.146
2,-23.365,44.770,2.090
4,33.007,8.005,-0.865
2,36.338,37.931,0.509
2,-3.211,8.301,2.556
3,5.359,-18.309,4.304
4,42.166,21.823,-0.231
2,-7.611,-9.149,5.800
2,36.222,-45.266,2.808
2,42.990,28.526,-0.415
2,14.790,-47.300,2.428
3,-36.543,-25.755,5.004
2,-37.316,49.963,1.332
2,11.691,-47.841,1.946
2,10.320,-4.346,0.926
2,-42.280,36.011,4.236
2,9.319,-34.931,2.658
2,7.624,25.211,-0.662
2,36.093,-1.157,-1.983
2,-19.351,15.253,4.059
3,27.196,1.869,-1.460
2,20.071,-38.431,2.916
2,-19.484,-3.747,4.846
2,-27.132,29.837,4.559
2,28.290,-7.954,0.300
3,-4.740,22.567,1.955
2,2.471,29.478,-0.217
4,-24.916,-16.813,7.525
2,-13.023,18.065,3.825
2,25.175,26.629,0.469
2,-16.423,-22.296,6.422
2,32.462,9.907,-1.435
2,5.556,-6.841,2.175
2,20.862,-38.983,2.837
2,-1.429,-44.008,4.284
7,22.843,37.343,-0.597
2,-0.271,12.928,1.827
4,-34.932,-6.105,8.473
2,12.012,-49.094,1.782
2,-36.407,33.161,3.882
2,-21.223,-10.115,5.639
2,28.173,-11.391,0.819
3,28.425,37.340,0.527
2,-27.092,-12.986,6.819
7,21.752,27.249,10.052
2,45.817,-38.596,1.670
2,-5.761,47.116,1.757
3,27.524,14.262,0.120
3,-24.296,28.232,5.048
2,27.838,19.765,0.140
2,19.133,-22.642,2.887
2,38.940,-32.670,1.325
2,-7.150,5.174,2.793
4,28.246,38.835,0.612
2,-19.178,-32.343,5.129
3,-16.320,-23.191,6.536
7,10.420,38.493,7.389
2,42.295,-10.684,-0.672
4,6.352,-34.057,4.661
2,-25.521,7.753,5.203
2,-19.832,41.370,2.050
2,23.877,10.030,-0.546
2,-20.714,-18.110,6.129
2,39.138,43.328,-0.072
2,40.291,47.985,-0.906
2,-3.163,-33.311,5.110
2,7.852,17.335,0.819
2,6.905,27.228,-0.725
2,49.037,2.919,-3.530
2,40.750,16.593,-1.641
4,28.586,14.162,0.590
3,-4.102,21.893,1.751
4,25.356,-0.317,-1.867
2,31.583,42.252,-0.225
2,-2.885,-18.975,5.169
2,-25.501,-12.042,6.886
4,-16.082,-23.241,6.667
2,46.409,15.617,-1.958
4,37.880,-14.479,0.866
2,19.644,45.602,-1.234
2,-24.116,-46.767,4.555
2,23.491,-47.824,2.558
2,46.119,49.658,0.508
2,33.537,35.339,0.092
3,29.468,-3.328,-1.207
2,-11.683,-37.135,5.681
2,-37.927,-34.682,2.328
2,-29.521,33.488,3.638
2,41.487,-30.589,0.999
2,20.223,24.551,0.200
4,-0.726,13.557,2.572
2,8.815,-46.793,2.368
2,-8.582,13.035,2.552
3,-20.596,19.440,4.371
2,-48.701,8.889,8.909
2,-33.005,30.903,4.332
4,-5.853,-33.499,5.867
2,-2.108,10.070,2.503
2,-36.129,-10.227,5.787
2,-21.453,42.613,2.308
2,7.401,-23.590,4.153
2,-38.350,6.880,6.918
2,-6.090,4.154,2.789
2,45.613,29.052,-0.693
2,-16.130,-23.187,6.487
2,-49.220,3.667,8.328
2,17.648,-21.142,3.170
2,27.142,-9.850,0.554
3,-20.464,42.068,2.441
4,-18.032,7.425,4.955
2,26.157,-3.603,-1.257
2,-22.586,-16.382,6.128
2,-10.730,40.489,1.668
2,38.733,-20.989,0.095
3,-29.822,31.668,4.857
2,-24.422,12.867,4.637
2,-34.117,27.405,5.238
2,40.249,-43.984,2.496
2,-33.338,-17.751,5.386
4,-43.670,-9.882,6.502
2,-20.534,23.656,4.614
4,-23.588,-8.136,6.869
2,1.618,-19.775,4.842
2,30.740,17.257,0.127
2,-39.594,-17.236,4.812
2,-36.700,-19.116,4.593
2,-42.170,22.266,7.155
2,8.163,48.898,0.886
2,-46.239,-19.521,3.772
2,-19.105,17.370,3.867
2,-1.848,-28.010,5.739
2,15.103,-2.310,-0.580
2,-6.348,48.163,1.733
2,48.444,42.676,0.318
2,-31.940,-7.558,6.248
4,25.674,-2.867,-1.131
2,-23.491,-7.691,5.839
2,-15.695,40.169,1.937
2,16.276,-30.406,2.141
2,-11.244,-35.114,5.591
2,-7.552,-8.144,5.648
2,4.271,-2.745,2.107
2,16.862,-43.512,2.692
2,48.585,-26.727,1.982
2,46.520,19.094,-1.346
2,-37.829,18.147,6.892
7,8.165,34.418,1.445
2,23.074,-3.205,-1.470
4,33.659,8.942,-0.930
2,1.350,-23.608,5.517
3,-44.057,-9.015,6.308
2,-6.434,-8.487,5.592
2,-27.179,44.499,2.008
2,-3.902,-39.403,4.833
4,25.383,-2.371,-0.729
2,6.540,20.587,0.376
2,38.149,24.973,-0.567
2,-2.041,5.061,2.685
2,-23.413,23.762,5.040
2,-28.202,-38.935,3.594
2,-23.343,-2.206,6.262
2,12.948,6.782,-0.899
2,-0.580,4.451,2.429
2,-49.375,-6.553,5.694
2,44.029,44.949,0.101
2,-9.283,17.365,2.943
2,-30.195,-18.755,5.500
2,-36.988,-36.901,1.988
2,-28.127,31.173,4.361
2,-14.803,10.114,3.667
2,49.679,-33.308,1.297
2,44.917,-26.341,1.128
2,16.408,-37.839,2.370
3,-4.226,-31.440,5.875
2,32.364,44.571,-0.603
2,37.867,15.044,-1.535
7,24.218,31.308,5.074
4,-35.602,-25.374,5.164
2,-6.664,26.758,2.410
3,-16.848,-23.257,6.609
3,41.307,29.356,-0.026
3,-15.715,-23.259,6.523
7,8.115,34.410,11.403
2,5.465,-29.918,4.301
2,30.729,18.174,0.122
1,22.785,37.364,2.953
4,-23.868,-10.007,7.969
2,31.189,45.579,-0.807
2,-40.804,12.965,7.737
3,-34.359,6.567,6.637
3,22.555,-4.157,-1.484
2,13.277,-46.902,2.130
3,-25.612,28.908,5.212
2,26.957,-4.858,-1.392
2,44.481,-5.795,-1.482
1,15.163,25.526,2.408
2,-9.366,-41.539,4.979
2,-20.661,7.457,5.248
2,-25.326,-11.832,6.739
4,-27.427,29.832,5.155
2,6.415,24.675,-0.640
2,-6.666,-6.389,5.654
2,-8.638,-26.502,5.966
2,-34.400,37.016,3.516
3,-17.736,7.478,4.650
2,-9.448,48.354,1.768
2,18.991,-45.329,2.874
3,-27.374,29.736,4.848
2,-25.723,16.422,4.904
2,-37.631,38.395,3.099
2,8.291,13.580,1.027
4,26.760,-2.499,-1.083
2,39.955,12.632,-1.864
4,39.568,-18.865,1.344
2,-42.602,31.320,5.063
2,-20.135,-48.908,5.158
2,6.379,20.713,0.172
2,-32.948,45.739,2.636
4,20.889,-22.221,4.225
4,-21.881,-7.094,6.473
2,35.342,-48.972,3.149
4,25.366,38.647,0.592
2,25.126,-17.061,1.946
2,-39.686,23.277,6.569
2,8.217,-40.778,2.945
2,42.525,15.167,-1.871
4,43.212,23.488,-0.188
2,26.405,-7.202,0.424
2,-33.967,36.590,3.412
2,-20.579,19.783,4.411
2,-3.770,39.678,0.064
2,18.026,4.916,-1.813
2,1.578,-37.896,4.470
2,-32.851,-33.112,3.001
3,13.365,-31.249,2.659
2,-3.114,-5.429,4.503
2,12.856,-0.759,-0.774
2,-1.191,-13.589,4.644
2,-17.287,36.315,2.187
2,-27.728,-27.895,4.822
3,-22.134,41.749,2.127
2,13.151,-26.342,2.804
2,-35.730,15.683,6.588
2,38.758,19.972,-1.465
2,-23.857,-33.939,4.204
2,19.996,-38.392,2.829
4,-25.126,-20.333,7.960
2,20.172,-48.296,2.936
2,32.048,-15.011,0.614
2,-33.416,15.268,6.033
4,24.808,-1.186,-0.911
2,-37.467,-43.536,1.291
4,41.448,16.309,-1.213
2,-44.431,26.202,6.497
4,-83.675,-1.127,6.739
4,-36.891,-36.726,2.954
2,-29.488,37.692,2.773
2,-39.102,11.348,7.204
2,-12.593,8.996,3.349
2,4.789,-16.260,4.116
2,-48.536,5.543,8.297
2,-7.703,41.963,0.752
4,-26.900,31.722,5.067
2,-35.555,-47.924,1.893
3,-19.527,43.245,2.652
2,36.127,21.603,-0.682
2,38.462,49.959,-1.398
2,9.324,-8.248,1.914
2,5.962,29.373,-0.471
4,33.624,8.879,-0.401
2,32.256,44.329,-0.646
2,-34.891,26.557,5.422
2,13.541,-49.736,1.916
3,13.604,-31.034,2.505
4,40.117,-17.080,1.855
3,-17.668,7.891,4.594
3,28.405,13.080,0.119
2,33.675,41.521,-0.134
2,-4.505,-30.124,5.822
4,-20.139,41.593,2.754
4,9.087,36.133,3.398
2,34.565,46.753,-1.440
7,24.546,31.907,22.587
3,28.789,14.411,0.497
4,5.564,-35.440,4.613
4,-17.647,5.978,5.265
2,49.983,-41.221,1.835
4,-24.602,-22.141,7.308
2,-24.842,-36.105,3.699
7,10.744,39.140,28.200
2,-20.444,-27.397,5.281
3,6.666,22.174,0.373
2,-25.877,-12.820,6.748
2,17.343,-9.726,0.780
3,-0.977,13.074,2.135
2,-48.671,42.317,3.180
2,-10.980,-32.371,5.427
2,-18.829,8.908,4.556
2,-41.665,41.890,3.237
2,11.718,-20.067,2.975
2,21.549,31.832,51.945
2,0.332,-25.999,5.745
4,-26.961,31.073,5.218
2,49.082,-38.395,1.524
2,-8.892,15.186,2.699
2,-39.452,45.632,2.570
3,31.932,6.970,-1.304
2,23.870,40.761,-0.668
2,-48.756,14.683,9.306
2,-11.592,-49.062,4.414
2,19.247,36.160,51.945
2,-6.356,-8.352,5.645
2,49.842,28.000,-0.398
2,-21.920,43.231,2.021
2,-27.204,22.184,5.006
2,27.761,35.445,0.120
2,-32.678,42.385,2.920
4,-36.975,-36.453,2.949
2,-23.899,32.299,3.997
2,22.773,-14.858,1.910
2,25.185,48.416,-2.180
2,19.584,-38.234,2.940
2,-3.382,20.027,1.383
2,-40.669,-0.915,7.274
4,-4.101,23.479,1.934
2,-27.614,48.953,2.199
2,-40.856,11.918,7.628
2,3.334,-40.782,3.917
2,-47.487,-39.308,0.554
2,-26.722,-12.305,6.728
2,-22.354,-11.071,6.005
3,27.404,38.735,0.236
2,13.641,45.245,-0.862
2,13.749,43.541,-1.300
2,15.910,15.724,0.364
4,33.075,9.229,-0.740
2,-36.444,-7.441,6.424
2,-20.896,41.551,2.093
2,12.993,-28.615,2.797
2,-26.661,31.665,4.362
4,-0.121,13.249,2.429
2,-33.234,-37.016,2.951
2,-12.896,-37.913,5.780
2,-11.310,-39.277,5.255
2,27.112,13.534,-0.126
2,26.313,-3.805,-1.218
2,17.258,25.501,12.615
2,2.878,10.258,1.439
2,49.981,30.441,-0.457
2,21.030,-38.607,2.803
2,2.793,-40.533,4.000
2,-12.366,0.924,4.200
2,-26.257,5.782,5.758
2,32.118,40.380,-0.023
2,30.067,-19.822,1.384
2,-1.377,13.195,1.827
2,35.892,-48.888,3.278
2,-44.484,-31.515,2.138
2,18.704,-14.313,2.219
2,-32.643,-37.311,3.060
4,-22.583,-19.888,7.207
4,23.847,-2.579,-1.254
2,-30.270,-17.824,5.504
2,-26.319,-22.758,5.909
2,42.574,-34.838,1.844
4,-17.689,8.111,5.197
2,7.176,17.327,0.932
2,-18.947,-10.149,5.656
2,17.132,37.524,51.945
2,14.414,28.386,51.945
7,22.482,28.509,3.060
2,26.956,10.939,-0.409
2,8.258,-16.450,3.309
4,22.142,-4.375,-0.857
2,-9.287,-5.143,5.022
2,33.328,-28.372,1.536
2,12.657,17.792,0.234
2,-25.522,27.819,5.170
2,12.259,-20.242,2.828
2,5.719,-48.530,2.584
4,5.448,-34.443,4.355
2,31.904,43.957,-0.547
2,-24.154,-35.207,3.864
2,-20.554,20.291,4.141
2,3.936,-45.972,3.211
2,23.422,-40.724,3.194
3,-18.237,6.179,4.871
2,-30.276,40.540,2.645
2,16.479,29.639,51.945
2,-20.318,19.064,4.121
2,37.132,23.908,-0.632
2,-19.464,-34.866,5.093
2,39.705,10.063,-1.798
7,17.931,25.561,14.020
2,-20.512,43.694,2.062
2,-25.090,-3.149,6.488
2,1.720,40.128,-0.448
2,-4.149,-14.038,5.462
2,-19.856,21.857,4.367
2,-8.364,-29.873,5.808
2,25.419,-7.483,0.559
2,-21.791,32.635,3.571
2,-6.546,-31.673,5.745
7,20.090,25.411,5.128
4,-25.667,-18.658,7.959
2,-25.877,28.911,4.966
4,25.794,-1.780,-1.423
3,9.801,37.216,21.842
2,-32.751,-11.799,5.963
4,31.883,8.345,-0.794
4,15.517,-30.575,2.590
2,48.988,22.051,-0.890
4,42.161,-30.943,1.723
2,-41.929,37.201,3.897
2,-34.321,17.381,6.119
2,-6.002,44.291,0.731
2,16.794,8.151,-1.248
2,35.213,-24.797,0.999
2,9.189,17.369,0.590
2,32.181,-8.125,-0.185
2,-36.103,17.970,6.528
2,28.565,13.173,-0.007
3,-26.815,-20.059,6.376
3,-36.250,-25.850,4.945
2,-13.737,49.748,2.476
2,43.399,-4.526,-1.919
2,-17.683,-9.184,5.643
2,32.455,-5.426,-0.736
4,-21.090,-10.022,7.056
2,-45.132,-46.657,0.949
2,-34.994,-25.505,4.621
2,20.689,-42.107,2.906
2,6.492,23.596,-0.397
4,-3.885,-19.077,6.329
2,-48.336,-26.568,1.794
2,-30.780,14.525,5.776
2,20.339,10.268,-0.528
2,-7.311,-47.316,4.279
2,37.649,18.183,-1.762
4,-36.712,-25.347,5.177
2,-41.237,41.005,3.421
4,40.637,17.580,-0.848
4,-17.836,-9.010,6.963
7,22.364,28.414,24.011
2,-40.125,-16.892,4.813
2,-14.615,-16.254,6.287
3,32.221,44.513,-0.104
4,3.405,-1.418,3.630
2,-9.250,-47.248,4.524
2,-19.815,24.587,4.602
2,-36.657,-35.951,2.325
2,26.864,36.690,0.190
4,-21.800,-6.666,6.561
2,39.849,-32.345,1.145
2,-33.427,-8.123,6.268
2,-18.408,31.090,3.434
2,-20.871,19.917,4.279
2,-13.405,27.061,3.318
2,-25.200,28.160,5.071
2,15.782,-27.673,2.324
2,38.858,-20.388,0.079
2,21.010,-37.783,2.747
4,-0.571,12.628,2.474
2,21.245,-36.704,2.737
2,21.077,-39.175,2.746
2,-23.327,46.026,2.062
4,20.016,-21.138,4.414
2,21.133,15.120,0.029
2,-38.250,20.109,6.753
2,19.407,4.303,-1.925
2,-40.275,-36.628,2.046
2,-26.186,28.878,5.119
2,-5.357,-31.541,5.752
4,-22.122,-6.628,6.508
4,-18.287,-7.100,6.789
4,-14.030,32.879,3.743
2,-29.083,-8.326,6.198
2,48.643,30.166,-0.601
2,-43.541,17.706,8.225
2,-32.623,-16.309,5.756
3,27.914,1.789,-1.590
2,7.675,-49.418,2.197
2,16.976,-48.247,2.603
2,-34.418,37.165,3.355
2,26.752,5.859,-1.538
2,43.945,-30.062,1.100
2,12.410,-10.123,1.759
2,-29.595,-34.974,3.186
2,-25.570,25.827,5.195
2,35.778,40.287,-0.031
2,39.375,-13.759,-0.251
2,-4.763,-7.782,5.730
2,-0.666,-23.926,5.836
2,-11.326,29.365,2.591
2,-26.123,28.813,5.153
2,-3.982,49.456,1.881
2,43.177,11.375,-2.020
2,-48.788,2.986,8.372
2,4.100,0.481,1.847
2,-16.677,-22.741,6.426
2,-9.050,-30.267,5.794
2,46.843,21.136,-1.110
2,-27.431,31.401,4.267
2,11.110,42.112,-1.239
2,-43.906,-9.136,5.909
2,9.266,-7.372,1.713
2,-4.632,-4.106,4.648
2,-36.784,-19.954,4.365
2,-31.008,28.258,5.074
2,32.669,43.488,-0.144
4,42.338,21.926,-0.322
2,-1.370,-45.677,4.123
2,28.136,12.741,-0.062
4,-28.250,31.927,5.478
3,-21.912,-9.218,5.911
4,41.739,17.937,-0.993
4,27.649,-3.496,0.222
2,-35.981,-25.349,4.376
2,-24.674,-18.453,6.622
2,-15.799,6.732,3.922
2,0.645,-44.384,3.761
2,25.872,-17.995,1.870
2,24.249,-37.294,3.619
2,12.259,-25.023,2.825
2,29.387,13.245,0.098
2,1.948,-38.406,4.285
2,-33.550,-6.871,6.304
2,35.185,-3.772,-1.467
3,-18.913,6.820,5.066
2,-27.333,3.909,6.087
2,-30.324,-25.156,5.233
2,-26.851,38.068,2.723
2,-7.409,-19.116,6.258
4,-0.684,13.349,2.421
4,24.269,-2.823,-0.980
3,-35.550,-35.711,3.138
4,5.442,-34.211,4.441
4,38.897,-16.646,1.224
2,-0.452,13.031,1.912
2,21.341,25.365,0.414
2,-45.710,46.256,1.667
2,45.460,-37.009,1.645
2,-16.274,-22.945,6.311
4,41.761,-31.581,1.697
2,29.742,48.711,-1.467
2,0.277,-37.479,4.560
2,-0.602,-8.154,4.095
3,-29.188,31.528,4.846
2,-16.532,-23.390,6.453
2,4.736,1.197,1.435
2,-8.820,-46.227,4.640
2,-34.303,5.477,6.241
4,-36.775,-36.563,3.237
2,-41.102,-3.659,6.911
2,31.901,-6.835,-0.272
2,32.637,44.456,-0.627
2,-27.292,32.503,4.267
4,5.712,-34.569,4.233
2,-28.788,-45.342,3.084
2,35.501,-33.075,1.419
2,35.682,1.578,-2.311
2,20.468,-26.395,2.325
2,47.785,-17.593,0.676
2,-40.617,-39.808,1.338
7,16.611,25.361,6.989
2,-8.984,-25.416,6.161
2,-2.775,9.722,2.585
2,20.869,26.821,51.945
3,-18.515,8.923,4.639
2,-5.416,-31.509,5.866
2,17.756,17.538,0.093
2,-6.533,-31.841,5.869
2,-16.843,-31.704,5.532
2,7.107,20.746,0.073
2,41.184,-39.931,2.235
4,32.512,7.051,-0.820
2,-17.863,13.914,4.083
2,32.701,44.555,-0.587
3,-21.137,19.301,4.495
2,31.870,0.477,-2.259
2,-13.931,5.044,3.906
2,42.100,45.456,-0.036
2,-23.684,-48.946,5.067
2,14.603,-32.111,2.146
4,39.512,-14.065,0.694
2,9.335,45.497,0.081
3,-6.421,-20.598,6.367
3,41.669,17.339,-1.545
2,9.666,21.784,-0.254
2,11.993,7.214,-0.660
2,-28.424,-28.381,4.560
4,27.058,-2.731,0.216
2,45.309,-44.609,1.422
2,-10.397,13.937,2.996
2,-47.488,-35.627,0.807
2,-39.323,3.532,7.329
2,0.842,-14.075,4.358
2,20.044,33.291,51.945
2,30.104,14.086,-0.093
2,-44.772,1.644,8.422
2,48.113,49.364,0.650
2,27.381,-12.950,1.383
7,10.402,38.468,20.325
2,-12.159,18.809,3.783
2,-6.873,45.653,1.190
4,-0.334,13.016,2.627
4,-13.347,32.815,2.909
2,-41.870,-16.292,4.875
2,-35.759,49.814,1.950
4,-20.564,-10.109,6.802
2,41.322,38.674,0.674
3,-20.373,7.524,5.036
4,37.699,-17.056,0.644
2,-10.587,0.566,4.068
3,4.991,-33.900,3.819
2,-37.542,5.764,6.605
2,-6.453,48.760,1.797
2,-30.157,-47.831,3.134
2,-26.739,-11.698,6.866
2,33.143,1.254,-2.339
2,31.415,-49.977,2.547
2,22.858,24.071,0.516
3,-4.257,-19.470,6.010
4,-27.519,32.452,4.804
2,20.960,44.065,-1.604
2,-5.151,-31.737,5.828
3,41.848,28.683,0.015
7,16.740,23.206,-8.075
3,-36.554,-36.019,2.704
2,-28.117,42.228,2.516
2,5.225,-3.706,2.084
2,-27.013,35.235,3.457
2,23.960,-11.656,1.265
2,-6.537,-6.552,5.339
2,45.135,21.529,-0.880
2,-49.693,9.281,8.960
2,-22.403,41.877,2.011
2,46.826,-6.117,-1.732
2,-16.158,-22.666,6.344
4,-27.443,30.464,5.316
2,-4.068,18.667,1.851
2,44.905,6.314,-2.520
2,-14.110,-16.066,6.286
2,-36.497,-35.572,2.450
2,15.404,-9.639,1.069
2,-35.489,24.786,5.773
3,5.437,-34.925,3.782
2,-33.779,36.152,3.332
2,-6.668,43.324,0.588
2,28.737,-19.423,1.605
3,-43.742,-9.405,6.193
2,-34.270,29.142,4.892
2,-27.776,-19.872,5.993
3,-21.072,42.949,2.484
2,-7.514,-20.500,6.481
2,20.219,29.834,51.945
2,-6.910,12.824,2.574
2,16.544,-21.357,3.059
2,20.944,3.195,-2.143
2,11.247,-0.768,-0.458
2,-6.321,41.547,0.617
7,10.813,39.127,38.994
2,-32.826,-49.295,2.556
4,32.941,9.078,-0.284
2,-29.118,40.407,2.534
2,-15.765,-22.800,6.074
4,30.014,0.535,-1.521
2,44.353,37.768,0.321
4,10.190,28.350,0.444
2,-41.653,-21.084,3.983
2,-5.583,-16.353,5.717
2,-4.844,49.383,1.907
2,-14.944,11.265,3.745
2,-49.739,-28.837,1.296
2,19.235,42.141,-1.466
3,-36.915,-36.148,2.877
2,14.134,-34.780,2.045
2,-6.096,-20.854,5.838
4,-21.818,-9.100,7.299
3,19.900,-37.040,2.924
2,-49.005,39.808,3.582
2,2.257,44.465,0.230
2,-5.074,-4.415,4.768
2,-37.838,14.183,7.011
2,-38.246,39.828,3.127
2,-32.725,-36.708,3.105
7,8.105,34.431,2.156
4,31.538,8.699,-0.655
2,-14.668,16.945,3.821
2,28.755,-1.924,-1.868
2,-37.115,-7.295,6.488
4,-35.781,-36.530,3.105
2,36.902,45.850,-1.304
2,-6.884,-9.144,5.836
2,-24.240,-45.199,4.105
2,-46.011,3.093,8.253
2,-1.734,48.906,1.800
2,-33.804,36.417,3.473
4,-43.431,-8.962,6.572
2,-26.750,49.775,2.286
2,-49.841,22.171,8.378
2,-19.471,42.117,2.208
2,15.828,40.888,-1.540
3,41.994,28.772,-0.044
2,-14.459,25.092,3.819
4,24.516,-18.192,2.709
2,43.590,-24.235,0.584
2,-42.748,-20.235,4.200
2,-10.002,-9.247,5.431
2,0.725,30.574,-0.474
2,4.852,12.985,1.258
2,-12.884,9.852,3.434
2,-26.042,28.409,4.999
2,-16.555,-22.269,6.352
2,-46.288,-39.609,0.759
7,22.811,28.986,16.385
2,29.411,39.616,-0.234
2,43.990,-21.416,0.664
7,8.821,35.560,6.304
3,-22.063,42.014,2.260
3,-43.553,-9.365,6.234
2,-29.592,16.451,5.353
2,34.248,38.550,-0.025
3,-21.041,41.027,2.517
2,-9.630,12.399,2.718
2,29.718,46.737,-1.316
7,22.698,29.097,12.201
2,-45.595,25.996,6.750
3,-21.834,42.046,2.307
2,-43.145,9.630,8.056
2,4.035,-17.271,4.158
2,-19.934,-15.587,6.022
2,23.639,-20.401,2.332
7,14.002,-18.888,-9.735
2,38.699,6.877,-2.019
3,26.492,-4.725,-1.032
2,42.074,-14.366,-0.358
2,14.793,15.606,0.231
2,5.524,21.258,0.129
2,27.617,15.256,0.253
3,-36.364,-25.322,4.939
2,33.917,31.836,0.561
1,10.407,38.413,23.199
2,-33.574,6.700,6.283
2,-44.955,27.156,6.215
2,-19.262,16.634,3.840
2,-16.258,37.929,2.336
2,-44.747,-8.227,5.948
2,-19.710,48.473,2.382
2,21.336,-29.852,2.364
4,24.750,1.178,-1.026
2,-40.226,35.116,3.922
2,-31.564,28.498,4.971
2,-36.628,49.234,1.612
2,-4.947,13.860,2.658
2,-11.702,-36.251,5.730
2,-35.267,11.809,6.669
2,-16.854,34.170,2.499
2,-49.238,-5.378,6.127
2,-41.869,32.074,4.854
2,-6.600,-48.435,4.028
2,43.185,-11.620,-0.492
2,-34.493,34.545,3.486
3,28.060,12.955,0.362
2,-44.532,-27.559,2.657
2,20.451,20.522,0.271
2,4.417,5.520,1.207
3,41.239,29.566,-0.065
3,-9.161,-5.281,5.293
2,-19.737,-12.567,5.583
2,43.442,21.727,-0.957
2,-43.378,-18.333,4.366
2,36.306,47.397,-1.427
2,-3.759,11.827,2.524
4,41.275,18.228,-0.990
2,-1.743,-17.572,4.899
7,24.108,31.315,5.774
4,-23.359,-20.188,7.550
2,-35.040,-16.749,5.420
2,-41.446,-32.675,2.329
3,-2.529,25.543,0.891
2,43.899,-18.438,0.757
2,37.466,-33.473,1.298
2,-21.173,41.419,2.080
2,-12.251,27.602,3.017
2,-0.670,-29.903,5.215
2,-46.770,21.931,8.139
2,4.861,46.322,0.390
3,29.466,13.746,0.275
3,-26.949,31.574,4.972
2,41.280,-28.292,0.916
2,-27.470,-10.834,6.445
2,8.456,-20.682,3.591
4,6.694,22.546,0.460
2,22.352,8.891,-0.738
3,4.382,-33.572,4.259
2,-30.045,-49.342,3.335
3,25.360,-2.161,-1.817
2,-44.658,9.318,8.335
2,-38.654,-12.379,5.194
2,28.536,13.339,-0.153
2,1.568,-21.849,5.124
2,17.675,2.740,-1.535
2,-16.798,-23.451,6.100
2,24.271,48.062,-2.268
2,36.781,-19.501,-0.031
2,-0.928,-39.091,4.378
2,-6.192,-31.481,5.927
2,20.326,19.730,0.271
4,-44.489,-9.579,6.508
7,17.228,25.428,2.080
2,-45.860,-49.861,0.948
2,-35.359,7.770,6.294
7,28.304,112.592,-30.150
2,43.407,-22.307,0.485
2,-5.423,38.709,0.721
2,-18.568,8.150,4.620
4,-36.883,-36.331,3.177
4,-36.197,-25.767,5.166
3,42.455,22.179,-0.561
2,28.747,-12.210,0.972
2,6.372,-49.908,2.331
2,26.959,-47.699,2.454
4,18.447,49.964,-0.591
7,10.783,39.080,3.736
2,-9.765,46.319,1.450
2,-11.950,-47.350,4.645
2,26.386,4.088,-1.673
4,43.614,22.941,-0.395
2,-13.193,20.618,3.944
2,-10.300,3.109,3.636
4,7.083,23.216,0.774
2,-48.403,25.305,7.468
2,11.418,17.739,0.390
2,-29.546,-20.501,5.435
4,21.595,-1.153,-0.978
2,39.757,36.119,0.696
2,-35.639,-25.866,4.401
3,22.198,33.260,51.945
2,-49.032,29.670,5.844
2,-6.694,-36.250,5.116
2,-5.816,48.673,1.791
2,-15.560,-17.886,6.039
7,9.767,37.253,17.542
3,40.766,17.359,-1.405
2,-38.427,25.329,5.969
4,20.773,-2.525,0.033
2,13.839,6.381,-1.242
2,-43.884,-49.297,0.897
2,28.718,12.891,-0.101
2,32.344,44.036,-0.166
2,-30.774,-10.553,6.142
2,-25.909,-11.486,6.545
2,39.620,-34.944,1.657
2,31.113,20.883,0.276
2,22.557,49.451,-2.113
2,-43.569,46.038,1.854
2,-41.005,-16.658,4.868
2,0.530,40.219,-0.429
2,10.303,-49.045,2.072
3,-43.560,-9.459,6.322
2,32.522,16.648,-0.347
2,36.858,45.027,-1.053
2,34.153,-42.062,3.185
2,8.824,45.332,0.092
2,27.798,-7.489,0.320
2,33.055,38.934,0.007
2,24.892,-17.558,1.962
2,22.847,-48.057,2.664
2,3.181,-47.093,3.265
2,-5.378,5.137,2.723
2,38.040,-11.353,-0.717
7,9.717,37.190,0.340
2,39.536,-44.277,2.625
2,-32.063,15.459,5.770
2,20.802,34.763,51.945
2,49.108,-33.583,1.304
2,42.950,17.741,-1.668
2,-5.869,-20.341,5.777
2,-5.649,29.861,1.463
2,-38.625,-28.588,3.692
2,-25.568,-26.996,5.175
4,21.879,-22.935,3.415
2,40.307,20.011,-1.483
2,29.570,3.498,-2.081
2,8.543,10.618,0.709
2,6.726,-37.860,2.992
2,45.754,12.877,-2.510
4,-1.032,12.918,2.735
2,14.044,-21.532,2.846
2,-2.127,46.042,1.047
4,-1.167,13.082,2.568
2,-4.660,31.617,1.054
2,-41.225,-8.598,6.443
2,44.170,-10.627,-0.792
2,-41.112,-35.131,2.062
2,38.938,-4.189,-1.903
2,-29.490,-25.228,5.365
4,-37.208,-36.317,2.701
2,-46.160,-43.786,1.113
2,-33.927,36.172,3.422
2,-26.393,-12.879,6.932
2,1.665,20.634,0.932
2,44.775,-10.422,-0.752
2,-28.171,42.872,2.388
2,19.111,19.235,0.002
2,-19.935,-19.802,6.255
4,14.311,-30.128,2.721
3,-43.449,-9.543,6.295
2,-17.378,-2.389,4.585
2,21.706,18.623,0.544
2,5.565,-18.980,4.304
1,39.183,26.711,-0.346
2,14.058,46.058,-0.745
2,-28.709,22.497,5.131
2,29.347,-43.973,3.442
2,-4.016,-3.032,4.295
2,-27.756,-28.469,4.649
2,-49.787,-11.892,3.839
2,-22.952,-26.004,5.414
2,-38.056,-41.685,1.673
2,-46.079,-42.529,1.064
2,-3.559,34.972,0.190
2,-48.421,-41.858,0.871
2,41.461,-32.673,1.263
2,-10.262,-47.973,4.461
2,27.523,-10.291,0.556
2,-20.730,-22.547,6.141
3,-7.795,-6.224,5.831
2,-13.762,37.622,2.206
2,-2.033,18.457,1.670
2,31.223,-3.544,-1.340
2,-4.123,1.261,3.183
2,22.196,41.181,-0.881
2,-25.264,28.082,5.209
4,-18.350,7.975,5.135
2,24.737,-46.463,2.415
3,25.813,38.508,0.263
2,17.569,41.522,-1.398
2,-22.671,46.086,2.131
2,6.652,32.842,-0.821
2,34.475,39.635,0.024
4,6.680,22.545,0.657
2,14.326,-29.088,2.370
2,-1.408,-3.421,3.875
4,-43.460,-9.871,6.224
2,36.411,-49.242,3.416
2,-16.692,-23.517,6.244
2,-1.687,-10.019,4.551
2,-21.576,46.865,2.293
4,0.348,13.641,2.166
2,-26.877,29.763,4.715
2,32.456,43.865,-0.627
2,-30.731,-3.164,6.541
2,-28.570,31.114,4.713
4,27.233,13.709,0.510
4,-23.705,-9.809,6.566
2,-22.980,-6.656,5.781
2,-18.602,47.428,2.306
2,32.659,39.825,0.072
7,23.865,30.851,20.483
4,-2.611,22.437,2.068
2,-9.661,1.805,3.629
4,-36.627,-36.876,3.076
2,0.952,-43.841,3.743
2,7.522,19.910,0.713
2,-6.378,29.548,1.899
7,10.128,37.809,17.486
2,42.189,16.927,-1.708
4,-43.926,-9.211,6.483
2,32.048,43.320,-0.337
2,-7.443,-10.393,5.803
2,-6.362,-7.836,5.599
3,-43.986,-9.700,5.950
2,37.174,-40.952,2.486
2,49.081,-34.791,1.328
2,-42.676,44.649,2.339
2,15.036,-16.030,2.797
2,-41.448,-43.247,1.393
2,-9.794,20.766,3.572
2,14.733,21.509,0.094
2,-29.142,30.929,4.318
2,33.518,28.362,0.302
4,-4.006,21.771,2.083
2,8.105,-37.288,2.931
2,-33.586,-24.506,4.796
3,15.532,-30.049,2.596
2,11.335,-12.468,2.673
4,-21.317,42.444,2.823
2,49.974,-13.093,-0.127
2,-16.420,-22.169,6.418
2,22.673,26.749,0.374
2,27.371,38.136,0.284
2,-32.433,-13.402,6.125
2,-40.565,42.469,3.152
2,13.260,46.339,-0.556
3,28.154,12.695,0.056
2,-32.398,9.650,6.380
4,-26.761,31.186,5.088
2,-26.484,-0.565,6.639
2,-35.434,-13.784,5.594
2,-42.808,9.199,7.978
2,-29.131,4.455,6.143
2,-23.810,-45.764,4.296
2,11.775,-14.332,3.048
2,-18.132,-36.355,5.303
2,-38.552,1.474,7.137
2,40.909,-34.004,1.656
2,-45.306,-30.060,2.244
2,31.456,5.237,-2.031
2,23.089,-35.718,3.309
2,28.528,1.301,-2.066
2,28.684,15.398,0.071
4,26.707,1.158,-1.209
2,49.169,-47.666,1.252
2,-8.393,-41.793,5.174
2,-4.872,19.842,1.702
2,5.865,7.673,0.873
3,43.207,21.296,-0.788
2,-46.841,39.633,3.358
2,6.146,-24.130,4.549
4,-18.028,6.350,5.090
7,17.871,25.533,11.913
2,-40.138,-23.870,3.680
2,-7.698,45.876,1.291
2,40.818,43.790,0.140
2,-35.976,-45.085,1.608
7,22.077,27.891,15.647
2,37.892,32.625,0.764
2,34.730,30.700,0.579
2,-40.623,10.313,7.423
2,34.400,3.360,-2.231
3,19.783,-0.509,-1.047
2,30.275,22.252,0.240
3,0.054,-6.194,4.177
2,35.629,-41.877,2.781
2,-28.327,-12.089,6.580
2,-28.876,-17.690,5.907
2,24.080,25.849,0.298
2,-13.592,-38.641,5.620
2,-34.260,37.291,3.422
2,-21.829,-21.832,6.240
2,40.937,17.443,-1.746
2,40.331,-18.823,-0.022
4,0.681,-1.408,3.698
2,-4.482,22.491,1.482
2,9.607,-35.726,2.698
2,-31.631,-14.958,6.005
3,31.979,8.165,-1.038
2,-21.140,7.682,4.783
3,-16.805,-23.254,6.598
2,-16.265,-34.205,5.513
7,8.460,34.878,16.338
7,10.724,39.076,10.212
2,26.015,-2.700,-1.693
2,-49.161,-39.530,0.459
2,-15.216,-36.099,5.514
7,10.088,37.866,6.000
2,1.238,12.199,1.432
2,28.794,13.955,0.071
2,-16.773,-22.499,6.124
2,-42.363,6.173,7.912
2,-49.468,-24.427,1.895
2,32.812,-14.581,0.403
2,46.011,43.618,0.212
2,-6.216,-7.716,5.608
2,-27.870,5.015,6.098
3,-8.030,-4.019,5.329
3,33.394,7.924,-1.122
2,23.370,-27.255,2.485
2,45.673,-8.615,-0.849
2,-0.017,-44.258,3.873
2,6.767,-45.180,2.967
2,-22.132,43.096,2.052
2,6.814,41.940,-0.425
2,-25.892,-12.963,6.926
3,-44.169,-8.912,6.307
2,6.257,43.088,-0.175
2,-48.972,-8.257,5.253
2,13.755,31.874,51.945
2,-12.394,11.848,3.466
7,23.544,5.704,-7.141
2,-15.469,15.354,3.708
2,28.218,26.051,0.171
2,-47.030,40.472,3.241
2,23.605,-14.104,1.832
2,26.585,-9.170,0.561
2,-13.355,-36.688,5.733
2,-26.149,27.896,5.121
2,-24.482,-4.512,6.334
2,-6.860,-8.680,5.605
2,-26.712,2.599,6.250
2,-21.770,-5.436,5.354
2,-39.738,-25.865,3.751
2,8.150,6.756,0.172
2,12.269,-33.151,2.197
3,23.460,36.089,4.125
2,-46.435,-44.420,1.061
2,-21.878,-20.044,6.228
4,-29.394,31.985,5.309
2,-38.851,39.834,3.221
2,-6.482,-17.591,6.130
2,39.260,-35.967,1.839
2,-39.556,-31.976,2.649
7,21.305,26.617,17.763
3,-18.025,7.659,4.585
2,27.590,-26.653,2.289
2,-6.709,-32.186,5.972
2,-33.825,36.864,3.430
2,38.090,-42.335,2.547
2,22.179,40.621,-0.876
2,-30.102,-24.653,5.287
2,-16.276,-23.249,6.151
2,42.283,-45.927,2.018
2,-13.626,6.593,3.511
4,-43.585,-10.008,6.531
2,43.768,29.169,-0.660
2,-38.356,19.387,6.952
4,-35.820,-26.007,5.149
2,-7.501,-8.458,5.685
4,-19.581,6.671,5.105
2,-13.899,-10.017,5.717
2,-29.868,46.616,2.337
2,21.924,-39.667,3.147
2,17.726,-27.454,2.338
2,-23.545,-42.300,4.005
2,-24.735,23.577,5.144
2,-44.179,-15.093,4.483
2,-40.467,-2.223,7.217
4,-6.440,-33.441,5.996
4,-15.901,-22.644,6.682
2,-34.630,7.582,6.317
2,23.436,-6.340,-1.931
2,-37.032,13.346,6.721
2,20.083,41.338,-1.233
2,9.183,9.970,0.465
7,17.314,25.394,4.890
2,8.756,-35.128,2.839
4,41.636,18.009,-0.784
4,43.404,22.108,-0.083
7,18.558,25.527,7.725
7,21.664,27.233,5.863
2,40.711,-41.171,2.303
2,34.021,32.992,0.439
2,22.902,39.757,-0.800
2,-28.880,25.042,5.397
2,-2.391,-18.362,5.166
4,-43.644,-8.963,6.586
2,-20.922,-15.498,6.070
2,12.213,33.097,51.945
2,27.895,20.489,0.150
4,-35.748,-25.507,5.241
1,6.819,39.153,-0.721
2,-28.214,31.346,4.582
4,-21.621,-10.459,6.804
2,-13.218,49.304,2.454
3,5.799,49.986,1.117
2,-13.894,13.255,3.670
2,-31.370,11.021,6.282
2,-3.256,-32.645,5.183
3,42.198,29.843,0.062
2,-28.390,30.307,4.729
4,32.077,8.566,-0.588
2,-30.323,2.840,6.062
2,30.996,6.697,-1.602
2,0.981,25.629,-0.058
2,4.896,-29.631,4.464
7,10.851,38.989,-1.300
2,-48.882,-9.663,4.990
2,22.721,-7.314,0.344
2,24.204,-41.498,3.213
2,0.488,-7.243,3.706
2,-26.292,38.272,2.555
2,-43.253,-8.806,6.248
2,40.531,9.041,-1.824
2,-28.956,21.096,5.015
2,-31.882,32.970,3.605
2,-31.902,-21.351,4.944
3,5.447,-35.075,3.827
2,-8.881,-29.370,5.939
2,-7.242,44.430,0.930
2,-5.670,-31.910,5.959
2,-33.836,37.349,3.412
4,-18.336,8.688,5.230
2,45.953,-14.696,-0.089
2,46.137,-6.376,-1.469
2,-42.286,12.835,7.954
2,37.758,46.651,-1.367
2,5.429,18.633,0.537
2,-9.799,46.880,1.503
2,-21.155,19.315,4.138
3,5.978,-17.704,4.393
4,24.136,3.455,-1.084
2,-12.965,-49.749,4.485
2,25.057,12.847,-0.112
2,-6.882,12.040,2.613
2,-22.337,42.190,2.398
4,27.384,13.465,0.461
2,-46.993,-23.663,2.696
2,-47.986,-23.309,2.535
2,-5.575,-32.634,5.920
2,13.872,-30.906,2.118
2,-1.743,12.375,2.089
2,2.165,-13.403,4.072
2,12.796,-41.164,2.844
2,29.959,41.889,-0.666
2,-33.624,36.921,3.392
3,25.967,37.523,0.534
2,15.282,-28.550,2.469
2,26.244,30.004,0.527
2,40.604,8.460,-1.844
4,7.493,22.898,0.397
7,-92.361,-19.452,-2.260
3,32.807,43.583,-0.058
2,-29.119,-1.254,6.574
3,-34.461,-41.771,2.115
2,25.759,-26.086,2.570
4,23.396,-16.375,3.433
2,15.853,-35.465,2.096
2,16.936,-28.014,2.217
2,40.100,-17.292,-0.072
4,24.803,3.323,-0.873
2,-43.618,-8.788,6.148
3,4.784,14.071,1.399
2,-38.384,34.629,3.682
2,-23.653,-0.731,6.388
2,31.195,-41.743,3.314
2,-25.994,-21.158,6.000
2,49.174,-15.494,0.398
2,-11.145,16.025,3.239
4,-20.189,-5.809,6.141
2,23.854,-4.613,-1.649
2,38.584,15.055,-1.552
2,-28.591,49.847,2.310
2,-40.632,44.544,2.718
7,17.365,25.528,10.508
2,30.323,-17.852,1.026
2,32.884,44.669,-0.216
2,37.796,-33.951,1.401
2,41.905,29.210,-0.287
2,33.125,5.827,-1.728
2,-42.519,26.748,5.857
2,48.068,37.045,-0.370
4,-20.118,43.584,2.712
2,22.229,21.432,0.369
2,6.262,-18.421,4.077
2,10.316,-8.596,1.866
2,-15.394,-14.134,6.202
2,-7.477,-8.158,5.787
2,-10.230,23.211,3.399
2,-35.046,36.863,3.456
2,-42.972,-4.478,7.029
2,35.033,38.713,0.161
4,5.306,-35.716,4.674
4,21.816,2.139,-1.498
2,28.002,14.937,-0.127
2,-16.630,30.824,3.218
2,-39.374,-6.057,6.708
4,32.888,7.075,-1.153
2,-14.272,10.048,3.598
2,-4.206,11.184,2.513
2,32.539,44.088,-0.290
2,27.922,-36.586,3.213
2,-30.854,-43.673,2.799
2,40.848,1.398,-2.209
2,23.454,-32.226,3.037
2,30.700,-26.148,1.541
7,13.811,40.735,0.850
2,19.937,-38.011,2.623
2,26.245,-7.899,0.503
7,23.067,36.790,6.761
2,7.294,-22.306,3.967
2,2.130,36.498,-1.247
2,-38.296,23.082,6.355
2,22.602,10.686,-0.390
2,-39.316,-1.115,7.325
2,2.470,14.310,1.434
2,5.292,-16.695,4.097
2,-35.880,18.555,6.368
2,21.287,-29.125,2.338
2,-10.663,-35.284,5.582
2,29.770,-37.116,2.848
2,-49.423,-28.395,1.384
2,41.978,39.919,0.434
3,33.012,44.421,0.106
4,-24.068,-10.072,8.050
2,-39.012,7.676,7.062
2,-36.404,-22.583,4.326
2,-9.790,34.273,2.037
2,-4.316,43.133,0.480
2,5.150,-18.307,4.122
2,-40.185,7.026,7.460
4,18.088,-16.483,4.225
2,-14.343,43.131,1.966
2,-16.572,-22.925,6.262
2,-48.458,-10.190,4.947
2,10.641,-35.857,2.654
2,-14.862,-13.436,6.200
2,-37.226,-13.698,5.228
4,22.997,-0.846,-0.969
3,26.075,38.443,0.291
4,20.413,-0.664,-0.939
7,24.480,32.007,8.606
2,-45.145,4.877,8.345
2,-6.846,-6.764,5.752
2,-17.778,-16.188,6.157
3,-43.839,-9.687,6.164
2,-29.544,-12.136,6.541
4,33.470,9.053,-0.580
2,11.213,39.555,-1.384
4,-21.605,-9.778,7.195
2,-25.420,-42.526,3.590
2,12.092,-25.986,2.982
2,-1.820,-31.674,4.928
2,15.085,-7.721,0.548
2,-1.798,7.627,2.342
2,34.055,-47.702,2.991
2,-27.299,8.392,5.513
2,-6.719,-9.190,5.619
2,3.649,-26.946,5.060
2,-16.091,-23.097,6.087
2,-34.122,36.866,3.329
2,25.927,5.194,-1.639
2,4.647,-16.052,4.302
2,28.260,46.039,-1.338
2,-20.487,43.329,2.077
2,49.872,-19.597,1.282
2,-13.198,10.548,3.478
2,-31.445,-2.979,6.617
3,6.160,-33.905,3.811
2,42.692,-31.191,1.273
4,40.740,16.490,-0.534
2,-22.169,47.799,2.412
2,-11.470,-44.915,4.807
3,-36.119,-25.450,4.826
3,27.966,38.029,0.543
4,-17.850,8.998,5.098
2,-49.931,3.986,8.427
2,-47.025,-18.384,3.837
2,-25.835,42.655,2.041
2,-0.737,12.474,1.832
2,11.083,-22.544,3.120
2,9.816,22.466,-0.405
2,37.566,-39.106,2.014
2,-21.006,-0.723,5.375
2,-8.020,-12.924,5.817
2,-11.133,-22.618,6.278
4,27.626,14.470,0.450
2,-43.248,1.999,8.261
2,23.931,-24.534,2.655
2,13.718,36.214,51.945
2,-11.035,32.889,2.056
2,4.602,45.727,0.244
2,28.078,-42.374,3.367
2,-35.094,27.122,5.259
2,20.246,29.042,51.945
2,46.849,33.320,-0.465
2,-12.459,49.685,2.427
2,15.932,-40.176,2.315
2,31.976,29.152,0.571
2,-38.440,-38.479,1.717
4,24.958,-3.282,0.391
4,33.656,8.864,-0.700
2,-22.052,7.296,4.972
2,-14.629,-20.151,5.911
4,-1.721,13.419,2.513
2,-43.773,22.419,7.206
2,-8.480,-8.482,5.601
2,22.267,5.845,-1.422
2,3.601,-3.476,2.372
2,5.846,20.684,0.062
2,4.833,-38.795,3.525
4,21.727,1.453,-1.455
2,-34.767,-9.642,6.104
3,-43.572,-9.391,6.504
2,-37.315,-9.174,5.879
2,48.040,-28.977,1.508
2,-18.189,-4.166,4.788
2,3.841,-22.178,4.684
2,-1.561,9.989,2.444
2,27.038,43.853,-1.476
2,30.748,26.089,0.421
2,27.259,16.075,0.066
2,32.586,29.097,0.547
2,49.078,20.936,-0.978
2,-11.237,9.445,3.201
2,-41.325,-17.096,4.773
2,-43.297,27.516,5.838
2,-11.529,-7.915,5.202
2,-28.432,-34.120,3.462
2,-43.285,-32.191,2.085
4,33.951,9.104,-0.614
2,-28.570,-1.277,6.513
3,-20.696,42.670,2.650
2,21.646,23.118,0.517
3,26.797,13.115,0.164
2,-8.522,-8.284,5.592
4,42.107,-19.512,2.375
2,-22.789,-9.275,5.802
2,-47.077,-38.930,0.524
2,37.273,7.639,-2.106
4,-0.230,12.974,2.602
2,16.945,5.702,-1.659
2,15.673,4.666,-1.488
2,19.860,-37.334,2.871
2,-16.221,-22.222,6.433
2,-0.213,45.702,0.702
4,25.204,-0.341,-1.021
2,-20.491,20.337,4.366
2,-32.127,7.741,6.038
2,-12.456,16.221,3.487
2,40.372,-3.570,-2.178
2,14.568,18.681,0.325
2,37.663,35.208,0.466
2,-31.575,17.040,5.592
2,32.961,44.252,-0.357
2,-25.655,9.483,5.113
7,10.839,39.022,26.042
2,-4.023,48.285,1.763
2,-13.783,-16.871,6.307
2,-6.032,-8.884,5.826
2,6.965,40.114,-0.665
3,28.997,-3.321,-1.248
2,-26.576,-34.120,3.873
2,26.832,-23.184,2.072
2,-37.003,-36.665,2.426
7,10.829,38.976,16.688
2,-38.350,-41.092,1.724
3,-37.076,-36.560,2.814
7,30.562,-18.205,-10.485
4,6.297,-33.284,4.535
2,-43.457,21.718,7.280
2,41.640,28.927,-0.218
2,46.030,-44.887,1.362
2,-22.783,45.441,2.163
3,21.822,27.150,3.768
7,22.774,29.105,13.596
3,-43.896,-8.919,6.395
2,-11.198,-5.047,5.002
2,36.919,12.019,-1.252
4,-18.258,8.480,5.257
2,-14.463,13.116,3.778
3,-9.153,-3.797,5.289
2,-34.481,-45.570,2.136
4,28.299,-2.642,-1.196
2,-7.680,-9.616,5.776
4,-27.477,30.172,5.336
2,49.995,49.394,0.739
2,-15.531,-29.442,5.432
2,10.176,-14.850,3.113
2,7.622,16.047,1.035
7,8.081,-31.289,-9.570
2,-40.678,-25.490,3.376
2,22.334,47.068,-1.918
2,7.527,-46.158,2.741
2,28.096,2.788,-1.840
2,-48.200,-28.171,1.619
3,23.984,22.158,0.209
3,-0.930,12.686,2.189
2,-5.618,-41.014,5.130
4,22.290,-0.713,-0.794
4,31.653,8.674,-0.409
2,25.410,-10.064,0.916
4,30.928,33.663,1.250
4,-25.759,-19.999,7.543
2,-43.590,-8.738,6.260
4,-21.846,-9.283,6.928
3,-0.492,13.498,1.916
2,-19.065,-39.207,5.059
4,-36.464,-25.922,5.132
2,49.630,-40.755,1.673
4,9.748,29.016,0.590
2,42.516,-49.435,2.375
2,-8.950,49.071,1.912
2,49.861,-48.568,1.050
2,-8.196,42.219,0.945
2,-30.007,13.783,5.855
2,35.017,45.053,-1.220
2,17.589,49.403,-0.760
2,-33.288,-11.613,5.894
2,-43.931,-8.992,5.981
2,-48.646,-31.920,1.158
3,-4.383,21.466,1.861
2,-11.327,-8.646,5.378
2,-43.216,-25.235,3.052
2,-35.760,-35.456,2.813
2,-3.982,47.435,1.697
3,-36.038,-25.902,4.850
2,10.499,42.006,-1.132
3,32.631,43.552,0.060
7,23.542,30.290,24.003
4,42.780,21.662,-0.207
2,24.638,-23.264,2.364
4,-36.330,-25.296,5.197
2,4.301,-20.270,4.414
2,22.507,-22.983,2.626
2,-49.180,27.976,6.718
2,4.554,45.064,0.070
2,-45.525,-40.508,1.107
2,-11.083,26.004,3.355
2,31.376,-20.254,0.861
2,-11.185,16.985,3.443
2,-30.362,-40.657,2.971
2,22.558,-14.022,1.824
4,35.154,8.536,-0.385
2,4.706,-46.560,2.905
2,42.800,-39.830,1.797
2,14.362,-30.024,2.220
2,27.635,32.993,0.428
2,46.718,45.506,0.455
2,-20.120,37.698,2.419
2,-39.988,28.887,5.143
2,11.207,15.982,0.365
2,-25.282,-48.933,4.747
2,16.636,-14.239,2.243
2,42.583,-28.461,0.843
4,44.268,22.609,-0.204
2,-25.596,39.168,2.306
2,-15.713,4.288,4.105
2,-16.682,-22.555,6.035
2,7.683,20.384,0.550
3,-21.023,42.465,2.460
3,-22.457,42.666,2.649
2,-0.199,-42.382,4.075
2,3.039,-33.891,4.161
2,-16.271,-23.279,6.406
2,14.641,34.001,51.945
4,21.421,-2.229,0.003
4,4.152,3.792,2.729
2,-44.856,3.996,8.363
2,-14.038,7.392,3.426
2,-38.247,-10.181,5.678
4,-35.947,-25.094,5.312
2,-10.109,-32.321,5.403
2,-44.183,-47.445,0.766
2,-1.604,40.504,-0.334
2,-7.560,-7.707,5.824
2,-14.716,-36.964,5.519
2,43.490,-0.195,-2.466
2,28.375,13.233,-0.149
2,-33.887,-16.733,5.582
3,-19.366,7.196,4.748
2,-18.677,35.803,2.410
2,31.477,13.407,-0.411
2,-22.042,-34.388,4.237
4,40.201,-19.164,1.254
2,-5.281,26.871,1.807
2,30.718,-27.186,1.704
3,4.498,-16.445,4.484
2,25.854,-46.895,2.367
3,-16.620,-22.577,6.562
2,9.512,-14.277,3.101
3,31.282,7.907,-0.859
2,23.091,-7.729,0.556
2,19.892,22.002,0.185
2,42.279,-30.155,0.926
2,30.430,-13.028,0.902
2,-14.325,16.378,3.704
2,-17.133,5.713,4.180
2,-34.804,23.433,5.794
2,-48.468,-1.715,7.881
4,-22.538,-9.545,6.818
3,-43.900,-9.644,6.267
2,28.347,-2.306,-1.829
3,-16.609,-23.385,6.602
2,38.099,-38.805,1.984
2,1.697,42.024,-0.101
2,25.586,-23.854,2.323
2,-19.814,44.984,2.242
2,4.313,30.089,-0.378
2,23.581,-1.648,-2.139
2,-45.859,-26.169,2.385
2,29.034,16.538,0.088
2,40.629,-39.500,2.213
2,-9.448,-36.139,5.395
3,-19.915,7.986,5.019
2,28.835,40.552,-0.460
4,2.835,4.531,2.501
3,-38.258,32.066,4.300
2,1.419,44.272,0.245
3,-19.517,42.996,2.466
4,-27.719,29.941,5.176
3,14.396,-31.501,2.355
2,-26.159,27.421,5.166
2,31.862,-48.799,2.834
3,-5.299,-19.142,6.280
2,-6.563,-31.215,5.685
3,5.517,-17.743,4.395
2,-4.178,-19.303,5.553
2,-8.570,48.659,1.793
2,-42.944,-36.035,1.533
2,-25.566,-13.327,6.909
2,-15.496,-33.822,5.578
2,-9.819,-4.495,5.286
2,-9.053,-14.854,5.973
2,0.511,-22.470,5.480
2,35.638,24.631,-0.326
2,36.132,29.278,0.485
3,15.821,46.613,-0.780
7,22.857,28.929,5.926
2,49.306,6.183,-3.451
2,-36.557,-35.657,2.437
2,44.020,13.143,-2.221
2,-20.662,-36.160,4.588
2,26.881,-5.105,-1.278
2,1.533,4.811,2.032
2,-8.919,-20.580,6.330
2,-1.084,32.206,-0.303
4,-36.303,-36.946,2.972
2,7.534,22.737,-0.269
2,22.273,42.407,-1.349
3,14.660,-30.964,2.527
2,35.686,-36.928,2.100
7,22.834,28.912,8.715
2,-29.994,-3.617,6.400
2,-15.074,14.893,3.763
2,-14.336,18.822,4.082
2,45.737,10.004,-2.953
2,-11.997,-17.361,6.209
2,-45.130,41.242,3.057
3,32.417,43.493,0.055
2,24.175,-5.156,-1.620
2,-30.540,23.012,5.439
2,-25.049,-10.514,6.298
7,22.496,28.352,17.027
2,40.435,-30.957,1.006
2,-49.917,-21.806,2.507
2,-20.184,45.902,2.339
2,23.805,0.132,-2.284
4,22.906,-6.082,-0.035
2,31.236,41.495,-0.125
2,-38.610,-41.913,1.580
4,-25.097,-21.869,7.487
2,-46.093,-46.058,0.978
2,-20.534,28.557,4.344
2,-29.395,25.234,5.476
4,5.641,-35.375,4.249
7,20.732,25.559,1.692
2,14.598,-5.101,0.026
4,8.007,21.767,0.706
2,-6.531,30.578,1.737
2,32.633,-44.607,3.116
2,-20.694,-39.787,4.401
2,40.876,-41.924,2.299
2,33.929,37.574,0.052
2,-8.141,-15.899,6.085
2,9.502,32.520,51.945
2,-23.308,33.192,3.671
2,-42.092,-26.728,3.305
4,31.760,9.108,-0.368
2,-42.478,8.224,7.888
2,15.092,19.618,0.290
2,-44.645,-21.412,3.643
2,20.397,-46.661,3.038
2,-27.284,16.290,5.131
2,-25.739,-13.810,6.945
2,4.197,1.895,1.482
3,41.603,-31.568,1.351
2,12.344,36.206,51.945
2,-24.918,28.707,5.121
4,33.325,7.905,-0.922
4,-34.873,-6.087,7.603
3,32.941,8.438,-1.445
2,5.987,22.295,0.074
2,-24.397,-33.832,4.155
2,-26.937,-11.183,6.885
2,-15.543,-16.711,6.295
3,-21.412,42.740,2.574
2,5.781,20.467,0.403
2,-30.987,26.031,5.573
2,-29.609,31.610,4.191
3,41.736,17.006,-1.392
3,-18.116,7.443,4.827
2,-1.669,24.146,0.661
2,-6.646,-6.823,5.625
4,-26.544,32.127,5.420
2,34.187,-4.222,-1.238
2,25.145,39.087,-0.117
2,14.689,-3.779,-0.197
2,-40.385,-32.058,2.562
2,1.193,30.871,-0.550
2,-14.314,-17.716,6.166
2,33.677,21.864,-0.031
2,-40.973,-0.024,7.490
2,10.684,-5.954,0.945
2,-17.488,-19.609,6.262
2,5.457,-40.836,3.377
4,30.389,33.244,1.358
2,17.933,8.023,-1.128
2,24.733,-2.226,-2.138
2,25.750,25.677,0.446
2,38.482,0.632,-1.923
2,-0.170,-47.039,3.949
2,6.676,5.125,0.177
2,4.538,-18.174,4.515
2,14.405,-30.098,2.122
2,20.836,-37.015,2.607
3,-2.417,25.006,0.919
2,-47.336,4.269,8.260
2,-13.540,-14.506,6.206
7,22.083,27.817,1.686
2,-7.260,46.767,1.665
3,44.032,21.902,-0.633
2,-34.788,-33.839,2.966
2,-34.784,36.714,3.542
4,42.188,17.789,-1.013
2,26.090,-0.466,-2.515
2,-33.986,36.989,3.507
3,33.704,7.241,-1.416
2,-27.792,40.749,2.347
2,-36.718,-15.909,5.193
2,-0.586,37.455,-0.849
2,-34.375,36.531,3.518
2,-20.014,13.711,4.243
2,31.296,9.117,-1.326
2,-1.349,-48.239,3.884
4,37.891,-18.571,1.138
2,-35.503,-37.181,2.455
2,-26.043,27.728,5.124
2,-7.201,-18.926,6.216
2,-20.832,41.281,2.012
2,-27.972,-3.896,6.218
2,32.141,-40.446,2.831
3,32.219,9.585,-0.818
2,-38.505,-19.293,4.513
2,-7.101,-9.890,5.852
2,1.639,-31.339,4.865
2,-29.591,-47.955,3.273
3,42.469,29.351,-0.076
3,-35.768,-5.474,6.873
2,-46.861,-20.142,3.641
4,23.920,2.686,-0.956
2,-37.839,-30.121,3.568
4,13.823,8.301,0.466
2,5.052,-14.999,3.579
4,3.606,-33.394,4.450
2,-25.224,34.850,3.299
2,-18.010,30.673,3.488
2,-15.015,6.948,3.831
2,46.218,-41.656,1.608
2,49.550,34.101,-0.638
4,4.166,0.490,3.299
2,-28.600,-8.062,6.194
4,36.400,-16.854,0.550
2,38.482,-1.676,-1.987
3,28.287,15.062,0.375
2,3.963,38.686,-0.721
2,-47.665,32.239,5.347
2,6.051,-17.850,4.109
2,3.532,25.098,-0.130
4,30.720,33.607,1.440
2,2.823,16.240,1.364
2,37.053,43.846,-0.671
3,42.326,28.586,0.075
2,33.066,-10.369,-0.256
2,3.361,-2.997,2.423
4,40.294,17.530,-1.045
2,-33.677,11.391,6.501
3,-16.335,-23.283,6.571
2,-36.077,-25.336,4.395
4,-29.302,31.994,5.337
4,4.129,-34.956,4.587
2,14.522,-16.792,3.008
2,-21.848,17.066,4.021
2,-1.355,-39.644,4.392
2,-33.916,36.876,3.337
2,41.440,16.468,-1.706
2,-5.719,41.753,0.484
2,40.489,-27.717,0.921
2,43.661,19.964,-1.353
2,34.683,21.944,-0.302
2,27.146,20.339,0.168
2,38.211,7.290,-2.066
2,-4.603,-25.539,5.696
2,18.278,13.681,0.249
2,27.432,-10.859,0.680
4,33.902,8.649,-0.621
2,12.445,-27.375,3.005
2,9.318,12.547,0.626
2,-16.350,31.390,3.047
2,-5.316,-31.612,5.912
2,30.031,26.243,0.217
2,2.896,-33.315,4.195
2,-8.748,6.829,2.402
2,46.077,-34.458,1.616
2,35.001,31.252,0.653
2,36.444,34.503,0.483
2,-37.890,17.498,6.969
7,23.092,29.634,3.109
2,-45.288,-16.615,4.060
2,39.748,-43.083,2.519
2,-17.169,-12.178,5.703
2,-13.935,-39.080,5.589
2,11.505,41.043,-1.406
2,-49.195,-16.555,3.359
2,-18.303,37.684,2.215
4,-0.560,-1.440,4.785
2,32.257,44.240,-0.623
2,-24.831,28.902,4.942
2,47.677,40.903,0.087
2,-19.922,-44.248,4.559
2,37.185,-35.541,1.735
2,35.639,-45.317,2.829
2,-27.287,-49.025,4.177
2,-10.226,-20.984,6.315
2,-8.614,9.001,2.414
2,21.252,-14.638,2.073
2,-9.008,33.432,2.034
4,-24.238,-9.948,8.040
2,30.179,10.077,-0.970
7,9.172,36.065,2.684
2,-42.026,-11.248,5.278
2,-20.159,14.513,4.236
2,28.719,3.233,-1.732
2,38.257,8.171,-2.061
2,-32.537,-40.993,2.355
2,12.005,-38.923,2.681
2,-23.998,-33.387,4.358
2,-19.066,7.829,4.843
3,-0.076,13.698,2.266
2,-30.507,19.504,5.320
2,10.628,-43.034,2.854
4,-35.634,-37.191,3.138
2,-34.217,37.468,3.333
2,-49.350,16.964,9.207
2,35.257,7.289,-1.818
2,-33.894,42.505,2.834
2,19.340,-46.744,2.824
2,-7.977,44.619,1.112
4,-20.454,41.982,2.657
2,-17.932,-0.977,4.483
2,29.894,45.261,-0.934
2,4.838,12.317,1.217
2,20.221,-38.425,2.558
2,-15.349,-39.325,5.471
2,19.869,-38.398,2.895
2,41.491,-31.434,1.033
2,32.587,44.434,-0.626
2,-40.083,15.573,7.377
2,30.006,-49.268,2.583
2,3.154,29.900,-0.204
2,-17.511,49.836,2.570
2,-48.115,41.779,3.209
2,15.785,13.673,0.315
2,-13.417,-9.727,5.596
7,22.053,27.818,3.082
2,-17.918,-36.845,5.224
7,8.515,34.844,4.944
7,18.621,25.540,17.552
2,31.223,-40.833,2.983
2,10.258,-6.616,1.302
2,19.014,-31.408,2.211
7,22.785,29.017,1.742
2,18.792,-13.541,1.991
2,39.683,-6.537,-1.320
2,-43.372,-48.628,0.875
2,-20.478,42.074,2.011
2,-48.238,11.109,9.153
4,26.270,0.117,-1.318
2,12.806,-31.047,2.334
2,-44.070,-38.254,1.082
2,23.856,6.729,-1.341
2,-1.348,21.251,1.060
2,-33.829,36.496,3.343
2,27.143,-28.622,2.737
2,-24.541,-19.149,6.573
2,11.307,48.738,0.397
2,31.257,43.179,-0.414
3,42.190,29.541,-0.163
2,-32.659,-9.375,6.184
2,33.980,-47.168,2.974
2,-40.265,-16.284,4.876
2,41.269,19.072,-1.666
2,-40.153,-8.876,6.387
2,37.300,-5.403,-1.380
4,-19.064,7.018,5.123
2,-6.800,-8.867,5.600
4,13.105,40.767,-0.017
2,-35.304,-24.942,4.787
2,-14.099,-49.935,4.654
2,-41.470,-30.068,2.780
2,37.239,49.674,-1.473
2,39.491,34.455,0.601
2,28.590,14.117,0.166
2,8.507,21.192,0.142
4,31.601,8.678,-0.637
4,15.301,-31.927,2.595
2,42.891,-22.911,0.458
2,-33.582,36.553,3.435
3,-16.510,-22.329,6.554
2,-28.591,9.947,5.750
3,-0.437,13.154,2.328
2,15.766,-8.681,0.845
2,31.309,-25.445,1.235
2,-21.042,-47.867,5.026
2,14.624,20.960,0.168
3,-21.512,41.852,2.557
2,24.017,-48.105,2.437
2,33.305,21.263,-0.058
2,-16.733,-23.227,6.284
2,22.195,-22.332,2.732
4,21.015,40.338,0.479
4,-36.618,-25.188,5.359
2,-4.912,21.905,1.539
2,-41.433,-4.513,6.992
2,39.356,46.457,-0.902
3,-9.124,-5.480,5.429
7,19.446,25.541,18.324
2,-7.756,-9.864,5.617
4,28.142,38.558,0.593
2,34.280,-3.478,-1.284
2,-49.606,47.131,1.804
2,-36.063,-31.221,3.607
3,-25.963,29.408,5.192
2,33.391,-32.444,1.877
2,-48.762,41.275,3.356
3,4.851,-34.520,3.814
2,20.953,-36.238,2.812
2,-33.150,22.753,5.734
7,-6.800,-36.044,-8.110
2,-19.205,-26.304,5.512
2,-41.848,13.548,7.864
2,11.683,-4.293,0.493
3,14.629,-31.234,2.518
2,46.671,47.050,0.486
2,10.035,-0.313,0.034
2,8.819,-26.385,3.895
2,-16.435,-23.310,6.243
2,45.406,19.278,-1.437
3,-8.596,-4.990,5.271
2,-4.357,-32.857,5.203
2,22.801,-3.847,-1.541
3,-20.905,40.817,2.493
2,-48.700,-15.851,3.447
4,-27.009,29.885,5.161
7,22.397,28.495,19.821
2,-6.997,-7.223,5.622
2,37.654,-21.512,-0.179
2,32.889,-16.609,0.556
4,24.436,-4.701,0.184
3,-21.112,42.487,2.625
2,-16.928,-21.302,6.225
2,-40.700,-41.253,1.273
2,-28.673,-1.842,6.407
2,19.685,-4.552,-0.910
2,-17.828,-6.704,5.315
2,19.890,-6.884,0.141
2,-33.451,-22.706,4.771
2,-40.405,-44.269,1.269
2,48.388,-41.022,1.596
2,31.561,-27.341,1.713
2,-5.441,-10.369,5.615
2,3.604,6.290,1.505
2,-42.606,-23.417,3.221
2,-29.869,-24.049,5.322
2,-49.657,2.461,8.344
2,27.704,14.784,0.157
2,25.441,15.328,-0.267
2,-2.940,-30.639,5.125
2,-43.556,0.209,8.424
4,41.814,17.085,-1.022
2,30.431,-21.780,1.244
2,28.243,13.402,-0.163
2,-16.818,-0.163,4.326
2,-21.004,13.537,4.354
4,20.808,-22.330,3.514
4,-1.310,13.681,2.622
2,-42.131,-28.059,2.949
2,-7.600,-31.333,5.621
4,42.751,18.043,-0.658
2,-40.170,-21.842,3.691
2,-26.223,-27.795,4.927
2,-20.360,-15.232,6.039
2,-19.173,-41.729,4.673
2,38.470,10.954,-1.558
7,-37.327,20.781,-7.114
2,32.547,44.265,-0.516
2,-47.731,36.687,4.133
2,41.910,19.559,-1.476
2,-36.158,-37.390,2.426
2,-40.373,5.746,7.423
3,42.521,22.132,-0.773
2,-34.667,36.852,3.519
4,32.741,44.523,0.186
2,-8.997,24.878,2.828
2,-25.387,22.813,5.009
4,40.614,17.262,-0.350
2,-11.875,3.879,3.759
2,41.538,-3.315,-2.206
2,-28.008,37.358,3.086
2,48.197,-5.987,-1.919
4,-19.955,-5.106,6.083
2,-36.568,12.982,6.759
7,19.314,25.544,14.121
4,39.234,-17.726,1.043
2,-30.184,-15.777,6.046
2,44.846,-19.879,1.021
3,41.857,-18.802,0.666
4,-43.889,-9.709,6.407
2,-33.951,36.934,3.501
2,19.447,7.885,-0.963
2,-43.504,-35.894,1.334
2,-32.585,-34.744,3.066
4,-28.035,32.027,5.184
2,-5.880,-7.126,5.778
2,-1.138,9.036,2.331
2,-49.933,19.333,8.977
4,-24.030,-7.700,6.610
2,8.500,-3.287,1.110
2,-7.246,1.460,3.607
2,21.259,-36.393,2.949
2,-21.106,19.720,4.645
2,5.473,21.541,0.097
2,-5.513,-33.581,5.243
2,-41.682,39.693,3.604
2,42.022,23.017,-0.881
2,-27.750,31.939,4.295
4,31.311,33.517,1.019
2,-36.824,-25.176,4.369
2,-36.612,-25.744,4.658
2,-11.310,23.640,3.557
2,-5.277,-42.464,4.926
2,18.649,-6.903,-0.080
4,5.617,-34.861,4.270
2,45.184,-4.241,-1.880
2,38.634,-17.892,-0.048
2,-7.916,-22.048,6.189
2,-34.413,36.996,3.518
2,27.595,36.219,0.084
2,43.321,32.410,-0.568
2,-31.324,-11.602,6.325
2,17.695,-37.407,2.427
2,46.180,-26.498,1.424
2,-16.642,-41.465,4.939
2,-31.830,23.358,5.613
2,9.372,6.820,-0.016
2,-5.598,-9.093,5.813
2,46.553,-4.176,-1.999
2,26.977,-33.776,3.187
4,18.145,-16.494,3.514
2,41.308,-31.346,1.110
2,49.530,17.440,-1.762
2,-17.636,-27.160,5.705
2,44.642,-20.543,0.959
2,31.608,39.660,-0.017
2,30.912,46.956,-1.159
2,-41.626,-19.323,4.426
2,24.066,-20.949,2.279
3,-26.131,28.793,5.232
2,-26.003,-17.256,6.534
3,-4.935,-19.004,5.955
2,-6.616,-7.428,5.707
2,-5.559,-7.373,5.746
2,-42.149,-12.218,4.988
2,-21.722,-23.420,6.130
2,-31.351,18.861,5.532
2,-9.958,38.254,1.862
2,38.674,3.733,-2.130
2,7.546,-13.673,3.152
2,23.759,-13.583,1.733
7,15.836,25.494,13.928
2,-24.800,24.574,5.356
2,41.910,29.482,-0.221
2,2.846,-25.402,5.303
2,-46.175,32.084,5.372
2,-49.767,-42.457,0.930
2,-23.995,1.542,6.151
2,-2.449,-4.507,4.319
2,39.755,15.462,-1.638
2,33.047,31.365,0.426
3,42.074,29.716,0.086
3,26.982,38.631,0.483
2,-40.662,-28.007,3.361
2,12.051,10.472,-0.522
2,49.530,-26.671,1.919
2,41.825,-48.219,2.392
4,-26.728,31.890,5.186
4,3.495,4.435,2.301
2,-12.861,-21.552,5.979
4,9.399,29.558,1.486
2,15.491,-21.130,3.103
7,24.368,31.875,28.878
2,-18.873,26.063,4.139
2,11.576,38.287,51.945
2,2.866,30.429,-0.263
2,5.735,-10.646,2.889
2,34.747,-14.990,-0.011
4,42.324,22.030,-0.278
3,42.216,29.874,-0.046
2,5.159,30.222,-0.484
2,42.143,29.717,-0.359
2,-33.168,-28.447,4.380
2,-8.486,-44.137,4.787
2,-46.548,-9.841,5.344
2,29.461,-42.079,3.438
2,32.849,23.522,0.240
2,-16.571,-22.708,6.398
2,28.730,14.856,-0.063
2,13.785,8.376,-0.983
2,37.187,25.483,-0.493
2,4.249,-9.205,2.898
2,-29.085,-3.422,6.351
2,-20.984,43.628,2.048
2,24.108,3.323,-1.951
2,24.873,4.232,-1.745
7,10.075,37.791,15.333
2,32.823,-5.892,-0.757
3,6.305,22.196,0.664
2,49.964,27.319,-0.394
3,5.607,-32.819,3.839
2,-38.110,12.255,6.945
4,16.278,-32.188,2.591
4,32.425,9.407,-0.790
2,-46.776,-45.661,0.994
2,23.484,-22.646,2.444
4,-13.373,32.748,3.630
2,-44.148,25.675,6.559
2,-25.084,40.679,2.230
2,12.957,-16.169,3.240
2,-47.972,41.029,3.182
2,-10.642,9.981,3.050
2,-3.923,30.540,0.814
7,8.096,34.425,17.093
2,31.396,9.651,-1.183
2,-19.195,-14.432,5.913
2,-19.084,9.264,4.597
2,-49.336,2.970,8.363
2,-33.521,36.511,3.454
2,5.961,6.619,0.543
2,39.365,39.042,0.643
2,-34.319,11.545,6.535
2,-19.330,-33.865,5.088
4,-20.309,41.003,2.661
2,-28.560,45.653,2.116
2,-47.010,-28.901,1.938
2,19.010,-37.727,2.613
2,-47.747,39.249,3.633
4,20.793,-16.464,2.976
4,-22.286,-6.551,6.284
2,12.357,-12.463,2.935
3,-21.043,40.735,2.432
2,7.918,30.219,-0.585
4,33.194,9.197,-0.393
2,15.250,38.340,51.945
4,-18.468,8.585,5.193
2,-49.286,14.201,9.417
2,-31.016,6.307,5.480
2,6.862,-42.165,3.088
4,-22.006,-10.594,6.920
2,4.467,29.264,-0.522
2,-39.877,47.262,2.052
4,20.793,25.432,4.484
2,-45.361,0.471,8.315
4,-35.801,-25.070,5.019
2,-9.187,32.890,2.076
2,-6.638,-6.619,5.597
2,38.400,-16.166,-0.264
2,-43.629,-22.748,3.331
2,-41.266,-16.118,4.940
2,-6.239,-49.919,3.576
2,-28.014,32.251,4.310
2,-48.494,38.399,3.777
2,44.378,31.271,-0.734
2,-37.066,-0.295,7.068
4,1.472,-1.549,3.556
2,40.879,-8.714,-0.938
2,32.048,-2.342,-1.712
2,-33.408,36.567,3.397
2,-37.325,-15.701,5.117
4,24.965,-1.462,-1.042
2,38.935,-44.994,2.746
2,41.105,-27.098,0.846
2,26.353,-24.614,2.468
2,42.142,21.526,-0.965
3,21.484,2.149,-1.677
2,-49.239,-2.866,7.594
7,23.722,30.784,11.394
2,-10.899,-35.905,5.716
2,-9.580,25.172,2.976
7,20.129,25.502,3.730
2,-40.120,-26.583,3.571
2,-33.954,37.788,3.077
2,31.975,44.465,-0.252
2,38.450,-25.718,0.767
2,-19.431,19.018,3.988
2,-1.394,-47.044,4.076
2,9.512,39.270,-1.030
2,-12.708,-34.939,5.735
2,-22.484,12.867,4.529
2,-26.228,-12.075,6.909
2,28.327,-40.045,3.269
2,-20.662,29.746,4.065
2,23.761,37.627,-0.280
2,18.857,-42.235,2.616
2,32.426,-36.785,2.157
2,38.511,-18.772,-0.051
2,-36.434,-8.013,6.363
2,36.438,3.695,-2.096
2,-48.544,-47.717,0.867
2,31.939,44.422,-0.478
2,11.365,-49.642,1.716
2,-20.457,40.569,2.036
2,-43.399,6.718,8.110
2,-4.544,-24.964,5.708
2,19.265,48.477,-1.087
2,-33.157,11.595,6.392
2,-30.761,22.441,5.313
2,-7.003,-3.254,4.537
2,-1.207,-33.326,4.885
2,48.212,33.536,-0.720
2,-33.731,36.454,3.470
2,-8.592,10.836,2.632
3,32.543,7.864,-1.514
2,7.120,-15.801,3.484
2,21.409,-37.933,2.870
3,-19.982,41.752,2.428
2,34.017,49.856,-1.808
3,26.003,37.485,0.596
2,11.134,-41.338,2.992
2,-9.978,30.969,2.157
2,9.831,-6.222,1.406
2,40.073,45.251,-0.509
2,-7.585,34.909,1.704
2,-6.679,-44.689,4.621
2,-6.912,36.429,1.505
2,44.139,-8.591,-1.048
4,-6.238,-33.943,5.986
2,-8.485,-28.382,5.950
2,-2.018,-1.498,3.543
2,29.518,19.204,0.229
2,5.098,34.217,-0.840
2,5.606,-40.052,3.391
2,-31.402,-1.919,6.515
4,-0.495,12.247,2.526
4,22.198,-16.495,3.527
2,-18.465,-46.039,4.935
4,20.875,-5.563,-0.253
2,48.966,23.210,-0.775
2,-41.356,-30.697,2.693
3,25.871,36.742,0.372
2,12.259,47.078,-0.285
2,32.414,44.109,-0.332
2,21.017,42.574,-1.389
2,33.004,-48.649,2.975
3,32.425,44.325,0.034
3,41.923,18.517,-1.639
2,-48.721,-14.277,3.528
3,-0.450,12.452,2.249
2,-31.480,45.139,2.452
2,-20.659,41.677,2.011
2,43.350,-33.803,1.672
7,9.088,36.003,4.826
2,-46.938,-24.740,2.351
2,-42.409,-9.240,5.960
2,-47.656,6.567,8.225
2,48.267,45.922,0.502
2,20.376,-11.774,1.732
2,-5.709,-43.695,4.850
2,-33.071,38.103,3.033
2,-47.612,4.987,8.242
2,16.989,-38.351,2.265
2,-27.989,23.465,5.185
2,-13.926,41.284,1.768
7,-20.737,17.045,-79.277
2,41.855,-31.579,1.530
3,-36.459,-25.673,5.092
2,0.053,4.585,2.258
2,-25.272,-49.992,4.963
2,-17.063,-29.036,5.564
4,-19.561,-9.251,7.025
2,43.399,-8.776,-1.018
4,-19.813,-8.054,7.072
2,-29.594,-38.396,3.392
2,40.159,-34.774,1.764
2,26.257,-44.971,2.839
3,-35.470,-35.441,3.266
3,28.391,13.140,0.256
2,-37.734,28.211,4.963
2,-43.718,34.285,4.471
2,-31.912,-42.699,2.517
2,9.089,7.278,0.101
7,8.437,31.470,2.274
2,-20.820,42.375,2.012
3,28.754,13.901,0.318
2,5.579,-10.117,2.825
2,-26.043,-13.467,6.824
2,-36.615,-25.372,4.374
2,-35.592,-25.240,4.746
2,31.580,-47.975,2.853
2,4.861,-40.435,3.602
2,-0.342,11.477,1.864
2,-40.441,-31.074,2.745
2,-34.789,41.167,2.800
2,-39.672,-3.783,6.981
2,11.897,49.031,0.340
2,-0.449,12.867,1.822
2,8.781,-37.653,2.954
2,-1.153,-22.121,5.467
2,-35.206,-27.774,4.399
2,-16.471,-33.602,5.560
2,-5.940,-26.147,5.804
2,29.061,-0.161,-1.976
2,-5.284,16.348,2.359
2,-46.911,-27.164,1.971
2,-31.323,8.215,5.860
2,-26.015,-12.837,6.751
3,25.816,36.981,0.628
2,-44.074,-26.476,2.839
2,2.639,-41.079,3.944
2,1.071,22.269,0.478
2,-4.501,21.291,1.584
2,-8.769,22.993,2.907
2,-15.355,-15.328,6.421
2,-7.071,17.565,2.268
2,-30.500,-39.092,3.160
7,18.049,25.513,18.234
2,16.163,45.081,-0.941
3,-35.451,-25.089,4.943
3,41.364,28.737,0.005
4,42.704,22.872,-0.310
2,-42.399,9.938,7.968
2,-36.034,-36.004,2.528
2,40.356,37.464,0.797
2,48.151,6.141,-3.075
2,0.404,-31.594,4.821
2,-7.367,-7.727,5.744
2,32.121,4.623,-2.241
2,11.129,-6.628,0.907
2,-16.910,-35.767,5.287
7,15.909,25.504,10.408
2,-7.280,-12.713,5.848
2,-48.391,49.610,1.401
2,10.991,-17.596,3.144
2,-47.606,41.441,3.101
1,20.807,25.506,3.786
2,-42.340,-34.078,1.794
2,25.916,36.752,0.255
4,40.650,17.551,-0.657
2,13.339,4.748,-1.182
3,-19.905,19.337,4.383
3,29.690,0.410,-1.693
2,-24.989,-6.540,6.329
2,38.455,2.735,-2.102
2,-35.990,26.594,5.398
2,42.329,-9.795,-0.783
4,-19.040,-49.962,5.532
2,5.246,26.691,-0.443
4,-20.715,-7.155,6.348
4,-1.690,13.598,2.742
2,41.364,-29.438,1.011
7,23.149,29.681,12.179
2,-40.292,-41.901,1.321
2,-10.655,-3.798,4.982
4,-17.897,6.809,5.006
4,-44.344,-9.145,6.420
2,44.215,31.931,-0.686
2,-48.849,-34.728,0.877
2,-14.928,-32.776,5.460
2,21.211,-2.013,-1.478
2,-33.806,-7.580,6.248
4,-1.347,-1.379,4.135
2,-48.908,46.889,1.940
3,-35.836,-25.673,4.992
2,-35.489,32.897,3.810
2,28.806,11.782,-0.384
2,25.912,-16.789,1.859
3,-21.381,41.859,2.221
2,-8.398,16.740,2.668
2,43.403,0.893,-2.377
2,19.825,-22.502,2.855
3,41.490,28.999,0.141
4,-19.461,7.111,5.230
2,3.048,46.675,0.638
2,-41.296,-38.793,1.528
7,17.364,25.490,4.187
2,-5.955,-19.241,6.099
3,-18.276,7.138,4.825
2,-30.987,-3.876,6.393
2,-25.767,-0.537,6.632
2,26.880,-18.428,1.828
2,-4.836,47.370,1.718
3,29.669,12.935,0.148
2,-13.388,-22.614,6.220
3,-44.394,-9.566,5.964
2,4.768,-9.351,2.876
2,3.356,47.345,0.741
2,22.873,16.915,0.161
2,-13.412,12.944,3.634
2,-1.958,-35.497,4.856
2,42.310,-47.842,2.250
2,37.054,30.254,0.499
3,30.614,32.635,0.749
2,-0.545,-41.135,4.165
4,40.797,17.446,-0.831
2,-28.126,31.864,4.164
2,36.658,26.025,-0.347
2,-2.008,-9.105,4.498
3,-20.312,7.974,4.984
2,16.954,-49.388,2.741
4,-4.895,20.105,2.233
2,27.522,10.484,-0.624
3,-6.373,-32.894,5.932
2,-14.198,38.528,2.231
2,-40.322,-48.826,0.980
2,-32.130,29.524,4.553
2,32.600,42.641,-0.281
2,28.390,-26.962,2.098
2,20.258,11.698,-0.226
2,-20.830,37.448,2.646
2,-2.788,41.593,0.021
2,18.427,25.062,0.005
2,48.716,40.725,0.151
2,-12.815,-45.438,4.792
2,20.460,-36.260,2.766
2,-1.089,13.079,1.901
4,-43.961,-9.557,6.451
3,-26.808,-19.944,6.581
2,-17.606,-14.556,5.971
4,41.590,-30.373,1.865
7,37.731,-21.504,-6.610
4,-5.540,22.614,2.256
2,-26.394,-11.142,6.437
3,-16.181,-22.313,6.688
4,15.009,8.252,0.235
2,-9.997,-4.854,5.012
2,30.873,-5.500,-0.433
2,-33.622,-27.473,4.458
2,-36.562,-26.129,4.443
2,-7.272,-42.797,5.049
2,3.393,-1.454,2.187
2,40.368,-30.391,1.092
2,7.610,31.421,-0.618
2,-5.570,-30.380,5.872
3,-29.127,49.945,2.330
2,-35.625,-4.063,6.868
2,-34.797,49.895,2.082
2,22.671,-45.617,2.868
3,41.298,29.468,0.060
2,26.254,19.302,0.211
2,-31.437,10.116,6.174
2,-20.313,-35.692,4.683
2,-25.489,-41.518,3.681
2,-32.726,2.103,6.199
3,6.946,21.630,0.348
2,31.347,8.063,-1.448
2,39.342,-20.913,0.192
7,22.993,29.642,17.062
2,-35.518,-25.287,4.592
2,-46.841,13.369,8.799
4,-19.821,-8.478,7.156
2,-46.240,-38.953,0.724
2,3.028,49.795,1.212
2,11.217,-47.424,2.038
2,37.945,-41.144,2.466
2,3.484,-49.715,3.163
2,39.299,41.138,0.245
2,-34.097,24.611,5.564
2,49.065,7.885,-3.196
2,37.726,3.632,-2.078
2,-7.632,-8.393,5.768
2,38.970,0.867,-1.959
4,15.642,-30.745,2.866
2,18.564,-30.483,2.292
2,-25.296,46.439,1.865
2,34.349,-23.799,0.893
2,-25.250,-8.702,6.052
7,24.525,32.041,13.500
2,18.739,-23.591,2.724
2,24.995,45.666,-1.742
2,22.532,41.796,-1.067
4,-36.339,-26.015,4.986
4,-0.235,13.025,2.567
3,-15.793,-23.112,6.390
2,5.673,41.959,-0.230
2,11.448,6.820,-0.615
2,-13.787,17.300,3.879
2,-29.024,-12.456,6.544
2,-1.967,31.764,0.078
2,-43.643,23.972,6.737
2,21.787,-10.230,1.020
2,37.383,38.968,0.419
2,-26.681,-12.110,6.723
2,-22.991,49.539,2.519
2,-33.853,36.421,3.548
2,-36.539,-16.961,5.120
2,46.478,-28.945,1.266
2,24.750,-43.099,3.056
2,41.481,37.731,0.612
2,15.546,-14.236,2.267
2,-33.875,-21.357,4.720
2,-20.834,19.851,4.467
7,21.488,26.707,13.578
2,27.694,12.721,-0.147
2,49.857,28.718,-0.399
4,-0.217,13.093,2.659
2,5.112,49.768,1.099
2,42.936,-0.543,-2.430
2,-31.982,48.120,2.174
2,31.265,28.406,0.375
2,6.191,-32.743,3.565
2,25.877,-43.025,3.005
2,47.758,-42.002,1.666
2,32.402,-48.579,2.928
4,-5.630,-33.485,6.006
2,-15.170,40.614,1.886
2,-42.686,-28.016,2.967
2,-18.431,38.644,2.147
4,-21.801,-9.153,6.882
4,-2.244,22.641,2.046
2,8.786,32.663,51.945
2,-29.671,6.817,5.820
2,-4.863,20.476,1.801
2,-16.636,32.380,2.981
1,-43.861,-9.555,5.908
4,-3.640,22.126,2.259
4,40.638,-20.967,0.851
2,-42.535,-42.089,1.435
2,15.280,-31.289,2.122
2,49.360,-8.660,-1.239
3,-19.894,43.365,2.519
2,-46.513,-38.121,0.757
2,19.511,34.118,51.945
2,-25.069,27.977,5.002
2,13.274,3.042,-1.018
7,23.443,30.280,10.032
2,-11.159,42.547,1.304
2,16.400,43.579,-1.183
2,35.138,-20.125,0.177
4,41.111,18.031,-0.734
2,15.821,3.993,-1.313
7,8.178,34.250,19.227
3,26.721,38.784,0.272
2,-33.947,36.310,3.413
2,5.246,16.470,1.073
2,17.184,45.791,-0.909
2,5.746,20.906,0.194
2,-38.896,12.568,7.070
2,-37.920,47.134,2.001
4,38.906,-19.163,1.300
2,-13.462,26.062,3.703
2,-33.743,-9.222,6.183
2,-34.528,8.568,6.493
2,40.972,37.156,0.581
4,-0.844,12.351,2.538
2,-43.343,5.264,8.180
2,43.759,20.545,-1.184
2,-31.830,-30.217,3.768
2,-48.624,0.659,8.454
2,22.559,3.894,-2.006
2,26.250,-46.427,2.494
2,3.421,46.007,0.343
2,-12.711,15.668,3.475
2,-5.515,-31.946,5.684
2,-24.192,-13.297,6.464
2,34.382,36.969,0.233
3,-18.265,7.186,4.618
2,0.093,46.486,0.947
2,-22.786,-5.775,5.770
2,8.152,-44.059,3.056
2,8.670,30.595,-0.568
2,-34.247,37.171,3.398
3,32.871,44.274,-0.114
2,-39.942,-49.494,0.917
2,-31.559,29.721,4.560
7,10.119,37.911,4.564
2,36.628,33.714,0.621
7,44.934,30.503,-10.855
2,-14.856,45.227,2.123
2,-47.389,46.268,1.974
2,15.093,-24.799,2.720
3,19.969,-37.155,2.977
2,11.689,34.614,51.945
2,28.662,-0.715,-2.046
2,-33.622,-16.215,5.649
2,-43.029,46.113,1.790
2,7.529,41.146,-0.649
2,0.136,-2.394,3.258
2,-17.643,-3.559,4.611
3,-5.437,-19.252,6.158
3,-16.480,-22.110,6.680
2,26.435,-30.108,2.858
4,0.133,13.670,2.719
2,-6.178,-1.463,4.152
2,-3.617,-47.624,4.153
2,39.763,2.624,-2.087
4,-3.937,23.509,2.063
2,33.645,-15.109,0.311
2,7.950,20.451,0.682
2,-41.396,-44.268,1.228
3,5.319,-17.058,4.312
2,-39.895,39.062,3.485
2,39.286,47.450,-1.034
2,-29.531,35.425,3.353
2,44.726,-15.811,-0.114
2,-11.840,20.511,3.801
4,40.370,17.729,-0.487
2,21.693,-2.391,-1.467
2,-0.546,-48.923,3.747
2,-15.796,-31.358,5.528
2,-17.028,8.908,3.895
2,-10.548,-3.781,5.058
2,36.171,-33.882,1.472
7,23.744,30.824,21.881
2,-27.448,32.426,4.266
2,-15.988,20.880,3.992
2,-35.452,-23.532,4.394
2,25.837,-6.514,0.220
4,22.789,-21.161,3.172
2,46.228,-39.113,1.605
2,-2.780,29.724,0.447
2,-32.081,13.326,6.272
2,31.474,7.866,-1.495
3,14.499,-31.353,2.635
2,7.337,39.692,-0.755
2,30.387,27.408,0.299
2,-35.046,34.364,3.596
2,44.088,-20.885,0.820
2,36.301,-40.818,2.568
2,-44.333,-9.328,5.894
2,1.141,20.477,0.978
7,16.651,25.532,16.823
2,42.468,22.389,-0.938
2,-2.592,-15.989,5.030
2,22.188,-34.875,3.112
2,-9.929,7.005,2.625
2,16.634,38.066,51.945
4,15.192,-31.669,2.861
2,-37.707,22.782,6.237
2,46.649,-46.578,1.378
2,-38.567,-7.596,6.436
2,-49.620,-44.276,0.971
3,-35.651,-36.076,2.848
2,-17.908,45.133,2.295
2,-33.944,37.100,3.349
2,7.031,49.906,1.090
2,-22.488,-43.214,4.319
2,25.284,-12.127,1.418
2,49.042,-29.732,1.261
2,-16.217,46.094,2.290
2,-42.185,21.409,7.295
2,-48.177,-45.203,0.917
2,32.166,-33.681,2.200
7,10.465,38.367,19.606
2,-17.808,-13.129,5.861
2,-0.985,-36.375,4.635
2,14.491,31.730,51.945
2,-25.370,6.147,5.490
2,35.162,48.606,-1.581
2,-35.283,-30.968,3.652
4,7.445,20.858,0.682
2,18.708,-36.836,2.247
2,2.163,-18.845,4.765
2,-1.304,-18.041,4.915
2,-16.504,-21.682,6.087
2,-9.097,-21.315,6.336
2,-36.030,24.365,5.894
2,39.623,-12.267,-0.404
2,-26.655,-11.735,6.927
2,8.775,49.905,0.948
2,-21.738,-34.967,4.349
2,23.337,-32.893,3.087
2,-10.965,21.430,3.634
2,7.077,-13.308,3.209
2,29.088,48.627,-1.506
2,37.197,-15.522,-0.449
2,-14.745,42.127,1.941
3,27.921,13.616,0.216
2,-9.975,12.887,2.816
3,40.127,16.902,-1.266
4,5.943,-16.930,4.405
2,-21.837,28.497,4.564
2,16.975,-19.490,3.333
2,-9.693,34.976,1.956
2,-25.238,-11.766,6.728
2,-36.457,-25.706,4.595
3,32.698,43.884,-0.019
2,-36.065,35.244,3.465
2,-1.044,-20.862,5.491
7,21.461,26.718,7.300
7,-45.145,40.081,-5.710
2,-40.383,4.778,7.373
2,-26.823,30.964,4.747
2,0.435,-25.237,5.807
2,30.297,-33.702,2.780
2,42.032,28.613,-0.257
2,48.801,-30.221,1.265
2,19.981,-38.228,2.904
2,38.719,34.074,0.677
2,-21.522,-40.965,4.091
3,19.318,-9.111,0.777
2,-23.473,0.291,6.269
2,-24.845,-34.604,3.916
2,-27.045,-17.056,6.345
2,-19.339,42.350,2.093
2,28.868,38.320,0.079
2,36.905,-29.331,1.153
4,38.115,-18.404,0.842
2,-23.248,21.222,4.414
4,34.223,8.685,-0.548
2,-27.474,-35.422,3.619
2,45.355,40.477,0.266
4,-26.387,-19.319,7.544
4,-2.195,22.530,1.732
2,43.147,-6.426,-1.269
2,13.735,-20.216,2.887
2,-36.691,-44.843,1.437
2,10.876,-32.794,2.461
2,28.097,35.939,0.052
2,-0.577,-9.839,4.212
2,-31.210,17.585,5.531
2,-46.659,28.602,6.186
2,-13.185,-35.417,5.814
2,41.169,-7.429,-1.284
2,-40.461,-19.312,4.561
2,21.066,-36.074,2.716
2,1.996,9.873,1.583
2,-28.363,18.005,4.980
2,29.413,-38.595,2.954
4,-27.572,30.410,4.987
2,-29.881,25.009,5.580
2,-8.721,33.985,1.949
3,29.554,13.074,0.437
2,-25.097,28.406,4.928
2,-39.779,26.105,5.967
3,32.086,44.555,-0.022
4,-4.249,21.393,2.469
4,40.338,-16.250,0.835
2,-34.376,36.389,3.337
2,37.634,12.775,-1.279
3,-20.324,41.070,2.519
2,-40.692,41.162,3.327
2,-19.800,6.258,4.784
3,5.082,-16.709,4.425
2,-26.321,-1.727,6.455
3,-16.162,-22.386,6.564
2,16.496,49.757,-0.655
2,-0.399,12.940,1.830
2,4.919,-30.166,4.369
2,14.837,7.101,-1.459
2,45.565,-5.575,-1.519
7,22.049,27.733,0.988
2,36.615,37.342,0.710
2,-16.506,-22.732,6.494
2,37.130,31.408,0.807
2,-7.202,-39.356,5.240
3,26.325,36.068,0.613
2,-22.507,-6.976,5.665
3,-37.097,-36.457,2.543
2,-36.778,41.790,2.918
2,30.163,18.036,0.125
2,41.940,17.954,-1.709
4,23.901,-19.437,3.648
2,5.170,-14.431,3.541
2,7.178,-31.288,3.522
4,15.043,13.677,1.586
2,32.531,44.414,-0.567
2,-21.280,40.588,2.102
2,-46.634,43.751,2.435
2,19.670,-0.651,-1.533
2,-40.116,11.271,7.427
2,14.441,-22.008,2.794
2,22.494,-47.401,2.752
2,26.498,22.767,0.211
2,14.809,-28.603,2.399
2,-49.855,27.927,6.719
2,-23.708,28.717,4.717
4,21.246,-0.883,-0.883
4,-21.488,41.943,2.699
2,-4.984,32.684,1.038
2,-41.952,-7.004,6.767
2,29.458,48.122,-1.457
7,17.361,25.554,8.401
2,17.184,28.141,51.945
2,-6.238,-8.703,5.592
2,6.571,43.793,-0.078
2,-1.161,-8.028,4.247
2,-35.303,7.207,6.294
3,13.629,-29.846,2.381
2,23.317,24.705,0.356
2,25.909,-12.492,1.375
2,-18.831,-28.306,5.536
3,43.479,21.137,-0.900
3,4.686,-33.432,4.005
2,14.096,-33.685,2.112
2,-6.759,-6.746,5.813
4,34.185,8.792,-0.954
2,-14.720,-10.754,6.002
4,40.946,-15.126,0.795
2,42.917,30.991,-0.597
4,17.654,8.239,-0.370
2,1.821,-10.451,3.706
2,30.714,-18.278,1.037
4,4.119,1.055,3.095
4,24.768,-1.607,-1.055
2,-43.991,-9.354,5.896
2,41.681,12.383,-1.904
2,-41.874,25.582,6.383
2,25.082,23.081,0.024
2,-16.370,-23.258,6.375
2,-32.207,-5.808,6.343
2,35.446,9.280,-1.650
2,-8.096,-7.804,5.781
2,18.011,21.684,0.239
2,-27.969,39.232,2.497
2,10.301,-33.293,2.585
2,-47.169,-31.353,1.587
4,-20.100,40.538,2.599
2,47.854,32.526,-0.751
2,-11.089,8.695,3.067
2,32.223,-11.425,0.197
2,-3.510,-10.567,5.205
2,10.487,1.320,-0.432
2,38.058,-14.680,-0.549
2,-13.617,33.922,2.281
4,31.528,6.367,-0.614
2,17.174,-26.042,2.502
3,-3.504,23.727,1.543
2,-34.157,-47.963,2.198
2,-12.539,-9.958,5.619
4,42.059,-17.427,0.606
7,16.580,25.404,9.799
2,-5.037,41.540,0.315
2,41.664,11.490,-1.877
4,21.539,-0.751,-0.960
2,47.823,-35.930,1.295
2,-22.309,-26.686,5.151
2,2.884,-29.921,4.890
2,20.325,-46.097,3.073
2,-42.387,-5.502,6.917
2,-15.862,-1.878,4.441
2,32.245,44.702,-0.622
2,24.847,35.170,0.001
7,10.067,37.781,6.718
3,-36.130,-36.584,2.721
2,48.638,41.852,0.169
4,-18.496,-8.835,6.986
2,-8.297,29.186,2.354
2,-47.650,1.300,8.361
2,40.702,45.358,-0.426
4,21.310,39.556,2.674
4,27.619,14.151,0.399
3,29.083,13.983,0.397
2,3.902,29.709,-0.356
2,-24.204,-21.142,6.224
4,43.126,21.749,-0.343
4,32.401,43.931,0.203
2,34.863,-20.981,0.273
2,-27.085,-13.057,6.905
2,47.581,-14.192,-0.027
2,21.795,2.257,-2.211
2,-34.111,-1.626,6.791
2,-4.986,-47.160,4.256
3,-36.218,-37.031,2.804
3,-20.241,20.149,4.645
2,-23.734,15.474,4.650
3,22.361,32.483,51.945
2,38.587,-39.232,2.150
2,-0.368,-49.443,3.631
2,-17.369,27.791,3.616
2,11.590,-27.208,3.117
2,-15.888,37.509,2.423
2,0.986,-39.710,4.134
2,19.098,-46.136,2.789
2,42.437,-31.221,0.972
2,-48.479,13.022,9.218
2,45.818,44.660,0.282
2,-9.454,-4.676,5.107
2,-41.746,-43.723,1.379
2,48.350,36.510,-0.456
4,-17.300,-49.976,5.193
3,-43.417,-9.729,5.971
2,2.641,-43.187,3.563
2,23.002,49.871,-2.259
2,-27.475,5.928,5.837
7,22.485,28.497,12.837
2,-30.716,48.715,2.192
2,-11.284,3.077,3.918
2,-27.187,31.768,4.266
2,-28.033,0.598,6.573
2,-0.653,-39.585,4.275
2,8.255,42.176,-0.611
3,-18.180,8.271,4.655
2,47.249,-22.249,1.251
2,-39.854,45.208,2.634
3,-20.077,8.143,4.926
2,16.540,6.405,-1.536
2,27.069,22.704,0.137
4,-0.128,13.671,2.501
2,6.764,-40.821,3.086
2,0.670,5.422,2.102
2,-2.112,8.620,2.451
3,33.268,8.882,-1.130
3,-19.567,19.072,4.492
2,-14.065,-48.179,4.596
2,12.039,-30.377,2.585
2,40.583,41.043,0.541
2,-34.390,36.702,3.517
4,20.775,-16.485,3.695
2,24.320,13.805,-0.287
2,4.449,-41.453,3.475
2,21.569,45.818,-1.682
2,30.825,-37.843,2.393
2,28.599,-43.657,3.422
2,-6.891,-9.608,5.593
2,-16.347,-22.828,6.275
2,28.562,-9.941,0.413
2,9.478,41.706,-0.860
2,-11.724,34.562,1.931
2,-35.133,22.768,5.845
4,24.148,-16.404,3.410
4,25.449,-1.747,-0.931
2,5.447,-15.939,3.640
2,-37.705,20.047,6.708
2,-2.110,-24.116,5.748
2,-17.132,26.203,3.650
2,-21.199,-1.245,5.512
2,-16.552,6.502,4.098
2,-9.347,-19.145,6.171
7,24.478,31.956,0.218
2,6.763,7.752,0.672
2,-6.783,-8.596,5.807
2,-36.077,-30.657,3.706
2,-41.824,-31.314,2.476
3,42.042,30.125,-0.010
2,-26.217,28.492,5.235
2,-39.357,48.144,1.739
2,-5.493,-22.413,5.735
2,46.017,35.172,-0.112
2,12.877,18.814,0.346
2,-33.469,-44.442,2.079
2,-0.040,23.052,0.527
2,38.892,13.283,-1.552
2,-48.891,-33.908,0.849
2,8.459,5.849,-0.040
4,-0.023,13.316,2.687
2,-6.869,-43.534,5.003
7,22.064,27.762,12.157
2,36.759,-23.728,0.567
2,-0.162,6.814,2.258
4,31.698,9.147,-0.576
3,-5.209,-33.261,5.737
4,38.445,-16.947,0.932
2,-40.602,19.982,7.537
2,49.447,-7.907,-1.550
2,-35.309,5.119,6.372
3,-15.667,16.237,3.798
2,24.015,12.407,-0.140
2,10.773,40.936,-1.276
2,-28.130,47.908,2.216
2,-13.022,-20.458,6.018
2,-28.124,44.731,2.079
2,-28.645,-3.062,6.293
3,-0.348,12.721,2.345
2,7.274,-37.772,2.986
2,-19.556,7.911,4.686
2,-24.911,41.344,2.180
4,40.094,16.887,-0.596
3,43.853,22.849,-0.541
2,-6.791,-31.858,5.923
3,-36.395,-36.999,2.677
2,22.597,-31.827,2.697
3,27.527,36.843,0.576
2,-36.532,-25.839,4.420
2,12.597,-18.735,2.965
2,-42.890,10.645,8.061
2,-37.780,-5.503,6.652
2,-19.676,38.234,2.291
2,18.126,-32.938,2.024
2,19.445,-40.977,2.585
3,27.829,12.674,0.303
2,39.727,-40.830,2.440
2,-16.985,48.157,2.436
2,-14.299,6.231,3.758
3,-1.748,13.480,2.467
4,22.374,-5.234,-0.361
2,-44.864,43.594,2.374
4,23.301,0.535,-0.971
2,-29.200,-22.171,5.374
2,-5.480,-44.704,4.603
2,10.429,22.567,-0.331
2,-43.930,-18.353,4.265
2,-31.668,-14.413,6.032
2,-7.418,-18.617,5.985
2,31.828,1.137,-2.359
3,8.924,21.457,0.061
2,-36.770,26.542,5.436
2,-0.799,28.726,-0.072
4,32.182,43.830,0.012
2,-42.389,13.394,7.992
2,17.721,-4.607,-0.612
2,-5.698,-31.106,5.689
2,-9.506,25.708,2.985
2,18.363,14.983,0.279
2,-35.968,-39.901,2.248
2,13.648,47.804,-0.364
2,-39.130,13.392,7.214
2,5.047,29.111,-0.578
4,15.230,25.437,1.700
2,48.123,17.252,-1.676
2,-43.191,13.602,8.162
2,-16.766,-25.294,6.016
2,-8.311,25.023,2.765
2,0.039,49.289,1.807
3,36.010,-19.395,0.609
3,-8.608,-4.816,5.410
2,-25.246,-12.464,6.885
2,-20.715,-1.760,5.331
2,5.408,14.253,1.408
3,-20.580,40.732,2.500
2,28.142,2.571,-1.709
2,2.050,26.633,0.018
3,-5.283,23.273,2.097
2,34.666,-21.499,0.347
2,-44.615,31.349,5.244
4,41.368,17.865,-0.967
3,26.908,38.216,0.490
2,29.764,-34.549,2.940
4,-0.762,12.570,2.731
2,38.846,8.649,-1.935
2,41.405,28.590,-0.257
4,-18.673,-7.711,6.833
4,39.924,-14.743,1.023
2,48.950,-4.816,-2.174
3,6.672,20.551,0.712
2,-6.439,-19.632,5.959
2,-16.625,17.023,3.831
2,-26.671,11.063,5.170
4,-35.644,-37.061,3.040
4,-19.689,42.441,2.747
2,28.800,-34.185,3.204
2,-40.328,24.772,6.413
2,-20.319,-44.841,4.740
2,-7.110,-21.059,6.054
2,-27.692,-45.254,3.331
2,38.273,46.329,-1.126
2,27.403,13.346,0.008
2,-23.052,-3.388,6.127
2,-31.626,-25.354,5.005
4,35.990,-19.451,0.656
2,46.288,-6.936,-1.415
2,-16.290,-23.121,6.495
7,18.697,25.531,1.408
2,-43.063,-20.920,4.064
2,-28.207,-8.988,6.238
2,-33.597,45.356,2.678
2,-26.057,-49.965,4.565
3,-27.868,32.627,4.275
2,-14.490,-44.657,4.653
2,1.498,37.404,-1.095
4,9.436,36.694,0.485
4,-43.395,-9.708,6.463
2,21.885,4.280,-1.967
2,-11.230,-47.119,4.570
2,-35.135,1.258,6.616
2,-22.680,47.611,2.451
2,-15.065,-1.478,4.357
2,10.701,48.800,0.459
2,7.762,-38.494,2.970
2,-7.596,-6.470,5.757
2,16.579,-46.831,2.581
4,27.435,-2.203,-1.187
2,-37.654,39.200,3.006
2,-31.094,-38.106,3.209
2,16.664,-37.301,2.387
2,49.058,-9.662,-0.974
4,39.746,18.714,-0.469
2,48.214,-47.395,1.235
2,20.347,-37.535,2.641
2,-9.510,-4.459,5.134
2,-35.745,-27.786,4.290
2,23.512,30.954,51.945
4,-28.893,31.393,5.484
2,-49.895,-2.960,7.573
4,-25.596,-18.225,7.770
2,-17.154,-7.928,5.618
2,19.877,48.195,-1.144
2,31.103,-33.223,2.558
2,35.901,21.088,-0.860
2,8.860,37.518,-0.914
2,-44.219,45.453,1.931
3,26.149,36.088,0.493
2,-45.750,17.886,8.611
2,19.311,-11.538,1.592
2,46.909,25.997,-0.680
2,-35.718,-44.491,1.645
2,-40.899,-44.527,1.153
2,-24.275,-25.760,5.431
4,-36.774,-35.673,3.181
2,-49.585,-7.087,5.592
7,24.425,31.933,30.276
2,12.489,13.602,-0.076
2,-3.027,47.170,1.606
2,7.560,-42.580,3.036
2,38.548,30.826,0.373
2,-0.716,13.124,1.822
2,32.332,16.111,-0.328
2,-22.811,16.859,4.178
2,21.426,48.467,-1.803
2,-8.159,37.515,1.686
2,-24.858,28.763,4.957
2,-7.770,11.818,2.573
2,23.552,49.993,-2.413
2,-32.007,-47.148,2.461
3,29.610,13.126,0.143
2,28.807,-28.157,2.417
2,34.743,49.040,-1.673
2,48.099,-9.746,-0.855
4,-26.243,-19.264,7.910
4,-22.228,-8.863,7.059
2,31.261,-24.581,1.113
2,36.438,-15.551,-0.194
2,16.348,-22.496,2.995
2,1.796,37.941,-1.008
2,-5.697,-8.389,5.764
2,37.099,-47.942,3.120
3,-18.507,7.948,5.107
4,41.463,17.288,-1.168
2,-26.345,-40.165,3.631
3,26.931,-4.557,-0.761
2,-20.631,19.891,4.556
2,7.690,-0.137,0.854
2,-9.403,27.668,2.681
2,29.221,13.826,0.056
2,-25.273,17.744,4.507
2,17.312,-28.810,2.206
2,28.822,10.680,-0.596
2,-42.382,-40.780,1.207
3,-44.240,-8.953,6.074
4,24.371,-6.588,0.302
2,-11.152,-19.420,6.229
2,49.915,3.389,-3.605
2,-22.009,-3.410,5.787
3,27.400,13.484,0.380
2,44.338,44.029,0.231
2,3.951,7.237,1.441
2,-11.920,15.978,3.428
2,27.471,32.434,0.511
2,4.357,-17.781,4.384
2,47.403,3.903,-3.212
2,-3.543,23.453,1.172
4,-13.316,27.103,4.726
3,-18.383,7.450,5.051
7,8.399,34.953,14.202
2,-7.422,29.221,2.198
2,23.051,17.947,0.365
2,-47.316,19.029,8.665
4,-9.596,32.222,3.539
4,21.977,27.746,19.835
2,41.461,-37.855,2.126
2,-6.890,-18.193,6.157
2,1.474,30.345,-0.494
2,9.152,-39.743,2.971
2,32.318,43.889,-0.349
4,5.873,-33.486,4.747
2,-41.259,-37.652,1.734
4,6.770,22.736,0.411
4,9.466,29.541,2.907
2,28.827,44.666,-1.167
2,-36.887,3.799,6.926
2,-33.600,-38.516,2.673
2,14.746,43.242,-1.268
2,-44.854,-34.125,1.378
2,-19.743,-40.889,4.559
4,0.008,13.487,2.382
2,8.901,-31.781,2.880
2,-44.203,-9.105,5.799
2,-26.119,29.174,4.966
2,34.310,9.912,-1.419
2,-5.568,-9.071,5.608
2,7.926,37.431,-0.694
2,-22.937,42.442,2.406
2,-40.194,1.535,7.352
2,-34.373,36.957,3.326
2,-32.022,-36.745,3.101
2,-9.906,-17.808,6.196
2,-14.523,-9.071,5.656
4,39.198,-17.045,1.351
2,13.041,-17.969,3.191
3,40.276,18.628,-1.201
2,-34.852,47.590,2.400
2,-21.729,-10.732,5.983
2,5.024,-16.340,4.099
2,46.142,24.888,-0.797
2,12.368,9.532,-0.663
2,45.171,33.848,-0.291
3,-18.986,8.793,5.003
2,-11.723,36.162,2.024
2,-20.505,35.638,2.768
2,18.700,-24.779,2.372
2,18.950,6.520,-1.764
2,13.372,-30.555,2.136
2,-29.932,33.015,3.685
3,-35.734,-35.512,3.142
2,-4.870,-48.292,4.150
2,-16.071,-22.421,6.121
2,-33.558,36.522,3.505
2,-20.923,24.834,4.937
3,-8.764,-4.646,5.386
3,22.987,-3.014,-1.122
2,21.367,-34.108,2.824
2,0.187,44.150,0.161
4,41.146,17.855,-1.029
2,-26.972,-47.844,4.173
2,41.063,-38.433,2.221
2,2.875,-43.921,3.346
2,-5.339,-9.595,5.567
2,3.513,18.792,0.807
2,-18.136,14.469,4.033
2,34.380,29.310,0.437
2,-20.535,41.498,2.016
4,18.019,40.875,0.083
2,31.464,16.535,-0.109
7,24.497,32.036,4.412
3,24.039,-4.336,-1.278
2,38.648,49.186,-1.308
2,48.322,-37.640,1.444
2,-34.362,36.028,3.527
2,-1.828,21.580,0.991
2,-28.338,-30.521,4.006
2,21.046,22.815,0.335
3,27.537,12.608,0.324
2,-31.970,-4.977,6.368
2,17.065,42.252,-1.235
4,-25.457,-20.038,8.008
2,-26.717,-48.335,4.282
2,47.229,21.610,-0.985
4,24.667,-5.155,0.162
3,28.446,15.055,0.347
2,5.235,-47.077,2.734
3,27.561,13.729,0.288
2,-15.364,32.725,2.706
3,-5.185,-31.627,6.058
2,39.330,-8.540,-0.868
3,-43.914,-9.516,6.304
2,-32.660,46.666,2.485
2,16.371,4.237,-1.462
2,-33.955,36.305,3.417
2,-17.149,49.007,2.497
2,28.249,13.177,0.023
2,17.684,-25.784,2.489
2,-34.455,36.154,3.325
2,49.845,-42.143,1.937
2,-21.582,-34.109,4.389
4,26.471,38.285,0.623
2,36.316,38.887,0.328
4,-22.247,-10.332,6.966
2,25.845,44.321,-1.614
2,-19.828,6.390,4.569
2,7.167,44.197,-0.003
2,40.459,-34.316,1.658
3,29.166,13.864,0.526
2,16.972,-23.967,2.622
7,10.030,37.861,7.436
2,-15.967,5.084,4.112
2,-14.047,21.043,3.904
2,-0.012,-49.003,3.588
2,14.802,-31.498,2.122
2,38.185,3.981,-2.154
2,-41.307,-0.625,7.470
2,30.355,9.445,-1.101
2,44.513,20.585,-1.128
2,-16.126,-22.601,6.311
2,15.525,-37.376,2.227
2,-1.069,-19.888,5.212
3,33.059,6.780,-1.439
2,-29.185,38.319,2.665
2,-23.273,28.242,4.805
4,40.071,-16.907,0.554
3,27.679,13.912,0.273
2,-46.760,20.545,8.312
2,39.273,-21.497,0.195
4,-28.540,-22.198,6.757
2,11.039,25.702,-1.057
4,-26.854,32.882,5.085
2,22.687,12.801,-0.277
4,-0.671,12.492,2.696
2,44.922,0.194,-2.620
2,46.771,48.915,0.536
2,17.261,31.939,51.945
2,-8.063,-34.812,5.321
2,-19.596,-38.968,4.938
2,25.397,-16.273,1.931
2,34.616,24.719,-0.124
2,38.238,40.921,0.195
2,-38.571,47.629,1.837
2,-16.031,-23.138,6.252
2,22.893,-32.390,2.846
2,-37.341,-47.294,1.552
2,-38.098,-32.253,2.812
3,-43.388,-9.043,6.278
2,-46.373,-15.685,3.851
4,40.639,17.303,-1.157
2,-48.766,-29.308,1.465
2,-43.811,-9.432,5.913
2,42.388,-17.102,-0.030
2,27.184,23.441,0.101
2,-28.379,-25.688,5.364
2,25.020,47.644,-2.007
2,-19.322,8.706,4.583
2,13.868,4.652,-1.257
2,-31.457,-27.097,4.602
2,38.149,-7.387,-1.145
4,-21.052,-9.573,6.858
2,-9.373,-22.840,6.170
7,16.529,25.566,15.419
2,8.593,25.655,-0.828
2,-4.007,-19.888,5.528
2,37.101,-42.106,2.605
2,-6.637,-7.139,5.716
2,-28.471,23.151,5.245
2,-19.959,19.727,4.161
4,40.605,-16.395,1.001
2,40.370,48.548,-0.970
2,-12.421,-6.835,5.110
2,-14.560,4.691,4.007
2,-2.162,-11.374,4.926
4,13.826,40.885,-0.589
2,30.103,16.561,0.106
2,30.641,7.100,-1.454
2,49.816,-27.374,1.780
2,-27.907,-14.492,6.486
2,-37.318,-6.769,6.581
7,23.338,30.234,35.878
2,37.075,5.163,-2.162
2,16.935,24.908,0.070
2,20.384,44.332,-1.440
4,-20.762,42.776,2.755
2,-6.390,-3.519,4.542
2,-33.603,36.653,3.352
2,5.687,22.297,0.084
2,49.564,-2.352,-3.087
2,-8.280,14.436,2.512
2,14.236,49.298,-0.301
4,5.964,-33.190,4.673
4,42.245,18.159,-0.930
2,-42.324,-16.814,4.785
2,14.368,-23.119,2.777
4,13.174,-30.440,2.900
4,40.363,17.754,-0.836
2,-18.955,1.485,4.647
2,18.625,-4.605,-0.821
2,29.109,-43.190,3.489
2,39.231,6.329,-1.942
2,10.790,35.453,51.945
2,-5.115,21.187,1.572
2,-34.218,-2.285,6.820
2,-1.560,-16.690,4.807
2,-21.684,18.734,4.060
4,-0.143,13.617,2.545
2,35.920,46.816,-1.384
4,-35.573,-6.124,8.274
2,45.251,-6.291,-1.412
2,10.098,-41.829,2.900
2,-15.954,11.891,3.835
7,24.108,31.407,2.975
2,27.908,13.625,-0.165
2,-25.320,16.068,4.884
2,32.550,-31.943,2.023
2,-43.343,-24.420,3.056
3,-7.309,-21.397,6.475
2,2.861,-16.372,4.157
2,-14.386,23.207,3.999
2,-18.230,19.500,3.983
2,49.802,31.971,-0.787
2,14.344,-29.199,2.350
2,-19.830,26.760,4.369
2,36.091,8.779,-1.881
2,-25.073,-46.953,4.263
2,41.423,44.542,-0.044
2,11.188,-29.384,3.102
2,-20.911,30.735,3.792
2,-27.029,33.033,3.742
2,41.710,9.253,-2.124
2,-6.362,-31.084,5.684
2,8.347,19.569,0.614
2,6.115,21.286,0.089
2,20.557,47.324,-1.400
2,47.781,43.788,0.236
4,13.127,13.677,1.374
2,12.843,4.401,-1.041
2,13.017,5.921,-1.124
2,-42.445,-3.637,7.001
3,5.191,-17.021,4.359
2,8.048,-13.467,3.048
3,42.476,28.817,0.062
2,-6.427,-32.469,5.991
4,40.251,18.344,-0.670
2,19.408,-32.713,2.169
2,-39.756,-27.335,3.648
2,-34.541,-26.162,4.527
2,-29.741,17.109,5.292
2,15.133,-41.837,2.683
3,-5.327,21.953,1.756
2,30.600,-31.994,2.612
2,15.680,-29.684,1.969
7,10.197,37.910,21.794
2,6.232,33.249,-0.741
2,-5.815,45.052,1.014
2,-45.625,5.865,8.283
2,26.077,-42.391,3.032
2,23.697,40.083,-0.591
3,-15.811,-22.913,6.365
2,-25.817,31.989,4.338
2,-15.178,43.789,2.221
2,-19.222,6.630,4.597
2,-15.946,30.105,3.128
2,-11.427,36.609,1.961
2,-29.687,3.270,6.041
2,-15.802,-22.615,6.034
2,47.211,-23.123,1.503
2,9.266,36.548,-0.893
2,-34.827,-27.373,4.514
2,26.547,38.149,0.148
3,24.923,38.939,0.274
2,-23.878,36.796,2.931
2,-34.412,36.175,3.360
2,-17.602,0.328,4.281
2,-25.635,-13.283,6.848
2,-35.330,26.019,5.496
2,31.513,47.183,-1.184
3,41.218,16.334,-1.316
3,-15.560,-23.226,6.540
4,5.337,-35.610,4.604
2,33.764,8.524,-1.536
2,-16.484,-22.747,6.456
2,-34.431,36.717,3.475
2,32.590,43.579,-0.625
2,3.949,-22.811,4.819
2,-48.046,42.310,3.087
2,-46.219,6.385,8.228
3,27.116,13.473,0.011
3,32.309,43.846,-0.051
2,-45.640,-46.912,0.946
2,-9.646,-47.862,4.418
2,-47.212,-48.736,0.749
4,23.249,-20.595,3.855
2,-1.535,-30.594,4.996
2,24.908,28.560,0.576
2,46.969,16.242,-1.844
2,2.610,22.072,0.364
4,-27.964,31.998,4.938
2,37.324,-19.255,-0.082
2,1.154,24.400,0.059
2,-25.402,19.720,4.467
2,-15.884,43.753,2.174
2,29.199,-19.707,1.511
4,-20.473,41.948,2.668
4,6.071,-35.199,4.220
2,3.015,34.361,-1.153
2,12.959,35.193,51.945
3,42.256,28.915,0.110
2,49.831,14.011,-2.887
2,-30.738,-24.559,5.143
2,7.485,42.397,-0.486
2,35.346,4.877,-2.020
4,28.839,-0.392,-1.432
4,-36.859,-36.695,3.168
4,24.531,-5.715,-0.020
4,4.438,-33.423,4.408
7,9.798,37.310,-1.091
2,19.940,-36.595,2.610
2,-6.782,-7.577,5.592
2,6.107,32.720,-0.782
2,18.230,-12.165,1.755
2,-36.911,40.099,2.823
2,44.983,40.039,0.320
2,15.099,34.522,51.945
2,-1.758,-38.012,4.552
3,-20.620,19.368,4.490
2,15.002,-11.171,1.677
7,23.418,30.244,14.922
2,-47.199,11.746,8.939
2,4.183,3.018,1.272
4,-35.951,-25.973,5.221
2,8.797,33.276,51.945
2,-35.493,-15.431,5.511
7,43.823,-15.195,-5.330
3,-8.190,-3.625,5.096
3,7.046,20.580,0.658
3,-8.599,-3.505,5.292
2,37.502,21.256,-0.968
2,-26.088,-11.635,6.752
2,24.704,-7.045,0.455
4,4.851,-33.820,4.302
2,45.448,-40.287,1.629
3,-20.601,42.876,2.478
2,46.422,-32.117,1.498
2,18.870,-12.324,1.823
2,-17.899,7.363,4.257
2,19.931,-7.857,0.434
2,-3.122,22.556,1.041
2,23.000,41.449,-0.946
2,28.181,42.641,-1.176
2,27.469,-37.922,3.263
2,-1.917,14.879,2.106
2,25.588,9.122,-0.701
3,46.074,48.000,0.454
2,39.339,-30.188,1.091
2,5.874,21.445,0.581
2,19.549,33.092,51.945
2,-16.003,-22.916,6.035
3,6.058,-17.615,4.414
2,27.257,9.333,-0.718
2,13.655,-30.730,2.242
2,20.823,18.838,0.376
2,28.043,2.167,-1.987
2,-28.197,30.672,4.384
3,-19.265,6.685,4.688
2,-19.085,2.791,4.720
1,8.720,28.117,-1.058
2,-11.045,46.312,1.689
2,10.301,-32.066,2.668
2,21.883,-42.606,3.175
2,44.809,-47.093,1.795
2,-8.257,-13.989,5.814
2,10.879,27.231,-1.191
4,-19.321,-8.406,6.937
2,18.996,20.748,0.141
4,5.506,-33.260,4.255
2,-0.628,49.658,1.879
4,-33.143,6.905,7.939
2,29.624,16.294,0.088
2,-44.464,-35.259,1.192
2,13.154,-22.528,2.754
4,22.323,-1.282,-0.841
2,-3.619,30.992,0.673
2,35.600,-16.780,0.115
2,13.545,-25.828,2.728
2,25.854,19.951,0.203
2,-5.748,-49.467,3.832
2,-40.800,13.982,7.653
2,48.979,-13.561,-0.161
2,31.627,15.597,-0.072
2,-46.833,12.771,8.823
2,28.942,-24.899,1.848
2,-19.545,-10.286,5.565
2,-16.289,44.928,2.102
2,-15.532,48.988,2.618
2,-48.311,-45.848,0.958
2,-5.518,45.639,1.213
2,13.148,34.645,51.945
2,5.485,5.114,0.692
2,-23.203,9.809,4.837
2,43.341,-36.384,1.985
2,7.539,-29.333,3.673
2,-7.850,-41.896,5.214
4,20.505,-2.765,-0.146
2,-13.001,13.745,3.400
2,-44.695,-19.697,4.059
4,15.752,-31.147,2.569
2,29.182,47.178,-1.396
2,-34.574,37.031,3.486
2,43.133,23.127,-0.957
2,38.440,-37.783,1.961
2,13.211,-43.603,2.877
2,39.381,49.089,-1.198
4,-36.447,-26.052,5.062
4,41.195,16.325,-0.908
2,28.540,-32.903,2.993
2,39.703,37.438,0.714
2,27.408,29.088,0.628
2,10.640,43.555,-0.952
2,9.535,4.865,-0.292
3,31.687,44.505,0.059
2,49.784,21.580,-0.864
4,42.805,17.488,-0.539
2,-33.738,41.395,2.839
2,36.120,10.481,-1.444
2,3.215,-46.522,3.326
2,20.520,-36.550,2.612
2,46.108,8.284,-2.747
2,-36.166,-37.351,2.503
2,31.902,9.179,-1.511
2,-27.949,3.607,6.169
2,6.113,18.198,0.588
2,-31.084,-2.417,6.542
2,11.673,43.522,-1.082
2,12.463,-21.671,2.683
4,-36.923,-36.230,3.273
2,1.882,-46.041,3.548
2,46.444,-20.914,1.043
2,32.528,8.475,-1.452
2,0.406,20.862,0.921
3,32.321,9.721,-0.905
2,36.555,27.743,0.142
2,-16.723,-27.283,5.826
2,-1.798,44.796,0.566
2,20.730,23.753,0.351
2,-47.945,-38.521,0.452
2,19.613,-33.293,2.161
2,41.901,-2.060,-2.367
2,5.651,34.329,-0.738
2,44.266,-25.804,0.906
2,-29.085,31.187,4.286
2,-38.759,-26.409,4.042
2,-1.392,-33.829,4.945
2,27.090,-5.261,-1.294
2,-27.174,-15.643,6.281
2,-20.487,42.173,2.032
3,-16.499,-21.986,6.561
2,-25.996,28.421,5.142
4,-5.797,-20.463,6.278
2,-35.610,45.272,2.767
4,24.747,-0.302,-1.430
3,-20.608,19.175,4.435
2,-6.504,-2.909,4.426
2,41.647,-25.057,0.391
2,13.996,24.473,-0.813
2,-12.738,1.442,4.206
2,36.584,14.950,-1.377
2,42.139,-21.679,0.321
2,-24.123,-47.978,4.828
4,-19.651,-7.763,6.985
2,40.875,-20.673,0.188
2,-48.144,2.059,8.387
2,7.124,33.445,-0.694
2,-47.919,7.750,8.547
4,-0.227,13.895,2.614
2,-26.463,-11.382,6.726
4,23.863,30.702,33.068
2,29.528,13.681,0.156
2,-7.869,15.532,2.583
2,-28.118,-43.970,3.185
4,5.546,-34.880,4.477
7,9.796,37.318,13.958
2,-23.216,-30.042,4.841
3,42.693,-18.205,0.482
3,27.868,12.751,0.261
2,-29.198,-39.734,3.372
2,47.118,6.184,-2.796
2,-36.587,-33.009,2.920
2,13.954,7.491,-1.117
2,24.778,-38.187,3.599
2,-9.657,-38.124,5.003
2,18.506,-27.629,2.340
2,-43.717,0.797,8.410
2,-34.543,-9.036,6.253
2,32.661,0.289,-2.279
2,4.598,-18.119,4.531
4,27.903,13.683,0.407
2,-20.657,39.712,2.131
2,22.931,43.274,-1.581
2,-21.199,17.116,4.082
2,-35.160,15.742,6.294
2,25.265,7.711,-1.068
2,4.295,-16.216,4.142
2,40.230,17.691,-1.662
2,25.571,27.396,0.561
2,23.875,48.796,-2.401
2,43.084,22.974,-0.953
3,-19.295,7.003,4.847
2,-44.637,13.112,8.556
2,14.954,-33.256,2.049
2,32.968,-26.977,1.454
7,-35.934,-6.062,-9.862
2,25.464,-32.982,3.139
2,41.497,-31.846,1.066
2,5.981,4.908,0.461
2,30.297,-38.189,2.618
2,39.551,16.793,-1.845
2,42.826,-45.972,1.930
2,13.760,34.805,51.945
3,-6.020,-33.421,5.695
7,-39.774,-24.505,-6.577
2,33.475,-22.397,0.632
4,44.236,22.598,-0.370
2,26.761,44.963,-1.470
2,-12.110,-40.473,5.092
2,-36.443,43.717,3.040
4,32.525,7.357,-0.834
2,3.874,5.734,1.351
2,43.747,-5.536,-1.505
7,10.372,38.394,10.264
2,43.482,-46.109,1.917
2,-0.437,26.416,0.061
2,-48.521,18.313,9.118
2,-31.959,-46.337,2.521
2,-27.223,31.364,4.310
1,6.357,22.318,0.301
2,43.083,46.420,-0.147
2,-15.504,-23.020,6.198
2,16.414,-18.199,3.320
4,-22.453,42.689,2.709
2,-5.572,-14.976,5.586
2,11.555,2.106,-0.755
2,16.654,-44.626,2.710
2,-42.021,-45.299,1.048
2,-38.950,-24.174,3.845
2,-41.896,-26.124,3.267
2,11.456,40.232,-1.438
2,3.426,43.509,-0.134
2,22.689,-27.961,2.443
4,22.570,-21.629,3.280
2,-11.527,-41.428,4.977
4,31.885,9.087,-0.961
2,47.506,-46.633,1.365
2,-10.020,-4.008,5.019
3,41.452,29.276,-0.081
2,-2.039,-3.742,4.082
4,14.403,-31.173,2.810
2,-47.007,19.953,8.442
2,-16.069,-17.164,6.222
2,21.400,-16.380,2.072
2,-12.058,-30.869,5.467
2,-28.515,-2.508,6.361
2,-46.317,1.913,8.411
3,-27.755,32.231,4.583
2,-43.748,48.120,1.598
4,5.364,-35.793,4.650
2,33.526,25.704,0.129
2,-11.293,-24.696,6.429
2,12.653,-1.322,-0.547
2,-8.311,-46.058,4.563
2,17.584,-48.543,2.661
2,47.369,-24.794,1.695
2,-6.081,-33.080,5.434
2,5.867,44.893,0.111
4,-24.257,-19.968,7.774
2,-17.298,-11.117,5.835
2,-28.891,16.993,5.208
2,-26.426,47.853,1.871
3,26.838,12.568,0.094
2,29.523,7.976,-1.154
2,-4.377,-7.916,5.219
7,8.061,34.315,4.290
4,32.173,6.951,-0.627
7,9.572,-31.576,-4.203
2,-38.191,13.776,7.030
7,22.689,28.908,24.055
2,-15.585,-35.708,5.537
2,31.839,-24.237,1.147
2,42.102,28.691,-0.250
2,24.473,-24.303,2.605
2,23.565,-39.366,3.465
4,33.530,7.549,-0.613
2,-20.152,-24.795,5.579
2,-34.193,36.128,3.322
3,36.325,-17.058,0.410
2,-39.620,-19.555,4.475
7,17.376,25.500,9.104
2,41.237,30.778,-0.148
3,41.918,28.812,0.010
2,8.183,-29.007,3.504
1,47.091,47.431,0.507
2,-25.737,-33.077,4.144
2,31.087,-47.197,2.940
2,20.298,12.330,-0.104
4,-25.713,-19.175,7.386
2,34.391,-41.350,2.997
2,39.342,43.911,-0.198
2,-9.087,-3.939,5.032
3,-15.651,-22.871,6.340
2,27.760,9.040,-0.795
2,30.075,-8.926,0.008
2,-45.191,10.454,8.639
2,-31.369,-29.138,4.044
2,34.344,-0.600,-2.208
3,28.175,2.919,-1.642
2,-33.990,-46.203,2.298
2,-31.257,-12.282,6.562
4,5.597,-32.866,4.217
7,24.091,31.471,19.065
3,41.157,17.659,-1.303
2,49.913,-14.723,0.212
2,45.200,13.961,-2.372
2,-38.138,18.769,6.924
2,12.571,-34.647,2.095
3,27.517,14.785,0.191
2,-22.984,-46.931,4.812
2,19.918,-36.639,2.387
3,-19.791,6.856,4.782
4,-20.330,-11.469,6.563
2,23.918,41.812,-1.049
2,-18.166,39.758,2.104
2,22.154,29.693,51.945
2,6.120,-5.422,2.035
2,31.586,45.069,-0.744
2,46.577,14.680,-2.237
7,23.874,30.798,6.499
7,8.095,34.422,16.381
3,40.570,18.460,-1.604
2,-6.478,-9.655,5.595
2,-19.187,37.910,2.241
2,-16.427,28.719,3.371
3,-22.831,-11.918,6.205
2,-41.678,46.380,2.013
4,41.970,17.260,-0.595
2,17.367,38.035,51.945
2,13.498,-16.858,3.157
2,-22.514,-20.016,6.229
2,15.387,-29.283,2.178
2,32.768,44.717,-0.278
4,-21.840,-9.387,6.556
2,41.968,-31.513,1.523
2,-41.392,-45.173,1.078
2,0.795,-47.271,3.745
2,-31.963,38.758,2.824
2,19.753,-20.517,3.053
2,2.618,18.546,0.987
7,10.819,39.088,8.053
2,-37.636,-31.939,2.968
4,40.678,16.809,-0.934
2,-27.592,45.005,2.010
2,14.366,-49.943,2.259
2,-36.383,-36.064,2.457
2,49.496,11.325,-3.175
4,-25.177,-21.851,7.459
3,14.437,-30.159,2.450
2,-46.533,-34.412,1.146
7,9.881,37.320,21.125
2,-36.295,3.611,6.920
2,-33.802,37.053,3.518
2,40.877,48.238,-0.824
2,-15.352,-0.722,4.309
2,-45.923,41.541,2.928
4,23.727,-0.269,-0.936
2,-7.509,-8.272,5.720
2,3.524,38.198,-0.923
7,10.201,37.813,3.128
2,-44.200,27.550,5.970
2,12.254,-26.523,2.945
2,31.778,45.962,-0.927
2,16.655,-8.993,0.740
2,-35.744,-8.958,6.218
3,-36.584,-25.188,4.805
2,-25.002,15.260,4.920
2,-2.499,35.139,-0.174
7,22.452,28.423,15.631
7,23.369,30.266,0.951
2,-35.705,-22.903,4.391
2,9.298,43.602,-0.600
3,-44.212,-9.429,6.323
2,-38.403,24.753,6.125
2,14.201,-46.825,2.326
2,32.628,29.664,0.695
4,7.631,23.083,0.640
2,-48.758,-35.711,0.706
2,46.881,34.285,-0.342
2,-37.119,-4.238,6.974
3,8.671,21.491,0.368
2,8.646,28.661,-0.928
2,-37.350,31.159,4.293
2,7.757,19.031,0.625
2,3.617,-34.010,3.996
2,-20.648,-7.492,5.475
2,-25.646,28.032,4.937
2,13.924,20.315,0.168
2,25.585,-11.545,1.062
2,15.064,6.486,-1.643
2,-6.901,25.756,2.601
2,29.584,49.655,-1.569
4,-22.003,41.960,2.791
2,-14.152,-27.768,5.966
4,-20.242,41.677,2.628
2,42.487,-32.727,1.449
2,48.119,-35.455,1.302
7,-21.146,6.743,-6.179
4,30.757,32.601,1.796
2,-33.588,-4.889,6.553
2,-36.246,21.579,6.154
2,-32.744,11.211,6.482
2,-9.633,45.283,1.230
2,9.355,-5.786,1.573
2,42.390,4.618,-1.957
2,48.080,27.446,-0.515
2,23.546,42.228,-1.177
2,-8.082,4.194,3.047
2,41.339,-14.596,-0.387
2,44.064,-17.736,0.352
2,-42.040,16.174,7.922
4,-5.098,20.808,2.235
2,-11.181,47.486,1.795
2,-16.080,15.193,3.749
4,39.815,-19.004,1.074
4,40.235,-16.305,0.887
4,-26.385,-19.364,8.248
2,48.411,6.900,-3.181
3,32.431,8.261,-1.115
2,46.653,44.605,0.313
4,22.543,1.594,-1.525
2,-40.784,-30.291,2.939
2,-34.107,-10.645,5.872
2,44.694,-13.604,-0.258
2,11.125,-15.342,3.243
2,-8.271,-38.567,5.083
2,19.065,21.362,0.140
2,-18.838,-46.561,4.958
2,15.163,28.407,51.945
2,32.508,9.670,-1.133
2,6.667,-25.751,4.467
2,-4.240,39.392,0.226
2,37.212,-24.185,0.678
2,-34.676,46.469,2.677
3,-4.402,-31.777,5.970
2,0.427,-4.891,3.664
2,32.710,-15.947,0.561
2,-43.908,42.502,2.784
4,42.581,21.267,-0.007
2,-7.987,-31.807,5.584
2,-45.349,-14.829,4.300
4,25.118,33.147,1.727
2,-48.633,19.819,8.789
2,2.949,-34.834,4.164
2,-8.738,46.856,1.453
2,45.065,33.239,-0.468
2,-39.444,38.737,3.407
2,-24.593,10.120,4.846
3,41.306,18.079,-1.247
2,-19.356,7.421,4.600
2,48.984,-2.757,-2.871
2,-43.191,-33.413,1.653
7,7.505,22.905,-8.433
2,-47.669,-19.885,3.556
2,-43.796,-9.581,5.924
2,-1.698,-43.114,4.260
2,11.492,-7.420,0.994
2,-11.682,19.927,3.831
2,31.485,33.236,0.507
3,28.039,38.171,0.474
2,-40.786,39.458,3.587
7,18.076,25.399,2.783
2,-31.696,41.848,2.695
3,5.857,-33.135,3.747
2,44.774,23.763,-0.655
2,-34.378,36.171,3.501
3,-44.272,-9.024,6.358
2,46.347,7.745,-2.681
2,17.145,-16.853,2.863
2,32.218,8.473,-1.498
7,8.835,35.596,-0.827
3,-5.521,23.486,2.332
2,-6.765,-9.630,5.706
2,-27.152,30.290,4.286
2,25.326,10.210,-0.549
2,20.958,-37.435,2.919
2,-47.781,-43.671,1.041
2,-17.074,-23.035,6.043
2,40.676,-9.224,-0.770
2,41.632,3.719,-2.027
2,40.306,12.186,-1.870
3,43.014,21.115,-0.966
7,8.482,35.002,19.899
2,10.357,17.807,0.495
2,25.448,-38.818,3.378
4,41.762,-17.279,0.805
4,7.829,22.069,0.326
2,-26.332,39.890,2.288
2,1.945,-45.112,3.469
2,34.408,11.440,-1.082
2,37.710,-0.311,-2.033
2,-25.493,28.035,5.162
2,25.218,-33.489,3.070
2,-30.058,-35.688,3.285
2,-21.598,39.336,2.227
2,-25.981,-11.994,6.926
2,-9.125,2.055,3.561
4,29.356,0.697,-1.332
2,35.343,-5.140,-1.266
2,-34.267,37.049,3.494
2,-6.619,-8.315,5.769
2,-30.042,-26.629,4.979
2,19.119,-39.649,2.466
2,35.433,-45.897,2.956
2,49.405,-45.408,1.495
2,46.082,28.794,-0.649
2,17.019,8.344,-1.178
3,-26.801,-19.855,6.563
2,-25.519,28.349,5.042
2,-20.707,38.136,2.464
2,-10.583,-9.623,5.509
2,-45.747,27.915,6.210
2,16.084,-44.181,2.858
2,24.842,-14.589,1.867
2,42.064,35.592,0.238
7,9.878,37.345,1.773
3,41.394,17.923,-1.431
4,-22.139,-9.088,6.872
2,-18.826,-20.218,6.245
2,12.511,-42.035,2.781
2,-6.395,-8.462,5.786
2,-20.727,25.343,4.826
2,-25.556,4.243,6.085
2,-27.368,31.408,4.345
2,45.313,-28.816,1.150
2,2.147,-2.680,2.776
7,22.998,29.542,14.272
2,-23.535,-46.304,4.535
2,-35.192,32.120,3.990
2,-25.796,45.885,1.795
2,0.763,39.206,-0.736
3,5.622,-17.800,4.361
2,42.101,-30.694,0.951
2,-6.181,-15.116,5.767
2,49.456,44.756,0.679
2,-6.479,-6.878,5.734
2,-13.753,-7.336,5.398
7,23.149,29.595,27.527
2,8.313,-43.106,3.054
4,24.312,3.108,-1.163
2,-41.115,49.254,1.610
2,-34.112,36.075,3.327
2,3.941,14.844,1.397
3,-35.822,-25.690,4.812
2,-33.928,37.104,3.521
7,17.969,25.432,4.187
2,-41.436,33.169,4.465
2,21.134,-27.609,2.342
2,-34.646,-10.592,5.816
2,49.955,-36.699,1.397
2,-31.059,-4.730,6.376
2,-42.545,4.265,7.917
2,34.673,41.226,-0.147
3,-0.796,12.969,2.024
3,-19.526,42.462,2.554
2,-28.282,21.869,4.980
2,15.160,-41.173,2.531
7,-46.308,-30.750,-6.534
2,12.146,24.486,-1.073
2,-42.819,38.860,3.760
2,9.847,18.402,0.348
2,47.401,22.163,-0.945
2,-17.779,-28.417,5.641
7,-32.085,34.763,-10.212
4,8.343,22.277,0.313
4,33.177,8.901,-0.836
2,-33.394,2.052,6.243
4,-36.617,-25.905,5.043
2,-49.748,-36.932,0.249
2,-35.604,-25.687,4.759
2,25.110,20.503,0.176
2,-33.877,24.096,5.676
2,-12.539,24.370,3.997
2,2.380,-48.823,3.407
2,-47.479,-12.592,4.259
3,-5.077,-32.413,5.957
4,33.489,8.025,-1.085
2,32.418,-18.437,0.532
2,-26.185,-11.881,6.869
3,8.462,21.233,0.471
3,-3.806,23.436,1.781
2,38.035,24.289,-0.638
7,22.719,37.214,4.373
2,-38.409,-15.868,4.943
4,5.963,-32.633,4.522
3,41.430,29.397,-0.090
2,-41.455,-6.476,6.914
2,1.348,-36.986,4.492
2,13.437,-43.058,2.870
2,-11.438,16.505,3.387
2,-1.186,-23.138,5.610
2,-5.424,-45.400,4.304
2,27.574,24.497,0.012
2,-16.211,-22.684,6.397
4,5.977,-33.632,4.088
3,32.452,44.270,0.107
2,-21.569,5.029,5.282
2,-39.863,-36.004,2.052
2,17.767,47.766,-0.810
2,19.255,-37.391,2.817
7,8.038,34.403,6.424
2,-16.698,-45.304,4.767
4,-28.060,30.283,5.327
2,24.934,21.864,0.070
2,11.833,-16.431,3.162
4,24.839,-17.536,2.685
3,-6.489,-33.068,5.692
2,-30.860,26.578,5.516
2,-3.046,43.927,0.519
2,29.332,45.103,-1.044
2,-13.237,-26.625,6.203
2,29.813,-47.288,2.637
2,-8.118,21.625,2.722
2,-46.150,31.413,5.465
7,21.140,26.121,5.161
7,18.616,25.500,16.850
2,-26.108,3.688,6.115
4,-35.775,-36.319,3.082
4,40.304,16.451,-0.812
3,-15.823,-23.089,6.689
2,-23.881,21.844,4.767
2,7.437,6.270,0.135
2,40.924,17.501,-1.808
2,-9.407,-4.249,5.048
3,14.146,-29.620,2.559
2,45.171,-12.137,-0.242
2,41.716,18.046,-1.753
2,-31.858,-16.469,5.722
4,39.309,-16.929,1.513
2,-13.125,34.867,2.127
2,-23.150,40.417,2.132
2,-38.044,1.175,7.104
2,30.709,-28.831,2.119
2,-25.773,27.704,5.125
3,10.550,27.778,0.314
2,41.511,12.967,-1.896
2,6.816,20.234,0.685
2,-3.405,35.484,0.083
3,43.482,21.438,-0.919
2,-17.992,-35.835,5.307
2,-46.899,41.506,3.007
2,43.390,44.915,0.142
2,4.962,-15.574,3.652
2,6.086,-43.287,3.296
2,-14.487,-49.329,4.664
2,-25.431,41.099,2.159
2,15.112,-37.003,2.166
2,-0.353,-5.838,4.118
2,46.512,10.064,-3.030
3,42.103,29.723,0.009
2,21.142,-38.879,2.847
2,-36.374,-35.786,2.466
2,-24.873,-41.593,3.819
2,-5.988,-40.619,5.218
2,43.636,-28.404,1.002
2,-25.638,10.829,4.955
2,42.334,-33.269,1.589
2,-20.711,8.559,4.744
2,28.992,-27.207,2.054
2,11.333,42.616,-1.203
2,33.186,48.625,-1.464
3,-0.548,13.467,2.072
2,-26.383,-13.023,6.836
3,-4.810,-31.454,6.028
2,-6.728,32.936,1.520
2,-38.367,-8.706,6.141
2,6.569,-36.519,3.027
2,-3.324,-16.332,5.154
2,24.240,-9.513,0.928
2,-5.787,-27.270,5.851
2,29.582,23.982,0.213
4,-22.374,42.022,2.720
3,-8.135,-3.765,5.289
2,-34.968,46.935,2.505
2,1.725,-47.669,3.550
2,-1.219,-31.066,4.960
2,-49.548,-48.993,0.843
7,23.682,30.808,37.263
4,39.341,-14.724,1.027
2,40.792,-23.976,0.256
2,-20.065,-20.383,6.233
2,-8.071,-5.793,5.285
2,-9.112,36.846,2.001
2,46.008,1.115,-2.757
2,38.190,-8.123,-1.016
2,6.631,29.067,-0.530
2,-10.944,-48.673,4.361
3,32.354,43.725,-0.116
2,-37.293,-22.877,4.062
2,-23.261,-21.631,6.102
2,-9.742,-5.121,5.106
2,21.606,24.820,0.521
2,32.361,44.550,-0.162
2,-36.006,-25.579,4.386
2,-16.145,-22.412,6.065
2,28.164,2.441,-1.775
2,-31.788,-19.303,4.931
2,5.928,20.505,0.079
2,29.821,47.654,-1.456
2,-45.319,-45.846,0.985
2,-41.884,-0.798,7.614
2,-36.297,-25.256,4.481
2,39.535,31.678,0.273
2,3.851,11.599,1.295
2,-4.322,39.967,0.149
2,-28.698,-44.701,3.116
2,4.827,-18.045,4.325
2,-5.474,-19.087,5.957
4,-18.415,7.413,5.222
2,1.183,47.375,1.076
2,0.213,-35.451,4.628
7,21.401,26.745,19.856
2,-46.175,-25.543,2.317
2,21.455,28.466,51.945
7,48.802,49.935,-7.049
2,11.180,-44.385,2.630
4,-18.908,8.694,5.145
2,-15.863,39.271,2.158
2,32.172,6.861,-1.672
3,28.203,41.937,-0.908
3,20.793,-0.767,-1.170
2,29.154,19.971,0.145
2,-35.696,38.605,2.961
2,-10.392,30.446,2.292
2,33.758,10.011,-1.312
2,18.294,6.269,-1.861
2,20.524,-35.498,2.553
2,33.073,-21.026,0.592
2,44.892,-35.166,1.733
2,42.712,47.724,-0.473
7,18.758,25.405,4.918
2,-8.228,28.432,2.485
2,26.355,36.508,0.230
2,-37.681,-14.149,5.138
2,12.776,-12.999,2.870
2,-18.350,34.748,2.355
4,40.292,-19.620,0.879
2,20.202,3.461,-2.013
3,-5.088,-20.611,6.017
2,43.423,-30.933,1.037
4,-36.143,-36.003,3.143
2,-14.229,-48.746,4.597
2,34.768,47.437,-1.456
2,-28.619,31.466,4.294
2,2.224,48.062,1.110
3,27.731,13.832,0.324
4,-26.643,32.213,5.365
2,16.967,-36.074,2.327
2,-15.165,41.436,1.949
2,-48.642,26.034,7.304
2,8.853,-28.742,3.492
2,17.413,0.063,-1.414
3,-15.865,-23.244,6.635
3,-19.077,8.593,4.959
4,-0.557,13.550,2.781
4,36.926,-17.083,0.413
2,33.434,-1.932,-1.749
3,28.123,12.946,0.354
2,-9.363,-4.710,5.013
2,-49.901,-19.064,3.322
2,44.203,-23.124,0.838
3,-22.568,-11.254,6.448
4,-19.279,-7.764,6.860
7,22.856,29.043,19.174
2,-8.515,47.672,1.607
2,5.364,-13.067,3.574
2,-16.830,9.422,3.864
2,-17.829,15.983,3.836
2,-7.996,-36.217,5.273
2,27.886,-17.759,1.635
2,-4.964,-13.661,5.652
2,-14.554,4.127,3.977
2,-14.480,-38.429,5.516
2,44.825,-5.311,-1.530
2,26.269,18.722,0.189
2,-45.661,-17.036,4.059
2,-4.766,33.324,0.830
2,-10.532,-46.481,4.623
2,-43.638,-7.689,6.396
2,46.248,-40.696,1.700
2,1.260,36.814,-1.187
3,32.795,44.145,0.027
7,20.962,26.074,0.273
2,-6.929,-6.069,5.284
2,27.786,13.194,-0.212
2,-11.301,-44.308,4.782
2,-0.535,10.454,2.089
1,-43.936,-9.430,5.911
4,-44.309,-9.338,6.414
2,-9.842,47.499,1.652
2,24.016,13.355,-0.202
7,10.551,38.537,18.888
4,16.397,-30.931,2.798
4,16.507,25.486,20.336
2,-17.124,-32.353,5.546
2,47.523,33.633,-0.578
2,-34.130,-39.654,2.585
2,37.703,16.410,-1.645
2,4.450,-17.208,4.315
2,25.941,10.039,-0.549
4,0.043,13.352,2.517
2,-6.898,41.433,0.703
2,42.265,-8.231,-1.054
2,24.633,-29.424,2.646
2,-15.492,49.542,2.662
2,27.691,-35.043,3.331
3,32.445,44.441,0.073
2,43.232,-24.745,0.569
2,14.388,14.256,0.193
4,39.541,-17.452,1.583
2,47.490,-47.644,1.374
2,-11.869,16.999,3.552
2,-35.859,37.976,3.072
2,-5.503,-8.701,5.814
2,-17.961,4.418,4.296
2,17.648,8.218,-1.097
2,-38.221,35.315,3.686
2,3.036,40.112,-0.485
2,-9.216,-10.826,5.712
4,-17.780,6.570,4.984
2,2.463,38.729,-0.898
2,49.317,42.700,0.320
3,33.437,9.081,-1.083
3,-6.203,-20.135,6.207
2,-6.385,-45.175,4.411
2,-36.023,-21.265,4.353
2,14.947,46.001,-0.800
2,-48.530,6.619,8.440
2,6.391,21.254,-0.007
2,23.879,1.767,-2.082
3,-19.313,6.925,4.927
3,-16.756,-23.343,6.624
2,-26.373,-13.253,6.729
2,34.828,11.094,-1.260
2,13.727,15.863,0.038
2,32.914,21.788,0.190
3,-43.279,-8.845,6.436
4,32.918,9.299,-0.339
2,26.259,42.652,-1.291
2,24.277,46.760,-1.931
2,-36.687,6.534,6.411
2,-36.711,27.749,5.112
3,-19.893,19.117,4.520
2,-20.104,40.794,2.026
2,-19.080,-8.672,5.482
3,5.647,-17.021,4.450
2,49.758,22.923,-0.667
2,-47.223,6.180,8.230
2,32.491,26.623,0.254
3,28.360,37.567,0.545
4,31.441,33.267,2.328
2,-43.128,-45.287,0.887
2,1.347,10.209,1.641
2,-36.088,-35.565,2.573
2,1.268,10.847,1.545
2,-46.163,30.055,5.604
4,-29.200,31.632,5.266
2,43.854,-6.624,-1.228
2,1.310,33.496,-0.757
2,-24.277,-38.635,3.769
2,-36.534,-23.120,4.247
2,26.742,0.103,-2.327
2,-5.725,-46.812,4.186
2,17.550,-44.011,2.650
2,26.989,-34.375,3.183
2,7.857,18.383,0.599
2,-41.452,-48.419,0.948
2,15.252,3.856,-1.343
2,-9.050,-40.184,5.048
2,-0.864,8.300,2.205
2,-26.452,45.198,1.804
2,-25.776,21.022,4.680
3,25.568,37.427,0.393
2,-45.011,45.564,1.829
2,-23.891,-27.171,5.139
2,-24.389,43.808,1.791
2,32.936,43.761,-0.564
2,-9.080,43.871,1.076
2,-44.607,-36.229,1.054
2,-1.243,27.237,0.141
2,-21.870,-42.595,4.444
2,-23.747,-16.745,6.221
2,-31.701,-22.102,4.910
2,27.526,-47.933,2.539
2,-32.947,16.809,5.843
2,35.110,-11.646,-0.535
4,5.046,-33.106,4.322
2,13.873,-17.281,3.114
2,-9.801,-14.614,6.029
3,13.507,-29.972,2.668
2,-24.482,-27.313,5.077
3,-26.134,29.393,5.238
2,35.144,-44.261,2.936
2,-20.895,1.133,5.267
2,-27.545,30.546,4.349
2,32.096,8.526,-1.469
2,-36.798,9.654,6.429
2,-18.078,-10.713,5.764
2,-46.383,21.010,8.145
4,24.323,38.916,0.529
3,32.114,44.112,-0.028
2,-48.234,-7.142,5.593
2,-29.882,-41.120,3.091
2,-37.659,42.633,3.121
2,-34.253,30.479,4.376
2,19.275,-38.019,2.615
2,48.648,-33.888,1.270
2,48.400,49.969,0.703
2,-11.694,14.024,3.214
2,47.472,29.828,-0.580
2,-16.562,-22.853,6.183
2,-0.898,12.550,1.844
2,-27.907,38.329,2.780
2,-49.349,20.424,8.814
2,-12.993,35.544,2.244
2,-6.557,-35.583,5.071
2,8.855,21.094,-0.056
2,-12.231,-16.698,6.246
2,18.414,-8.719,0.524
4,41.279,16.540,-0.617
3,-22.484,-12.889,5.991
4,-44.282,-9.464,6.456
2,-46.413,-27.888,2.035
2,-26.606,28.434,4.937
7,23.439,30.199,3.745
2,8.881,0.906,0.238
3,-9.471,-3.221,5.012
4,28.189,0.065,-1.248
2,37.455,-41.525,2.562
3,-6.621,-32.196,6.055
3,26.915,36.048,0.585
7,22.116,27.811,11.458
2,28.192,2.986,-1.841
2,20.520,12.949,0.003
2,-28.028,5.558,6.037
2,-33.801,36.205,3.325
2,24.530,-12.703,1.627
2,49.643,-22.702,2.011
2,35.234,6.613,-1.784
4,-11.534,28.820,4.120
4,-36.780,-26.009,5.160
4,41.209,17.968,-0.757
2,40.559,16.548,-1.626
2,2.332,46.055,0.546
2,-7.771,33.131,1.769
4,42.575,22.083,-0.180
2,43.633,7.074,-2.181
2,-25.506,-12.072,6.855
2,9.989,-36.294,2.784
2,4.162,-11.938,3.585
2,-7.316,-20.053,6.196
2,-16.883,-9.517,5.766
2,-18.971,-33.450,5.153
2,21.585,-0.822,-1.721
2,-34.291,39.764,2.761
2,41.561,-15.832,-0.253
2,-10.099,-42.142,4.997
3,32.629,43.966,-0.056
2,-22.392,11.465,4.685
2,19.078,-33.369,2.151
2,2.957,-5.891,2.759
3,32.577,44.576,-0.005
2,34.260,-11.181,-0.407
2,-49.242,25.880,7.418
2,-6.472,-31.956,5.947
2,40.234,11.644,-1.709
2,-29.427,-27.196,4.852
4,-28.122,31.015,5.540
2,8.981,27.198,-1.031
3,-35.711,-36.549,2.653
2,48.220,-8.383,-1.195
2,-16.440,-43.838,4.751
2,-21.900,33.845,3.347
2,-43.947,-39.657,1.305
2,-26.691,1.773,6.355
4,12.468,12.977,0.484
2,-45.433,9.621,8.560
3,38.371,27.323,-0.160
2,-49.571,35.687,4.690
2,-49.295,-38.025,0.212
2,40.886,31.201,-0.107
2,47.025,23.251,-0.795
2,-13.140,39.450,1.961
2,49.339,-17.772,0.857
2,-39.024,-48.118,1.143
2,-47.904,-39.680,0.616
7,17.962,25.493,2.080
7,19.421,25.550,3.614
2,-5.828,46.546,1.624
2,-24.497,49.164,2.365
2,-23.192,-17.970,6.111
2,-24.716,22.218,4.794
2,34.489,-9.729,-0.676
3,-19.775,42.211,2.637
2,-10.319,-48.557,4.278
2,-38.876,3.036,7.316
3,5.518,-16.391,4.164
2,48.774,5.187,-3.288
2,26.207,-43.898,2.917
2,42.467,-7.507,-1.196
4,24.550,-18.241,3.432
2,31.369,30.360,0.552
2,-48.028,-24.676,2.127
7,19.310,25.483,12.720
2,-28.705,-4.446,6.185
2,-4.643,-37.387,4.951
4,-12.585,26.970,4.046
4,31.911,8.906,-0.730
3,41.529,29.410,-0.057
2,28.759,-49.217,2.468
2,-23.589,37.601,2.861
4,40.179,18.467,-0.611
2,-20.631,-20.417,6.253
4,-24.899,-21.535,7.532
7,23.427,30.143,17.716
2,-7.880,-6.266,5.692
2,-3.482,19.295,1.484
2,15.461,-29.927,2.144
2,27.296,48.422,-1.749
4,23.480,-0.919,-0.943
2,-42.545,36.946,4.023
3,41.856,29.646,0.026
2,3.579,-48.065,3.193
4,42.457,22.234,-0.096
2,-5.554,-32.065,5.690
2,-31.955,-40.810,2.464
2,19.553,-12.047,1.729
2,-5.198,-8.117,5.816
4,42.185,21.593,-0.411
3,-1.092,13.173,1.931
2,1.032,19.419,1.145
2,14.338,-26.793,2.682
2,-23.264,-2.872,6.228
2,22.313,42.970,-1.414
4,-25.011,-20.128,7.120
2,20.787,14.365,-0.023
4,-13.318,27.000,4.022
2,21.430,-46.584,2.935
2,22.308,-8.047,0.603
2,41.649,42.237,0.270
2,-25.779,-13.497,6.824
2,-4.451,-43.464,4.691
2,-8.927,-5.270,5.030
3,15.579,-31.637,2.599
2,-4.848,48.037,1.754
4,41.364,16.683,-1.038
4,19.596,8.384,-0.180
2,-36.211,-35.777,2.745
2,3.885,-32.722,4.158
4,13.138,-30.592,2.919
2,9.509,34.738,51.945
2,-19.351,29.875,3.662
2,5.267,37.580,-0.767
2,3.514,-39.927,3.830
2,47.918,-36.518,1.391
4,-33.918,7.084,7.083
3,-1.616,13.450,2.287
2,-8.642,-34.095,5.427
7,22.453,28.483,21.916
3,31.709,44.563,0.011
2,-36.879,-36.627,2.480
2,11.416,45.530,-0.424
3,-5.973,-20.352,6.174
2,-7.214,-7.683,5.603
2,20.228,-38.706,2.879
7,8.052,34.384,7.135
2,38.506,16.613,-1.728
2,37.018,47.318,-1.510
2,-25.773,-13.282,6.861
2,27.931,-8.702,0.350
2,38.205,-40.207,2.300
2,42.863,33.895,-0.249
2,-48.869,10.274,9.190
2,27.565,49.278,-1.894
2,21.161,3.900,-2.000
4,40.357,17.556,-0.696
2,15.178,-31.228,2.131
4,29.425,0.048,-1.390
4,37.904,-20.812,0.745
2,-44.055,-1.748,7.638
2,-33.967,36.714,3.321
2,-3.850,-48.163,4.147
2,30.668,-41.192,3.198
2,20.055,-37.031,2.608
2,1.667,-29.252,5.165
2,-48.967,-1.909,7.800
2,-6.004,27.882,2.006
2,-8.117,34.050,1.836
2,-29.895,-4.406,6.222
3,-0.355,12.497,2.152
2,20.564,-38.918,2.858
7,15.959,25.525,5.480
2,47.534,-39.802,1.546
2,-2.128,6.369,2.603
2,-47.795,-16.902,3.739
2,-3.191,-38.174,4.795
3,36.390,-17.054,0.361
4,-0.769,12.892,2.536
2,-38.256,5.978,6.833
2,-21.942,-15.790,6.190
2,-26.438,37.302,2.960
2,17.137,-11.479,1.457
4,-27.075,-19.171,7.909
2,11.857,-41.009,3.014
2,9.878,2.063,-0.336
2,-32.192,14.907,5.902
2,35.289,-26.908,1.036
2,-28.650,-0.087,6.620
2,-0.298,14.038,1.825
2,-0.653,-49.940,3.610
2,-40.682,31.249,4.861
2,40.466,41.871,0.425
2,-37.335,-38.337,1.927
4,31.460,33.106,2.345
2,40.574,-7.015,-1.325
2,-6.142,-18.619,6.005
2,-35.716,36.176,3.218
2,-34.969,37.103,3.527
2,-36.148,-35.476,2.446
3,-22.002,42.092,2.258
4,-19.161,7.109,5.110
2,-49.151,24.846,7.620
2,18.636,-45.731,2.813
2,-49.680,12.572,9.484
2,0.257,-44.847,3.755
2,10.935,33.963,51.945
2,-45.158,49.655,1.220
2,-24.821,28.772,4.947
4,3.303,-33.427,4.579
2,-6.804,31.834,1.728
7,9.731,37.184,9.657
2,-33.305,-17.176,5.507
2,32.945,-8.510,-0.305
2,-28.465,24.656,5.353
2,32.505,44.298,-0.188
2,-20.885,42.402,2.387
2,41.710,-17.675,0.091
2,18.640,30.400,51.945
2,-35.611,4.408,6.579
2,-21.412,40.817,2.042
2,-41.697,-2.790,7.074
2,-39.557,20.528,7.083
2,-34.708,24.664,5.548
2,36.925,-34.941,1.560
2,15.046,14.749,0.279
7,23.720,30.840,4.402
2,42.060,-20.826,0.284
2,2.099,33.223,-0.804
2,32.502,34.415,0.295
2,5.406,20.359,0.349
2,-35.827,-35.485,2.957
4,20.398,8.861,-0.046
2,-4.280,-18.670,5.534
2,29.744,-2.869,-1.491
2,27.991,-9.652,0.362
2,35.082,-36.614,2.110
3,-1.134,12.803,1.897
2,-21.457,42.563,2.129
2,-19.301,-23.258,5.986
2,28.189,-6.403,-0.043
2,6.678,37.775,-0.773
2,-49.070,46.358,2.089
2,34.786,42.479,-0.521
2,-48.879,-0.408,8.263
2,-49.146,-49.391,0.851
2,-7.914,39.780,1.209
2,34.103,-29.769,1.573
2,-33.432,-6.318,6.370
2,48.059,30.125,-0.587
3,-20.271,20.289,4.606
3,-44.085,-9.081,5.985
3,-35.621,-36.766,2.811
3,42.076,29.383,-0.071
2,49.987,20.212,-1.315
2,8.095,2.630,0.187
2,-29.103,27.898,5.072
2,-7.974,-13.513,5.814
7,23.675,30.812,34.466
2,48.601,-20.434,1.335
2,16.415,-38.593,2.331
2,-25.413,-4.315,6.300
2,47.628,12.097,-2.869
2,14.424,16.208,0.107
2,-37.388,41.727,2.937
2,41.770,-30.432,1.080
2,-16.576,-23.403,6.339
2,-43.495,-37.175,1.223
2,8.800,-7.945,1.832
3,23.766,-4.138,-1.285
2,42.976,-42.781,1.814
2,-29.429,-10.530,6.254
4,43.455,22.928,-0.007
2,43.610,46.661,-0.145
2,-3.806,20.850,1.539
2,40.903,46.962,-0.805
2,-25.400,-37.037,3.579
2,-12.909,43.069,1.611
2,21.878,-22.806,2.703
2,-34.966,33.544,3.719
4,-25.400,-18.577,7.975
2,31.351,-39.271,2.756
2,-14.327,-40.855,5.186
2,46.987,38.958,0.059
2,33.426,6.636,-1.742
2,44.770,36.792,0.131
2,-42.568,47.843,1.716
4,25.009,-1.010,-0.633
4,17.034,8.307,-0.450
2,-31.143,-37.518,3.361
2,49.360,-46.458,1.339
2,28.791,-6.441,-0.075
2,42.948,5.634,-1.983
2,-19.126,-31.473,5.150
2,32.300,35.957,-0.100
2,-41.259,20.627,7.508
7,36.195,37.181,-8.647
2,-11.583,-3.371,4.971
2,24.813,-7.749,0.650
4,31.553,9.143,-0.802
4,-26.884,-20.652,7.323
3,8.359,34.855,24.172
2,15.114,-31.397,2.152
2,14.699,-34.530,2.012
2,20.025,28.392,51.945
2,-16.424,-23.274,6.437
2,3.679,-34.766,3.747
2,-6.081,-6.971,5.620
2,38.359,-46.708,2.748
2,-34.840,-1.696,6.865
2,3.839,31.314,-0.375
3,5.722,-34.645,3.822
2,18.143,-17.708,3.053
2,24.006,28.785,0.493
2,-39.182,23.068,6.485
2,-20.098,29.892,3.864
2,26.833,-4.622,-1.122
2,-19.528,22.865,4.440
2,33.540,37.944,-0.009
2,-41.751,-41.316,1.321
2,-26.778,-12.010,6.723
2,-19.739,35.165,2.644
2,41.682,-46.205,2.200
4,-21.489,-9.485,6.639
2,18.369,19.240,0.044
2,2.740,-38.441,4.182
2,30.581,8.870,-1.178
4,-28.312,31.366,5.099
2,-17.638,5.530,4.248
2,-40.760,2.082,7.459
2,44.374,-2.889,-2.340
2,32.287,44.680,-0.162
2,44.234,22.384,-0.945
2,-22.087,-7.979,5.708
2,-26.111,-17.868,6.564
2,18.736,27.569,51.945
2,-47.444,-28.105,1.885
7,23.415,30.135,24.702
2,-33.140,8.235,6.295
3,14.189,-29.501,2.718
2,29.242,15.569,-0.035
2,-34.875,5.837,6.310
2,-9.801,-3.483,5.032
2,19.585,-38.136,2.643
2,-34.077,-46.755,2.396
2,40.248,-1.058,-2.046
3,-15.760,-22.766,6.449
2,32.662,9.972,-1.358
2,-4.284,21.106,1.465
4,-20.557,-6.494,6.217
2,10.846,36.737,51.945
3,13.392,-30.379,2.630
2,25.674,-5.948,0.007
2,-28.033,31.214,4.606
3,5.651,-17.696,4.302
3,-1.353,13.781,2.238
4,33.247,7.534,-0.831
2,-10.259,1.954,3.705
2,48.085,-10.806,-0.508
2,-6.289,-31.999,5.725
2,5.970,43.745,-0.016
2,37.896,21.840,-0.966
4,-6.198,-20.793,6.380
2,-36.529,-48.149,1.529
3,-23.354,4.738,5.618
2,-25.866,-25.565,5.523
2,43.066,45.820,-0.031
2,33.075,44.614,-0.175
2,-2.269,-45.386,4.333
2,32.352,-45.610,3.030
2,4.459,-17.880,4.249
2,4.989,-18.163,4.124
2,37.200,41.316,-0.040
2,43.584,-48.650,2.244
2,11.369,1.424,-0.676
2,-35.635,-0.893,6.906
4,-35.561,-25.711,5.140
2,-16.075,-22.299,6.200
2,-37.154,20.123,6.582
2,28.505,-10.915,0.668
4,32.863,7.567,-0.441
2,-36.444,-25.346,4.382
2,13.588,18.094,0.237
2,3.021,42.993,-0.126
2,34.170,-13.837,-0.074
2,-17.093,-6.947,5.387
3,26.950,37.934,0.577
2,-47.061,-12.979,4.238
2,-9.263,-30.834,5.715
2,-36.839,31.678,4.199
2,-25.116,10.238,4.923
3,-36.201,-25.890,5.035
4,-20.954,-10.294,6.793
2,11.245,5.621,-0.709
3,4.772,-34.976,4.132
2,30.101,-25.399,1.514
3,-19.400,7.008,4.947
4,41.493,17.043,-0.747
2,1.827,-24.235,5.460
2,20.895,-38.603,2.856
2,13.885,-29.230,2.117
2,-5.404,-8.167,5.840
3,49.620,-21.280,1.858
2,28.809,-37.102,3.084
2,35.168,35.651,0.221
2,-22.522,10.036,4.766
2,28.262,18.518,0.058
2,-33.711,36.821,3.481
2,36.232,1.301,-2.304
2,21.208,-15.181,2.075
2,33.933,-21.747,0.484
2,26.333,-18.550,1.835
2,32.363,24.206,0.210
7,24.515,31.919,14.898
2,-32.900,35.904,3.182
4,21.524,2.107,-1.669
2,-4.799,-28.532,5.834
4,-18.094,6.356,5.135
2,9.073,-9.933,2.304
4,38.719,-17.189,0.846
2,-48.309,10.358,9.208
4,38.916,-16.815,1.717
3,29.493,13.402,0.422
2,23.941,-29.110,2.613
2,-41.604,37.984,3.717
2,-34.396,36.589,3.489
2,-5.774,-32.817,5.734
2,-22.372,44.701,2.266
2,32.429,44.537,-0.200
2,-43.305,18.490,8.152
2,34.198,-9.002,-0.639
4,22.440,-21.666,3.994
2,-39.325,-36.278,1.936
2,-20.894,-25.865,5.399
7,18.033,25.564,21.745
3,28.152,14.682,0.262
2,-30.762,4.404,5.731
2,15.755,28.879,51.945
2,37.096,-36.352,1.851
7,19.377,25.472,17.623
2,-44.238,11.573,8.494
3,40.523,16.724,-1.344
2,-44.430,6.175,8.229
3,-6.380,-32.610,6.029
2,7.249,18.343,0.585
2,25.718,-34.872,3.312
4,17.091,13.639,1.130
2,40.223,15.029,-1.742
2,-33.714,33.086,3.662
2,-13.777,-3.233,4.722
2,-36.249,10.447,6.554
4,-27.976,32.157,5.180
2,-21.762,-44.291,4.465
2,-37.846,2.823,7.112
4,-28.933,31.148,4.988
2,24.754,7.884,-0.967
2,35.307,-44.775,2.806
2,-45.346,36.948,4.102
2,-40.922,24.109,6.558
2,-4.424,4.428,2.785
2,-22.401,3.039,5.440
2,-11.072,-14.469,6.110
4,-35.987,-37.243,3.212
2,-36.023,-14.797,5.475
2,-10.058,41.798,1.258
2,36.049,0.129,-2.360
2,-9.925,40.984,1.517
2,44.416,20.019,-1.353
3,-20.868,40.211,2.606
2,-37.651,-12.429,5.245
3,41.705,18.212,-1.623
2,-29.710,-39.569,3.298
2,33.841,6.180,-1.729
2,42.414,15.706,-1.799
3,-3.089,27.125,0.871
2,27.900,-14.526,1.369
2,22.603,-2.348,-1.767
2,9.561,44.587,-0.319
2,-7.537,-36.924,5.158
2,-24.964,48.895,2.199
4,-17.955,-9.401,6.819
2,-27.314,-29.263,4.518
2,31.473,-5.719,-0.470
2,33.019,43.099,-0.465
2,-4.922,34.940,0.724
2,-8.222,22.297,2.703
2,31.245,0.999,-2.377
4,-18.777,8.569,5.244
4,-28.487,31.215,4.964
2,-19.953,43.586,2.073
4,-18.195,8.536,4.938
2,27.243,-3.259,-1.402
2,-7.109,30.928,1.931
2,-33.917,-45.046,2.181
2,13.771,-15.969,3.027
2,45.002,-13.141,-0.232
2,-0.869,-16.259,4.604
2,11.709,-44.872,2.578
2,9.856,-25.548,3.730
2,5.634,-36.470,3.238
2,26.081,34.211,0.205
4,-26.701,31.925,5.323
4,-4.130,21.089,2.099
4,21.802,-0.465,-0.827
2,37.776,8.527,-1.946
2,-0.421,30.193,-0.257
2,39.826,10.763,-1.673
2,42.012,-26.561,0.652
2,44.785,8.626,-2.699
4,41.654,18.180,-0.736
3,32.341,9.148,-1.378
3,-43.690,-8.866,6.342
4,-10.007,31.713,2.874
2,47.183,48.458,0.560
2,-3.259,5.051,2.801
2,-45.546,-39.602,0.954
2,-36.461,14.312,6.836
2,24.785,20.969,0.141
4,-19.451,7.049,5.295
4,-21.022,40.820,2.785
2,-29.122,-34.291,3.247
2,9.387,-16.858,3.272
2,-32.972,47.462,2.377
2,35.529,2.199,-2.182
2,-41.805,-1.567,7.374
2,-12.118,36.618,2.092
2,38.122,-9.311,-0.766
2,20.330,-37.817,2.625
2,10.413,-25.349,3.454
3,-25.558,28.709,5.109
2,-36.828,-47.558,1.516
2,-10.200,22.358,3.439
2,32.351,-12.923,0.378
2,-46.571,-10.429,5.217
2,49.377,33.384,-0.777
2,-16.362,-23.360,6.442
7,23.694,30.677,15.589
4,42.458,-30.923,1.785
3,40.449,17.810,-1.287
2,36.856,21.705,-0.715
2,15.146,48.074,-0.701
4,-0.337,12.838,2.625
2,2.807,-48.052,3.400
3,-36.560,-36.286,2.516
4,42.284,17.971,-0.864
2,-3.345,47.929,1.722
2,-48.611,-20.003,3.375
2,-25.720,-12.286,6.900
2,42.380,24.114,-0.703
2,13.733,35.363,51.945
2,5.284,-42.776,3.316
2,40.627,-36.954,2.166
2,-34.528,2.002,6.380
2,-41.992,44.728,2.428
2,-16.119,48.711,2.595
2,-24.283,-0.578,6.480
4,20.355,12.953,0.750
2,-13.886,19.898,3.963
3,8.174,21.189,0.352
2,-17.451,-24.158,5.934
2,-22.841,-30.771,4.920
2,19.866,4.824,-1.774
3,-43.985,-9.591,5.921
2,32.626,44.007,-0.410
2,-10.033,-3.877,5.200
4,3.188,-34.641,4.618
2,45.646,7.820,-2.726
2,-5.793,-26.717,5.866
2,-15.762,13.132,3.917
2,28.076,-1.561,-2.107
3,30.135,13.652,0.355
4,42.430,20.978,-0.238
2,44.329,-0.146,-2.598
2,-30.139,-48.770,3.185
2,48.288,46.968,0.482
2,-7.783,19.298,2.626
2,28.491,13.996,-0.117
2,-43.553,-38.625,1.206
2,-12.365,-45.013,4.752
7,21.490,26.632,22.647
2,-36.785,6.006,6.476
2,-8.224,7.214,2.375
4,-22.058,-7.428,6.562
2,-31.070,9.722,6.067
2,-6.610,-7.186,5.695
2,-19.815,47.425,2.385
3,27.649,36.729,0.358
2,-26.730,32.067,4.559
2,-7.088,-19.854,6.180
2,-31.002,-49.324,3.047
2,16.509,40.730,-1.432
2,-12.253,34.389,1.908
2,-20.462,49.135,2.370
2,-26.232,28.912,5.032
3,15.769,-31.530,2.264
2,16.082,-37.145,2.325
2,-34.263,-37.052,2.671
2,13.175,-30.253,2.384
2,14.315,-46.261,2.488
2,-10.504,-8.920,5.422
2,11.796,-36.510,2.445
2,-16.816,12.655,3.909
2,-14.082,-10.908,5.879
2,44.419,27.170,-0.622
2,12.748,-16.934,3.212
2,46.169,39.289,0.159
2,38.618,36.917,0.778
4,27.807,-3.724,-0.066
2,41.383,17.754,-1.734
4,-43.849,-8.899,6.437
2,-29.976,-5.742,6.203
2,13.727,-47.246,2.179
3,-0.600,13.394,2.257
2,18.948,2.672,-1.902
2,37.918,39.506,0.383
2,-25.682,28.566,4.937
2,40.581,18.338,-1.719
2,12.181,1.314,-0.943
2,19.134,-29.728,2.365
2,-19.582,42.193,2.419
2,-48.419,-25.079,1.993
2,-20.661,20.115,4.421
4,23.935,-5.838,-0.048
2,40.259,-8.720,-0.952
2,40.824,-14.398,-0.340
2,43.003,-28.937,0.876
2,5.661,26.216,-0.451
2,40.864,-4.591,-1.862
2,3.153,-32.838,4.182
2,11.844,-45.594,2.500
2,-42.212,-2.606,7.200
2,-43.838,-9.068,5.942
2,-24.846,36.723,2.964
2,18.750,-9.215,0.689
2,-5.439,-31.917,5.705
2,-21.140,19.881,4.130
7,23.703,30.734,0.906
2,-19.729,6.746,4.562
4,32.820,6.938,-1.011
2,-23.530,7.534,5.029
4,39.440,-14.773,1.071
4,-5.993,-20.157,6.372
2,49.849,6.720,-3.494
2,-24.239,24.852,5.149
2,-18.450,35.305,2.384
4,16.549,25.497,21.038
2,-17.031,3.254,4.369
2,-30.725,-25.515,5.137
2,6.898,34.747,-0.694
2,25.167,37.608,0.193
2,-7.408,-32.722,5.578
4,-24.702,-19.755,7.562
2,41.050,2.070,-2.221
3,-0.549,13.078,2.194
2,-6.695,-8.627,5.763
7,-38.412,18.355,-7.957
2,1.476,-30.226,4.957
2,36.374,-45.933,3.010
2,9.983,47.489,0.351
7,24.457,32.002,16.995
2,38.170,-9.992,-0.695
2,-4.017,48.906,1.796
4,0.345,13.470,2.693
7,-61.294,-7.981,2.773
2,-44.173,-9.435,5.892
4,-24.191,-7.705,6.799
2,-4.079,20.300,1.485
2,40.007,17.766,-1.841
2,-5.397,-34.173,5.142
2,-37.948,-27.238,4.164
3,-4.922,21.934,1.862
4,4.334,-33.461,4.667
3,-36.130,-37.009,2.803
2,-27.539,-39.111,3.705
7,9.854,37.235,2.490
2,-22.786,5.639,5.463
2,-13.782,-0.509,4.284
2,-10.598,-10.213,5.687
3,-0.328,12.612,2.403
2,4.248,18.438,0.734
3,27.184,36.481,0.603
3,32.894,44.700,-0.025
2,-35.884,44.759,2.832
2,-8.903,11.472,2.689
2,30.879,-1.498,-1.724
4,-25.657,-19.020,7.641
3,21.667,39.071,0.504
4,15.739,13.582,1.019
2,19.211,-23.236,2.770
3,-20.181,41.764,2.510
2,-6.099,-6.406,5.603
2,-7.440,-16.069,6.048
2,-32.692,-5.037,6.402
7,18.720,25.444,12.639
2,41.775,41.121,0.419
4,23.403,30.231,37.276
2,-23.705,40.379,2.162
4,-27.614,32.516,5.141
3,-9.152,-3.735,5.198
2,-16.558,10.546,3.794
2,18.785,22.054,0.116
2,13.195,43.410,-1.247
2,-41.380,-26.281,3.384
2,-34.365,36.691,3.528
4,-0.913,12.390,2.502
4,9.791,29.055,2.016
2,-33.178,36.660,3.508
2,41.979,-16.217,-0.237
2,-30.729,21.316,5.348
7,23.123,29.661,24.039
2,-31.811,40.343,2.714
2,48.483,-32.403,1.308
4,-36.361,-36.839,2.960
2,3.391,-44.324,3.257
2,-24.059,43.332,1.854
2,-13.438,-45.688,4.667
3,28.312,13.214,0.277
2,8.144,-27.347,3.887
2,-1.918,40.957,-0.157
4,42.378,22.758,-0.409
2,-0.535,-37.604,4.510
2,-18.140,-0.098,4.412
2,-33.888,36.446,3.484
2,-29.572,4.809,5.965
2,38.466,-42.865,2.559
2,-25.095,28.278,4.973
2,-9.658,-37.444,5.031
2,-22.983,42.556,1.961
2,-10.276,23.847,3.293
7,23.495,30.167,11.429
2,45.656,5.324,-2.553
2,5.801,-17.797,4.196
2,-46.068,-5.246,6.644
2,11.541,24.354,-0.954
2,32.893,44.284,-0.612
2,19.060,-38.210,2.609
2,-20.805,-41.033,4.354
2,-44.596,-17.392,4.214
2,-16.556,-23.432,6.032
2,-28.254,30.337,4.266
2,21.944,-35.555,3.106
2,-19.598,17.590,3.912
2,-40.777,-9.816,6.007
2,-34.373,36.091,3.489
2,-25.095,-22.923,5.793
2,21.552,-38.664,2.900
2,36.150,-14.935,-0.373
2,-14.547,-6.091,5.473
4,5.657,-35.062,4.070
2,40.304,16.735,-1.761
2,-48.390,-15.325,3.491
2,40.389,44.195,-0.032
2,-25.333,28.026,5.180
2,28.605,1.872,-2.082
2,0.468,-49.402,3.460
2,16.514,30.249,51.945
2,-43.453,-26.007,2.947
2,-4.362,28.269,1.278
2,-22.870,17.709,4.155
7,8.945,30.615,-5.416
2,22.542,14.183,-0.150
2,5.830,20.208,0.081
2,34.228,20.775,-0.389
4,24.103,34.874,4.927
2,-37.030,-8.281,6.270
2,46.061,-31.181,1.449
7,10.510,38.375,-1.234
2,31.004,-2.747,-1.590
2,-37.761,21.214,6.481
2,7.700,-12.934,2.995
3,17.705,49.934,-0.635
2,42.065,-30.450,1.011
2,-26.454,28.346,4.939
1,40.084,-9.743,-0.741
2,41.757,22.445,-0.965
2,8.037,20.679,0.522
2,22.450,-42.968,3.248
7,-104.494,113.581,-53.967
3,26.320,-3.306,-0.999
2,19.100,-10.229,1.123
2,-35.947,-37.256,2.485
2,-46.667,-48.947,0.797
2,32.744,-30.841,1.818
2,13.022,18.275,0.276
2,-15.901,-23.074,6.462
2,-22.216,20.250,4.123
2,21.730,44.481,-1.579
2,-49.988,16.122,9.347
2,-33.301,-39.597,2.616
2,1.751,-42.571,3.781
2,38.584,32.397,0.615
2,-18.451,-29.947,5.473
2,25.674,21.728,0.172
2,-22.251,40.433,2.120
2,5.981,23.431,-0.367
2,-17.828,25.268,3.940
2,48.604,-5.250,-1.976
2,-26.023,0.560,6.604
7,23.770,30.871,5.800
2,-43.090,-35.133,1.489
4,-10.316,31.030,3.644
2,11.904,-6.225,0.546
2,43.018,27.693,-0.466
2,48.940,0.598,-3.595
2,34.065,-33.831,1.839
3,42.136,29.431,0.094
4,5.884,-16.955,4.377
2,47.855,-33.463,1.351
4,7.695,21.933,0.529
2,-45.237,2.429,8.383
2,32.847,43.540,-0.391
2,-33.551,42.918,2.831
2,24.923,-36.895,3.764
2,-4.205,23.472,1.462
3,23.920,-4.640,-1.316
2,-22.851,-33.103,4.508
2,34.331,-35.880,1.957
2,-28.294,9.133,5.707
2,21.983,38.529,-0.787
7,16.670,25.505,14.014
2,8.940,-45.308,2.591
4,-0.814,13.663,2.556
2,39.969,17.891,-1.780
2,32.504,44.422,-0.621
2,48.513,2.252,-3.502
2,-49.373,31.780,5.210
2,49.314,-30.496,1.192
3,-27.422,33.050,4.376
2,23.172,44.728,-1.724
2,-47.196,-17.422,3.901
3,-5.157,-31.625,5.957
2,-11.938,-14.159,6.067
4,39.533,-16.741,1.602
2,13.633,-46.431,2.373
2,42.825,16.841,-1.840
2,27.500,17.664,0.165
2,45.018,-18.897,0.779
3,42.393,22.083,-0.623
3,-9.358,-5.147,5.332
2,-27.311,-41.946,3.477
4,-25.097,-16.652,7.547
2,-22.685,26.576,4.902
2,-47.222,7.406,8.521
3,-6.028,-20.231,6.024
2,33.063,-18.390,0.366
2,-8.077,41.485,0.931
2,-39.438,-42.863,1.457
2,-35.579,-7.770,6.334
2,1.203,-44.436,3.578
2,-1.843,47.745,1.463
2,27.299,34.124,0.251
2,21.600,5.817,-1.350
3,25.053,-2.155,-1.992
2,-7.471,41.203,0.811
4,33.148,44.275,-0.035
2,25.476,-23.233,2.241
2,16.269,-40.717,2.312
2,27.177,-44.181,3.044
2,31.990,43.850,-0.611
2,9.883,-11.798,2.545
2,-33.772,13.365,6.435
2,47.123,31.074,-0.833
2,15.179,23.092,-0.164
7,10.857,39.100,8.773
2,3.967,-4.511,2.395
2,-49.318,38.686,3.878
2,-38.526,-29.945,3.461
2,-29.227,14.366,5.657
2,-4.728,-7.743,5.779
2,29.514,22.838,0.177
2,24.147,46.184,-1.814
3,-35.867,-36.326,2.815
2,-21.007,42.862,2.420
2,45.885,-16.355,0.080
4,12.494,8.310,0.044
2,-44.083,-9.411,5.924
2,30.061,36.631,-0.054
4,3.978,-34.380,4.530
4,27.554,14.124,0.513
2,-19.002,35.353,2.484
2,-28.044,19.262,4.738
2,14.790,-36.407,2.089
2,-24.280,7.467,5.165
2,44.606,24.291,-0.623
3,-26.355,29.255,5.117
2,-12.303,46.924,1.828
2,42.362,-22.361,0.326
2,6.964,-1.205,1.267
2,30.027,2.329,-2.262
2,44.302,18.177,-1.768
2,41.976,-28.285,0.855
4,28.482,14.292,0.401
2,-21.697,7.736,4.809
2,-49.493,30.960,5.314
2,-12.620,41.975,1.453
4,-35.835,-25.093,5.186
2,-39.586,39.528,3.306
2,-34.904,35.738,3.336
2,-43.442,3.987,8.213
2,7.916,-49.904,2.305
2,20.962,-37.254,2.779
2,-41.748,-12.619,4.957
2,-42.666,-35.512,1.586
2,20.580,-39.196,2.887
2,-45.448,7.120,8.415
2,2.766,37.157,-1.121
2,-29.043,-29.811,4.131
2,24.782,25.289,0.384
2,-31.617,37.820,2.958
2,-32.556,39.316,2.752
4,31.658,7.728,-0.610
4,16.275,-32.094,2.748
3,27.332,13.607,-0.060
2,40.601,13.777,-1.781
2,-15.072,-3.325,4.662
4,-5.253,24.165,2.458
2,-26.051,-13.172,6.759
3,25.291,-5.121,-0.378
2,-35.590,23.890,5.821
2,-2.925,-25.993,5.897
2,32.529,44.827,-0.771
2,-18.219,-5.410,5.104
4,29.371,0.396,-0.322
2,40.224,18.399,-1.660
4,39.680,-17.598,1.473
2,26.009,6.934,-1.336
3,14.358,-31.226,2.622
2,-32.554,35.493,3.235
2,46.890,-34.301,1.449
3,42.085,28.474,0.073
2,-27.584,7.286,5.603
2,-33.735,-30.401,3.729
2,43.119,-23.574,0.575
4,25.158,38.795,0.552
2,13.749,-23.643,2.812
2,21.706,-34.555,3.063
2,-36.887,25.116,5.891
4,-0.393,12.637,2.586
2,-20.543,11.275,4.591
2,-9.361,-43.241,4.982
2,28.970,43.334,-1.079
2,-29.005,46.642,2.139
2,-0.696,12.779,1.850
2,20.563,-37.484,2.624
2,-7.593,-7.384,5.781
2,-46.137,-35.073,1.131
2,-3.534,25.062,1.226
2,26.705,13.229,-0.195
2,-0.635,18.387,1.431
3,26.413,38.436,0.537
2,13.438,-41.184,2.776
7,10.505,38.421,26.074
7,22.138,27.720,4.478
2,-19.210,20.455,4.030
2,3.378,15.970,1.254
2,18.420,-31.866,1.993
2,-48.136,-19.589,3.444
4,7.023,22.740,0.384
3,23.657,-5.254,-1.479
4,13.045,-30.680,2.870
2,37.552,32.069,0.882
2,-26.594,31.578,4.365
2,34.460,-14.530,-0.046
2,30.605,41.027,-0.251
2,-13.200,-18.333,6.137
2,13.167,-25.449,2.772
2,-31.418,19.646,5.517
2,-25.051,25.189,5.404
2,31.466,-1.677,-1.757
7,71.467,-93.375,-44.437
2,2.613,-4.762,2.933
2,39.204,-24.635,0.428
2,-32.670,5.783,6.072
2,-47.646,38.331,3.685
2,-7.415,-44.954,4.690
2,-34.438,48.200,2.301
4,-29.224,32.447,5.181
2,-46.641,33.455,5.005
2,-12.438,-39.327,5.411
4,-0.367,13.150,2.536
2,-21.202,11.216,4.611
4,-3.877,23.299,2.293
2,34.943,-38.280,2.237
2,43.418,26.376,-0.581
2,11.356,-31.488,2.614
2,-47.460,31.015,5.627
2,34.531,-20.517,0.324
2,26.848,-20.791,1.868
4,-24.368,-7.750,6.682
2,-17.059,-49.499,5.128
4,42.327,17.398,-0.991
2,46.453,-16.405,0.102
2,-4.611,-24.399,5.677
4,-20.795,-8.448,6.944
2,7.933,-45.274,2.904
2,-24.662,-14.773,6.345
2,44.418,-33.233,1.565
2,19.796,-46.277,2.902
2,-4.329,22.479,1.487
2,-2.001,-15.184,4.901
7,135.799,-106.181,-82.355
2,4.351,-39.294,3.669
2,-3.080,29.270,0.647
2,-0.210,12.651,1.940
2,-34.389,36.603,3.481
2,-32.606,15.299,5.957
2,14.783,48.995,-0.496
4,34.495,8.805,-0.833
2,-10.173,-34.092,5.507
2,-10.555,10.929,3.095
4,-43.487,-9.894,6.506
4,32.227,44.535,0.014
2,6.470,48.530,0.894
2,-35.466,-35.670,2.744
2,-4.603,23.211,1.482
2,-19.512,43.237,2.330
2,-14.872,34.802,2.417
2,-25.298,12.261,4.694
7,10.785,39.147,7.334
2,32.259,44.728,-0.626
3,-16.539,-22.855,6.563
2,-34.010,-32.136,3.380
2,46.341,-2.564,-2.418
4,21.092,40.175,-0.236
2,-34.586,37.071,3.464
2,48.256,24.183,-0.752
2,49.901,1.488,-3.737
2,20.349,-38.683,2.617
2,-29.246,-35.405,3.258
2,49.937,-45.351,1.601
4,-25.974,32.733,5.372
2,35.823,-19.851,0.054
2,31.895,44.497,-0.160
2,-25.307,-13.050,6.726
2,41.657,6.624,-1.880
2,48.830,-45.473,1.467
2,39.184,-1.866,-2.039
2,25.258,32.242,0.347
2,49.444,38.730,-0.483
2,31.736,-13.061,0.595
2,37.420,-7.662,-1.219
2,9.878,-3.996,0.921
2,-7.904,-18.175,6.342
3,-4.182,21.603,1.500
4,14.346,-29.745,2.813
2,3.823,9.998,1.397
2,-2.056,-30.457,5.138
2,-42.633,-0.246,7.997
2,-7.188,-18.228,6.268
2,-29.024,23.039,5.322
2,11.701,36.028,51.945
2,-8.233,-21.514,6.196
2,-10.857,-0.063,4.306
2,10.123,15.361,0.666
4,42.430,22.298,-0.109
2,38.548,40.300,0.373
2,39.590,11.533,-1.746
2,42.937,20.493,-1.252
2,28.380,14.683,0.068
2,-32.545,-20.231,4.926
2,-4.863,30.279,1.164
2,-42.814,12.999,8.007
4,27.683,-2.418,-1.038
2,-3.293,42.400,0.115
4,-3.374,2.389,3.594
3,29.056,-3.422,-1.269
2,48.492,-11.872,-0.205
4,-18.093,6.342,5.189
4,41.266,16.525,-0.958
2,42.354,22.906,-0.957
4,-0.701,13.366,2.351
3,-20.382,40.624,2.373
2,-7.555,-29.652,5.815
4,-36.234,-25.216,5.113
2,-19.758,16.152,4.062
2,-33.993,37.107,3.537
2,-42.119,-3.182,6.984
2,2.618,-17.226,4.297
2,-2.202,-43.435,4.355
2,17.266,-30.242,2.129
3,13.907,-30.353,2.278
2,-17.935,-13.987,5.906
2,47.860,-29.565,1.364
2,-15.072,-9.576,5.805
3,-0.210,12.529,2.223
2,-8.372,-7.346,5.592
2,-12.554,-17.658,6.264
2,-19.586,37.463,2.263
2,16.696,18.235,0.136
2,-10.214,43.162,1.187
2,41.814,1.683,-2.322
2,-14.713,41.055,1.836
2,49.074,26.833,-0.507
2,-31.236,-19.883,4.984
2,-24.999,-12.326,6.730
2,7.808,20.221,0.103
3,14.702,-31.459,2.475
4,20.296,12.897,1.458
4,-0.940,13.138,2.631
2,-21.267,43.110,2.017
2,14.233,44.884,-0.975
2,42.524,28.837,-0.232
2,25.416,25.213,0.365
2,-10.050,7.999,2.674
2,-47.170,-45.002,1.071
3,-20.204,40.726,2.290
7,23.406,30.198,27.496
2,-10.922,12.294,3.046
2,-2.725,47.788,1.673
2,19.554,16.581,0.108
2,-43.158,-4.983,6.993
4,-27.660,32.274,5.221
2,4.672,33.686,-0.869
2,-16.914,24.367,3.853
2,10.102,-30.176,3.013
2,-45.384,20.250,8.132
2,40.607,3.034,-2.128
2,21.466,-26.092,2.488
2,-28.648,-49.253,3.763
2,-36.688,-35.877,2.466
2,31.161,21.422,0.250
2,17.343,48.669,-0.861
2,-14.079,-34.331,5.618
4,-1.294,13.498,2.601
4,-8.279,-3.431,5.334
2,49.493,46.291,0.633
2,46.240,18.181,-1.574
2,-34.070,36.037,3.449
2,-14.273,-31.744,5.399
2,-19.086,45.181,2.251
2,0.329,45.861,0.736
2,-27.889,31.984,4.367
2,23.212,-6.751,0.213
2,34.755,-6.983,-0.851
2,-35.764,-25.881,4.478
2,-38.003,-23.067,3.887
2,-19.973,-36.185,4.843
2,46.981,-17.601,0.511
2,-11.655,-21.348,6.267
2,-5.851,-13.517,5.783
2,-6.918,-6.728,5.653
7,18.714,25.379,0.004
2,28.065,44.530,-1.324
2,-44.315,-34.107,1.457
2,25.171,33.745,0.196
3,34.256,8.193,-1.084
2,-48.204,2.944,8.359
2,0.709,10.870,1.669
4,41.088,-17.948,1.161
3,-5.028,20.048,2.183
3,5.892,-34.100,3.776
2,-21.102,6.471,4.988
2,28.553,14.097,-0.019
1,31.745,44.658,-0.328
2,-5.943,-39.420,5.140
4,-15.325,30.488,4.381
2,-16.092,-41.901,4.904
2,13.310,-13.462,2.844
2,39.843,-22.738,0.158
2,-45.441,-9.612,5.540
2,38.039,13.558,-1.431
7,8.419,34.866,24.884
2,-39.463,17.907,7.422
3,28.964,13.972,0.252
4,4.179,-0.855,2.821
3,44.083,22.813,-0.657
2,-44.843,6.684,8.307
2,42.194,34.533,0.042
2,-46.937,14.672,8.929
2,-17.458,38.081,2.217
2,-46.196,-17.337,4.065
3,-7.080,-20.608,6.447
4,7.241,23.084,0.437
2,18.234,-43.625,2.827
2,13.973,-30.006,2.284
2,-19.618,31.523,3.431
2,-17.508,45.927,2.377
2,-35.479,-24.093,4.457
2,3.096,32.213,-0.589
2,-21.988,14.756,4.301
2,-37.230,-38.877,1.949
2,41.443,-20.740,0.266
2,11.701,13.583,0.062
4,-0.828,12.898,2.637
2,-3.793,8.448,2.553
2,-45.931,-30.201,2.016
2,-7.592,43.214,0.863
3,-0.317,13.084,2.210
4,-19.018,-10.516,6.522
2,-1.030,-32.424,4.814
2,-36.517,-29.287,3.833
2,25.767,-22.583,2.074
2,3.819,5.072,1.433
4,41.811,-30.510,1.648
4,-43.549,-10.013,6.431
2,-47.311,-23.209,2.764
2,18.015,-39.703,2.276
2,41.319,18.096,-1.715
2,40.050,17.394,-1.776
2,-37.307,-47.979,1.398
2,35.690,-10.963,-0.709
4,16.359,8.329,-0.542
2,-8.295,-7.058,5.472
4,12.501,13.687,0.634
2,-36.344,-8.735,6.166
2,-7.577,-8.107,5.660
2,-27.783,-15.422,6.289
3,-0.789,13.487,2.304
4,39.344,-15.002,1.093
2,9.206,40.246,-0.865
4,-21.973,-7.653,6.649
2,41.532,17.973,-1.774
2,22.398,-6.791,0.248
2,10.693,-2.556,0.150
2,-31.613,11.896,6.273
3,14.123,-29.767,2.593
2,-6.524,-32.152,6.015
4,-0.930,12.619,2.402
2,15.274,-30.082,2.138
3,21.263,-36.449,2.910
2,-23.825,-49.779,5.150
2,10.364,-18.711,3.173
2,11.894,-21.299,2.822
2,-33.769,9.055,6.541
2,5.425,-7.699,2.346
2,-32.296,11.763,6.276
2,-45.940,-3.607,7.209
2,23.949,27.397,0.457
2,-6.533,-7.643,5.726
2,17.240,20.241,0.109
2,-11.672,39.134,1.928
2,-32.453,28.894,4.752
2,-37.015,-26.830,4.370
2,-3.855,-21.778,5.447
2,-35.671,-25.169,4.707
2,-18.206,-39.820,5.055
2,-41.804,26.857,5.793
2,49.880,25.538,-0.457
2,7.095,20.261,0.399
2,49.683,14.724,-2.612
3,4.643,-17.329,4.561
2,32.606,43.852,-0.599
2,44.274,-1.200,-2.449
2,-39.999,-42.804,1.462
2,47.594,-48.237,1.417
2,34.498,-19.896,0.299
2,-44.247,35.876,4.258
2,-15.626,-18.997,5.887
4,-21.635,41.239,2.759
2,7.773,32.632,-0.807
2,31.444,7.518,-1.504
2,31.212,-17.976,0.935
2,31.293,-26.127,1.432
3,28.514,13.896,0.337
2,-47.941,28.742,6.289
2,-35.857,-25.512,4.733
2,-31.708,10.604,6.277
2,11.802,41.809,-1.476
2,-16.223,-23.404,6.118
4,43.364,21.521,-0.444
2,38.621,42.036,-0.093
2,44.187,5.573,-2.210
2,-10.441,47.004,1.636
7,10.427,38.571,2.359
2,29.849,-33.076,2.839
2,13.710,49.028,-0.208
2,42.128,22.526,-0.953
2,18.286,-25.826,2.503
2,-20.131,-41.387,4.516
2,42.014,-1.150,-2.347
2,-7.060,-40.215,5.243
2,-41.808,14.978,7.847
2,39.726,49.949,-1.196
2,38.232,-30.787,1.063
2,34.511,1.550,-2.405
2,-42.615,-47.095,0.846
2,-9.108,8.344,2.412
2,-26.963,-17.929,6.406
2,-36.288,-25.274,4.479
2,44.667,-8.820,-0.928
2,24.047,-5.521,-1.518
2,-47.684,-19.069,3.611
2,14.383,13.560,0.037
2,43.863,18.763,-1.853
2,-19.172,18.200,4.002
2,-29.477,34.829,3.423
3,-18.411,7.194,4.567
4,-35.693,-26.066,5.160
2,19.905,-20.909,3.013
2,13.028,-41.682,2.800
2,34.193,30.944,0.609
2,-2.088,-34.974,4.942
2,25.507,17.286,0.066
2,47.594,-44.226,1.493
4,-3.743,23.065,2.234
2,-26.333,8.411,5.319
2,38.839,-9.982,-0.644
2,-28.185,-32.814,3.764
4,-0.677,12.556,2.754
3,7.920,21.663,0.068
2,36.183,7.439,-1.952
2,46.632,-40.111,1.707
3,13.328,-30.256,2.673
2,-24.000,18.721,4.282
2,32.700,44.506,-0.504
2,-21.205,19.674,4.440
2,32.232,43.776,-0.407
2,42.046,29.868,-0.255
4,42.245,17.712,-1.170
2,39.154,-26.716,0.897
3,14.570,25.537,2.118
2,-34.024,36.818,3.475
2,17.509,-43.273,2.638
2,-41.745,44.108,2.642
2,-37.884,10.508,6.807
2,-18.664,41.632,2.012
2,-33.648,36.414,3.485
4,17.319,40.871,-0.665
2,29.331,-40.692,3.125
2,43.993,-36.358,1.894
3,31.910,9.778,-0.852
2,-41.514,15.854,7.783
7,8.485,34.868,8.505
2,-43.783,38.971,3.599
2,28.290,3.472,-1.903
2,-13.348,-39.754,5.322
2,-0.903,30.897,-0.211
2,-35.006,37.060,3.489
2,19.871,24.971,0.227
2,49.649,11.851,-3.268
2,24.810,-31.816,2.998
2,11.549,15.252,0.291
2,-24.034,-9.600,6.017
2,49.433,-24.577,2.247
2,17.358,-35.063,2.127
2,26.726,18.018,0.119
2,11.051,-37.483,2.904
2,-2.332,-25.897,6.007
4,-0.967,13.087,2.464
2,-18.631,46.550,2.257
2,5.370,22.514,-0.119
2,18.102,21.072,0.224
2,4.068,42.577,-0.150
2,8.487,20.752,0.108
2,-47.313,1.820,8.386
2,-16.371,32.133,2.945
2,15.516,15.318,0.390
2,42.995,-31.285,1.094
7,10.222,37.865,1.693
2,14.212,-15.425,2.845
2,-10.491,-1.444,4.570
2,-10.624,-7.862,5.287
3,41.972,29.326,-0.097
2,38.698,-11.526,-0.658
2,-23.872,23.279,5.004
2,22.055,-30.200,2.413
2,40.394,-26.373,0.735
2,22.266,47.984,-1.987
2,32.628,17.191,-0.350
3,-17.895,7.180,4.681
2,8.430,-41.982,2.993
4,-26.712,32.591,4.814
2,6.239,-21.136,3.951
2,-12.732,-16.128,6.267
2,13.738,21.046,0.165
2,33.520,-25.012,1.144
2,-21.589,40.695,2.049
2,14.092,-44.990,2.676
2,-14.847,28.358,3.268
3,-20.385,19.253,4.502
2,-46.374,-12.463,4.553
2,-15.589,-11.006,5.874
2,-49.316,8.696,8.820
7,25.315,-13.293,-4.047
2,-0.808,13.842,1.823
2,11.302,-25.151,3.209
2,-44.308,-43.688,1.236
4,-0.255,13.046,2.378
2,-19.920,49.230,2.350
2,-8.417,15.436,2.628
2,-46.402,-13.857,4.242
4,-20.011,-8.729,7.094
2,40.461,18.217,-1.786
2,24.081,-18.828,2.037
2,49.161,46.790,0.530
4,-26.903,32.680,5.261
2,17.238,-41.453,2.361
2,21.513,40.059,-0.825
2,28.238,-41.503,3.368
2,43.342,-3.211,-2.201
2,-30.227,10.663,6.004
2,-21.194,-23.091,6.065
2,-36.202,-36.309,2.425
2,-4.476,19.361,1.662
2,-23.444,-6.308,5.899
2,37.374,19.918,-1.219
2,15.586,-5.524,0.086
2,22.949,-25.532,2.586
3,26.163,35.485,0.371
2,3.740,24.170,-0.018
2,-36.413,47.444,2.047
2,19.812,-38.501,2.613
2,43.737,-28.996,1.039
3,-5.727,-31.515,6.038
2,-44.258,-6.658,6.437
2,7.039,-43.252,3.164
4,4.998,-36.104,4.204
2,-30.654,8.722,5.947
2,27.196,15.232,-0.022
2,-24.891,-40.911,3.915
4,-25.132,-20.203,7.751
2,19.956,32.598,51.945
2,-18.499,42.917,2.041
4,-35.717,-25.572,5.314
2,-16.672,-22.546,6.243
4,24.096,-18.788,3.482
4,-1.330,13.539,2.665
2,44.133,46.374,-0.013
2,42.412,26.116,-0.437
2,-25.439,27.680,4.947
2,18.141,23.963,0.019
2,-6.468,49.910,2.141
2,-3.122,-11.781,5.125
2,41.497,-30.695,0.974
7,21.397,26.720,24.042
2,22.229,0.099,-2.005
2,-20.379,21.164,4.281
3,42.132,29.968,0.057
2,6.789,0.253,1.079
2,24.970,25.790,0.389
2,13.814,-6.358,0.302
3,-20.709,40.350,2.268
4,-25.365,-19.395,8.451
2,-30.408,-16.440,5.771
4,-4.212,21.332,1.999
2,-45.333,-26.280,2.423
2,30.766,-9.435,0.127
2,1.590,-32.503,4.619
2,29.328,-23.585,1.510
3,-21.084,40.104,2.609
2,15.361,-40.156,2.405
2,-9.703,-22.323,6.312
2,-15.721,-44.458,4.672
7,24.431,31.950,6.509
2,37.466,10.496,-1.633
2,13.827,-39.821,2.577
2,31.831,-0.443,-2.088
2,-18.947,5.790,4.638
2,45.419,-46.892,1.552
2,8.395,2.138,-4.204
3,-20.793,19.235,4.543
2,39.502,-41.821,2.496
2,-45.367,-0.137,8.205
7,23.695,30.683,23.279
4,-24.919,-22.083,7.518
2,-8.712,39.451,1.525
2,24.739,20.065,0.226
2,-0.186,-15.506,4.472
2,-15.596,-3.754,4.720
2,-21.095,42.335,2.374
2,9.538,6.010,-0.113
2,44.801,-27.677,1.052
2,-6.385,-32.306,5.983
2,-47.840,2.541,8.438
2,3.565,20.301,0.552
3,-18.259,8.017,4.724
2,25.535,-42.024,3.163
2,-39.496,-45.642,1.293
2,-18.909,19.573,4.018
2,5.372,-13.861,3.606
2,33.502,34.055,0.303
2,-42.899,-40.566,1.221
2,-22.711,0.528,6.000
2,-2.999,11.253,2.559
2,43.293,-7.631,-1.141
2,49.080,10.968,-3.119
2,-17.091,32.845,2.949
2,-22.041,-12.375,5.788
2,40.520,-23.377,0.225
3,-43.602,-9.480,6.505
2,46.321,19.756,-1.306
2,12.180,4.035,-1.034
2,27.621,16.619,0.117
2,27.440,-14.017,1.404
2,-13.791,-11.661,6.054
2,-6.080,-8.625,5.847
2,-9.012,35.506,2.029
2,25.818,26.316,0.417
2,-2.862,-43.570,4.427
2,-29.853,22.506,5.317
2,47.001,40.408,0.031
2,4.020,22.117,0.218
2,-15.264,-10.340,5.911
2,-6.237,-8.701,5.760
4,-29.013,32.004,5.262
2,15.827,-29.248,2.117
2,1.731,-5.121,3.148
2,17.194,16.974,0.189
2,0.796,34.180,-0.880
4,25.399,-0.953,-0.836
2,-19.723,-35.517,4.912
3,-25.682,28.948,5.050
3,-0.713,12.337,2.019
2,-28.865,2.411,6.270
2,17.563,45.188,-0.944
2,-24.106,44.940,1.933
2,-33.849,-18.374,5.207
2,-31.814,-29.501,4.000
2,13.963,-16.490,3.015
2,6.701,-20.736,3.830
2,-12.163,12.341,3.469
2,20.336,13.585,0.005
2,-39.684,26.876,5.681
2,-28.642,-49.895,3.717
4,22.928,-16.431,3.502
2,-9.680,22.947,3.239
2,-49.165,18.312,9.065
2,3.506,-17.017,4.096
2,-17.382,-10.581,5.831
2,14.827,-1.570,-0.699
2,14.912,-4.520,-0.105
4,40.652,17.621,-0.628
2,-16.296,1.285,4.222
3,41.757,28.956,0.096
4,-21.667,-9.475,6.687
4,32.141,44.580,0.164
2,24.468,-2.506,-1.856
2,-30.564,-45.183,2.870
2,-13.350,-39.210,5.423
2,-41.242,1.721,7.529
7,22.791,28.931,14.990
2,-13.276,-13.209,6.204
2,-6.848,-11.136,5.736
2,-3.285,-40.714,4.899
2,-7.616,37.439,1.576
3,41.666,17.514,-1.648
2,-16.861,-23.154,6.063
2,-2.749,17.115,2.001
2,-7.571,-20.168,6.072
2,33.584,4.321,-2.114
7,22.108,27.806,5.176
2,4.620,6.759,1.183
7,9.876,37.286,18.258
2,-0.530,21.263,0.915
2,-3.070,-42.973,4.600
4,17.607,13.685,1.052
2,-31.829,-18.501,5.053
2,-46.337,30.600,5.543
2,22.186,23.263,0.569
2,-5.737,49.771,2.027
2,6.421,-1.776,1.524
2,32.773,43.870,-0.176
2,39.626,36.800,0.682
2,-39.278,35.969,3.719
2,-6.663,-32.211,5.979
3,-25.944,35.143,3.456
2,25.960,-29.808,2.763
2,24.336,31.155,0.258
2,9.549,49.584,0.770
2,-47.540,14.972,9.043
2,-9.169,-0.331,4.042
3,-35.922,-25.869,4.863
2,-13.010,-31.714,5.377
2,-28.104,31.952,4.290
4,34.319,8.706,-0.546
2,25.343,36.480,0.163
2,-15.227,-21.159,5.936
2,-35.084,2.557,6.546
2,7.779,20.006,0.327
3,-19.790,43.138,2.559
2,-47.783,-47.868,0.868
2,-8.108,25.840,2.788
7,8.988,-13.940,-7.523
2,-5.253,-32.508,5.770
3,-36.148,-36.739,2.859
3,31.748,7.971,-1.003
2,-37.691,-21.543,4.020
2,-25.148,-18.049,6.623
2,-11.167,-31.597,5.430
2,-26.279,48.896,2.067
2,-14.399,-24.345,6.229
4,14.036,-31.505,2.674
2,-25.549,-18.930,6.641
2,-16.467,13.345,3.984
2,-35.668,-36.059,2.427
2,32.286,44.462,-0.266
2,-15.163,13.407,3.794
2,5.405,28.344,-0.570
4,32.501,44.455,0.005
2,-26.394,11.752,5.046
4,-36.218,-25.783,5.122
2,42.566,1.495,-2.362
2,14.234,0.008,-0.952
2,-13.159,48.735,2.383
2,-38.657,5.325,6.885
2,45.339,8.724,-2.825
2,-10.613,30.527,2.279
3,28.739,-3.096,-1.117
7,23.837,30.854,7.898
2,48.270,-22.157,1.597
2,48.334,34.872,-0.616
2,35.455,-6.399,-1.099
2,49.385,-14.095,-0.102
2,42.061,44.308,0.143
2,31.192,-36.403,2.373
3,25.799,-0.637,-2.015
2,-42.717,-32.319,2.145
2,16.875,21.606,0.171
2,-43.645,-9.400,5.989
2,38.476,-24.377,0.318
2,-45.558,35.149,4.468
2,13.172,2.399,-1.021
4,24.453,1.190,-0.900
2,46.061,-3.106,-2.168
2,41.852,-31.507,1.320
2,-48.199,49.045,1.480
7,22.710,37.392,1.533
2,45.481,26.409,-0.617
2,0.958,-18.496,4.749
2,-7.088,14.288,2.546
2,-37.587,-20.613,4.212
2,-27.502,-17.618,6.250
2,29.263,14.014,-0.043
2,16.787,-9.730,0.880
2,-27.771,-8.533,6.286
2,-16.162,-30.794,5.473
4,25.379,39.070,0.420
4,-15.699,-23.065,6.640
2,-19.798,42.638,2.075
4,-20.865,-9.383,7.368
2,24.376,23.094,0.126
2,14.091,-40.836,2.709
2,5.708,25.619,-0.449
2,49.984,36.152,-0.838
2,-1.209,7.722,2.224
2,10.691,15.431,0.496
2,-41.850,-36.376,1.755
4,-35.986,-25.885,5.233
2,-11.106,-45.317,4.790
2,-10.834,44.872,1.448
2,28.366,-44.564,3.249
2,-46.130,28.502,6.192
2,-16.828,-11.386,5.796
4,-25.962,-19.169,7.514
2,-20.206,43.145,2.044
4,24.313,-0.644,-0.415
2,-6.011,-35.798,5.054
4,-19.073,-7.688,6.942
2,22.032,11.086,-0.363
3,20.448,-36.774,2.942
2,-24.547,-48.457,4.928
3,-10.146,-19.197,6.264
2,40.423,-43.471,2.420
2,-28.251,6.807,5.789
2,20.927,12.426,-0.215
2,5.143,-24.771,4.688
7,19.985,25.494,23.296
2,-33.614,27.210,5.364
2,16.232,21.527,0.114
4,9.473,29.630,4.329
2,0.310,-13.999,4.410
2,-15.388,30.535,2.963
3,-20.917,19.297,4.538
2,-15.994,16.686,3.771
2,12.378,10.366,-0.629
3,33.813,8.751,-1.156
2,43.357,-43.287,1.651
2,-38.939,27.582,5.287
2,36.538,10.100,-1.610
3,32.463,43.618,0.055
4,-6.297,-33.232,5.964
2,-27.341,-20.414,5.985
7,22.664,37.294,2.243
2,15.838,20.572,0.236
7,-29.437,46.085,-9.184
4,9.006,21.261,0.700
2,35.479,-21.991,0.287
2,29.939,-17.255,1.136
2,-22.415,15.417,4.333
2,-25.384,-11.799,6.830
2,1.312,-33.616,4.452
2,-44.742,-4.554,6.991
2,37.456,-29.347,1.088
2,-18.714,-25.387,5.565
2,-37.014,1.639,6.904
2,24.861,-20.200,2.230
7,26.679,8.751,-8.061
4,39.956,-17.772,0.896
2,41.655,-30.520,1.142
2,-41.321,25.638,6.267
2,-27.373,-12.884,6.923
3,-20.382,42.057,2.415
3,-36.450,-25.664,5.126
3,-20.607,42.904,2.596
2,34.348,4.255,-2.016
2,48.696,4.305,-3.282
2,-11.890,-45.637,4.689
2,-15.434,-32.562,5.543
2,29.840,4.269,-1.965
2,-46.693,-43.548,1.155
2,-10.435,15.593,3.041
2,33.741,1.425,-2.383
3,27.428,13.699,0.237
2,20.234,33.894,51.945
3,25.400,-1.705,-2.107
2,31.827,-5.294,-0.696
2,21.133,-36.623,2.608
4,-17.725,8.102,4.837
2,-35.221,16.632,6.340
2,8.797,16.137,0.829
4,-24.946,-19.765,7.764
2,27.943,15.043,0.063
2,15.860,-37.846,2.271
3,-36.877,-37.063,2.460
4,15.963,40.894,-0.094
2,-32.312,-4.326,6.473
2,-30.142,-13.520,6.379
2,16.435,33.339,51.945
2,-49.807,-34.178,0.878
2,-36.066,30.385,4.357
2,3.046,14.141,1.451
2,18.168,34.822,51.945
4,-28.353,31.358,5.363
2,38.072,10.262,-1.645
2,-33.745,47.157,2.570
3,42.227,29.070,-0.030
2,-11.096,48.401,2.060
3,-36.572,-25.706,4.884
2,16.893,-6.049,0.002
2,-28.812,-19.812,5.805
2,-28.872,-30.342,4.044
2,-38.890,-24.906,4.001
2,-35.334,36.901,3.209
2,-15.399,-38.236,5.310
4,-4.794,-19.779,6.158
2,24.293,-31.595,3.023
2,5.503,23.993,-0.392
2,-10.941,34.726,2.012
2,11.764,46.294,-0.373
2,-22.715,46.680,2.246
2,46.919,31.588,-0.722
2,-31.325,12.598,6.243
2,26.647,-39.696,3.313
2,-36.482,-34.488,2.544
2,-41.616,-38.166,1.568
7,19.371,25.520,11.319
2,23.567,41.385,-0.905
4,-5.826,-20.841,6.367
2,19.361,-7.340,0.186
2,-44.375,-24.712,2.808
2,-13.674,47.233,2.230
3,4.433,-16.314,4.556
3,13.739,-31.296,2.567
4,42.665,29.607,0.149
2,-19.007,34.446,2.522
2,-10.420,-22.545,6.248
2,20.092,-2.129,-1.311
2,-33.903,-17.784,5.360
2,-25.104,-26.641,5.228
2,11.153,-28.095,3.264
2,-10.933,-0.619,4.415
2,-25.966,-6.598,6.248
4,25.180,-0.840,-0.671
2,31.626,4.334,-2.266
2,-23.252,-26.899,5.123
2,-16.518,-22.245,6.497
2,48.132,-39.147,1.479
2,33.602,36.063,-0.015
4,-18.086,9.022,5.095
2,-30.127,-29.396,4.070
2,-21.652,-39.639,4.210
2,-48.053,47.873,1.695
4,39.653,-16.623,1.129
2,-47.572,29.441,6.006
3,-35.608,-37.786,2.738
2,-29.950,-7.089,6.089
2,32.037,44.018,-0.521
2,-37.556,27.045,5.206
3,-5.172,-32.845,5.909
2,40.552,23.493,-0.890
2,13.542,-31.666,2.119
2,8.453,14.203,1.002
2,7.700,48.435,0.851
4,-20.103,7.901,5.223
7,24.410,34.249,2.271
2,-8.174,39.279,1.336
2,-6.572,-8.952,5.636
2,33.020,43.690,-0.692
2,27.775,48.714,-1.752
7,17.962,25.547,16.127
4,42.796,22.704,-0.279
3,-16.390,-23.236,6.511
2,-25.477,-38.078,3.676
2,43.721,-48.035,2.191
2,33.781,13.847,-0.741
2,-23.700,6.072,5.476
2,-19.801,19.061,4.174
4,-34.093,5.864,7.202
4,40.210,-19.086,1.004
2,44.041,-23.747,0.796
7,21.736,27.258,10.750
2,32.591,-49.718,2.719
2,27.411,-25.973,2.349
2,-14.708,-16.800,6.259
2,14.792,-29.457,2.207
2,-8.569,-8.336,5.561
2,22.469,49.991,-2.166
2,-43.453,-29.816,2.635
3,18.609,-37.549,2.693
2,-36.607,-5.721,6.738
2,-1.657,20.247,1.206
2,-46.266,16.591,8.760
2,-19.506,-29.418,5.325
2,-13.470,-20.020,5.968
2,-24.855,28.584,5.108
2,-6.152,7.674,2.249
2,23.799,-46.787,2.471
2,-42.070,19.426,7.897
2,31.633,-47.012,2.986
2,-0.478,-19.072,4.935
2,-47.880,0.778,8.412
2,-36.744,16.540,6.728
2,33.941,46.690,-1.372
2,-16.635,-23.085,6.121
2,-11.237,-11.109,5.869
2,4.385,-17.932,4.128
2,2.004,-40.527,3.978
4,40.640,17.362,-0.661
2,31.745,-13.746,0.641
2,8.295,20.221,0.238
2,-6.108,-7.739,5.621
4,-32.979,6.062,6.778
2,-5.314,12.212,2.585
4,40.964,-18.376,1.115
2,25.353,-21.138,2.050
2,-31.260,-29.717,3.833
2,-18.146,25.751,3.969
2,-45.821,-12.679,4.593
2,24.766,-41.210,3.157
2,44.121,2.584,-2.335
7,-10.444,57.196,-94.335
2,-30.295,-11.662,6.338
3,-10.004,-4.157,5.373
3,32.757,44.599,-0.122
2,-46.255,-49.461,0.905
2,28.197,43.279,-1.309
2,-25.558,14.836,5.044
2,-30.934,-26.028,4.991
2,-3.624,-32.204,5.263
2,-2.293,-39.497,4.658
2,13.191,31.738,51.945
2,19.936,-38.986,2.632
2,37.560,4.147,-2.134
3,-16.547,-22.536,6.660
3,-28.144,32.211,4.533
2,-4.560,35.866,0.483
2,-16.186,-22.904,6.043
2,32.628,43.832,-0.606
2,42.885,-11.155,-0.632
2,44.010,-29.522,1.033
2,34.918,-23.556,0.826
2,31.577,-45.787,3.142
2,-45.693,-44.208,1.136
2,-48.704,2.344,8.312
2,-35.368,-36.272,2.509
2,9.729,-24.786,3.668
7,-2.145,3.987,-10.879
3,39.404,-16.618,0.123
7,19.441,25.486,21.826
4,27.588,12.735,0.379
2,3.717,-2.243,2.244
2,-17.694,-49.169,5.193
2,-38.788,48.165,1.651
2,-25.533,-11.862,6.922
2,-39.320,49.076,1.445
2,-26.006,-9.236,6.186
4,22.826,37.212,7.213
3,5.496,-34.455,3.883
2,-7.397,45.051,1.116
7,21.726,27.221,17.034
2,-25.097,-11.423,6.483
2,35.025,-22.491,0.478
2,12.307,45.478,-0.504
2,-47.829,3.325,8.328
2,-9.537,-20.546,6.404
2,-26.161,27.450,5.105
3,-19.529,8.015,4.915
2,31.150,3.367,-2.372
2,20.559,16.221,0.245
4,-28.124,32.155,5.200
2,33.225,8.694,-1.507
2,-17.974,20.771,4.096
4,38.295,-19.731,1.077
2,-26.741,-11.977,6.861
2,14.917,-13.750,2.283
2,-37.710,11.197,6.813
3,-35.367,-36.745,2.693
2,-18.554,8.152,4.611
4,42.469,17.526,-0.702
2,-24.392,-49.927,5.116
2,-7.972,11.204,2.630
3,43.846,21.398,-0.604
7,-8.249,12.000,-4.921
4,-44.694,-9.267,6.505
2,3.471,-28.127,5.068
2,-40.177,16.585,7.506
2,-38.707,11.936,7.057
2,-18.880,13.329,4.089
2,-36.708,-37.082,2.451
4,41.306,17.832,-0.716
2,7.698,39.118,-0.743
2,29.548,6.193,-1.620
2,-34.856,29.430,4.803
2,19.784,21.292,0.161
2,-20.267,20.098,4.450
2,36.486,-38.158,2.148
2,11.214,-40.808,2.960
2,14.492,30.473,51.945
3,-44.049,-9.088,6.382
2,-33.882,37.404,3.522
4,13.793,-31.051,2.667
2,6.645,-0.585,1.315
2,22.856,-8.961,0.910
4,3.454,-33.713,4.362
3,-0.887,12.793,2.128
2,-5.528,21.483,1.544
4,-21.429,-10.564,6.927
2,-46.950,23.221,7.773
2,-45.473,-3.966,7.086
2,34.514,-28.511,1.352
4,33.141,7.584,-0.923
2,-45.752,-35.553,1.111
2,-13.000,41.079,1.685
2,-21.773,41.829,2.009
2,-23.402,30.551,4.337
2,-36.010,-24.396,4.326
2,30.909,-10.319,0.319
2,-4.232,-44.471,4.606
2,-35.829,-43.922,1.623
2,-5.314,-8.076,5.825
2,-16.419,-23.193,6.284
4,29.110,-4.383,-0.071
2,-9.480,-4.939,5.163
4,15.324,-31.375,2.848
4,27.099,12.359,0.429
2,-17.861,10.478,4.040
2,24.105,-32.256,3.102
4,-20.752,-8.242,6.902
2,5.426,0.794,1.329
1,6.257,11.548,1.238
2,30.987,-39.708,2.864
2,31.366,8.574,-1.438
2,7.754,18.931,0.579
2,-26.373,0.000,6.580
4,-28.837,31.343,5.431
2,-21.605,12.697,4.502
2,-34.281,37.442,3.531
2,-23.751,-1.356,6.405
2,42.469,14.590,-1.924
2,-39.124,-37.567,1.797
2,20.338,-36.891,2.865
2,-34.725,-15.275,5.686
2,20.197,42.572,-1.476
2,34.420,36.416,0.140
2,12.082,17.873,0.358
3,28.642,13.222,0.198
2,35.867,30.051,0.530
2,-39.167,32.260,4.320
2,-30.547,13.612,5.912
2,37.830,48.296,-1.550
2,-7.886,-35.469,5.319
3,4.534,-17.454,4.523
2,30.812,45.963,-0.885
2,-20.753,-47.307,5.019
4,-19.072,-8.006,6.843
4,26.185,35.901,0.636
2,49.537,-23.295,2.023
2,-23.343,1.108,6.133
2,-21.361,29.908,4.127
4,40.708,17.333,-0.743
2,-38.085,-36.299,1.981
2,-16.502,43.366,2.004
2,-12.926,26.325,3.588
4,17.082,8.306,0.277
4,-43.206,-9.285,6.539
2,-35.683,1.407,6.683
2,0.309,-24.534,5.751
2,-48.104,31.865,5.316
2,49.114,42.200,0.209
2,27.741,-5.398,-1.261
2,4.647,-16.406,4.269
2,-39.252,34.081,3.870
2,27.698,14.521,-0.121
2,32.092,7.107,-1.472
2,43.448,-13.413,-0.257
2,-11.771,-11.015,5.874
2,-18.033,-9.944,5.666
2,35.724,26.794,-0.092
4,41.926,-14.502,0.559
2,-26.351,-20.333,6.176
4,-43.676,-10.016,6.502
2,26.920,26.222,0.432
3,-0.637,12.322,2.125
2,6.076,-2.588,1.878
4,-9.095,-3.368,5.364
3,42.554,29.542,-0.068
2,-5.955,-7.131,5.782
4,-28.039,-18.914,7.621
2,-26.195,27.943,5.233
3,-0.879,12.945,2.016
2,-8.377,-40.706,5.174
3,27.664,12.909,0.341
2,34.340,16.699,-0.761
2,27.829,19.169,0.131
2,30.173,-4.217,-1.027
3,-44.367,-9.164,6.171
3,-3.993,21.439,1.661
2,-18.902,-47.530,5.056
2,32.696,-49.167,2.873
7,22.111,27.839,6.572
2,-4.560,-35.541,5.107
4,32.989,7.529,-0.891
2,-16.441,-22.264,6.155
2,-30.627,43.150,2.712
3,-5.193,-32.722,5.913
2,44.128,1.953,-2.414
2,5.420,43.169,-0.068
2,23.648,11.797,-0.250
2,-30.164,1.336,6.342
2,-36.625,-25.761,4.378
7,22.485,28.319,5.854
4,-26.630,-19.840,7.887
2,19.985,16.261,0.201
2,45.317,23.530,-0.630
2,-23.764,16.636,4.442
2,-40.386,-5.952,6.875
4,40.245,18.433,-0.579
2,-4.879,29.599,1.217
2,33.506,33.342,0.391
2,-15.311,2.862,4.145
2,-45.916,45.003,2.044
3,-35.680,-37.232,2.917
4,4.482,-34.643,4.538
2,41.908,-43.063,1.996
2,25.026,-39.175,3.346
4,-35.681,-36.512,3.009
3,19.581,43.869,-1.295
2,24.842,-8.979,0.904
2,34.307,-29.036,1.447
2,-6.391,-46.561,4.235
2,8.434,-9.389,2.242
2,-19.938,39.206,2.060
2,-23.119,12.023,4.642
2,-7.228,-6.516,5.772
2,24.792,22.586,0.059
2,9.774,2.804,-0.382
4,-10.228,31.126,2.923
2,-45.052,30.744,5.507
2,-36.200,-35.755,2.897
2,-37.332,-44.843,1.348
2,12.463,25.507,-1.273
2,13.833,-31.270,2.132
3,-11.869,45.591,1.717
2,21.346,13.293,-0.199
2,4.656,-20.837,4.344
3,4.921,-34.335,3.776
2,-33.760,36.608,3.332
2,-47.810,5.562,8.284
2,-10.410,46.161,1.541
2,-25.661,-18.205,6.653
4,-0.341,12.796,2.571
2,-21.708,11.466,4.635
2,-21.767,21.410,4.341
2,19.023,13.633,0.180
2,-23.649,43.709,1.978
3,32.860,44.623,-0.093
2,38.345,19.447,-1.521
2,-28.168,18.509,4.831
2,-19.642,36.639,2.420
2,4.970,-36.023,3.514
3,14.284,-29.290,2.688
2,-34.664,36.607,3.451
2,-21.585,1.551,5.490
2,-15.039,29.695,3.031
2,10.955,17.424,0.445
2,20.377,-27.290,2.334
2,17.038,-6.947,0.161
2,-6.355,2.751,3.013
2,0.525,18.064,1.259
7,24.485,32.034,7.208
2,34.893,20.324,-0.725
3,-21.518,41.429,2.547
4,19.448,40.757,2.340
2,-40.735,-22.836,3.577
2,-34.376,37.092,3.358
2,14.171,21.651,0.034
2,-27.068,31.808,4.482
2,-2.579,-39.990,4.695
2,-16.111,-22.285,6.082
2,-42.396,-13.516,4.878
7,-31.214,1.282,-8.209
2,0.014,17.417,1.355
2,32.959,-35.266,2.007
2,9.696,29.051,-0.837
3,-19.730,19.183,4.289
2,29.502,-3.278,-1.379
2,37.321,-25.035,0.802
2,-32.658,17.384,5.753
2,-15.310,46.029,2.139
2,25.395,-44.015,2.887
2,41.174,16.480,-1.783
4,32.579,44.554,0.156
3,-5.097,22.440,1.602
2,-46.765,4.226,8.320
2,-13.090,-42.826,4.785
2,23.907,-25.102,2.611
2,13.822,17.230,0.178
2,-34.494,-32.406,3.345
2,20.333,6.174,-1.329
2,45.584,33.382,-0.422
2,47.305,-9.496,-0.698
3,32.807,44.030,-0.078
4,-1.379,13.544,2.643
3,27.130,37.164,0.589
2,-29.316,28.450,4.963
2,39.012,-34.846,1.618
4,32.887,8.644,-0.653
2,-20.941,42.832,2.144
2,-40.300,-26.049,3.526
7,8.175,34.364,0.733
2,30.041,-22.524,1.330
2,43.673,40.843,0.273
3,-20.653,41.915,2.326
2,-0.957,49.164,1.819
2,-14.662,-5.214,5.233
2,41.253,-13.394,-0.295
4,-28.099,31.111,5.068
2,8.963,23.991,-0.603
2,-5.885,-31.392,5.948
2,-24.742,28.434,4.992
2,31.081,23.500,0.217
2,19.860,-25.263,2.376
2,8.419,-32.181,2.971
2,0.961,-19.521,4.889
2,-34.827,40.613,2.811
2,-34.677,36.721,3.428
2,-7.383,-44.009,4.886
2,-37.687,49.261,1.357
4,-44.160,-9.513,6.428
2,-10.610,-27.703,6.103
2,3.333,11.191,1.434
2,14.710,-13.183,2.172
2,24.181,-28.620,2.519
2,12.081,-10.547,2.024
2,-21.551,-48.888,5.112
2,-24.465,-23.131,5.785
4,30.433,32.875,1.196
4,12.348,8.857,0.010
2,19.854,-11.025,1.445
2,-6.313,-7.468,5.793
3,32.695,43.762,0.171
2,24.190,-22.620,2.288
2,-10.955,3.592,3.715
2,-49.252,19.240,9.001
2,-23.365,15.046,4.560
2,41.285,28.189,-0.192
2,32.875,44.353,-0.565
2,7.762,20.765,0.442
2,-31.949,26.562,5.608
2,-24.589,25.825,5.171
2,-25.765,5.418,5.828
2,39.658,-5.004,-1.772
2,-11.336,-46.533,4.590
2,8.324,31.422,-0.564
2,-25.816,34.414,3.454
2,49.110,13.458,-3.003
2,-26.744,0.583,6.537
2,33.503,-9.577,-0.411
4,-15.810,-22.794,6.706
2,-11.738,10.043,3.338
2,-15.955,-23.202,6.296
2,-36.346,-37.191,2.433
3,-36.628,-25.080,4.812
4,-25.356,-18.479,7.865
7,12.678,29.644,-8.567
3,32.288,44.011,-0.001
4,4.201,-34.675,4.305
2,-9.764,19.041,3.424
2,-19.393,43.868,2.101
2,-10.685,-32.995,5.404
2,24.410,-40.133,3.251
2,30.684,41.668,-0.310
2,25.398,-1.141,-2.374
2,27.242,20.920,0.202
2,16.609,-46.263,2.640
2,-35.303,21.945,5.934
2,-43.415,41.369,3.174
2,27.877,30.723,0.584
2,-33.176,-24.962,4.855
2,-21.402,40.710,2.010
2,17.472,-16.079,2.621
2,-7.830,-43.097,4.988
2,-22.912,10.893,4.838
4,13.669,13.766,1.419
2,43.917,21.487,-0.939
2,-28.079,-37.505,3.711
4,24.226,3.451,-0.982
3,41.786,28.803,-0.043
2,-21.768,42.648,2.129
2,9.514,49.025,0.714
2,33.698,-3.353,-1.228
2,5.177,41.684,-0.171
2,-30.429,-43.344,2.870
2,-26.502,-12.333,6.753
2,14.961,-28.231,2.199
2,46.077,-7.752,-1.163
2,33.951,-33.113,1.890
2,44.430,23.301,-0.651
2,24.820,29.513,0.458
2,30.455,11.307,-0.656
2,35.345,-8.518,-0.926
2,17.445,5.080,-1.702
4,28.422,0.068,-1.142
2,-10.315,36.985,1.924
3,28.322,37.157,0.508
4,-11.201,29.328,3.306
2,-44.816,-49.795,0.941
4,27.373,-2.655,-1.155
2,2.080,-44.337,3.451
2,-38.354,21.064,6.561
2,-36.410,-25.569,4.654
2,21.764,-13.174,1.799
4,24.485,3.014,-1.139
2,18.449,4.505,-1.844
2,40.074,-37.447,2.083
2,38.568,-22.425,0.084
2,-34.918,-31.921,3.509
2,-14.890,-38.059,5.452
2,-3.254,40.487,-0.084
2,-39.195,-7.986,6.383
2,23.205,14.959,-0.142
4,5.908,-17.157,4.432
7,-10.568,-58.659,-0.456
2,-4.046,-11.420,5.345
2,29.717,-15.647,1.308
2,-34.034,35.998,3.335
2,-5.300,-31.601,5.704
2,9.539,-47.356,2.147
2,-41.590,-14.709,4.788
2,-9.492,-6.115,5.381
2,-16.636,-18.651,6.113
2,-29.773,29.819,4.585
2,48.822,38.976,-0.270
2,-48.604,26.698,7.051
4,-20.005,41.743,2.675
7,8.835,35.442,7.730
2,-8.186,48.139,1.752
2,17.081,-3.482,-0.687
4,42.353,22.032,-0.349
7,22.714,29.113,9.412
2,0.554,29.217,-0.274
2,-39.580,-8.734,6.329
2,23.219,38.129,-0.600
4,28.904,-4.652,-0.085
7,19.926,25.516,5.827
2,-34.788,-42.288,1.950
4,-36.259,-36.583,2.885
2,-7.593,34.278,1.668
4,13.965,-31.375,2.892
3,-17.874,6.204,4.629
2,45.626,5.901,-2.605
2,32.989,20.405,-0.106
2,-9.089,21.636,3.293
2,-24.211,29.152,4.715
2,-13.431,36.860,2.284
2,-45.837,-21.820,3.490
2,20.257,-2.731,-1.196
2,23.606,2.230,-1.988
2,-34.212,-34.439,2.955
3,-0.461,12.697,2.273
2,-21.499,-6.523,5.410
2,1.996,41.416,-0.155
2,32.509,39.006,0.075
2,-22.267,-33.595,4.331
2,31.929,49.172,-1.550
3,-43.400,-9.667,6.018
2,-26.739,-46.475,3.891
2,-16.324,9.175,3.722
3,-6.390,-18.956,6.369
2,-27.228,40.573,2.285
4,27.659,14.113,0.440
2,-1.988,42.177,0.007
2,40.072,-26.837,0.852
2,-40.051,38.485,3.636
2,24.338,29.788,0.453
2,24.571,-33.701,3.112
3,43.529,22.123,-0.490
2,-45.929,-14.401,4.222
3,32.873,44.273,-0.109
2,-45.649,-43.462,1.191
2,-15.538,-42.951,4.837
2,-17.471,9.801,3.972
4,41.963,-30.500,1.567
2,28.471,14.075,-0.013
2,-22.157,37.378,2.893
7,23.815,30.778,17.686
2,-29.699,-32.734,3.363
7,19.356,25.496,5.716
2,29.261,24.742,0.189
2,-11.830,-2.648,4.941
2,-48.010,-18.473,3.596
2,20.678,27.458,51.945
4,6.338,22.833,0.651
3,27.193,13.335,0.286
7,22.408,28.507,11.440
2,-16.769,-47.663,4.895
2,11.641,-19.360,3.055
2,-26.189,28.645,5.051
2,-1.167,33.768,-0.428
2,-44.027,-9.255,5.893
2,17.990,-12.664,1.826
4,-28.403,32.079,4.711
2,46.746,-22.777,1.328
4,21.660,39.058,1.219
2,9.542,40.773,-0.906
2,49.697,-1.799,-3.305
2,38.675,0.037,-1.959
2,27.906,38.636,0.048
2,-47.787,-3.105,7.428
2,-20.426,-47.775,5.091
2,32.787,44.546,-0.575
2,9.099,-32.372,2.820
2,19.591,23.564,0.244
3,-18.923,42.856,2.752
2,37.863,7.771,-2.015
2,16.024,-26.868,2.471
4,-3.958,22.715,2.030
2,-28.194,32.454,3.900
2,32.765,5.309,-1.918
4,36.466,-19.337,0.767
2,-21.994,39.788,2.210
2,4.436,-39.875,3.611
2,-11.578,-23.616,6.382
2,6.655,49.433,1.100
2,-18.140,-2.205,4.639
2,9.406,-11.153,2.438
2,13.070,8.242,-0.873
4,-44.279,-9.054,6.599
2,-25.743,-32.412,4.364
2,23.000,6.128,-1.417
3,33.369,6.750,-1.426
2,6.565,45.934,0.176
2,-20.365,42.756,2.053
3,28.980,14.044,0.408
3,29.211,13.821,0.557
2,-22.319,37.921,2.740
2,-23.417,34.322,3.339
3,-15.606,-22.784,6.373
2,-6.577,9.532,2.275
2,23.088,5.600,-1.527
2,32.542,9.207,-1.512
2,10.968,-26.878,3.323
2,-45.266,-28.441,2.321
2,42.302,28.575,-0.331
2,-9.965,-30.238,5.820
2,-3.666,22.081,1.232
2,-28.952,-7.586,6.053
2,8.473,-22.205,3.849
4,43.985,22.954,-0.165
2,19.112,-37.427,2.930
2,-37.368,-49.150,1.397
2,-42.190,-15.165,4.767
3,28.743,13.823,0.444
4,-0.912,13.107,2.610
7,24.435,31.976,12.800
2,12.059,-28.124,3.012
2,-44.924,14.904,8.612
2,46.949,13.108,-2.610
2,-45.373,8.318,8.402
2,-22.105,1.724,5.637
2,5.188,14.826,1.330
2,-39.769,-47.798,1.094
2,47.503,37.271,-0.166
3,8.873,21.344,0.104
2,40.909,-26.543,0.741
2,-19.768,4.988,4.921
2,36.664,9.062,-1.797
2,13.117,-12.564,2.594
2,-32.363,20.432,5.736
2,-8.628,-30.991,5.683
2,19.969,-26.881,2.305
2,41.746,-38.330,2.076
2,-20.566,-13.409,5.736
2,-16.432,-39.446,5.181
2,35.884,47.785,-1.434
2,-2.744,38.818,0.033
2,29.285,18.439,0.259
2,36.492,-13.415,-0.690
7,16.589,25.406,8.394
2,-29.526,25.890,5.390
2,-18.084,4.965,4.350
2,-32.975,49.559,2.026
2,25.787,-35.424,3.396
4,-20.839,-10.634,6.673
2,-5.344,33.474,0.944
2,-24.407,-44.610,3.884
2,17.540,-35.788,2.295
2,-9.687,-16.229,6.120
4,-44.716,-9.176,6.320
4,3.688,-34.379,4.544
2,25.923,8.500,-0.848
2,1.883,46.834,0.814
3,21.710,-4.224,-1.488
3,42.424,29.397,0.028
3,-18.689,7.616,5.097
2,-44.338,43.706,2.320
3,-49.990,5.719,8.595
2,5.338,4.574,0.809
2,-44.004,-9.197,5.892
2,15.625,0.834,-1.233
2,21.367,-38.326,2.759
4,40.260,-20.064,0.938
2,-1.382,-46.319,4.054
7,23.484,30.102,22.606
4,-2.618,4.500,3.414
2,-11.565,-7.096,5.064
2,-36.563,-25.361,4.376
2,21.002,-30.316,2.408
2,46.424,6.347,-2.720
2,1.570,-1.658,2.830
2,27.475,-21.977,1.688
2,-19.229,-6.869,5.372
2,16.597,-5.322,-0.207
2,-5.166,-47.725,4.171
3,-6.472,-33.090,6.059
2,-42.917,-29.830,2.651
2,-47.552,-16.173,3.757
2,16.669,19.511,0.245
7,19.358,25.555,2.214
2,-33.856,3.544,6.241
3,32.006,44.156,-0.030
2,-3.888,13.332,2.506
2,-29.088,-13.941,6.440
2,1.600,13.403,1.311
2,-18.056,3.787,4.375
2,-25.312,-33.643,4.092
2,5.419,-44.317,3.181
2,-2.945,-10.734,5.074
2,-19.335,-9.664,5.521
2,-21.054,39.141,2.235
2,-7.727,-47.838,4.270
2,-18.699,22.969,4.419
2,8.890,43.251,-0.518
2,39.974,7.785,-1.953
2,15.868,22.561,0.039
2,-35.678,-26.172,4.508
2,5.426,-2.720,1.921
2,43.515,22.285,-0.865
2,-27.087,46.422,1.852
3,41.270,28.741,-0.019
4,-0.088,13.231,2.423
2,6.773,21.674,-0.046
2,-31.320,31.356,4.204
2,-7.899,-9.363,5.800
2,36.793,1.336,-2.178
4,-23.245,-7.641,6.792
4,40.641,16.656,-0.484
2,-45.493,-5.322,6.654
2,-45.967,49.175,1.273
4,11.144,39.741,0.057
2,-16.795,14.618,3.903
4,27.327,13.230,0.486
2,-16.867,40.220,1.955
2,-6.994,-6.820,5.591
2,-39.974,45.817,2.475
2,45.623,-25.846,1.284
2,-26.805,-12.363,6.867
2,20.336,-36.246,2.620
2,-32.181,3.712,5.936
2,-18.756,-36.292,5.244
2,26.468,27.092,0.575
2,-24.425,42.446,1.932
2,-24.797,33.674,3.666
2,47.162,28.118,-0.595
4,26.678,-2.195,-0.984
3,32.194,8.124,-0.930
2,-27.452,-24.769,5.724
2,-30.859,38.503,2.735
2,37.330,8.204,-1.995
2,22.653,44.321,-1.616
2,38.696,21.959,-1.104
2,29.727,-29.633,2.328
2,6.314,-22.048,3.968
2,-28.175,8.094,5.623
2,39.806,-28.254,0.994
2,26.542,-44.335,2.890
4,-22.767,-9.546,6.505
2,11.290,19.149,0.371
2,-4.635,0.821,3.431
2,-29.236,32.061,4.436
2,-5.788,-12.427,5.684
2,43.841,25.288,-0.431
2,45.570,15.351,-2.056
2,14.442,-19.201,3.270
3,22.098,31.849,51.945
2,40.274,17.929,-1.678
2,-28.362,21.172,4.916
2,-27.025,30.636,4.341
2,40.600,17.921,-1.662
2,41.948,17.435,-1.789
2,-22.966,-29.170,4.861
3,-36.010,-25.185,4.875
2,44.134,-7.530,-1.109
2,-23.445,-32.009,4.803
2,2.229,7.067,1.651
2,45.454,9.264,-2.867
2,-49.068,-11.797,4.148
2,-25.090,-0.980,6.554
2,42.635,31.794,-0.432
7,-10.615,-35.639,-11.005
2,-14.475,-35.163,5.589
7,23.544,30.177,19.812
2,-34.477,36.620,3.494
2,36.510,-33.402,1.357
4,-43.407,-9.799,6.541
4,-24.445,-19.773,7.503
7,36.796,-33.958,-5.119
2,17.543,25.063,-0.041
2,8.033,-26.817,4.001
3,32.063,44.165,0.130
2,-16.723,-20.807,6.223
2,48.115,-34.405,1.263
2,-1.472,28.832,0.178
2,34.586,19.766,-0.680
2,-6.842,10.565,2.500
3,-9.191,-3.518,5.282
4,-5.006,21.013,2.330
3,40.548,17.059,-1.349
2,31.536,-2.525,-1.688
2,-31.164,15.803,5.503
2,27.412,17.130,0.141
4,8.822,35.602,9.870
2,-34.377,36.965,3.457
2,-27.534,4.420,6.086
2,32.229,25.786,0.258
7,21.047,25.948,0.971
2,10.535,-33.889,2.561
2,-33.317,-9.568,6.137
2,-2.886,46.082,1.174
2,-16.281,-23.172,6.403
2,44.284,41.267,0.245
4,-8.869,-3.516,5.375
2,33.194,-45.931,2.937
3,13.180,-30.024,2.616
2,46.434,-34.003,1.554
2,40.907,-21.632,0.201
2,48.293,9.818,-2.920
2,31.413,-38.149,2.406
2,-9.084,-1.949,4.576
2,10.636,7.027,-0.375
7,16.530,25.476,4.180
2,41.359,-40.532,2.150
2,12.740,7.310,-0.789
4,-43.374,-9.361,6.576
2,19.903,-36.718,2.608
2,-4.068,-46.388,4.389
3,23.654,-5.517,-1.593
4,39.998,-20.931,2.170
2,0.745,-47.978,3.708
3,-8.926,-3.657,5.011
2,-7.345,-9.725,5.739
3,14.646,-31.948,2.576
2,-29.207,-13.336,6.472
2,-24.845,-49.536,5.027
2,-5.912,1.062,3.595
2,36.763,-47.507,3.144
4,27.539,13.128,0.475
2,10.583,39.897,-1.197
2,47.705,5.191,-2.993
2,-43.900,41.727,3.056
2,4.290,35.620,-1.001
2,28.419,48.228,-1.591
4,3.321,-34.412,4.607
2,22.916,-48.670,2.559
2,-16.978,16.463,3.700
2,-23.995,35.939,3.029
2,47.515,-36.890,1.395
2,19.904,-21.888,2.959
2,-35.161,-45.850,1.931
7,23.130,36.703,6.055
2,-16.562,-22.891,6.379
4,-0.013,13.273,2.555
2,48.213,24.845,-0.730
2,-1.501,-15.962,4.691
2,-35.965,-25.396,4.388
2,0.679,10.317,1.733
4,4.157,3.156,2.739
2,-23.554,36.348,3.027
2,1.234,-28.302,5.322
2,47.822,14.409,-2.376
2,-10.255,36.380,1.938
2,14.791,23.621,-0.393
2,-46.174,-16.187,3.955
2,-8.684,-49.956,3.933
2,-26.411,28.541,4.938
4,-5.161,-19.327,6.377
2,-3.905,3.699,2.913
4,42.059,-30.740,1.805
2,-0.657,-1.512,3.373
4,42.162,17.856,-0.665
2,-33.690,27.979,5.116
2,49.882,-0.079,-3.739
4,41.347,17.965,-0.869
2,-20.623,44.222,2.212
2,-21.094,-5.578,5.323
2,16.544,2.582,-1.295
2,10.953,-13.354,2.862
2,-39.339,-4.589,6.915
3,41.523,-31.594,1.320
2,-34.366,-49.850,2.216
2,-11.458,-48.486,4.461
2,-47.708,-9.267,5.374
2,0.733,16.125,1.665
2,-24.117,-44.057,3.940
2,-37.843,24.671,6.097
2,-8.369,-28.963,5.901
2,-25.860,-4.848,6.235
2,30.679,-43.499,3.454
2,-16.909,2.148,4.375
2,47.198,32.708,-0.647
2,33.901,-9.939,-0.517
2,-34.774,36.707,3.525
2,33.592,13.150,-0.763
2,-7.784,-7.180,5.785
2,18.276,-13.918,2.150
2,-15.004,-41.364,5.205
2,-34.388,-23.613,4.532
2,0.188,-38.732,4.380
2,-25.227,27.990,5.111
2,-16.407,-22.779,6.351
2,-17.190,-16.157,6.243
3,32.435,44.531,0.052
4,27.481,-2.460,-1.333
2,39.659,-20.452,0.180
2,4.881,19.765,0.481
2,-44.708,-14.588,4.390
4,-3.270,4.534,4.202
2,-34.456,-16.885,5.551
2,-44.091,17.106,8.391
2,-15.519,-16.095,6.406
2,32.024,-49.905,2.623
2,28.530,14.238,-0.100
4,-19.496,-9.255,7.188
2,-37.932,0.639,7.100
4,39.419,-18.230,1.167
2,11.938,-4.920,0.454
2,-12.349,-15.704,6.191
2,7.546,-40.714,2.961
2,8.789,20.765,0.090
2,24.970,17.074,0.004
2,-20.019,-16.795,6.150
2,-41.905,-39.542,1.300
2,-37.138,35.528,3.593
2,-26.042,-19.676,6.381
2,-21.534,49.864,2.569
2,-44.966,-32.140,1.932
2,16.234,16.633,0.274
2,-24.881,18.917,4.215
2,48.565,11.303,-3.109
2,-7.539,-12.239,5.842
4,3.464,-33.974,4.608
2,-33.349,44.413,2.717
1,16.515,25.490,18.931
2,-36.875,-32.127,3.135
2,-44.430,-45.376,0.887
2,-43.304,-9.096,5.895
4,-20.183,43.602,2.684
2,32.910,44.583,-0.255
2,17.754,-0.956,-1.379
2,-38.485,-0.494,7.230
7,24.067,31.371,9.272
2,-0.904,-28.878,5.562
2,10.932,34.623,51.945
7,20.848,48.839,-7.405
2,-6.708,-8.534,5.591
4,9.038,21.222,0.604
2,-34.547,37.089,3.455
2,-0.926,13.233,1.829
3,-18.034,7.327,4.617
2,42.943,23.649,-0.659
2,-1.790,30.186,0.167
2,-38.825,44.003,3.119
2,-26.070,22.748,4.984
2,30.759,36.983,-0.179
2,31.789,11.670,-0.611
2,-15.843,2.227,4.183
2,-7.020,24.574,2.390
2,-24.956,-1.937,6.583
2,25.784,-17.350,1.907
2,-41.720,7.338,7.797
2,-11.573,-18.999,6.161
2,-19.887,33.444,3.027
2,3.370,-8.686,2.988
2,-47.618,-7.171,5.665
2,-14.041,48.235,2.378
2,-15.859,28.414,3.421
2,47.419,-34.136,1.385
7,10.139,37.961,10.307
4,42.837,22.866,-0.097
7,20.125,25.473,15.609
2,-10.986,-2.640,4.924
2,5.154,-8.886,2.536
2,-27.384,11.759,5.384
2,-25.837,-47.735,4.374
2,5.666,31.385,-0.624
2,-38.006,37.694,3.210
2,33.701,-48.137,3.003
2,-37.352,19.542,6.648
3,-1.237,13.559,2.172
2,44.265,-14.605,-0.302
2,40.891,18.268,-1.776
2,-6.533,46.357,1.527
2,1.831,40.794,-0.274
2,33.806,49.244,-1.669
2,-22.991,-20.784,6.236
2,-16.119,-22.518,6.487
2,16.287,7.343,-1.447
2,45.793,-43.848,1.372
2,6.012,-11.734,3.249
2,32.159,44.667,-0.626
2,42.131,-37.469,2.023
2,-3.134,-18.287,5.175
2,-18.795,-40.425,4.873
2,30.296,4.568,-2.049
2,31.618,9.554,-0.990
2,-40.240,-4.078,6.966
2,-39.541,49.816,1.266
2,16.939,49.286,-0.772
2,-8.338,-37.435,5.072
4,-36.740,-36.103,3.013
2,20.176,-23.155,2.638
2,2.721,5.604,1.697
4,7.792,32.462,-0.094
2,-14.319,-18.314,6.015
3,-26.942,30.915,4.930
2,-14.930,-35.490,5.606
7,23.714,30.811,0.207
2,17.811,-38.001,2.325
2,-28.607,42.011,2.451
3,26.951,38.412,0.454
7,21.071,26.146,7.256
2,-17.651,-11.847,5.705
2,2.771,11.877,1.365
2,-17.797,-34.036,5.414
2,-9.797,-4.622,5.231
3,-22.592,42.303,2.482
2,26.096,-22.002,1.875
2,-47.497,-7.695,5.667
4,-26.678,32.554,4.977
7,22.369,28.470,26.804
2,0.627,-40.974,4.024
2,-10.842,-30.067,5.768
2,30.797,10.718,-0.824
2,-33.972,37.331,3.494
2,8.625,21.545,0.062
2,-26.658,-16.334,6.355
2,28.175,-22.126,1.655
2,-29.777,-23.032,5.225
2,-7.015,-18.317,6.462
2,40.367,36.113,0.571
3,41.941,29.796,-0.026
3,-35.782,-5.852,6.985
2,8.030,-21.302,3.786
2,45.446,4.003,-2.595
2,-32.359,-37.805,3.087
2,-28.698,-31.453,3.744
2,3.804,-33.763,3.747
2,24.151,34.972,0.014
2,-4.804,20.861,1.665
2,-37.187,-19.492,4.386
2,7.180,20.099,0.179
2,1.196,-9.866,3.748
2,27.288,33.469,0.315
2,-42.021,-46.104,0.888
2,36.862,-9.873,-0.744
2,47.148,-0.359,-3.099
2,-15.139,14.115,3.798
2,-26.576,41.991,2.152
4,3.787,-33.382,4.746
3,41.065,28.652,0.030
2,34.056,27.268,0.230
2,-49.627,37.445,4.162
2,16.232,-19.053,3.432
2,-43.359,-9.245,5.914
2,21.757,8.887,-0.699
2,17.612,-8.393,0.416
2,-29.196,31.718,4.269
2,-39.818,-34.138,2.455
2,42.083,-30.426,1.108
2,-26.083,-44.220,3.539
2,-16.798,29.771,3.337
2,-7.858,-46.846,4.504
3,15.474,-30.315,2.554
2,6.197,-28.614,4.369
2,-20.289,19.023,4.124
2,-21.348,-21.502,6.198
2,-6.146,-25.577,5.680
7,10.101,37.805,13.897
2,-6.494,-7.046,5.752
2,-6.209,-32.071,5.685
2,20.417,-36.532,2.633
2,20.080,-37.891,2.794
2,16.158,-30.457,2.186
2,-2.463,-26.465,5.963
4,26.972,-2.721,0.154
4,-29.292,31.632,5.269
2,-27.279,0.491,6.516
3,-19.137,8.079,5.089
2,-13.955,4.041,3.968
4,5.202,-32.924,4.385
2,29.264,4.380,-1.860
4,28.470,0.260,-1.356
2,-1.983,28.656,0.274
2,24.178,44.550,-1.731
4,20.269,-4.711,-0.743
2,-13.567,3.133,4.050
2,29.485,42.940,-0.961
2,-45.237,-39.161,0.889
2,21.416,-39.474,2.951
2,-10.618,21.010,3.643
3,13.094,-29.640,2.431
2,-33.351,3.744,6.134
2,-0.598,-25.500,5.952
2,46.911,-10.300,-0.578
2,-26.606,-13.016,6.888
2,-38.194,-24.502,4.120
2,9.450,-42.944,2.895
2,24.709,-21.302,2.142
2,-12.534,-2.863,4.947
2,-25.225,37.707,2.660
2,-19.781,19.703,4.131
2,-0.470,45.220,0.576
2,-18.553,5.238,4.484
4,5.557,-34.849,4.744
2,-8.688,-16.918,6.232
2,26.837,40.694,-0.526
4,42.757,22.611,-0.234
2,-10.576,-31.983,5.402
2,13.335,23.877,-0.720
2,-1.439,43.471,0.092
2,39.815,-2.255,-2.058
7,18.000,25.412,9.104
2,35.299,8.766,-1.736
2,24.851,-48.095,2.491
2,40.385,17.345,-1.893
2,-14.002,-9.349,5.602
2,40.029,37.985,0.805
4,12.363,13.658,1.344
2,-37.885,49.909,1.274
2,-37.221,-39.535,1.926
2,18.622,35.481,51.945
2,18.682,-12.897,1.868
3,-35.482,-36.953,2.940
2,31.010,40.381,-0.145
4,39.565,-18.264,1.073
2,-5.469,-32.647,5.948
2,27.299,0.229,-2.138
2,41.388,29.494,-0.214
2,4.987,9.199,1.360
3,-20.287,6.771,5.166
2,5.413,-29.086,4.475
2,-35.258,-36.574,2.463
2,36.612,-10.506,-0.723
2,15.270,-34.834,1.960
4,-36.098,-37.132,2.972
3,-4.068,23.754,1.701
7,22.660,29.098,24.752
2,28.545,14.384,0.065
2,29.443,43.781,-1.068
2,18.115,42.285,-1.332
7,23.739,30.704,28.174
2,-36.870,-15.109,5.196
2,-45.192,25.217,6.859
2,-36.514,32.471,4.020
2,-47.734,15.850,9.030
2,-33.970,21.977,5.905
2,-40.285,-18.408,4.710
2,-19.949,-27.635,5.276
2,33.078,9.125,-1.498
2,18.818,-20.742,3.221
2,-25.058,-5.124,6.291
2,-39.572,-42.023,1.397
2,-41.565,38.930,3.664
2,-47.195,-13.830,4.080
2,26.854,19.355,0.195
2,17.718,-14.180,2.217
2,-47.116,36.388,4.215
2,0.597,12.174,1.530
2,-33.597,-35.120,3.066
2,-27.538,2.866,6.194
2,-24.907,28.169,5.219
4,-13.935,28.099,4.398
3,25.830,14.658,-0.218
4,2.804,4.343,3.228
2,-29.046,42.898,2.465
2,-25.666,28.395,4.936
4,5.963,20.027,0.749
2,-7.891,-6.670,5.710
2,-49.024,-41.712,0.824
2,30.427,20.466,0.293
3,40.400,18.419,-1.286
2,40.885,17.874,-1.689
2,-2.903,19.764,1.360
7,22.083,27.805,16.345
2,35.056,-34.407,1.642
3,25.380,-37.224,3.797
2,-45.175,8.857,8.368
2,-38.093,-1.162,7.208
2,-42.032,-14.067,4.788
2,29.398,11.446,-0.511
2,25.474,-20.037,2.086
2,-5.679,-28.202,5.866
2,12.381,48.750,0.189
2,21.102,20.097,0.377
2,12.526,-30.713,2.719
2,43.269,-37.667,2.053
2,-27.141,17.019,4.956
2,-30.833,-18.445,5.274
2,46.455,-10.633,-0.461
2,-47.485,-5.407,6.366
3,41.362,29.084,0.098
2,-26.705,-13.065,6.731
2,-12.618,17.602,3.785
2,15.215,5.771,-1.634
7,-42.536,-44.942,-8.226
7,23.422,30.120,18.415
3,-26.392,29.370,5.032
2,-8.163,-4.350,5.111
2,26.818,47.970,-1.815
2,6.924,20.562,0.599
4,11.923,25.541,0.268
4,36.017,-19.584,0.651
2,8.616,41.745,-0.690
2,-0.072,-21.104,5.315
2,-5.624,-6.583,5.275
2,-15.347,-28.161,5.552
3,-5.583,-32.962,5.973
7,23.533,30.200,13.525
2,-20.777,40.745,2.134
2,-46.758,48.205,1.364
2,44.073,14.173,-2.193
2,-13.965,14.396,3.597
2,-0.140,-24.930,5.932
3,43.821,22.326,-0.626
2,-41.587,40.544,3.511
2,-1.018,13.787,1.835
2,-5.131,-33.197,5.280
3,41.729,29.478,0.038
2,-22.739,-38.036,4.038
2,-27.164,-13.142,6.808
4,8.112,31.932,0.674
2,36.920,39.914,0.165
2,-30.337,-27.875,4.440
2,6.710,-17.803,3.754
4,-35.852,-37.496,3.114
2,-47.130,-16.626,3.863
2,38.033,41.825,-0.122
2,-46.923,24.748,7.567
2,13.552,-45.162,2.585
2,35.986,-23.912,0.720
2,-7.134,22.641,2.300
2,-9.488,7.737,2.484
2,-5.767,20.788,1.875
2,-34.305,37.309,3.179
2,-45.898,18.919,8.417
2,-23.216,47.340,2.333
2,7.025,-17.236,3.591
2,25.912,48.699,-2.084
4,-0.213,12.838,2.469
2,-26.237,31.789,4.271
2,-35.806,-35.487,2.841
2,-27.090,32.892,4.266
2,-47.695,-28.951,1.720
3,29.547,-3.714,-1.213
2,33.055,34.368,0.283
2,-40.286,21.576,7.132
3,-19.310,8.588,5.095
2,41.699,39.285,0.590
2,-31.303,48.121,2.259
2,-7.310,-7.816,5.708
4,40.284,17.652,-0.717
2,24.613,6.733,-1.481
2,16.432,-33.571,1.857
2,-32.127,-15.511,5.836
4,41.657,-17.298,0.957
2,37.244,9.844,-1.759
2,37.990,45.848,-1.141
4,22.407,1.214,-1.430
2,42.065,48.884,-0.658
2,45.980,-20.575,0.979
2,-4.275,38.191,0.472
2,-37.368,-18.970,4.403
2,-14.608,9.611,3.659
3,27.307,13.075,0.346
2,-37.755,7.582,6.712
2,-34.267,19.287,6.076
2,-25.785,27.787,5.241
2,-20.881,-10.123,5.565
2,-6.852,-21.712,5.894
2,-49.552,-23.844,2.111
2,-2.960,17.871,1.833
4,-35.514,-36.912,3.085
4,42.353,22.769,-0.277
2,-47.808,3.919,8.277
2,-26.475,-12.352,6.814
2,1.749,49.295,1.348
3,42.762,-31.375,1.672
2,-27.210,41.486,2.298
2,34.588,34.978,0.091
2,-16.595,-22.420,6.481
2,-14.681,22.441,3.934
3,22.806,32.425,51.945
2,-7.675,3.772,3.033
2,-8.036,-45.103,4.783
2,-36.630,42.390,2.918
2,-11.134,-13.283,6.026
2,16.510,-23.101,2.867
2,46.463,11.483,-2.920
2,-48.617,-17.145,3.545
2,15.843,45.896,-0.820
2,-4.908,36.810,0.808
2,-16.916,44.329,2.080
3,-1.110,12.616,2.186
2,6.233,-27.998,4.419
2,1.637,-34.182,4.412
4,-36.126,-25.320,5.281
3,41.537,-31.098,1.526
2,24.536,-13.333,1.697
2,-10.604,28.753,2.757
2,-26.566,16.601,4.987
2,-32.164,-38.705,2.952
2,14.060,-47.890,2.210
2,-28.592,-46.882,3.521
4,0.285,13.712,2.372
2,48.858,10.021,-3.075
2,34.013,45.119,-1.182
2,-9.839,-3.790,5.068
2,-41.578,31.502,4.951
3,42.510,22.850,-0.656
2,43.499,12.952,-2.079
2,4.446,-16.996,4.332
2,-37.205,27.541,5.154
2,38.733,-28.061,1.075
2,-43.417,-38.056,1.240
2,-27.268,32.408,4.382
2,-2.958,-16.947,5.075
2,28.717,-31.440,2.880
2,16.589,-21.952,3.004
3,37.148,-49.764,3.612
2,-26.170,-11.911,6.804
2,-14.644,32.825,2.493
4,-19.805,-9.056,7.356
2,3.919,-14.291,3.893
2,38.750,20.585,-1.329
2,43.218,-31.981,1.213
2,-1.378,-29.977,5.215
2,-0.214,-8.620,3.924
2,36.486,-44.667,2.695
4,-3.336,-1.565,4.496
2,25.540,-39.513,3.276
2,25.719,5.885,-1.616
3,-43.460,-9.504,6.236
2,-24.913,-7.108,6.279
2,48.677,-35.308,1.312
2,14.812,-0.146,-0.933
2,-4.346,49.922,1.930
2,-7.702,-15.518,6.017
2,-26.108,-11.982,6.819
2,-0.809,20.659,1.073
4,-43.987,-9.471,6.474
2,24.955,-28.975,2.583
2,7.038,20.705,0.060
7,23.734,30.833,39.360
2,-28.845,1.538,6.352
3,-21.940,41.870,2.415
2,-8.613,-21.907,6.249
2,-18.331,-47.101,4.975
4,28.073,14.788,0.494
2,-7.747,-9.222,5.685
4,39.243,-17.775,1.674
4,42.310,21.441,-0.364
2,-5.009,-45.866,4.308
2,-39.815,5.636,7.283
2,-2.190,-21.109,5.395
4,-23.971,-7.869,6.591
2,0.264,-29.081,5.289
3,31.725,7.641,-1.231
2,23.069,9.018,-0.834
2,-35.825,49.106,1.876
7,23.054,29.691,11.481
2,-39.070,-45.087,1.355
2,-2.638,4.915,2.705
2,20.650,-37.768,2.771
2,32.397,44.235,-0.530
2,-41.772,-18.239,4.639
2,-12.258,-11.532,5.989
2,46.383,27.196,-0.531
2,-43.957,-33.206,1.645
2,29.193,-8.893,0.134
2,4.963,-18.486,4.440
2,-1.123,12.900,1.895
4,-26.690,-19.860,8.088
3,-28.909,31.380,4.639
2,-42.241,9.146,7.829
2,-41.005,-33.363,2.334
2,-49.164,-20.296,3.247
2,7.178,-47.169,2.514
2,28.098,-10.224,0.567
2,-7.943,-7.892,5.737
2,42.052,-38.855,2.067
2,-36.559,-3.229,7.076
3,7.388,21.624,0.325
2,30.932,-38.566,2.563
7,9.884,37.233,13.241
3,-20.863,42.676,2.556
2,-49.979,34.185,5.046
4,33.370,7.950,-0.476
2,-6.872,21.508,2.211
2,28.513,25.042,-0.025
2,31.981,44.411,-0.157
2,49.729,-9.695,-1.027
2,47.940,-11.771,-0.149
2,-4.485,6.653,2.665
2,-1.100,-28.049,5.731
2,10.934,-24.341,3.191
7,9.053,26.698,-8.000
2,16.733,43.034,-1.221
2,45.695,21.331,-0.940
2,-29.711,40.190,2.605
2,-27.866,49.964,2.187
2,30.212,-31.066,2.651
2,-21.152,19.426,4.218
4,-36.546,-25.819,5.088
2,6.090,22.027,0.492
4,-22.956,-9.587,6.517
2,-28.285,-13.761,6.582
2,11.871,-31.813,2.417
2,-6.866,44.887,0.961
2,27.984,14.520,-0.109
2,2.062,-17.708,4.555
2,8.969,-1.048,0.435
2,37.443,39.800,0.265
4,-6.446,-33.915,5.825
2,-45.680,-20.357,3.728
2,-31.792,45.623,2.460
2,19.420,-37.866,2.774
2,-34.709,37.035,3.406
2,6.725,-38.849,3.112
2,-14.412,2.420,4.019
2,-33.554,37.010,3.326
4,25.238,38.823,0.611
3,32.353,43.998,0.002
2,45.632,17.423,-1.873
2,-41.461,3.970,7.593
2,-2.739,-21.034,5.318
2,44.879,47.899,0.190
3,-44.207,-9.106,6.071
2,-1.194,45.322,0.654
2,6.699,-30.185,3.812
2,32.449,-2.945,-1.366
2,0.360,-48.538,3.614
2,4.109,-17.243,4.103
2,40.553,14.446,-1.752
2,-17.205,-42.529,4.757
2,-24.791,39.583,2.316
2,41.891,38.572,0.617
2,26.476,37.511,0.238
2,-1.215,25.011,0.384
2,-18.899,25.499,4.270
2,10.828,-3.095,0.296
2,-35.966,-35.794,2.744
2,20.936,-38.327,2.812
2,48.217,-12.396,-0.158
2,5.846,-20.684,3.967
4,-25.216,-21.556,7.611
3,32.289,44.100,0.023
2,-43.849,-30.303,2.488
4,-27.936,32.260,4.977
2,47.343,15.274,-2.145
2,15.122,-28.855,2.418
2,-9.194,-4.622,5.036
2,6.842,4.540,0.237
2,-7.335,-9.531,5.802
3,32.591,44.087,-0.016
4,-36.568,-25.814,4.986
2,6.628,26.322,-0.634
2,15.560,-46.858,2.614
3,27.683,12.906,0.343
2,-48.066,-37.270,0.518
2,-33.131,-46.213,2.358
4,-22.489,-9.605,6.484
2,35.722,-20.850,0.038
4,6.052,-17.200,4.486
2,6.868,-44.621,3.171
2,-41.040,11.394,7.695
2,29.599,-42.782,3.524
2,28.572,-22.736,1.655
2,-16.859,18.808,3.914
2,-38.259,-16.669,4.908
3,-35.632,-37.292,2.581
2,32.341,44.581,-0.556
4,-34.955,-6.123,8.236
2,-7.210,46.115,1.435
3,28.419,13.351,0.233
2,23.111,48.679,-2.313
2,-41.282,3.223,7.606
4,20.835,-4.555,-0.819
2,48.580,-9.420,-0.980
2,28.817,2.831,-1.677
2,-31.043,-42.655,2.740
2,36.965,-44.920,2.704
2,33.927,7.731,-1.614
2,-27.480,37.669,2.973
2,49.600,5.335,-3.481
2,20.984,-9.870,0.982
7,22.538,28.518,0.287
4,-25.489,-18.266,7.603
3,-1.102,13.334,1.942
2,47.053,-24.307,1.569
2,-7.270,-18.040,6.131
4,-22.641,42.006,2.714
2,-33.447,-40.909,2.265
3,-1.081,13.033,2.174
2,-6.191,-31.295,5.811
4,22.547,0.839,-1.109
2,22.354,48.803,-2.096
2,32.639,44.594,-0.623
2,27.671,-23.162,1.847
7,10.908,39.073,37.554
3,40.085,26.925,-0.232
2,40.429,18.227,-1.637
2,-46.307,-47.314,0.897
2,-3.087,33.217,0.266
2,32.697,-20.635,0.606
2,-36.804,-21.524,4.168
2,-27.737,-30.792,4.064
2,19.141,-2.930,-1.356
2,10.710,-29.791,3.052
2,29.631,40.654,-0.537
2,-45.723,-36.177,1.011
2,30.570,43.972,-0.721
3,21.479,26.745,24.739
3,-35.961,-36.413,2.733
2,44.437,27.739,-0.609
3,23.216,-4.944,-1.575
2,5.651,19.201,0.427
2,-16.577,-22.439,6.440
2,29.787,27.522,0.259
2,14.669,-27.750,2.672
2,-5.623,9.866,2.443
2,40.762,-25.970,0.668
2,28.699,-34.951,3.204
4,-28.077,31.148,5.192
2,-36.604,-25.844,4.698
2,28.048,-24.945,2.112
2,49.212,-44.042,1.669
4,32.536,7.130,-0.625
2,47.013,-26.472,1.641
2,-41.590,32.634,4.553
4,21.314,39.586,1.246
2,3.690,-36.514,3.898
2,6.541,36.874,-0.846
4,32.647,7.423,-0.994
2,36.323,-0.630,-2.082
4,4.639,-33.792,4.597
2,-36.863,33.515,3.882
2,-16.226,-15.053,6.276
2,-27.358,31.745,4.227
7,7.478,-31.679,-6.282
2,39.400,5.495,-1.929
3,14.570,-29.100,2.744
2,52.487,-17.176,-3.563
3,40.340,17.895,-1.370
2,44.960,42.157,0.126
2,-37.754,-13.320,5.181
3,-43.855,-9.502,6.225
2,13.934,31.097,51.945
2,-5.224,8.753,2.393
4,-36.801,-36.166,2.946
4,-36.863,-36.172,3.253
2,-33.535,-31.592,3.435
2,27.972,13.428,-0.125
2,-19.790,-38.089,4.914
2,41.700,14.476,-1.904
3,-20.046,41.877,2.522
2,19.471,-16.521,2.596
2,-26.769,6.388,5.643
2,-22.957,2.663,5.633
2,-14.411,-1.879,4.520
2,-26.160,27.799,5.222
7,22.459,28.377,6.552
2,19.307,-37.675,2.778
2,-16.523,-19.758,6.070
4,-36.137,-25.818,4.983
2,30.752,44.702,-0.696
2,45.971,23.876,-0.713
4,-19.736,43.073,2.697
2,16.965,-32.210,1.922
2,-21.129,19.325,4.130
3,28.057,15.171,0.362
2,24.976,41.799,-0.957
4,5.510,-34.331,4.775
4,43.163,21.619,-0.114
2,30.668,-8.203,-0.014
2,48.522,30.882,-0.796
2,-47.375,49.069,1.341
2,-6.739,-8.782,5.672
2,39.322,18.718,-1.781
2,-22.980,38.051,2.706
2,-17.336,-41.592,4.886
2,40.076,25.047,-0.385
2,-39.716,2.722,7.373
4,-18.065,8.146,4.839
2,-39.920,14.727,7.367
2,-2.124,-45.926,4.292
2,34.706,32.383,0.579
2,-26.949,-28.417,4.703
2,37.818,-12.811,-0.683
2,-7.392,-18.798,5.989
2,-43.493,1.512,8.321
3,41.524,28.497,0.158
3,-27.324,-11.689,6.847
2,41.460,17.753,-1.657
2,-8.728,-47.450,4.434
2,-26.048,-10.469,6.298
2,30.359,19.567,0.257
2,-23.823,19.278,4.278
2,-38.026,20.604,6.653
2,-6.240,12.930,2.565
2,-26.223,-48.545,4.414
3,-22.803,-12.047,6.370
2,29.819,1.298,-2.269
2,-31.417,-21.640,4.912
2,7.972,-47.193,2.434
2,-5.737,-7.600,5.712
2,-12.724,38.047,2.235
3,-20.395,41.949,2.378
2,25.523,-13.173,1.610
2,-30.578,-32.616,3.219
4,8.884,2.735,-0.172
2,28.106,-20.279,1.665
4,-0.324,12.968,2.548
2,15.329,-19.971,3.295
4,32.231,7.191,-0.686
2,46.421,-17.489,0.383
7,-26.695,29.487,-10.899
7,18.555,25.469,6.321
2,-8.616,-0.170,4.040
2,41.090,-47.228,2.488
2,41.692,-21.336,0.249
2,47.909,-1.602,-2.959
2,49.374,-43.442,1.766
2,-48.195,-44.116,1.028
2,37.894,23.746,-0.738
2,44.204,39.223,0.364
2,31.241,9.185,-1.022
3,41.017,29.369,0.090
3,27.495,13.823,0.204
2,3.088,12.448,1.225
2,22.609,-23.639,2.517
2,9.674,-22.488,3.523
3,-18.099,8.112,4.648
2,-35.449,-34.709,2.626
2,42.896,39.465,0.476
2,-45.641,39.173,3.510
4,5.810,21.944,0.656
2,48.422,0.737,-3.443
7,-29.619,27.638,-8.191
2,4.360,15.534,1.235
2,-26.891,11.983,5.202
2,15.242,31.252,51.945
2,-13.191,-25.445,6.472
4,-22.958,-9.584,6.689
2,47.533,-6.255,-1.719
4,32.836,44.087,0.206
7,22.513,28.386,1.663
2,31.765,27.719,0.434
2,-9.479,-26.562,6.125
4,-21.452,41.407,2.741
7,23.479,36.031,0.609
3,28.400,37.757,0.490
2,-11.151,35.570,1.913
2,41.679,-47.048,2.322
2,-40.856,-26.136,3.401
2,26.804,31.222,0.574
2,18.162,27.532,51.945
2,45.853,35.764,-0.087
2,19.950,-38.004,2.862
2,1.044,13.046,1.492
2,-22.190,42.554,2.116
2,-48.591,47.676,1.806
4,-37.320,-36.040,3.066
2,32.104,44.519,-0.570
2,-5.037,-32.030,5.733
4,20.037,40.741,0.297
2,-3.784,10.841,2.587
2,8.385,-49.175,2.159
2,-31.535,-28.200,4.221
4,31.639,8.096,-0.858
2,34.462,-42.624,3.136
2,31.332,26.033,0.388
2,-35.556,8.566,6.413
2,47.999,-26.073,1.834
2,-9.776,43.540,1.180
2,48.398,-6.860,-1.794
2,0.561,-15.229,4.413
2,24.609,24.661,0.368
2,-24.767,4.604,5.872
2,23.152,-33.882,3.084
4,-26.107,32.391,4.857
2,1.691,34.962,-1.125
2,-11.962,-49.854,4.383
3,-1.133,13.142,2.298
2,43.579,40.185,0.314
2,31.986,44.563,-0.626
2,-46.329,10.510,8.829
2,-37.160,39.554,2.955
2,43.960,3.332,-2.303
3,-43.452,-9.024,6.333
3,-20.539,19.370,4.535
2,-0.502,46.263,0.877
2,-48.277,-49.770,0.795
3,-6.359,-33.089,6.041
2,16.315,-10.764,1.301
4,7.643,22.043,0.539
2,-43.601,49.699,1.404
2,-35.452,-32.382,3.344
2,-4.754,34.106,0.667
2,-16.012,-22.332,6.417
3,-19.248,7.890,5.152
2,39.681,47.060,-0.922
2,43.401,22.952,-0.947
4,-20.194,-5.759,6.202
3,27.858,38.359,0.493
2,20.245,9.036,-0.767
2,39.572,30.938,0.163
2,-7.068,30.389,1.935
4,5.962,-32.679,4.318
2,26.687,-4.736,-1.275
2,43.316,-10.735,-0.701
4,7.677,23.159,0.638
2,-32.089,-3.343,6.577
2,-16.223,-22.745,6.266
2,28.656,11.224,-0.495
4,-22.352,-9.801,6.831
3,14.205,-29.266,2.527
2,28.086,39.440,-0.122
4,-10.963,29.912,3.121
2,-28.585,31.125,4.477
2,-32.832,1.071,6.444
2,32.169,19.521,0.151
2,7.005,-42.698,3.139
2,-42.603,-38.479,1.304
2,18.799,-46.650,2.762
4,45.068,-80.006,2.878
2,42.069,29.716,-0.254
2,12.418,-14.316,3.053
2,-20.487,-35.180,4.727
7,-46.938,-6.636,-4.642
2,-39.204,6.061,7.173
2,15.457,-28.516,2.235
2,37.612,-40.562,2.324
2,-31.539,8.871,6.078
2,-30.373,3.411,5.879
2,28.061,15.032,-0.017
2,-34.255,37.178,3.387
2,12.211,34.506,51.945
2,-31.790,3.269,5.902
2,30.576,24.707,0.292
2,-23.493,-23.937,5.955
2,-26.121,27.995,5.123
2,30.148,11.888,-0.419
2,17.410,32.441,51.945
4,40.129,17.704,-0.974
4,33.256,7.373,-0.576
2,27.026,49.392,-1.949
2,14.673,-28.060,2.517
2,-23.392,-9.299,5.896
2,-41.733,1.133,7.761
4,31.128,32.607,1.798
4,-7.890,-3.825,5.387
2,-5.259,-7.738,5.357
2,-31.217,2.717,6.060
2,-34.382,36.724,3.560
2,35.445,-7.371,-1.079
2,-15.409,25.497,3.739
2,13.194,-6.591,0.456
2,31.972,46.562,-1.084
2,-14.825,21.822,3.907
4,-29.440,31.965,5.441
2,-1.517,-47.613,3.908
2,47.767,-25.251,1.739
2,-19.978,-26.256,5.364
2,-16.689,-10.333,5.838
4,-43.494,-8.992,6.535
4,-43.839,-9.108,6.479
2,-7.409,-5.140,5.138
2,-7.079,-9.180,5.765
2,-1.769,22.648,0.866
2,15.114,-1.087,-0.806
2,4.504,25.427,-0.309
2,-10.313,-5.815,5.135
2,-38.880,29.311,4.804
4,-20.032,-9.335,7.225
2,34.970,-31.907,1.456
4,16.681,40.736,0.011
4,-20.439,42.962,2.751
2,-7.004,-23.162,5.880
2,-4.503,-41.575,4.805
3,27.486,13.586,0.148
2,-18.230,-8.823,5.539
2,-13.975,-23.097,6.235
2,-45.481,6.576,8.315
4,-36.200,-25.940,5.104
2,-8.119,26.452,2.781
2,-14.353,36.903,2.320
2,18.591,-19.017,3.339
2,-32.242,45.251,2.580
2,-19.675,42.845,2.377
2,17.312,-22.508,2.899
2,4.533,-18.353,4.246
2,-32.620,25.511,5.672
2,-6.968,-31.228,5.898
2,-47.532,20.256,8.519
4,4.671,-34.892,4.677
2,45.737,-28.302,1.223
2,4.980,-6.127,2.285
2,-44.983,23.755,7.097
7,22.316,28.318,14.932
2,49.551,-16.784,0.726
3,-5.754,-20.535,5.970
7,23.024,36.649,1.819
2,-33.974,30.986,4.173
2,-29.736,-38.946,3.386
2,29.742,5.008,-1.816
2,31.977,23.593,0.164
2,-29.744,40.827,2.527
2,-42.020,-37.199,1.592
2,20.409,-49.517,2.899
2,42.109,-19.206,0.409
2,-30.943,-8.121,6.270
3,42.725,29.349,0.072
4,24.956,-1.039,-1.014
2,-8.974,-43.755,4.843
2,-6.715,-9.337,5.635
4,-36.073,-36.016,3.161
2,2.759,17.528,1.181
4,-18.114,7.219,4.923
3,-36.126,-35.993,3.009
2,-27.673,-4.971,6.078
2,-16.079,12.468,3.863
2,19.477,29.781,51.945
2,25.897,29.253,0.516
2,16.165,48.099,-0.836
2,31.593,-6.298,-0.281
2,30.704,-19.973,1.131
2,30.067,-32.568,2.690
2,-4.560,46.778,1.653
2,8.639,21.737,-0.200
2,31.936,38.891,-0.032
2,-19.574,9.591,4.752
2,-18.999,-43.452,4.660
4,-3.886,21.824,2.499
2,-9.820,-4.582,5.186
2,-11.539,-28.092,6.114
7,21.485,26.604,16.368
2,-28.784,-43.027,3.252
3,-26.781,32.716,4.484
2,20.239,9.719,-0.649
2,-29.229,39.879,2.568
2,-47.868,-35.242,0.878
2,0.130,-48.003,3.751
3,-15.842,-22.717,6.409
3,-43.549,-9.944,5.910
2,34.606,46.094,-1.396
4,-43.495,-9.701,6.638
4,-27.116,32.697,4.934
2,-40.660,-37.120,1.920
4,-17.936,8.324,5.200
3,-35.816,-35.709,3.088
2,-31.947,6.157,5.852
2,34.765,29.842,0.523
2,14.437,-18.630,3.245
2,-5.479,-8.750,5.597
7,23.448,30.167,2.348
2,-46.681,31.541,5.493
2,-46.940,1.395,8.364
3,-19.107,9.032,4.865
2,-36.510,-2.677,7.100
2,-42.516,-29.050,2.783
2,21.847,41.989,-1.149
2,7.511,16.836,0.966
2,-30.157,-20.580,5.233
2,39.554,-29.209,1.070
4,31.446,7.054,-0.585
2,-14.000,35.077,2.351
2,17.277,-13.397,1.859
2,36.590,49.941,-1.582
2,8.902,-42.925,2.983
4,-43.821,-8.961,6.475
2,-8.005,-8.436,5.649
2,29.618,14.796,0.042
3,27.411,13.401,0.288
7,18.715,25.552,20.359
2,5.341,30.728,-0.538
2,28.345,47.537,-1.533
2,38.764,47.581,-1.271
2,4.414,39.008,-0.616
2,-11.648,-26.262,6.268
3,26.247,35.227,0.337
2,-33.075,32.231,3.907
4,31.945,8.318,-0.527
2,-36.843,36.234,3.433
2,-16.701,-1.954,4.448
2,-7.593,-20.479,6.302
3,31.865,9.542,-0.808
7,20.078,25.507,8.622
2,31.666,44.391,-0.586
2,-41.681,42.468,3.112
2,15.007,-27.857,2.909
2,16.537,-39.124,2.221
3,32.458,44.463,-0.116
3,41.453,28.715,0.112
4,-18.452,7.469,5.164
4,-15.865,-22.613,6.537
2,25.036,42.343,-1.100
2,12.521,20.727,0.146
2,18.041,-40.875,2.331
2,-34.225,-7.922,6.213
2,-28.976,-43.627,3.165
2,-27.513,32.231,4.274
2,-6.749,-31.864,5.922
2,7.951,-32.898,3.069
2,44.105,-13.379,-0.311
3,27.273,13.555,-0.013
2,-37.823,-2.831,7.240
2,-7.032,-6.419,5.762
2,4.585,-18.574,4.432
2,30.382,31.855,0.478
2,-16.551,-23.364,6.361
2,-4.374,-23.218,5.703
2,-33.346,16.285,5.942
2,20.386,43.172,-1.474
2,-4.696,8.660,2.502
2,45.097,-30.998,1.281
2,-21.140,12.995,4.372
2,-36.665,11.160,6.606
2,-15.856,-23.154,6.255
2,-41.486,-24.405,3.281
2,29.239,-16.192,1.253
2,-9.309,0.964,3.730
2,26.782,3.026,-1.815
2,27.349,-19.958,1.833
4,-0.500,12.654,2.714
2,37.895,-22.607,0.066
2,-47.716,-14.093,3.926
2,-10.578,17.925,3.463
2,35.144,43.706,-0.831
2,6.579,-24.657,4.552
4,-22.685,-8.370,6.745
2,13.464,-21.171,2.851
7,23.812,30.715,9.995
2,-19.246,4.832,4.745
2,24.061,-0.823,-2.241
2,-44.408,-9.226,5.907
2,-18.666,30.536,3.569
2,15.327,-11.802,1.671
2,-38.687,44.984,2.835
2,-49.116,47.518,1.804
2,-48.260,22.350,8.253
2,-3.163,-19.513,5.324
2,-45.561,-29.135,2.261
2,-47.819,36.144,4.270
7,18.627,25.459,2.812
2,-10.489,42.546,1.180
2,19.762,-15.348,2.418
2,40.400,5.945,-1.675
2,-3.644,-18.517,5.327
2,24.294,26.908,0.490
2,26.863,-27.548,2.573
2,-38.149,43.485,3.164
2,32.278,30.305,0.646
2,2.114,-7.065,3.196
2,18.328,-16.008,2.584
7,16.694,25.524,17.526
2,32.928,44.098,-0.611
2,-39.854,43.562,3.097
2,-19.907,8.216,4.712
4,8.343,21.572,0.459
2,14.646,43.958,-1.191
2,-37.697,33.120,3.968
2,-49.875,0.571,8.370
2,4.574,-49.528,2.758
2,29.638,31.569,0.497
2,1.827,10.694,1.450
2,35.965,37.178,0.504
4,21.388,26.643,31.715
2,19.247,-38.029,2.821
2,-4.935,-7.274,5.190
4,-21.648,-9.784,6.582
2,-5.625,33.935,1.021
2,1.037,-9.276,3.794
2,31.231,8.936,-1.474
2,3.758,35.760,-1.098
3,42.866,17.742,-1.296
2,32.001,44.060,-0.371
4,-26.829,32.629,4.952
3,-20.271,41.776,2.562
2,24.649,-27.063,2.529
2,33.613,-16.054,0.415
2,-19.402,7.609,4.593
2,-19.541,21.345,4.309
2,-4.471,-46.743,4.294
2,-40.678,14.511,7.630
2,-44.635,-34.705,1.278
2,-4.991,-30.365,5.864
2,30.680,48.402,-1.456
2,39.053,11.075,-1.662
2,-6.702,-9.080,5.790
2,-49.141,-25.934,1.712
2,12.963,25.460,-1.178
2,27.934,-32.860,3.046
2,-48.457,-28.815,1.549
2,10.790,37.471,51.945
2,-1.136,-6.364,4.298
2,4.272,-8.497,2.679
2,-21.599,41.830,2.101
2,-17.373,-2.957,4.572
7,21.349,26.633,27.530
2,-25.924,-11.583,6.879
2,-41.974,-10.627,5.530
2,-4.063,19.747,1.564
3,41.171,28.457,0.081
2,-30.312,0.804,6.359
4,27.096,-2.473,-1.037
2,-26.710,-21.000,5.896
2,-0.283,15.313,1.812
4,4.820,-33.150,4.737
2,-45.273,39.982,3.301
2,-2.168,-3.073,3.897
2,43.917,-27.425,1.095
2,-18.181,36.011,2.272
2,-26.340,-34.742,3.867
2,-5.890,8.155,2.282
2,2.352,43.743,0.073
7,17.903,25.544,-0.027
2,-38.756,18.625,7.078
2,-40.990,18.853,7.782
2,-17.368,28.375,3.539
2,-9.275,-45.851,4.705
2,-41.534,24.476,6.650
2,19.890,-37.196,2.458
2,-16.615,26.937,3.623
4,21.935,-1.399,-0.903
4,3.336,-33.819,4.431
2,32.525,-7.090,-0.397
2,-25.237,27.912,4.949
2,-39.223,44.715,2.882
3,-20.233,7.504,4.972
2,-22.578,-23.659,6.081
2,44.947,12.262,-2.392
2,-26.266,-41.959,3.488
2,-35.720,-25.651,4.742
2,-17.643,33.099,2.909
3,32.419,8.401,-1.057
2,-10.871,29.891,2.404
2,45.903,12.349,-2.604
3,-26.321,28.830,5.121
2,49.193,-24.036,2.088
2,-44.036,-34.786,1.334
2,-1.208,31.493,-0.120
3,3.477,-33.885,4.341
2,-19.998,3.530,4.936
4,24.816,3.257,-0.928
2,-39.915,-2.757,7.081
2,19.154,14.350,0.202
4,-0.739,12.688,2.412
4,20.717,25.377,3.088
2,35.910,27.428,0.129
2,-41.819,14.095,7.900
2,40.821,18.121,-1.747
2,-34.255,6.178,6.275
2,-3.324,36.634,0.050
2,-4.926,32.152,1.092
2,38.032,-43.393,2.546
3,-35.845,-25.632,5.101
2,-22.260,-37.284,4.118
2,-26.625,28.758,4.890
2,-30.196,20.528,5.125
4,-14.678,29.384,3.734
2,-47.134,15.750,8.874
2,-17.777,-22.951,6.072
2,24.192,17.340,0.183
2,22.432,7.184,-0.933
2,11.717,8.318,-0.496
2,-12.494,14.774,3.318
4,25.446,-2.357,-1.110
2,-5.612,-8.662,5.746
2,-18.967,-9.258,5.535
2,-21.441,14.742,4.238
2,-34.329,36.512,3.383
2,-18.179,-3.521,4.683
2,-15.694,-49.712,4.824
2,28.341,-12.880,1.191
2,42.792,35.892,0.232
2,-20.056,25.531,4.616
2,-34.069,-6.707,6.389
4,-36.335,-26.017,5.227
2,-48.865,-17.751,3.454
2,39.402,-23.393,0.185
2,45.916,47.135,0.310
2,17.672,23.636,0.024
4,-25.486,-19.847,7.566
2,-42.188,-35.803,1.817
2,-4.293,-36.020,5.096
2,-25.471,33.252,3.831
2,43.628,28.530,-0.616
2,41.758,-28.984,0.909
2,-7.241,-7.581,5.620
2,-13.220,-23.613,6.350
2,-21.630,-27.616,5.061
2,-1.477,-34.631,4.973
2,37.430,-44.265,2.627
2,8.339,-34.134,3.062
2,9.556,-20.408,3.111
2,39.824,13.954,-1.685
4,-34.956,-5.264,8.345
4,4.793,-33.036,4.517
2,49.718,48.926,0.635
3,42.618,29.368,-0.069
3,-0.111,12.815,1.930
2,36.421,4.471,-2.179
2,8.981,-16.479,3.198
4,24.775,0.444,-0.998
2,-42.926,-18.619,4.425
2,-44.001,-2.930,7.227
2,4.506,42.241,-0.080
2,18.360,-47.161,2.745
2,39.271,-2.504,-2.127
2,-42.482,35.186,4.248
2,15.242,-0.566,-0.940
2,14.291,-24.460,2.809
2,14.119,-20.883,2.858
7,10.891,39.137,4.456
2,-48.522,-11.815,4.399
3,-44.037,-9.622,6.267
2,24.737,-24.977,2.718
2,-46.865,44.731,2.171
2,-34.325,37.143,3.519
2,47.970,-16.313,0.316
4,30.789,32.564,1.097
4,-0.509,12.264,2.341
3,-26.199,29.148,5.193
2,46.376,16.687,-1.779
2,-33.867,26.724,5.448
2,-6.247,-31.404,5.920
2,-33.471,-43.764,1.960
2,27.168,-5.473,-1.195
2,48.926,24.147,-0.718
3,25.943,3.160,-1.776
2,49.388,0.956,-3.678
2,-20.942,36.877,2.731
2,-44.795,-30.652,2.316
2,-40.999,-24.832,3.305
2,25.816,-44.541,2.812
7,20.096,25.412,14.212
2,5.253,45.903,0.281
2,-36.815,3.091,6.944
4,40.395,16.814,-0.957
2,9.788,-17.412,3.231
2,28.610,31.565,0.462
2,-26.820,30.950,4.271
2,-25.068,-27.215,5.090
2,24.214,-4.770,-1.638
2,-0.201,-16.086,4.480
2,49.898,45.746,0.704
2,15.537,-26.605,2.515
2,27.700,12.865,-0.137
4,-28.229,32.154,4.879
2,-32.504,44.024,2.814
3,42.078,22.806,-0.515
2,-35.500,28.797,4.901
2,19.170,-19.298,3.193
7,10.196,37.939,3.846
2,15.085,31.850,51.945
2,18.662,36.696,51.945
2,-5.344,-7.789,5.745
2,39.316,-33.980,1.440
2,-34.335,-11.152,5.766
2,-7.035,-9.819,5.812
2,-16.565,-22.754,6.304
2,-15.631,-5.157,5.251
3,-25.554,29.025,5.105
2,7.590,20.321,0.098
4,23.816,30.682,35.165
2,-7.313,-19.542,6.216
2,-10.224,6.502,2.771
2,-11.878,7.018,3.042
2,-21.681,23.006,4.777
2,42.658,45.078,0.051
3,-15.900,-22.588,6.499
2,-32.824,-3.616,6.506
2,0.284,-11.104,4.087
2,41.281,-0.772,-2.208
2,-7.302,-7.617,5.530
3,15.227,-29.350,2.623
2,-14.884,3.620,3.972
2,-39.378,18.678,7.321
2,15.766,43.438,-1.142
2,28.312,36.506,0.081
2,-15.633,-14.616,6.328
2,1.002,-21.233,5.149
2,-23.265,-1.593,6.352
2,44.603,-4.820,-1.653
7,20.092,25.520,4.429
2,4.331,-42.439,3.509
2,-31.448,-3.535,6.532
4,-20.852,40.563,2.727
2,-36.895,-37.947,1.986
2,-7.696,29.688,2.176
2,18.813,-7.527,0.116
2,18.223,24.542,-0.050
2,-49.998,-15.355,3.289
2,5.791,22.062,-0.107
2,2.121,-1.498,2.623
2,15.240,37.416,51.945
2,-32.330,38.321,2.876
2,-27.037,9.670,5.448
2,19.117,-10.771,1.252
2,-36.826,-35.802,2.501
2,-34.349,37.182,3.551
2,-18.342,-37.946,5.211
1,49.008,48.962,0.557
2,26.078,0.223,-2.483
4,20.381,11.710,0.486
4,31.785,44.150,0.062
2,24.378,29.210,0.529
3,13.989,-29.988,2.660
2,-46.468,35.833,4.327
3,-7.012,-5.855,5.708
2,45.909,-32.957,1.589
2,-35.878,42.206,2.814
2,44.510,-30.695,1.185
2,-19.808,-40.288,4.637
2,-6.534,-30.566,5.797
2,-20.372,24.394,4.770
3,-0.751,13.496,2.032
2,-1.897,-13.242,4.872
2,-3.762,43.181,0.401
2,-8.166,38.714,1.365
2,44.610,4.898,-2.334
2,-27.744,-47.799,4.025
3,26.898,37.073,0.464
2,29.034,13.774,0.098
2,-42.742,22.162,7.150
2,27.227,19.801,0.213
2,-43.522,-9.511,5.961
2,-12.175,33.247,2.098
2,-20.570,34.041,3.113
2,7.315,33.064,-0.769
2,2.594,-3.206,2.753
2,-30.838,18.023,5.478
4,-23.007,-19.405,7.338
2,-0.075,38.156,-0.918
2,-6.690,-8.889,5.778
2,-38.592,-4.356,6.884
2,49.817,-46.034,1.483
2,-10.007,-6.744,5.298
3,32.685,43.604,-0.119
2,-20.163,-23.582,5.901
2,12.846,-35.973,2.249
2,-2.333,32.557,0.147
2,-32.728,-19.631,5.012
2,-14.966,-44.352,4.659
4,24.019,31.456,28.859
2,-27.243,38.442,2.650
4,30.486,33.408,1.899
2,41.694,-12.844,-0.289
3,-36.714,-36.766,2.901
3,42.393,28.543,-0.104
2,-37.176,-32.861,2.768
2,-45.434,27.431,6.240
2,-5.992,-10.386,5.659
2,-5.955,-3.915,4.656
2,-12.896,-24.704,6.520
2,-11.043,17.601,3.585
7,16.012,25.464,3.368
2,35.257,-40.810,2.789
2,-4.056,-10.250,5.261
2,-27.997,-16.451,6.312
4,25.174,-16.974,3.394
2,-27.102,-37.162,3.659
2,-16.049,-22.308,6.064
3,27.709,15.142,0.366
7,23.127,29.641,17.760
2,17.919,-26.847,2.427
4,-17.835,7.096,5.122
4,38.042,-20.509,0.783
3,13.187,-30.568,2.605
2,-40.047,49.994,1.352
2,20.944,-37.776,2.814
2,-9.473,-7.343,5.466
2,-28.921,29.371,4.721
2,17.903,-48.063,2.716
2,-5.551,24.515,1.988
2,40.306,-36.146,2.004
2,11.599,-32.448,2.381
2,-1.406,8.274,2.307
2,38.734,-25.017,0.496
2,36.110,-19.265,0.123
3,-43.943,-9.627,6.056
2,-1.231,38.920,-0.532
4,-5.346,22.459,2.075
2,49.171,29.844,-0.425
2,47.902,0.158,-3.300
2,-10.808,4.603,3.410
2,48.432,20.430,-1.112
2,7.680,-2.215,1.143
2,8.632,20.418,0.062
2,0.865,28.464,-0.150
4,-0.303,12.999,2.409
3,30.204,13.566,0.321
2,34.404,-7.988,-0.803
2,-39.934,-39.816,1.468
2,-2.326,-13.860,5.031
2,-31.788,42.701,2.796
2,-36.663,-25.196,4.398
2,-12.139,-41.535,4.925
2,30.982,-18.754,1.013
2,31.847,14.764,-0.160
2,1.027,-32.454,4.669
2,-15.946,-23.357,6.294
2,-40.788,-3.222,6.974
4,-28.060,32.620,5.237
2,-31.869,8.253,6.010
2,-39.483,-49.886,0.838
4,33.384,9.117,-0.971
2,47.857,-40.770,1.655
2,-22.204,-9.323,5.857
2,-3.307,10.553,2.629
2,43.876,22.334,-0.832
4,31.623,9.128,-0.512
7,10.860,38.956,23.164
4,-21.315,43.042,2.635
2,28.256,14.763,0.208
2,-6.409,40.633,0.527
2,-25.424,26.431,5.093
3,-20.453,41.288,2.434
2,38.662,-26.288,0.895
2,30.285,-20.532,1.260
2,-35.475,48.185,2.130
2,-2.889,20.540,1.226
2,27.356,13.779,-0.120
3,-15.837,-22.653,6.304
7,9.679,37.296,8.224
4,24.557,0.226,-0.702
2,26.197,-37.926,3.441
2,37.609,-25.859,0.974
4,-0.208,13.114,2.452
2,8.026,-5.352,1.685
2,44.517,28.276,-0.624
3,-20.023,19.048,4.572
2,25.710,1.138,-2.323
2,-38.159,-39.589,1.688
2,-23.387,45.328,1.996
2,6.255,-10.114,2.658
2,-17.707,36.883,2.208
2,0.146,49.861,1.991
2,-9.390,-4.588,5.144
2,20.621,-38.851,2.648
2,-13.761,-1.668,4.503
2,9.306,-4.501,1.289
2,-10.347,2.562,3.717
2,-31.310,-45.422,2.805
2,-48.304,-36.743,0.569
2,-11.004,-48.074,4.462
2,49.951,-37.958,1.532
2,-11.290,-32.955,5.424
2,18.484,-0.024,-1.557
3,-19.623,8.073,5.042
2,48.577,-15.450,0.179
2,49.594,-34.358,1.456
4,4.626,-34.554,4.329
2,-2.541,-35.707,4.953
2,-18.580,33.872,2.669
2,-28.020,20.160,4.745
2,23.438,3.481,-1.973
2,6.025,20.794,0.584
2,-13.726,-21.412,5.989
3,32.719,44.071,-0.078
2,-29.144,31.593,4.437
2,20.015,-29.630,2.380
2,12.487,49.853,0.353
2,45.275,-3.473,-2.190
2,-36.209,6.830,6.363
2,-25.928,-12.235,6.738
2,-14.206,-1.305,4.422
2,-19.924,-45.584,4.909
2,24.119,-38.040,3.554
2,28.749,-26.442,1.983
3,42.297,29.631,0.082
2,-9.211,26.628,2.824
2,-18.106,-11.511,5.735
2,49.314,-36.326,1.319
2,48.736,6.042,-3.284
3,15.242,-29.702,2.687
2,23.239,37.295,-0.457
3,-36.209,-35.968,2.928
2,38.992,45.787,-0.881
4,33.075,7.647,-1.051
2,18.528,-18.192,3.182
7,22.414,27.918,0.304
2,-20.193,-30.273,5.222
2,10.040,-1.860,0.178
2,-31.776,0.681,6.631
2,-19.133,-0.314,4.722
3,14.759,-30.324,2.408
2,-29.642,-49.746,3.506
2,3.441,-26.235,5.188
2,-45.858,17.022,8.637
2,-48.187,-3.482,7.314
2,11.444,-38.782,2.794
2,31.659,-19.782,0.775
2,22.493,-41.497,3.199
2,-24.336,3.477,5.869
4,24.166,-3.092,-1.112
2,-9.873,14.136,2.899
7,8.462,34.829,1.384
2,41.132,-31.981,1.019
2,40.472,17.687,-1.748
2,-49.842,-6.229,5.828
2,36.632,-17.605,-0.119
4,24.801,32.481,1.709
4,41.452,18.064,-0.413
2,-13.752,10.946,3.555
2,-3.222,1.870,2.984
2,-17.970,27.001,3.782
2,-21.290,-8.594,5.616
3,20.997,-0.715,-1.174
2,-24.171,14.768,4.768
2,-34.749,6.833,6.254
2,5.198,-49.091,2.711
2,-6.462,23.210,2.079
2,-21.328,-17.942,6.106
2,-16.736,-42.116,4.856
2,25.812,11.554,-0.265
2,-0.619,13.116,1.887
2,-19.399,26.319,4.297
2,-25.696,-29.274,4.729
2,39.530,-46.125,2.629
2,-34.174,37.380,3.447
2,-6.356,15.064,2.590
2,-38.028,9.762,6.712
4,41.365,-17.392,0.978
2,-35.437,-35.282,2.512
2,-40.247,-43.564,1.423
2,11.969,-18.698,3.018
2,47.659,-34.713,1.329
2,37.358,-14.922,-0.524
2,28.882,-18.539,1.497
2,-5.979,-7.187,5.831
2,32.730,44.068,-0.244
2,-30.017,-0.262,6.516
2,-8.828,-22.836,6.208
2,-13.912,-8.799,5.632
2,37.630,26.157,-0.487
2,-22.472,36.641,3.062
2,5.568,4.084,0.719
2,32.726,-13.376,0.348
2,-12.329,-3.427,4.951
4,0.775,4.472,2.938
2,23.333,-30.004,2.663
2,34.294,-31.024,1.532
4,-0.903,12.980,2.608
2,46.800,9.583,-2.939
2,40.167,-41.178,2.407
2,47.893,-8.825,-1.031
2,-35.428,-8.436,6.268
2,-46.961,38.920,3.485
3,43.045,24.602,-0.517
7,19.318,25.475,21.126
4,18.650,25.527,22.465
2,-25.994,28.624,5.150
2,-31.591,-10.647,6.113
2,-22.903,39.412,2.393
2,33.622,36.993,0.030
2,27.814,29.702,0.678
2,21.915,-46.985,2.853
7,10.799,39.011,27.481
4,-4.377,23.870,2.471
7,16.525,25.423,10.502
2,41.082,40.749,0.511
2,-5.624,-25.713,5.718
3,28.656,14.054,0.539
4,-44.106,-9.689,6.487
3,-22.327,42.299,2.681
4,25.189,38.833,0.659
2,-7.713,-8.380,5.729
4,-36.983,-36.280,3.221
2,35.909,-49.498,3.427
2,-6.463,25.218,2.401
2,44.605,-4.204,-1.919
2,14.570,19.778,0.295
4,-18.064,7.124,5.263
2,49.632,-6.206,-1.840
4,13.494,-31.288,2.820
2,-49.583,-21.367,2.746
2,-41.460,-27.496,3.262
2,11.176,-46.729,2.216
4,5.807,-33.396,4.371
2,31.485,-15.226,0.794
2,-15.936,25.301,3.816
2,34.922,9.452,-1.557
2,-29.416,5.392,6.000
2,-44.514,7.275,8.263
2,39.517,-22.080,0.209
2,-36.576,18.264,6.617
4,-27.576,32.926,4.787
2,23.327,-36.998,3.450
3,-19.303,8.211,5.116
4,37.995,-17.101,0.976
2,46.876,30.402,-0.716
2,-26.232,27.895,4.913
2,-20.490,43.313,2.359
2,-5.337,-31.532,5.998
4,-0.097,13.683,2.472
2,4.731,-16.725,4.167
2,31.604,37.345,-0.220
2,-34.437,36.697,3.361
2,44.116,36.551,0.162
2,-47.688,19.743,8.599
4,34.416,8.328,-0.479
2,12.542,-21.031,2.730
2,12.363,-0.394,-0.943
2,18.094,49.147,-0.829
2,-0.729,39.844,-0.623
2,-25.353,-14.927,6.324
2,-31.162,39.523,2.703
2,4.025,-37.169,3.787
1,23.490,30.107,28.194
2,-26.621,-14.393,6.582
2,14.383,5.145,-1.388
2,-35.836,-36.573,2.460
2,27.329,13.179,-0.116
2,-25.465,-19.208,6.633
2,-48.923,32.384,5.094
2,3.097,-44.929,3.382
2,12.101,-22.638,2.771
2,48.893,34.405,-0.707
2,23.110,-21.170,2.382
2,-21.888,-18.691,6.054
2,10.150,-48.166,2.105
4,3.668,-34.092,4.489
2,9.607,-18.078,3.227
2,-22.898,18.547,4.140
2,-7.007,-9.536,5.814
3,42.399,-31.432,1.549
2,6.309,19.469,0.681
2,41.840,18.503,-1.788
2,-3.128,-46.526,4.355
2,-34.349,38.223,2.936
3,-43.645,-9.971,6.003
4,-33.010,6.749,7.823
7,17.280,25.379,5.592
2,27.374,13.577,-0.155
2,-20.993,49.961,2.411
2,0.113,40.554,-0.377
2,-19.865,19.702,4.148
7,8.807,35.431,0.599
2,36.640,23.200,-0.630
2,-6.819,-20.096,5.995
2,16.211,-47.311,2.582
2,-28.125,31.073,4.825
4,-26.476,32.093,5.026
3,18.442,-37.707,2.812
2,36.459,11.300,-1.339
2,-25.088,-5.687,6.340
2,27.311,-39.631,3.321
2,29.163,-33.138,2.995
2,28.696,14.851,-0.130
2,-20.501,-28.818,5.194
2,2.992,-20.502,4.762
2,15.031,-6.060,0.176
2,-48.441,35.998,4.323
2,42.233,8.630,-2.180
2,21.967,4.893,-1.747
2,23.516,-46.015,2.675
2,-21.209,46.359,2.279
2,41.848,30.330,-0.287
2,-15.982,-22.578,6.031
2,32.161,43.758,-0.500
4,15.398,-30.428,2.869
2,27.840,10.925,-0.533
3,-17.897,8.305,4.555
2,36.783,-25.829,1.000
2,-14.419,44.866,2.007
2,47.739,42.666,0.196
2,-12.397,2.757,3.986
2,-3.889,27.981,1.111
2,34.625,-30.578,1.496
2,3.060,22.542,0.245
4,28.808,0.357,-1.336
2,29.360,29.102,0.361
4,0.013,13.407,2.501
2,15.621,-25.002,2.657
3,13.768,-29.790,2.660
2,-38.676,-25.399,4.107
2,40.570,-16.853,-0.043
2,-30.677,6.785,5.628
2,0.953,-35.196,4.548
3,28.715,14.246,0.310
2,-46.062,-3.038,7.341
2,24.251,-30.044,2.781
3,29.458,12.946,0.378
2,19.679,-28.101,2.306
2,-12.530,4.525,3.691
2,-39.339,-1.804,7.316
2,-42.860,42.784,2.911
2,-10.831,-20.688,6.274
2,-21.523,-28.231,5.048
2,26.828,-13.988,1.427
2,-48.607,-42.361,0.925
3,4.523,-34.818,3.978
2,-34.015,38.811,2.820
4,39.750,-16.810,1.182
2,-33.553,36.542,3.559
2,-6.219,24.641,2.204
4,28.857,0.293,-0.115
2,8.818,11.828,0.805
2,-11.087,39.597,1.783
2,-8.360,45.240,1.287
2,45.036,-23.611,0.985
2,-7.473,-7.821,5.762
2,45.082,13.193,-2.337
2,-28.762,-37.819,3.573
7,8.138,34.376,0.022
2,32.380,43.746,-0.586
2,28.244,49.101,-1.705
4,24.371,32.035,37.266
2,21.010,-45.980,3.033
2,-18.392,-33.687,5.274
2,28.046,21.921,0.126
2,-28.174,-42.457,3.435
2,15.508,-29.582,2.335
2,27.603,-31.843,3.102
2,-42.994,-45.891,0.936
4,41.524,16.761,-0.762
2,10.791,-18.146,3.164
2,48.277,41.252,0.092
2,8.246,-12.752,2.890
2,21.877,49.972,-2.099
2,-40.522,17.410,7.607
2,-17.093,-1.101,4.384
2,20.445,-30.712,2.397
2,-3.778,-34.395,5.005
3,28.554,13.224,0.389
2,42.262,17.937,-1.760
3,27.569,14.682,0.083
2,23.647,21.189,0.190
2,-24.131,-6.418,6.194
3,13.417,-30.401,2.625
2,-16.221,23.357,3.877
3,4.736,-17.560,4.451
2,29.865,8.544,-1.163
2,-3.287,-17.479,5.176
4,26.927,12.434,0.249
2,40.519,43.018,0.277
2,-34.005,37.527,3.546
2,7.376,49.152,0.932
2,33.533,23.369,0.063
2,18.598,6.924,-1.495
4,-11.866,28.193,4.223
7,9.514,29.595,0.064
2,28.675,19.371,0.133
2,6.185,16.060,1.320
2,-12.872,-40.666,5.024
2,26.399,-35.205,3.205
2,-49.564,-45.228,0.980
2,-47.210,12.325,8.867
4,32.516,44.455,-0.068
2,-31.386,25.266,5.656
2,-23.693,-11.566,6.194
4,-5.136,20.826,2.488
2,24.207,-15.982,1.976
2,-7.254,13.647,2.466
2,16.752,-4.403,-0.441
2,22.785,-38.915,3.359
2,31.757,-35.590,2.181
2,29.793,-46.557,2.807
4,37.883,-17.088,0.994
2,-1.494,-14.652,4.779
2,-40.468,-24.979,3.428
4,-43.466,-9.603,6.473
2,2.330,6.525,1.688
2,10.347,-41.242,2.943
2,21.585,-27.241,2.409
2,-0.424,22.557,0.667
2,-47.425,-38.239,0.552
2,16.183,-11.498,1.495
2,-3.830,-0.653,3.775
2,-11.788,-9.169,5.426
2,32.930,12.235,-0.720
7,24.535,32.016,24.684
7,-13.464,-7.560,-7.620
2,37.241,16.698,-1.513
2,40.289,-45.960,2.539
2,-6.618,-8.845,5.738
2,13.346,-48.455,1.981
2,44.013,-4.797,-1.747
2,-6.226,39.208,0.906
2,46.557,5.307,-2.776
2,8.240,-39.162,2.961
2,-47.096,-8.858,5.495
3,-43.799,-8.891,6.186
4,-4.695,23.561,2.406
2,-21.265,3.534,5.258
3,-21.115,19.449,4.431
2,29.367,40.173,-0.405
2,5.196,-26.997,4.692
2,-28.510,-39.496,3.507
3,14.583,-30.691,2.396
2,-28.857,-9.246,6.191
2,-18.998,43.164,2.302
4,-0.850,13.365,2.776
2,-24.613,-10.112,6.098
2,-27.104,-12.709,6.759
4,-3.326,3.178,3.554
2,-13.180,19.987,3.915
2,-37.813,-28.546,3.900
2,-4.750,-15.444,5.350
2,20.415,-39.068,2.812
2,-20.220,-5.935,5.455
2,-34.442,37.000,3.509
2,-7.149,41.954,0.644
2,-16.954,46.518,2.395
2,-34.608,-8.488,6.254
2,-24.932,-27.962,4.891
2,4.478,-32.892,3.750
2,9.010,41.348,-0.763
2,-47.303,25.904,7.223
4,-18.415,-8.842,7.009
2,-25.164,40.146,2.249
2,18.263,16.288,0.196
2,-45.444,-11.387,5.039
2,-4.189,44.289,0.851
4,43.488,22.802,-0.339
2,25.420,-26.640,2.594
2,7.037,24.918,-0.550
2,36.775,39.322,0.291
2,7.804,-22.778,3.977
3,-49.752,13.160,9.597
3,-5.603,-33.054,6.043
2,-16.119,-22.478,6.332
7,12.975,-38.236,-8.178
2,-23.002,-4.966,5.942
2,-4.227,31.948,0.819
2,-38.654,-44.378,1.446
2,34.733,-18.041,0.208
2,1.054,-8.309,3.617
2,44.105,37.241,0.325
2,42.492,-16.413,-0.216
2,27.032,-3.974,-0.986
2,49.417,30.328,-0.445
2,3.585,-37.558,3.974
2,-39.324,-7.233,6.503
2,-43.488,-4.280,7.045
7,21.626,27.259,17.732
2,19.534,-29.339,2.338
2,-15.708,29.521,3.164
4,-3.251,0.508,4.723
2,-43.492,-9.133,5.960
2,41.346,-14.058,-0.392
2,-30.898,30.373,4.410
7,19.413,25.528,6.416
2,-20.033,-12.072,5.564
2,11.418,2.936,-0.735
4,38.384,-15.749,1.258
2,-1.340,17.131,1.583
2,16.682,-15.231,2.516
2,27.381,14.258,-0.086
2,0.263,-17.126,4.577
2,-45.851,-7.950,5.773
4,42.062,21.169,-0.182
4,7.541,21.632,0.613
2,47.542,-42.599,1.669
2,0.930,-35.735,4.606
4,24.617,-4.444,0.089
2,-21.262,48.776,2.470
2,-32.693,-41.514,2.327
2,-40.145,37.863,3.708
2,48.978,45.571,0.609
2,10.730,7.819,-0.312
1,46.764,47.958,0.486
2,27.951,13.532,-0.145
3,32.266,44.064,-0.116
2,24.346,28.094,0.559
4,42.377,-31.326,1.614
2,-0.005,22.163,0.733
2,-17.304,-37.194,5.254
2,-34.838,36.990,3.528
2,-31.579,-4.532,6.426
2,-20.494,39.109,2.195
2,11.406,-5.025,0.543
2,39.854,-2.963,-2.120
2,45.996,-39.991,1.733
2,-23.200,-8.398,5.853
2,-22.212,-27.816,4.935
2,22.122,-8.698,0.846
2,44.181,-41.709,1.674
2,-4.511,-42.791,4.780
2,27.719,41.104,-0.762
3,-26.245,29.490,4.967
2,-28.687,10.974,5.704
2,-43.519,14.094,8.316
2,46.215,20.289,-1.174
2,3.280,31.103,-0.297
3,-43.391,-8.712,6.440
2,8.171,-31.293,3.269
2,-0.760,12.975,1.847
2,11.456,-11.127,2.437
2,2.588,-23.179,5.183
3,7.743,22.675,0.062
2,33.700,3.232,-2.294
2,21.082,26.049,10.747
3,4.517,-16.367,4.516
3,-6.008,-19.020,6.496
2,-40.516,-49.942,0.695
2,42.358,29.273,-0.252
2,-0.022,13.344,1.887
2,49.921,-20.156,1.422
2,34.614,33.439,0.391
4,-25.838,-17.988,7.756
4,-44.183,-9.071,6.465
2,17.222,-29.402,2.139
2,-49.246,-42.211,0.903
2,43.545,-9.754,-0.789
2,-32.501,-29.606,3.971
4,22.830,-21.048,3.889
3,-5.904,-20.414,6.234
3,-3.360,22.222,1.484
2,7.347,-3.534,1.662
2,-25.724,15.629,4.994
2,43.236,9.340,-2.403
3,42.025,-31.020,1.342
2,-0.852,-3.131,3.649
2,16.698,-18.723,3.422
2,-31.846,22.559,5.566
2,-1.231,-40.189,4.269
2,41.236,4.262,-1.933
2,25.658,27.975,0.527
2,19.971,-38.539,2.805
4,-0.064,13.535,2.362
2,-40.876,-43.974,1.293
4,-5.902,-33.199,5.961
2,-18.559,-4.925,4.999
2,31.325,27.065,0.449
4,24.613,2.512,-0.894
2,17.114,-20.169,3.302
2,21.104,-15.708,2.085
3,-5.155,-32.850,5.999
2,41.510,20.040,-1.463
2,-27.917,-34.318,3.546
2,-19.111,28.942,3.692
2,-47.120,33.116,5.080
2,9.531,-12.203,2.686
7,21.752,27.323,25.413
3,-1.036,13.066,2.371
4,32.911,44.236,-0.065
4,40.442,-16.617,1.023
3,42.878,23.182,-0.664
2,-48.552,44.375,2.525
2,-21.808,-17.051,6.086
2,28.134,43.899,-1.424
2,43.996,-37.706,1.951
2,-31.968,21.669,5.519
2,-31.315,22.290,5.391
2,-37.322,-1.709,7.134
4,41.936,-30.520,1.876
7,-20.117,11.711,-9.138
2,-37.361,24.227,6.097
2,23.073,-49.746,2.322
3,-35.489,-37.469,2.768
2,25.965,10.937,-0.400
2,28.557,-4.802,-0.275
4,16.135,-31.069,2.790
4,39.335,-14.394,0.988
2,-5.461,14.264,2.642
2,24.333,7.416,-1.125
2,41.554,29.099,-0.234
2,4.595,36.976,-0.891
7,8.445,35.024,13.490
2,33.394,-31.906,1.772
2,36.314,40.720,-0.085
2,-16.096,8.319,3.821
7,23.495,30.086,1.649
2,39.589,-27.134,0.981
2,6.787,-16.739,3.560
2,47.499,-38.477,1.501
2,-37.129,-2.493,7.173
2,-32.760,3.688,6.058
2,28.740,37.167,0.070
2,-17.667,34.755,2.343
2,14.489,-35.185,2.018
2,-22.397,34.087,3.318
2,-27.225,-11.518,6.866
2,-36.055,27.822,5.111
2,27.537,26.382,0.375
2,10.549,-22.011,3.189
2,-19.375,8.135,4.575
2,-7.291,-16.972,6.176
4,-27.396,32.486,4.971
7,10.553,38.367,16.732
2,-14.494,49.731,2.551
2,-36.669,38.003,3.126
2,45.442,38.029,0.239
2,43.002,38.920,0.553
3,-21.815,-10.184,5.925
2,8.348,12.349,1.097
2,9.285,22.339,-0.422
2,-22.885,7.622,4.954
2,-47.515,44.804,2.240
4,-44.046,-9.665,6.325
2,14.093,-4.923,-0.018
2,45.245,28.601,-0.706
2,41.985,-6.625,-1.333
3,-6.541,-21.060,6.315
2,-3.015,-7.132,4.714
7,21.067,26.087,10.049
2,42.553,-42.099,1.948
2,-10.472,-30.798,5.586
2,27.862,48.153,-1.647
2,-8.803,0.624,3.827
2,-19.090,47.675,2.344
7,17.273,25.561,7.699
2,1.191,-2.284,2.876
2,15.731,-16.577,2.868
2,-36.564,30.152,4.439
2,-40.571,36.377,3.994
2,25.295,28.930,0.529
3,28.021,12.992,0.371
2,44.503,30.263,-0.690
2,-14.476,-27.050,5.979
2,-36.482,-38.568,2.094
4,4.153,-34.940,4.347
2,41.466,-22.946,0.329
2,1.707,-13.112,4.166
2,27.757,1.648,-1.974
2,-45.043,-37.516,0.932
2,4.616,3.935,1.040
7,17.900,25.400,5.592
2,0.187,29.900,-0.329
4,2.204,4.375,3.356
4,32.702,9.835,-0.490
2,40.684,-35.273,1.860
2,-7.090,49.380,2.067
2,33.090,3.460,-2.355
2,-49.410,-27.225,1.618
2,-2.284,-47.541,4.076
2,0.214,-5.645,3.918
2,-5.524,-31.701,5.912
2,-33.044,-0.213,6.701
2,2.044,15.460,1.572
2,-22.775,27.241,4.813
2,-33.399,-10.189,6.081
3,28.071,12.602,0.143
2,-18.591,37.164,2.289
2,-30.000,9.912,5.902
2,-33.341,10.100,6.569
2,0.483,13.187,1.580
2,7.595,-0.889,0.987
2,49.243,23.715,-0.694
2,-43.239,26.923,6.023
4,40.860,-15.521,0.873
2,-35.827,-35.854,2.541
2,17.411,43.381,-1.152
7,22.746,29.105,15.687
2,16.060,41.768,-1.372
2,-34.401,-0.656,6.645
4,32.538,44.397,0.030
2,-3.209,9.097,2.582
2,21.942,-2.943,-1.417
2,33.965,-26.931,1.235
2,-5.112,-49.186,3.916
2,-19.752,43.076,2.022
2,-46.366,12.136,8.791
2,-4.607,12.960,2.655
2,-35.830,42.910,2.942
2,-49.972,40.041,3.705
2,19.288,18.411,-0.066
2,-34.702,36.365,3.272
2,-16.840,-23.292,6.327
2,29.651,37.419,-0.012
2,-16.171,-22.498,6.331
2,49.089,0.076,-3.551
3,-4.935,-20.521,6.026
2,-31.126,-31.189,3.444
3,41.937,28.720,0.111
2,16.542,-3.682,-0.520
2,-32.863,44.873,2.656
2,-33.252,36.391,3.470
2,21.411,-28.365,2.348
2,-29.348,-8.808,6.188
2,-16.534,-22.769,6.435
4,21.380,-16.353,3.516
2,29.115,13.438,-0.090
4,27.915,13.713,0.417
2,25.131,-21.822,2.047
2,-3.153,45.030,0.879
2,2.707,15.611,1.440
2,47.728,0.815,-3.242
2,-28.927,-22.739,5.436
2,24.128,-14.519,1.909
4,-18.564,-11.512,6.369
2,0.893,13.610,1.476
2,-24.423,-7.386,6.115
2,38.169,20.332,-1.240
3,32.742,43.276,-0.026
2,-6.273,-18.656,6.132
2,11.961,-46.213,2.375
2,-21.976,-46.818,4.934
3,-18.856,8.534,4.903
4,41.581,-31.671,1.748
7,21.432,26.582,12.183
2,5.097,25.923,-0.428
2,-16.153,10.926,3.710
2,9.969,6.679,-0.214
2,-20.928,20.034,4.198
2,-21.329,-12.036,5.770
2,35.568,32.140,0.635
2,-17.657,35.811,2.242
3,42.766,29.346,0.071
2,45.187,-0.278,-2.576
2,-8.600,42.930,1.044
2,-3.711,7.147,2.755
2,38.653,35.698,0.695
2,-41.155,38.342,3.637
4,3.611,-34.380,4.369
2,-46.288,-30.693,1.913
4,14.994,-30.173,2.572
4,12.349,12.253,1.097
2,1.595,25.608,0.018
2,4.478,8.697,1.355
2,29.571,35.478,0.067
2,-8.294,-25.979,5.952
2,-26.176,-12.616,6.744
3,-3.766,21.844,1.479
2,48.221,25.401,-0.667
2,-42.659,-8.206,6.405
7,10.198,37.836,-0.461
2,-31.136,32.090,4.028
2,-19.390,-20.735,6.272
2,7.814,24.455,-0.630
2,41.644,-31.506,0.977
2,-40.422,-47.547,1.074
2,-0.409,48.836,1.697
7,19.996,25.556,21.200
3,-15.795,-22.986,6.628
7,23.885,30.719,8.597
2,38.556,-6.153,-1.375
2,27.388,-45.806,2.838
4,-26.879,30.675,5.004
4,-10.625,30.510,3.718
2,26.886,-34.967,3.254
2,24.486,36.897,0.043
2,-45.568,-37.393,0.944
4,-27.421,-21.319,7.055
4,40.644,17.104,-0.711
3,28.277,14.516,0.279
3,32.518,44.373,-0.025
2,48.320,-27.623,1.774
2,-26.596,-25.943,5.454
2,-42.713,23.932,6.758
2,3.488,-32.312,4.305
2,19.433,-0.160,-1.599
2,35.256,-30.547,1.408
2,4.579,16.538,1.036
2,34.894,-49.321,3.121
2,6.106,26.535,-0.501
2,38.125,47.265,-1.384
2,17.034,-8.124,0.414
2,20.772,28.257,51.945
2,-16.279,-23.141,6.257
4,26.875,0.948,-1.484
2,18.849,16.329,0.173
4,40.023,17.953,-0.592
2,-5.818,-32.629,5.727
4,32.629,7.270,-0.446
2,45.071,45.582,0.227
3,26.873,13.097,0.185
2,20.263,-37.914,2.727
4,-25.488,-19.974,7.519
2,-35.909,-9.476,6.151
2,-33.415,47.940,2.332
2,36.769,35.371,0.468
2,13.306,-23.948,2.805
2,-23.508,2.652,5.781
2,-25.424,-15.785,6.295
2,26.977,-16.905,1.732
2,20.097,-0.264,-1.582
2,49.316,12.751,-3.254
4,-21.683,-8.781,7.372
2,-7.854,-2.838,4.592
2,-33.868,36.192,3.503
2,46.882,-2.590,-2.482
3,2.737,4.507,1.774
2,41.997,-2.703,-2.320
2,-13.771,2.370,4.084
2,44.478,40.503,0.261
3,28.229,13.229,0.266
2,-22.633,-8.370,5.737
4,24.148,31.300,16.267
2,13.171,-44.491,2.727
2,-34.475,-0.050,6.624
3,5.370,-16.799,4.335
2,-38.843,26.972,5.467
2,-26.381,-11.929,6.909
7,22.754,28.977,25.449
2,35.026,-43.318,2.967
2,-36.788,47.933,1.808
2,23.517,36.598,-0.128
2,37.197,33.157,0.716
2,-2.643,18.459,1.680
2,-43.582,-27.875,2.853
2,32.678,13.439,-0.567
2,30.054,-42.338,3.459
2,42.105,-35.272,1.933
7,10.770,38.957,39.713
2,-29.536,29.141,4.713
2,-8.821,-6.505,5.437
4,-20.255,-4.995,6.076
2,-34.016,-22.856,4.573
7,18.027,25.375,13.318
2,-32.939,-11.137,5.995
2,-15.132,-2.394,4.463
2,26.577,-11.048,0.812
2,-36.564,1.143,6.930
2,-16.070,-18.560,6.034
2,-24.414,-29.696,4.788
2,-28.293,11.413,5.568
2,45.591,-34.144,1.606
2,-6.379,31.103,1.647
2,44.070,33.562,-0.315
2,0.945,37.290,-1.112
4,25.113,-1.522,-0.917
2,-44.933,31.856,5.243
2,-49.424,27.474,6.841
2,28.611,12.655,-0.125
2,-14.892,-32.227,5.423
2,-42.308,45.541,2.007
2,-27.669,30.461,4.313
2,-6.304,10.563,2.552
2,6.507,-7.831,2.041
7,10.499,38.559,5.952
2,2.329,-37.454,4.307
2,-25.872,-30.364,4.685
2,-34.432,-22.411,4.448
2,10.795,-12.426,2.647
2,48.649,-6.305,-1.952
4,4.178,-1.567,3.600
2,-23.472,46.747,2.195
2,42.828,-48.224,2.293
2,-1.767,27.007,0.370
2,47.932,30.834,-0.840
7,23.153,29.584,21.946
2,4.767,-17.380,4.228
2,-34.241,36.969,3.324
2,9.729,-8.704,1.986
4,-1.401,13.527,2.515
2,-36.871,-36.561,2.519
2,-33.981,36.345,3.522
2,46.595,28.513,-0.636
2,22.615,47.525,-1.995
2,30.937,-29.820,2.309
4,41.650,-30.578,1.751
4,-24.328,-22.969,7.154
7,21.154,25.947,6.557
7,23.343,36.060,5.532
2,18.861,18.757,-0.203
2,36.297,45.692,-1.296
2,-12.417,-40.986,4.982
2,-21.387,-26.951,5.209
2,8.313,31.140,-0.575
2,-33.735,36.924,3.415
2,47.622,47.343,0.524
2,-30.119,-39.913,3.113
3,29.211,13.649,0.383
2,-33.193,43.891,2.836
2,19.090,-37.973,2.637
2,-44.513,-10.825,5.234
2,-3.240,1.215,3.122
4,-23.899,-7.728,6.762
2,-17.079,7.820,4.060
2,24.225,8.094,-0.928
2,-6.552,-8.665,5.739
2,-36.310,-5.179,6.873
2,14.667,-37.481,2.162
2,-20.763,19.876,4.459
2,21.732,22.441,0.398
2,-3.366,-1.493,3.796
4,-27.096,32.577,5.124
4,-33.129,5.864,6.882
2,-36.174,-25.256,4.446
2,20.867,-32.892,2.540
2,30.935,16.351,0.064
7,18.027,25.433,9.806
2,-21.331,42.202,2.011
2,-25.090,28.433,4.942
2,-34.624,36.988,3.451
4,23.522,-0.822,-0.708
2,-42.684,-43.793,1.344
2,2.315,39.873,-0.622
2,8.374,41.054,-0.760
2,3.480,-23.461,5.043
2,21.105,-31.369,2.390
2,-36.150,-12.181,5.593
4,-44.225,-9.478,6.569
4,-16.031,-22.648,6.556
2,-9.598,21.970,3.406
2,29.429,-30.502,2.701
2,-47.656,-40.942,0.823
2,-48.133,37.216,4.026
2,28.414,-14.333,1.344
2,-34.387,36.671,3.444
2,20.794,-36.436,2.776
2,-3.717,-24.370,5.776
2,48.173,-39.969,1.625
4,43.281,23.081,-0.172
2,41.682,0.305,-2.192
2,-34.729,37.712,3.076
4,-35.997,-37.348,3.007
3,32.765,44.474,0.149
2,-15.834,-22.929,6.079
2,13.687,-29.090,2.153
2,17.812,4.268,-1.659
2,-1.973,-33.843,5.022
2,-40.778,48.729,1.785
2,39.353,18.037,-1.784
2,-20.485,-29.703,5.202
2,14.931,-18.906,3.270
3,-6.989,-20.987,6.409
2,-10.991,20.211,3.794
4,-26.637,-20.776,7.693
2,-33.923,37.102,3.467
3,42.130,28.611,-0.026
7,19.981,25.389,14.911
2,-44.992,39.076,3.537
2,-7.822,-29.168,5.815
2,-30.656,-22.321,4.997
2,14.591,25.388,-0.729
2,24.994,-40.662,3.080
4,-5.050,21.993,2.202
2,-48.764,-13.106,3.815
2,-36.807,-0.868,7.035
2,-20.379,13.287,4.328
4,-0.354,12.632,2.639
2,-45.465,2.919,8.351
2,7.507,46.612,0.390
2,-20.396,19.132,4.265
2,21.822,-11.704,1.521
2,45.122,-6.867,-1.195
2,40.600,38.771,0.662
2,-35.322,-38.710,2.372
2,11.642,-2.091,-0.173
4,42.296,22.112,-0.145
2,38.647,10.324,-1.679
4,-6.123,-33.070,6.034
2,-27.430,-21.282,5.829
2,-44.234,15.604,8.574
2,-26.792,-30.097,4.392
2,13.559,42.357,-1.419
2,-45.383,12.782,8.762
2,-26.735,-13.433,6.802
2,-21.376,-45.992,4.744
2,-24.212,-3.817,6.336
4,13.552,-29.704,2.874
2,8.303,47.253,0.553
2,12.886,32.585,51.945
2,-4.661,-9.660,5.390
2,35.490,-14.874,-0.160
2,49.615,-47.273,1.137
2,-34.762,36.902,3.532
2,6.374,-47.615,2.509
3,-1.236,13.185,2.116
2,43.762,-32.083,1.231
2,11.909,-46.749,2.201
2,40.907,37.724,0.689
3,-16.553,-22.276,6.501
2,16.076,-7.942,0.612
2,-25.793,-13.401,6.620
2,-3.132,16.277,2.189
2,-43.166,45.582,1.958
2,12.182,31.976,51.945
2,-44.288,-8.965,5.893
4,20.709,40.881,0.344
2,43.685,-8.007,-1.130
7,23.736,30.806,2.304
2,27.495,14.617,-0.151
2,-0.246,13.615,1.905
4,-36.412,-36.784,3.086
2,35.580,38.863,0.229
2,-46.587,3.566,8.350
2,-39.536,38.174,3.520
2,-39.311,-49.077,1.055
2,-22.377,-26.090,5.373
2,-44.443,-6.058,6.550
3,31.457,32.901,0.827
2,-36.149,-6.114,6.591
2,-22.751,-23.132,6.085
2,-21.408,-4.813,5.364
3,42.197,29.775,0.004
2,43.897,-19.050,0.975
7,15.519,-40.273,-4.861
3,-9.060,-3.958,5.382
2,11.268,-10.157,1.963
2,37.964,43.808,-0.506
4,14.289,-28.746,2.835
2,-2.616,38.163,-0.052
2,-23.764,38.456,2.645
3,41.610,28.756,0.020
3,32.739,43.819,0.023
3,41.579,-31.074,1.452
2,-25.476,-12.199,6.796
3,-5.556,-33.257,5.719
2,30.256,0.629,-2.196
2,38.357,47.989,-1.415
2,20.869,35.222,51.945
2,38.957,-24.048,0.208
3,-43.932,-9.457,6.237
2,34.748,-39.830,2.640
2,44.004,-10.053,-0.779
4,-4.912,22.580,2.179
2,-26.639,-12.344,6.842
2,21.129,-47.390,2.900
7,23.150,29.663,20.551
2,-23.214,-44.356,4.162
2,0.911,-24.032,5.633
4,-37.349,-36.462,3.066
2,-30.038,27.932,5.133
2,37.676,-35.987,1.820
2,-36.092,3.092,6.940
2,41.454,8.523,-2.049
4,6.966,22.708,0.487
3,41.075,-9.605,-0.665
7,-28.619,14.614,-9.893
3,5.356,-35.651,3.805
2,-18.308,-43.423,4.693
4,-44.359,-9.472,6.376
4,9.299,2.351,-0.252
2,4.529,-1.292,2.064
3,-36.500,-25.244,4.969
2,-1.904,-49.816,3.929
2,4.285,-16.971,4.378
2,-20.849,-6.093,5.379
4,-15.784,-22.782,6.584
4,-4.867,22.401,2.264
2,32.382,43.983,-0.609
4,-26.212,33.180,4.965
2,-45.929,-23.311,2.931
2,35.045,15.019,-0.922
2,42.846,7.171,-2.037
2,45.727,11.761,-2.646
2,-35.799,-22.352,4.404
2,8.202,-8.348,1.993
2,25.615,4.083,-1.715
3,-36.132,-36.891,2.580
2,-9.524,-43.882,4.884
3,19.328,-36.927,2.915
2,-12.720,46.126,1.778
2,-1.834,-4.507,4.283
2,10.464,-27.826,3.473
2,9.356,16.104,0.827
2,-7.656,-11.220,5.812
2,-49.841,20.811,8.771
2,10.300,46.542,0.079
4,-29.472,31.277,5.316
2,48.245,3.448,-3.371
2,-20.603,-11.775,5.612
4,28.813,38.099,0.646
3,41.539,18.538,-1.643
2,42.263,-15.700,-0.433
2,-20.469,26.843,4.518
2,-22.167,0.018,5.915
2,-2.329,7.468,2.580
2,27.604,12.985,-0.162
4,11.456,25.998,-0.446
4,41.035,-14.753,0.554
2,21.256,17.886,0.330
2,-33.822,37.220,3.338
2,-16.142,-8.061,5.711
2,10.512,16.839,0.442
2,-8.702,44.692,1.202
2,-0.441,13.089,1.907
2,-25.163,-12.139,6.754
2,16.663,47.027,-0.839
2,44.587,18.632,-1.670
2,-21.967,48.838,2.546
2,-16.782,45.161,2.214
2,32.691,44.057,-0.557
2,48.050,22.149,-0.993
4,-27.449,31.443,4.907
2,43.738,-2.800,-2.340
3,21.493,-3.487,-1.177
2,14.659,5.610,-1.502
2,20.338,-37.132,2.849
2,5.852,28.653,-0.556
2,-26.601,31.642,4.365
2,-14.749,-48.534,4.704
2,-49.730,-39.781,0.476
4,40.976,16.653,-0.853
4,5.846,-33.699,4.457
2,-6.776,-19.150,6.137
2,30.362,25.628,0.359
2,22.960,-46.268,2.728
2,-20.313,7.476,4.687
2,15.743,-31.197,1.828
3,4.815,-33.915,4.156
3,25.568,-2.352,-1.846
2,34.618,49.674,-1.829
2,36.563,-22.282,0.119
2,-16.525,-8.870,5.773
2,-38.575,16.227,7.242
2,42.503,11.708,-1.898
2,15.054,-25.885,2.689
2,45.506,45.192,0.262
4,-3.243,-0.140,4.962
2,29.338,-13.933,1.259
2,-33.906,-33.803,3.010
2,-20.944,46.987,2.413
2,19.282,-37.960,2.889
2,-30.772,10.208,6.049
2,-23.520,20.271,4.258
2,47.273,25.606,-0.683
2,20.749,-22.817,2.699
2,9.418,-26.334,3.863
2,-6.403,-7.330,5.764
2,28.734,-28.701,2.539
4,-44.276,-9.109,6.565
2,-45.900,24.096,7.298
3,-16.138,-22.782,6.396
2,28.506,12.397,-0.131
2,-19.427,-36.131,5.013
2,-17.550,6.076,4.266
4,28.031,-3.622,-0.103
3,-20.227,40.983,2.503
2,-21.078,-28.788,5.117
2,38.171,18.345,-1.821
4,-43.672,-8.896,6.487
2,2.899,-34.299,4.128
2,17.672,-36.680,2.426
3,43.207,22.578,-0.859
2,4.450,-17.166,4.270
3,-26.639,32.467,4.721
2,-18.690,-0.011,4.540
2,9.795,-2.360,0.322
3,-6.735,-31.855,6.021
2,-24.341,-41.027,3.949
2,-22.548,-17.155,6.095
3,-16.561,-22.920,6.643
2,44.142,21.029,-1.035
2,-14.280,-21.411,5.934
2,24.829,11.767,-0.206
4,32.040,43.940,-0.008
2,43.578,-17.073,0.048
2,39.196,-6.137,-1.322
2,-39.226,9.914,7.181
3,-4.869,-32.536,5.712
2,31.266,11.475,-0.587
2,-4.365,41.457,0.251
2,29.157,-46.454,2.750
4,-24.806,-21.721,7.354
2,-37.918,-38.761,1.783
2,11.418,-18.772,3.141
2,-13.078,33.750,2.119
2,24.277,8.729,-0.853
2,-38.543,13.209,7.013
2,-8.579,41.833,1.051
2,-4.628,-0.738,3.922
2,43.803,-24.872,0.565
2,-48.158,5.113,8.223
2,-47.639,-0.971,8.053
2,-27.079,-47.314,4.045
2,-16.393,-23.421,6.124
2,1.790,-7.737,3.329
2,13.013,-31.033,2.242
2,-21.517,35.814,2.946
2,-11.377,0.151,4.296
2,20.564,-14.587,2.116
4,-15.343,32.792,4.132
2,16.090,-20.282,3.347
2,30.577,28.318,0.326
7,-41.307,-45.864,-4.145
7,22.361,28.401,5.155
2,-25.020,10.956,4.773
4,43.023,22.018,-0.174
2,-49.735,-18.289,3.344
3,-1.426,13.090,2.253
2,-23.203,-22.340,6.057
2,-33.226,-31.126,3.521
2,-26.817,31.774,4.795
2,-36.196,-25.344,4.474
2,36.348,11.921,-1.208
2,-48.535,3.521,8.313
3,-20.751,-10.865,5.737
2,-7.069,-47.799,4.159
2,-20.631,33.312,3.207
2,21.023,6.740,-1.096
2,-26.311,-12.884,6.895
2,-4.325,30.098,0.981
2,-34.531,-48.403,2.084
4,-27.252,31.612,4.816
3,-26.120,29.380,5.204
2,-33.943,36.118,3.522
2,-23.581,11.249,4.850
3,-0.757,13.133,2.209
2,46.023,-4.989,-1.745
2,-32.662,-39.070,2.758
2,-34.279,37.007,3.329
2,-46.303,-16.807,4.056
2,-22.491,49.736,2.544
2,-1.265,39.687,-0.474
2,5.683,-27.922,4.542
2,-10.024,-35.934,5.501
2,15.211,-6.826,0.345
2,45.754,-1.454,-2.552
2,-45.074,-29.574,2.333
2,8.106,46.737,0.419
2,42.129,23.566,-0.738
2,-25.194,32.675,4.070
4,-36.189,-25.356,5.061
2,10.246,-15.453,3.134
2,-0.488,-40.189,4.253
4,-26.643,-19.686,8.129
2,-20.864,41.831,2.113
7,39.555,-10.874,-5.292
4,-43.687,-8.872,6.527
2,-13.740,-8.280,5.552
2,-39.885,-18.781,4.622
2,8.727,5.193,-0.127
3,31.890,44.372,-0.066
2,44.715,-49.784,1.824
2,-36.465,-35.710,2.541
2,-30.597,-12.303,6.456
2,-40.616,34.726,4.083
2,37.431,-5.938,-1.371
2,19.556,-38.273,2.871
3,-15.812,-22.778,6.463
2,32.700,41.813,-0.100
2,5.749,-38.829,3.349
2,-19.751,-18.829,6.339
2,25.348,-32.128,3.038
2,14.312,-10.557,1.531
2,-49.708,0.024,8.451
3,-27.494,31.650,4.679
4,29.650,0.507,-1.408
4,7.762,21.844,0.572
2,-30.982,-30.477,3.689
2,10.468,-42.232,2.873
3,-19.986,7.109,4.992
2,-10.901,11.517,3.153
2,-21.839,3.718,5.320
2,48.781,-49.931,1.184
2,44.833,-17.212,0.171
2,31.526,-38.692,2.628
2,26.380,-43.374,2.937
2,-18.051,44.608,2.225
2,-6.693,-9.341,5.743
2,-28.254,-11.116,6.469
2,33.882,47.772,-1.487
4,-10.666,30.508,2.999
2,-22.882,-42.817,4.175
2,38.940,-36.976,1.810
2,49.920,48.357,0.448
2,36.994,-28.802,1.181
2,-31.286,-42.054,2.637
2,18.397,45.129,-0.939
2,10.673,47.002,0.048
3,-22.435,41.785,2.376
2,-49.556,-0.635,8.236
2,-45.693,-49.313,0.927
2,14.324,22.257,-0.051
2,-48.873,-47.143,0.867
2,32.387,-39.810,2.644
3,28.203,2.054,-1.542
2,-37.783,-16.188,5.005
3,-4.990,23.739,2.069
2,-25.912,-3.383,6.348
2,12.776,-28.000,2.911
2,41.249,-19.562,0.173
4,32.540,9.527,-0.722
2,-44.638,-49.250,0.890
2,-26.335,-12.786,6.848
2,-14.893,-18.205,5.972
2,39.835,-16.151,-0.213
2,-15.129,-38.797,5.442
4,39.205,-18.366,1.158
2,45.783,-12.228,-0.205
4,8.485,34.922,28.445
2,-4.629,43.912,0.723
2,21.178,-37.729,2.813
2,-21.109,28.379,4.498
2,-29.485,-3.791,6.359
2,15.553,16.583,0.333
2,39.528,42.913,0.135
2,-32.679,-47.139,2.419
2,-23.097,-37.441,4.007
2,27.579,27.662,0.536
2,14.094,-39.176,2.326
2,-42.986,30.016,5.296
2,-26.267,-36.511,3.573
2,23.773,2.746,-1.994
2,-6.826,-9.076,5.768
2,-0.404,12.611,1.881
2,11.733,33.071,51.945
2,-20.024,-30.826,5.189
3,37.078,-49.219,3.484
2,-34.354,36.418,3.546
2,7.140,15.288,1.126
2,-39.429,7.321,7.227
2,18.093,-49.778,2.789
2,-1.636,26.387,0.272
2,4.072,-19.018,4.500
2,-31.448,-12.865,6.423
2,-45.370,44.031,2.273
2,14.055,-31.123,2.222
2,18.954,-37.480,2.806
2,41.025,9.270,-1.951
2,-19.043,7.448,4.816
2,5.319,-26.264,4.686
7,23.012,36.637,0.407
2,-0.791,13.138,1.867
2,-42.356,39.517,3.550
2,-46.225,-40.150,0.860
2,4.706,-17.166,4.422
2,-31.706,23.929,5.606
2,7.911,43.658,-0.216
2,-39.071,-8.542,6.246
2,-27.057,45.723,1.842
4,-17.944,8.768,5.108
2,45.426,-31.964,1.358
2,5.312,-33.032,3.812
2,8.469,15.713,1.001
2,47.615,29.135,-0.500
2,15.711,18.414,0.243
4,6.734,22.502,0.495
4,-0.206,13.539,2.497
4,24.219,34.988,0.716
2,41.855,-3.853,-2.168
3,28.297,13.385,0.168
2,-15.681,-1.375,4.344
2,-28.138,30.522,4.299
2,-46.549,24.126,7.549
2,-37.836,-7.994,6.313
2,10.424,-8.011,1.625
2,-47.043,-11.205,4.917
4,25.123,-0.962,-0.713
2,-36.529,-36.383,2.431
2,-25.033,28.096,5.177
2,-34.972,-49.624,2.062
2,-49.899,-29.625,1.164
2,38.126,-34.637,1.563
2,6.896,-23.255,4.087
2,26.983,-48.329,2.496
2,34.271,-1.385,-1.998
2,8.580,6.435,0.079
4,15.563,-30.579,2.710
2,43.893,28.028,-0.606
2,47.422,-29.201,1.351
2,31.693,44.598,-0.148
2,-38.527,32.548,4.153
2,-8.683,-41.216,5.144
2,-11.600,21.995,3.703
2,29.387,12.950,-0.127
2,22.499,37.902,-0.762
2,8.071,16.369,0.894
2,16.239,0.233,-1.213
2,-2.758,-20.045,5.334
2,22.401,-46.249,2.880
2,-22.384,-41.362,4.103
2,-40.779,-13.896,4.851
2,46.104,20.903,-1.035
4,-18.332,-10.743,6.451
2,14.795,-17.586,3.049
4,-3.303,4.507,3.488
2,-47.491,-44.396,1.074
2,-13.229,2.396,4.154
2,2.096,-8.333,3.298
2,29.671,-43.330,3.564
2,-20.447,-0.885,5.180
2,-42.858,-26.028,3.178
4,-28.732,31.203,5.215
3,42.409,21.959,-0.520
2,-10.716,-17.627,6.140
2,44.675,7.695,-2.665
2,17.299,-9.126,0.603
2,-43.717,-8.728,6.204
7,22.338,28.517,10.742
7,24.388,31.919,26.082
4,32.334,9.626,-0.398
2,-39.259,41.708,3.130
2,-33.233,32.804,3.727
2,-28.243,31.854,4.315
2,-40.841,16.736,7.625
2,21.545,-43.438,3.194
3,28.013,37.653,0.624
4,23.716,0.015,-1.285
2,-35.304,14.100,6.558
2,38.449,17.765,-1.852
2,-9.007,-5.782,5.234
2,-13.402,21.242,3.983
2,28.508,-20.980,1.598
2,16.969,-47.369,2.689
2,19.232,-37.921,2.629
2,4.743,-48.743,2.906
2,-9.696,-8.109,5.459
4,-21.245,41.337,2.650
2,-20.238,19.775,4.231
2,-19.977,8.855,4.669
3,26.711,37.961,0.476
2,26.366,-13.109,1.467
4,24.679,-3.520,0.566
2,27.235,27.139,0.535
2,-24.086,13.907,4.653
2,-6.414,1.726,3.476
2,-19.221,8.165,4.634
2,35.936,-27.465,1.096
2,29.923,-39.478,2.894
2,17.150,33.808,51.945
4,24.902,38.448,0.487
2,-27.017,-12.704,6.873
2,-17.549,-0.274,4.380
2,4.822,41.247,-0.154
7,-39.960,-34.509,-10.919
2,-16.180,-22.787,6.300
3,43.557,22.150,-0.435
2,-15.100,27.006,3.560
2,-12.704,-46.363,4.749
2,30.681,-44.383,3.391
2,-25.966,28.569,5.017
2,-17.823,38.528,2.213
4,-43.917,-9.729,6.295
2,5.555,22.189,0.101
4,-27.359,32.694,5.187
2,7.325,19.821,0.320
2,-21.527,38.741,2.366
2,7.800,9.350,0.917
2,-32.010,10.155,6.247
2,28.128,14.212,-0.161
2,-30.965,9.187,5.986
2,18.122,-2.467,-1.245
2,43.641,7.901,-2.413
2,21.617,27.489,51.945
2,35.861,43.193,-0.644
2,41.862,21.016,-1.349
2,14.488,29.004,51.945
2,-21.913,26.116,4.936
2,42.750,-30.481,0.968
2,28.688,13.211,0.075
4,-0.436,13.103,2.595
4,-35.339,-37.103,3.136
2,14.298,6.929,-1.296
2,-38.584,-3.795,7.080
4,-25.639,-19.829,8.109
4,32.152,6.775,-0.717
2,32.577,-28.085,1.785
3,27.851,13.614,0.193
3,42.093,29.998,-0.263
2,32.023,-39.385,2.684
4,8.698,21.583,0.646
2,26.221,40.191,-0.426
2,-26.421,41.438,2.220
2,-20.330,20.506,4.252
2,-35.017,-6.199,6.502
2,-9.380,33.885,2.047
2,-22.483,-46.566,4.734
3,-3.356,26.536,1.111
2,35.843,-48.315,3.159
2,16.644,28.179,51.945
2,9.969,41.142,-1.001
2,-41.585,48.955,1.615
2,-31.278,7.652,5.688
2,-48.728,16.949,9.193
2,37.556,47.230,-1.479
2,-29.113,-25.632,5.282
2,-45.033,-2.545,7.413
2,20.769,32.548,51.945
2,-17.290,22.393,4.069
3,7.608,20.047,0.710
2,-25.296,-2.594,6.439
2,-26.967,-11.374,6.909
2,8.124,-36.416,2.984
2,5.163,3.601,0.847
2,44.318,-47.337,2.025
2,-10.740,-44.564,4.867
4,23.753,-0.277,-0.895
2,-10.797,-16.507,6.107
2,-49.013,-28.747,1.445
2,35.597,-15.688,-0.023
2,-0.921,24.148,0.452
2,-3.403,-21.329,5.395
2,-7.744,1.733,3.611
2,-31.085,37.034,2.900
2,-19.029,8.465,4.597
2,-34.377,36.185,3.524
2,-0.306,13.305,1.862
2,-43.238,29.017,5.478
2,-40.824,-46.446,1.012
2,32.217,43.611,-0.625
3,-36.165,-37.275,2.863
3,14.619,-28.660,2.796
4,13.241,-30.714,2.828
2,30.588,-28.127,1.968
2,-19.619,0.710,4.795
2,-7.613,-6.320,5.734
7,8.523,34.943,19.187
3,43.256,21.346,-0.953
2,-12.325,-44.214,4.641
2,-6.268,-40.023,5.221
2,24.706,32.616,0.313
2,-30.926,-34.884,3.110
4,-20.664,-9.906,7.510
2,-27.551,-9.024,6.259
2,-17.350,39.350,2.176
2,-34.034,37.124,3.469
2,6.807,31.350,-0.641
2,-6.318,37.441,1.419
4,12.487,10.995,0.226
2,-29.630,49.637,2.270
2,41.057,-25.221,0.502
2,-17.361,-4.128,4.715
2,-24.357,-49.015,5.047
2,-23.653,-47.276,4.701
2,-34.001,36.459,3.429
2,-21.828,29.041,4.461
2,33.707,44.388,-0.918
2,-44.379,-12.441,4.824
4,39.060,-14.613,0.873
2,48.258,-11.319,-0.299
2,-25.178,-13.023,6.727
2,-3.470,-46.100,4.346
2,5.110,20.858,0.283
2,33.616,-8.213,-0.503
2,26.637,-45.488,2.794
2,-6.551,-31.269,6.031
4,42.570,17.315,-1.121
2,27.068,34.897,0.217
2,-37.305,-11.057,5.499
2,37.629,28.568,0.195
2,17.183,28.823,51.945
4,32.281,7.071,-0.869
2,49.230,40.083,-0.069
4,24.513,3.509,-1.035
4,-25.750,-20.024,7.759
2,-7.908,-8.442,5.659
2,24.178,-34.871,3.273
4,41.700,17.015,-1.085
2,-25.740,40.479,2.179
2,-36.410,-36.494,2.331
4,25.433,-0.356,-1.766
2,-36.257,-26.154,4.388
2,20.260,27.701,51.945
2,-30.314,41.119,2.580
2,8.819,18.815,0.353
7,-46.729,37.847,-6.012
2,10.381,-12.081,2.589
2,-46.189,8.570,8.722
3,-20.084,42.997,2.457
2,40.245,36.850,0.671
2,-30.580,48.026,2.337
2,7.165,-0.323,1.028
2,24.585,0.194,-2.579
2,-15.970,-46.173,4.812
2,42.455,36.326,0.386
4,-9.969,31.747,3.596
2,42.399,-29.196,0.828
4,42.060,-17.579,0.813
2,-46.836,-21.810,3.476
2,-32.359,-33.806,3.094
2,12.742,24.935,-1.300
3,29.463,13.619,0.428
2,-45.398,26.707,6.471
2,-44.725,-37.982,0.965
2,-22.589,-31.267,4.872
2,8.412,-6.126,1.601
2,44.600,-44.385,1.363
2,35.200,-21.449,0.236
2,44.026,39.734,0.336
2,-3.232,-14.135,5.291
2,39.658,-5.539,-1.613
2,9.493,-44.830,2.602
2,40.873,-22.950,0.250
3,29.148,13.813,0.257
2,-29.120,-47.204,3.450
2,45.196,18.785,-1.647
2,-26.252,27.461,5.011
2,48.342,21.620,-1.028
2,32.734,43.970,-0.568
2,13.907,-1.697,-0.459
2,17.606,42.082,-1.270
3,6.938,21.881,0.394
2,49.705,-6.964,-1.728
2,31.866,41.552,-0.062
2,27.764,-37.119,3.158
2,-10.095,29.978,2.271
2,-7.861,-9.014,5.632
2,-42.702,-11.834,5.033
2,-6.297,-8.511,5.859
2,25.258,-47.314,2.339
2,24.320,-7.486,0.512
2,8.462,18.289,0.567
2,12.149,16.457,0.171
2,-25.436,-9.944,6.143
2,41.172,7.212,-1.753
2,47.838,43.215,0.296
4,27.514,13.833,0.423
2,-20.789,0.427,5.268
2,21.475,-35.928,2.947
2,-39.599,-39.262,1.509
2,22.717,24.905,0.503
2,35.355,10.960,-1.334
2,34.736,-38.830,2.306
2,29.494,-14.642,1.250
2,30.113,-41.607,3.310
2,-4.371,-20.388,5.542
2,-48.502,9.709,9.081
2,-27.429,-0.024,6.592
2,-21.240,47.909,2.398
2,-36.267,-35.414,2.517
2,16.729,14.572,0.364
2,-13.627,-31.881,5.388
2,-34.417,36.109,3.352
2,-25.145,28.670,5.168
2,31.986,8.291,-1.510
2,-49.234,-29.786,1.375
2,32.116,43.938,-0.152
2,16.692,36.899,51.945
4,-26.357,32.541,5.228
2,-1.161,-1.530,3.417
2,-2.855,44.482,0.641
2,-37.193,-30.371,3.558
2,-28.067,13.399,5.402
2,-42.371,-24.022,3.231
2,-47.037,-33.909,1.219
2,35.977,10.998,-1.435
2,13.826,-19.417,3.128
2,-36.533,-30.343,3.674
7,6.175,-17.820,-4.572
7,22.786,37.185,5.793
4,-0.701,12.274,2.521
2,-26.321,9.006,5.316
2,19.568,-38.745,2.634
2,-17.589,42.824,2.001
2,-36.046,25.928,5.575
7,23.780,30.803,35.864
2,34.359,15.797,-0.785
2,2.619,-9.743,3.440
2,-34.249,37.147,3.514
7,23.871,30.679,14.889
2,31.462,-10.275,0.201
2,22.970,-34.519,3.159
2,-28.089,31.090,4.513
2,33.041,14.132,-0.591
4,-23.118,-7.978,6.929
2,41.695,-30.604,1.046
3,-36.469,-25.451,5.111
2,27.723,-8.119,0.369
7,18.688,25.421,15.446
2,6.071,37.695,-0.798
2,29.966,35.917,-0.032
3,41.965,28.696,0.085
4,3.437,-1.391,2.909
2,48.140,-20.728,1.320
2,18.361,46.821,-0.796
2,6.004,-45.108,3.002
2,-19.880,-24.294,5.759
2,20.156,-25.774,2.317
2,-27.900,1.963,6.250
2,-21.948,-45.351,4.419
2,-16.510,-22.378,6.411
4,19.762,8.368,0.544
2,34.227,-32.603,1.744
2,-44.356,-17.962,4.252
2,-3.225,46.517,1.368
2,27.353,-20.546,1.747
2,4.186,-0.268,2.040
2,33.472,46.349,-1.290
2,2.677,28.294,-0.160
2,-8.581,32.374,2.073
4,-0.444,13.586,2.511
4,16.021,25.397,21.672
2,-3.183,-36.038,5.029
2,14.410,-11.601,1.816
2,17.518,15.990,0.268
2,19.995,36.600,51.945
2,-40.990,-42.481,1.389
2,35.003,-28.797,1.371
7,-45.568,14.816,-6.223
4,-28.723,31.356,5.109
4,25.031,38.046,0.617
7,23.761,30.877,23.979
2,15.993,-2.413,-0.812
2,0.480,48.318,1.421
2,7.053,21.428,0.066
2,9.838,-9.323,2.126
2,-29.414,-17.326,5.809
2,41.817,35.032,0.184
2,40.837,-3.187,-2.195
2,21.552,15.996,0.106
2,47.012,-16.150,0.147
4,24.098,-1.515,-1.359
2,-49.848,48.795,1.359
3,-18.733,-3.976,4.915
2,-22.635,30.074,4.233
2,-40.219,7.985,7.484
2,-48.234,20.286,8.615
3,-4.574,-32.023,5.828
2,45.161,-25.412,1.069
2,20.835,-38.840,2.807
2,-21.631,45.521,2.313
7,17.265,25.562,11.211
2,-16.480,-21.965,6.429
2,-28.434,2.028,6.261
2,9.323,-21.619,3.436
2,-5.972,-22.757,5.783
4,-21.780,40.810,2.718
2,3.887,-34.972,3.773
2,26.855,-41.459,3.131
2,34.120,23.402,-0.161
2,19.867,3.954,-1.976
2,26.321,-8.488,0.513
2,-42.687,-26.862,3.180
3,41.432,28.973,-0.067
2,-4.544,25.656,1.500
2,12.261,11.926,-0.259
2,3.337,5.661,1.566
2,29.281,5.282,-1.761
2,21.919,46.351,-1.889
2,26.632,46.243,-1.506
2,-6.737,-37.948,4.999
3,-43.670,-8.971,6.243
2,-5.715,-31.672,5.865
2,-11.187,27.559,3.009
7,-0.754,9.013,-7.347
2,46.530,10.862,-3.017
2,-11.206,1.244,3.990
2,-25.684,-12.436,6.886
4,-36.110,-35.972,3.211
2,-6.897,-28.064,5.952
2,49.648,-42.662,1.843
2,-25.944,28.374,5.002
2,20.443,2.588,-2.168
2,-0.193,39.165,-0.753
2,14.235,46.573,-0.777
4,-13.918,32.923,3.024
2,-21.531,10.224,4.659
2,-42.464,-21.167,4.018
2,32.133,-47.946,2.931
4,42.005,22.236,-0.310
3,-24.304,28.349,5.116
2,8.057,7.906,0.339
7,9.697,37.370,12.524
2,9.519,-33.358,2.768
3,-18.111,7.498,4.897
2,-8.760,-18.682,6.258
2,-36.490,-26.166,4.634
4,-0.831,13.057,2.489
2,-48.881,21.741,8.408
2,-34.086,37.449,3.579
2,5.451,-37.620,3.131
2,-19.212,-11.882,5.567
2,-19.756,-17.674,6.210
2,10.402,45.056,-0.260
3,25.575,37.356,0.435
2,32.918,-43.715,3.115
2,17.058,3.003,-1.371
2,-0.715,-30.642,5.024
2,-39.274,-20.899,4.005
2,-16.059,-23.018,6.006
2,-25.351,3.368,6.181
2,5.128,-21.373,4.167
4,-3.304,2.504,4.307
4,-28.694,32.188,5.013
4,40.921,17.931,-0.420
2,14.072,-28.050,2.628
2,-36.150,-11.575,5.628
3,32.187,44.077,0.134
2,44.542,4.059,-2.388
2,15.435,-45.167,2.792
2,-25.859,27.446,5.162
2,-32.588,-28.536,4.295
2,-45.173,1.048,8.443
2,-37.932,-47.806,1.371
2,-1.912,39.892,-0.287
4,5.678,-16.832,4.461
2,9.544,-28.307,3.619
2,-37.238,-42.692,1.547
2,18.817,29.140,51.945
4,-9.929,32.786,3.609
2,46.396,24.403,-0.772
2,-25.727,-11.815,6.851
3,29.463,-49.764,2.502
2,-19.707,7.861,4.563
2,-25.965,47.369,1.919
2,-24.140,-41.585,3.951
2,41.932,17.559,-1.739
2,-10.931,-37.226,5.458
4,29.409,0.420,-1.419
2,-34.523,37.050,3.347
2,26.098,-13.760,1.610
2,8.190,-18.338,3.429
2,30.564,13.668,-0.214
2,-48.020,43.097,2.762
2,38.040,-6.301,-1.347
2,33.767,-5.721,-0.959
2,-41.218,22.652,6.962
2,32.724,28.452,0.396
2,-35.312,43.202,2.962
2,28.051,-3.414,-1.443
2,23.021,46.550,-1.962
3,23.410,30.131,30.989
2,-33.653,25.259,5.611
2,-24.082,39.250,2.464
2,-3.785,27.444,1.069
2,-6.170,-5.824,5.163
2,-15.691,8.776,3.659
4,39.508,-17.288,1.330
2,6.836,-46.330,2.685
2,8.405,14.757,0.982
2,-25.712,37.470,2.710
2,32.126,8.851,-1.447
7,48.475,44.282,-6.697
3,-35.773,-5.897,6.976
2,43.295,-20.423,0.654
4,-35.765,-25.659,5.332
2,-34.181,18.147,6.067
2,35.416,-37.554,2.137
2,-4.278,34.425,0.432
4,31.705,8.301,-0.556
2,-8.591,17.369,2.644
4,27.492,-2.032,-1.153
2,-20.779,-16.137,6.039
2,3.088,-38.921,4.044
2,20.055,-38.758,2.682
2,-27.219,-23.933,5.749
2,-7.382,17.063,2.351
2,-4.303,-6.780,5.055
2,27.267,-44.931,2.995
2,-43.843,31.415,5.024
2,-6.444,-13.458,5.787
3,6.359,20.864,0.418
2,27.676,23.945,-0.023
3,41.743,-31.042,1.405
7,7.837,33.836,0.758
7,23.064,29.694,18.458
2,30.522,-3.440,-1.330
2,9.811,-4.717,1.168
3,42.111,29.806,-0.103
2,-41.760,8.819,7.669
3,12.573,-31.186,2.723
2,-33.893,36.961,3.486
4,-20.446,41.722,2.599
2,21.210,-12.852,1.883
2,6.922,-21.233,3.868
2,-7.198,18.160,2.262
2,17.441,3.700,-1.517
7,18.746,25.465,4.216
2,15.625,-7.286,0.468
3,28.794,14.195,0.523
2,47.356,49.150,0.568
3,-36.031,-37.687,2.823
2,-25.245,31.089,4.708
3,-16.555,-22.593,6.529
2,-10.241,31.074,2.203
2,-37.932,-6.902,6.576
2,-18.610,26.580,3.990
2,-34.515,36.588,3.512
2,41.676,-30.655,1.041
4,28.171,13.147,0.401
2,30.170,-6.145,-0.150
2,-20.206,-32.654,4.867
2,-49.700,-46.303,0.825
2,29.484,-37.710,2.967
2,39.410,35.369,0.637
3,42.697,-18.904,0.826
2,36.585,6.108,-2.054
4,-36.586,-35.974,3.008
4,-8.639,-3.551,5.371
2,19.142,-19.858,3.181
2,-6.157,2.196,3.280
2,30.215,-14.482,1.177
3,-9.074,-3.825,5.329
2,-25.251,28.442,4.967
2,31.897,21.050,0.139
2,5.950,45.791,0.275
2,-34.299,37.016,3.395
4,-2.023,-1.490,4.951
3,-36.615,-25.296,4.854
3,-0.882,12.952,2.262
2,-20.702,-32.863,4.728
2,-10.618,-31.329,5.420
2,32.796,-10.884,-0.130
2,6.191,38.259,-0.646
2,8.091,-34.842,3.001
2,-13.783,-23.733,6.290
3,-19.577,19.133,4.519
3,-36.100,-35.562,2.942
4,0.006,13.560,2.444
2,19.255,-38.016,2.909
2,26.526,27.751,0.636
2,-1.255,-23.778,5.716
2,-14.488,1.874,4.163
2,42.982,-20.871,0.447
2,-20.348,7.228,4.898
2,-4.049,-2.269,4.264
2,-6.389,-7.498,5.776
2,20.289,-42.878,2.882
4,-21.712,-10.749,6.860
2,19.097,8.239,-0.932
2,44.244,13.638,-2.267
2,49.882,33.616,-0.684
4,-0.947,13.122,2.685
2,-48.241,35.137,4.628
2,-36.006,-6.953,6.474
2,2.161,-43.650,3.475
2,-12.875,-14.399,6.205
2,-48.497,33.034,5.040
2,27.240,0.922,-2.124
2,-5.598,15.081,2.625
2,-6.389,45.421,1.085
2,-45.735,48.051,1.452
2,-11.274,-25.319,6.323
2,-26.682,-12.167,6.903
2,-35.847,5.163,6.534
2,-17.499,-17.199,6.152
2,14.958,-28.989,2.445
2,38.366,-4.311,-1.784
7,18.743,25.515,8.427
2,-40.172,-4.639,6.941
4,-20.046,42.881,2.582
4,-35.801,-5.681,7.285
4,5.363,-34.560,4.697
2,25.820,-48.609,2.521
2,-24.929,7.485,5.151
2,41.023,41.556,0.451
2,4.457,-26.032,4.939
2,46.303,45.962,0.379
4,-21.121,-8.428,7.407
2,-11.652,-39.891,5.176
2,-41.517,-25.287,3.281
2,-46.380,27.228,6.568
2,40.352,31.422,0.035
2,-21.964,49.435,2.615
2,-43.240,22.528,7.089
2,-30.265,-1.972,6.493
2,-34.678,37.208,3.451
4,42.158,17.326,-0.485
4,-0.455,13.661,2.556
2,-47.043,38.228,3.689
3,-44.081,-9.705,5.930
2,-0.847,13.627,1.885
2,34.668,18.195,-0.799
2,-16.414,-22.449,6.030
2,0.393,8.036,2.106
2,-17.537,-43.056,4.693
2,34.726,13.658,-0.883
3,-20.140,42.001,2.406
2,-45.053,22.979,7.307
2,-2.798,6.896,2.762
2,-24.259,27.302,4.868
2,29.780,-40.148,2.974
2,5.056,-27.726,4.625
3,-0.556,12.980,1.926
2,15.893,-33.287,1.908
2,-1.261,12.729,1.850
2,-32.167,-45.342,2.535
3,4.245,-16.738,4.511
2,0.209,32.896,-0.784
4,-2.403,22.400,1.811
2,40.058,30.385,0.069
7,22.825,29.037,14.293
2,-39.699,11.618,7.298
2,-42.396,47.179,1.744
4,-19.669,7.206,5.105
2,-33.850,36.983,3.507
2,38.642,-31.395,1.017
2,41.109,18.415,-1.777
2,-20.320,-6.929,5.477
2,-10.694,-40.778,4.978
4,-21.395,41.173,2.556
3,8.822,21.549,0.113
3,42.067,-31.007,1.474
2,-24.921,28.073,4.941
2,17.356,-26.688,2.456
2,-18.127,12.366,3.996
2,46.554,-24.957,1.516
3,33.079,44.633,-0.014
3,-44.004,-8.994,6.107
2,41.654,16.791,-1.747
2,-19.211,-21.705,6.349
2,2.732,-12.023,3.717
2,7.304,-33.415,3.233
2,-22.021,42.267,2.098
2,-47.601,-41.776,0.947
2,17.175,-24.829,2.426
2,-20.102,19.481,4.321
7,48.952,-6.922,-7.893
2,3.796,-14.903,3.905
2,7.366,32.892,-0.785
3,20.919,-3.939,-1.049
2,-14.480,24.537,3.855
2,-38.714,2.067,7.185
2,41.620,-31.893,1.265
3,4.538,-34.398,4.234
2,-4.876,4.086,2.868
2,-16.276,-23.475,6.092
2,-26.211,31.512,4.484
2,47.370,1.352,-3.190
4,-11.319,29.370,4.021
7,27.151,1.027,-9.089
2,36.807,-39.754,2.232
4,-36.880,-36.250,2.941
2,28.034,-6.990,0.079
2,-49.662,21.354,8.597
2,5.795,27.975,-0.516
2,41.849,-31.619,1.264
7,23.411,30.114,10.731
4,-0.949,12.855,2.530
2,-36.496,15.273,6.876
2,-5.483,-2.515,4.231
2,26.891,-43.642,3.042
2,-32.379,-22.501,4.870
2,35.746,38.256,0.389
7,10.230,37.819,16.768
2,-7.428,-19.929,6.265
2,32.588,-35.798,2.012
2,-48.894,11.588,9.207
2,9.652,12.984,0.567
2,9.741,38.355,-1.071
2,4.563,22.019,0.252
4,41.358,-14.623,0.590
2,41.089,-22.201,0.269
2,8.588,-36.063,2.866
2,26.951,41.513,-0.876
2,47.078,-3.173,-2.186
2,-17.973,15.355,3.902
2,-40.591,-47.000,1.067
3,27.705,12.816,0.231
2,-10.248,5.865,2.949
2,-16.348,-23.089,6.099
7,17.385,25.493,13.318
2,-15.456,27.434,3.566
2,-26.286,-44.948,3.674
4,40.777,-15.749,0.689
2,35.106,28.370,0.315
2,49.938,-30.838,1.116
2,-31.255,24.419,5.643
2,6.219,-9.315,2.315
2,-37.183,10.966,6.693
7,18.002,25.540,6.294
2,5.037,47.487,0.576
2,-16.637,47.527,2.437
2,-6.958,1.957,3.433
2,2.730,-18.735,4.626
2,27.333,14.119,-0.130
2,1.496,-35.805,4.565
4,37.330,-18.855,0.997
2,-23.391,42.178,1.936
4,42.027,17.960,-1.035
2,-5.627,-7.800,5.765
2,-17.849,-38.200,5.220
2,28.830,7.278,-1.271
7,23.370,30.152,12.128
2,12.318,-9.577,1.493
2,-4.701,9.820,2.414
2,-43.698,32.468,4.726
4,6.425,21.310,0.582
3,-20.029,19.378,4.540
4,-17.959,6.778,4.908
3,-22.409,42.322,2.682
2,38.948,19.397,-1.628
2,-25.436,28.665,5.078
2,43.794,-22.714,0.697
2,-2.693,-40.561,4.745
2,36.781,8.457,-1.926
2,-30.309,-21.112,5.127
2,-6.877,35.536,1.499
4,-0.925,12.760,2.463
2,-39.193,8.917,7.105
2,40.634,-2.657,-2.119
2,41.111,18.065,-1.729
2,19.381,5.066,-1.885
2,-34.966,-47.909,2.025
2,-9.657,36.755,2.010
4,20.376,12.271,0.607
2,42.579,-41.525,1.822
2,-45.250,-15.718,4.122
2,22.803,-21.026,2.456
2,-41.818,9.635,7.828
4,41.674,-31.032,1.610
2,-34.492,36.313,3.336
3,32.843,7.713,-1.208
2,14.014,-30.127,2.291
2,-2.429,12.196,2.278
2,-43.423,-12.246,4.781
4,24.354,2.144,-0.879
4,23.753,-4.746,-0.524
2,36.585,41.185,-0.168
3,25.597,37.544,0.487
2,-13.640,7.976,3.308
2,-26.268,28.903,4.939
2,35.791,-21.534,0.180
3,44.557,23.287,-0.152
2,-12.727,-19.905,6.109
2,-20.420,30.395,3.810
2,-20.405,34.807,2.917
2,45.283,46.689,0.241
2,-8.226,4.802,2.874
4,-0.934,13.054,2.375
2,-15.764,-40.820,5.336
2,-20.239,-20.987,6.279
2,9.862,39.680,-1.047
2,-48.945,16.434,9.254
2,28.699,-5.291,-0.406
2,-35.489,20.584,6.270
2,22.648,-35.228,3.187
7,24.113,31.422,7.872
4,12.431,11.577,0.385
3,-0.329,12.437,2.295
2,3.402,-34.494,3.746
2,-27.193,31.488,4.291
2,0.405,31.587,-0.685
2,26.398,37.254,0.234
2,29.282,42.102,-0.854
2,-25.225,27.687,4.955
2,24.515,30.628,0.352
3,-6.062,-33.421,5.754
7,20.969,26.117,17.730
2,29.139,32.077,0.491
2,34.268,26.583,-0.005
2,-49.823,-31.184,0.847
2,-13.768,-46.465,4.755
2,-0.937,15.357,1.866
2,-23.917,-2.039,6.432
2,-29.979,-3.076,6.512
2,21.195,-38.550,2.837
3,27.779,38.314,0.566
2,29.145,-29.091,2.449
2,28.166,12.673,-0.161
2,-36.938,-14.361,5.260
4,25.564,-2.813,-0.961
4,-36.615,-25.215,5.157
2,-11.155,-49.806,4.296
2,32.170,-9.422,-0.080
2,-34.319,40.325,2.707
2,-46.141,-32.889,1.662
2,-12.098,39.513,1.916
2,0.963,-4.706,3.459
2,-25.717,28.991,4.942
2,14.638,-14.649,2.593
2,39.346,29.039,-0.014
2,42.001,29.369,-0.216
3,23.582,-3.781,-1.192
2,18.209,-44.832,2.820
2,-45.785,15.798,8.719
2,-20.406,-24.096,5.796
2,49.550,16.864,-1.879
2,-26.669,4.103,6.024
2,-18.529,-32.101,5.266
2,45.210,-10.780,-0.532
3,-18.372,7.538,4.982
3,-0.391,13.105,2.255
3,42.621,29.235,-0.059
4,20.542,-21.718,3.617
2,-47.608,30.206,5.782
2,41.062,18.795,-1.743
3,-9.177,-3.672,5.250
2,-3.130,14.110,2.465
2,32.020,7.994,-1.306
2,27.571,12.674,-0.130
2,10.409,39.024,-1.208
2,20.527,-37.965,2.638
2,-9.165,-5.085,5.028
2,-40.073,20.883,7.182
3,28.308,13.000,0.217
2,-23.947,22.606,4.908
2,46.055,10.480,-2.916
2,-6.331,-11.784,5.758
2,-47.774,12.422,8.969
2,-26.669,-11.853,6.926
3,-21.316,41.232,2.195
2,-40.434,0.316,7.411
3,32.735,43.616,0.099
2,12.728,-33.433,2.094
2,-25.141,28.748,5.161
2,6.908,-49.908,2.264
3,-43.840,-9.213,6.285
3,32.515,43.475,0.026
2,-3.855,-23.554,5.735
2,46.536,-30.854,1.499
2,-36.564,4.746,6.604
4,-36.416,-24.984,5.182
2,30.579,48.957,-1.507
3,-21.783,-8.808,6.155
2,8.813,-14.785,3.057
2,-33.568,-19.539,5.038
2,3.356,16.744,1.108
2,17.878,-15.358,2.476
3,15.670,-31.472,2.582
2,26.750,38.889,0.041
2,20.881,29.148,51.945
4,-1.322,13.356,2.609
2,48.766,-20.988,1.580
2,-46.615,-25.230,2.239
2,-6.829,-31.546,5.860
2,12.120,9.017,-0.594
2,39.114,-16.210,-0.228
2,12.174,11.336,-0.367
2,-35.878,-35.281,3.177
2,21.519,-48.699,2.736
2,-47.010,8.985,8.864
4,23.133,36.716,8.173
2,26.150,-49.521,2.513
3,25.770,36.694,0.527
2,-8.880,-38.487,4.985
2,23.776,31.948,51.945
2,-18.689,16.434,3.792
2,-24.367,-26.445,5.333
2,48.808,46.170,0.519
2,-48.552,-5.312,6.168
2,-21.010,42.135,2.017
2,-31.917,-33.324,3.149
2,36.641,-1.092,-2.037
2,-26.224,28.255,5.145
2,27.688,13.545,-0.038
2,-7.969,-11.862,5.865
2,37.240,26.962,-0.243
2,-28.607,43.835,2.254
2,-10.619,35.367,1.961
3,-8.051,-4.153,5.308
4,33.210,7.158,-0.641
2,21.537,43.041,-1.505
2,-3.002,-4.588,4.306
2,-24.873,-39.909,3.821
7,10.401,38.374,23.918
4,-33.673,5.686,7.213
2,-35.387,-7.166,6.425
2,-33.426,-21.007,4.840
7,7.978,34.334,8.557
2,-18.313,9.436,4.316
2,-39.781,-33.065,2.469
2,-4.006,-38.787,4.878
3,43.067,22.931,-0.763
2,-34.400,36.457,3.446
2,-48.235,-6.569,5.709
2,-18.299,8.153,4.337
7,19.423,25.365,0.112
4,-25.583,-19.758,7.847
2,-10.806,-7.322,5.136
2,21.793,17.958,0.435
4,-36.576,-25.384,5.098
2,-16.482,-46.919,4.776
2,35.732,6.173,-1.997
7,16.646,25.431,2.775
4,24.899,33.760,1.555
2,3.946,-23.821,4.869
2,-30.461,-4.081,6.327
2,12.527,10.972,-0.491
2,-2.547,39.726,-0.082
3,-18.940,7.289,4.886
2,-45.823,-28.164,2.148
2,-12.941,-44.339,4.668
2,46.322,-15.176,-0.026
3,8.711,20.860,0.493
3,6.037,20.470,0.699
2,-34.332,36.989,3.414
2,16.665,-26.852,2.413
4,10.043,28.330,-0.271
2,-32.761,-34.226,3.067
2,-41.882,0.011,7.775
4,-20.241,40.990,2.706
2,5.237,-45.696,2.976
2,17.513,19.323,0.148
2,40.662,46.192,-0.631
2,-33.763,7.457,6.367
2,-11.497,-9.893,5.616
2,-41.380,5.177,7.581
2,-33.705,9.689,6.569
4,-15.975,31.742,4.337
3,-20.335,7.229,5.057
2,-41.096,-20.489,4.262
3,-5.782,-33.069,5.687
2,-9.991,-13.707,5.947
3,-21.753,41.630,2.386
4,25.464,-16.428,3.329
2,-28.870,41.177,2.445
4,7.371,22.219,0.372
2,25.371,-13.688,1.720
3,49.403,-20.584,1.572
2,32.412,22.750,0.154
2,10.776,2.000,-0.562
4,31.714,7.709,-0.776
3,40.416,18.269,-1.242
2,-6.650,7.157,2.322
2,40.483,39.956,0.544
2,-33.719,36.791,3.529
2,-12.860,-38.561,5.665
3,5.349,-33.983,3.775
2,11.078,14.343,0.358
2,17.892,-1.900,-1.280
2,23.445,46.148,-1.930
4,-0.672,13.660,2.368
2,-1.327,35.759,-0.597
3,7.204,22.369,0.161
2,40.922,44.346,0.025
4,-35.696,-5.966,8.391
2,-41.026,-27.065,3.418
2,-28.194,10.483,5.635
2,36.291,0.685,-2.342
3,-36.272,-37.147,2.561
2,43.720,-14.619,-0.315
4,39.792,-15.076,0.981
2,26.701,-30.931,3.044
3,-35.551,-36.567,2.888
2,-35.142,12.904,6.682
3,-18.318,6.614,4.850
4,-25.013,-21.904,7.288
4,-28.496,32.619,4.438
2,36.252,-29.381,1.268
2,-8.910,-1.137,4.248
2,-17.163,-38.685,5.161
2,-28.991,-28.962,4.392
2,-15.706,7.892,3.832
2,-33.493,36.515,3.522
2,42.331,-15.133,-0.362
2,36.682,27.016,-0.130
2,17.365,-49.741,2.823
2,-15.065,-23.914,6.066
2,-33.929,49.754,2.065
2,43.514,-15.209,-0.359
4,-43.720,-10.143,6.216
2,4.517,-45.484,3.175
2,19.131,49.369,-0.840
2,9.779,-9.872,2.257
7,22.714,29.032,8.018
2,-21.999,13.115,4.486
2,-16.204,-10.707,5.884
2,-36.141,4.136,6.769
2,13.619,-35.585,2.110
2,21.361,-41.908,3.086
2,-7.926,-10.159,5.837
2,-39.600,-23.757,3.728
2,14.839,-32.055,2.003
2,-20.115,-46.346,4.991
3,41.465,29.213,0.113
2,11.975,-42.325,2.827
2,43.782,17.691,-1.751
2,-26.383,45.797,1.824
2,-33.547,37.183,3.334
2,-26.113,28.922,5.031
2,39.331,-25.427,0.579
2,32.348,43.450,-0.498
2,29.970,-13.934,1.165
2,-18.779,7.705,4.555
2,9.086,10.855,0.514
2,9.762,-31.094,2.796
2,28.424,-35.511,3.242
4,5.854,-36.002,4.258
4,42.229,17.548,-0.814
4,32.445,6.738,-0.555
2,41.981,29.395,-0.255
3,-36.251,-25.185,4.908
7,20.049,25.381,1.634
2,-36.267,-18.524,4.905
2,22.331,2.341,-2.144
7,13.939,25.497,0.487
2,-11.386,-30.950,5.483
2,45.597,13.414,-2.379
2,-29.234,31.095,4.813
2,-27.263,-12.449,6.737
2,15.238,-29.974,2.298
2,31.821,2.950,-2.401
2,40.093,34.883,0.540
2,-40.817,2.685,7.443
2,3.811,-30.850,4.681
2,21.755,-48.145,2.782
2,-39.239,-28.378,3.590
2,-8.480,43.826,1.036
4,-36.661,-25.663,5.155
2,-32.184,-35.495,2.976
2,28.309,2.719,-1.954
2,-34.004,36.345,3.572
3,8.395,22.131,0.061
2,-44.454,-30.124,2.449
2,-26.089,28.046,5.129
2,-0.478,12.961,1.836
2,38.038,-27.468,1.047
2,49.124,-45.978,1.416
2,-19.685,19.880,4.049
1,20.002,25.403,20.501
2,-11.253,37.320,1.906
4,-44.324,-9.095,6.433
2,10.257,24.283,-0.760
2,-30.717,-5.442,6.284
2,42.649,-40.973,1.733
2,-5.476,-24.796,5.606
2,-12.477,23.569,3.880
2,42.663,-29.743,0.881
2,11.710,17.256,0.352
2,-12.270,18.187,3.760
2,41.894,31.505,-0.252
2,20.278,-33.398,2.354
2,4.809,-32.715,3.852
2,38.303,8.838,-1.931
2,-6.997,34.350,1.426
2,-26.573,-11.531,6.724
3,-44.253,-9.598,6.121
4,-35.451,-37.256,3.017
2,45.623,-30.817,1.329
3,32.157,44.606,-0.106
2,-35.212,-44.848,1.740
2,-42.281,15.688,7.881
7,23.404,30.259,23.305
2,32.981,44.322,-0.195
2,-32.957,29.618,4.596
2,-28.265,34.791,3.643
2,10.398,42.601,-0.998
2,-46.393,29.536,5.803
2,42.427,27.478,-0.413
2,20.774,8.777,-0.741
2,10.353,36.721,51.945
4,25.530,-16.442,2.604
2,35.494,20.626,-0.853
2,4.309,-30.249,4.575
4,-8.462,-3.317,5.399
2,-15.662,-22.786,6.269
2,-4.989,-2.786,4.348
2,-49.819,-8.562,5.133
2,-20.405,47.382,2.407
3,26.013,-5.396,-0.261
2,1.291,46.568,0.792
2,2.295,-16.418,4.274
2,40.615,-44.517,2.415
2,26.611,-33.145,3.186
2,-38.762,-45.980,1.427
2,-9.184,-44.344,4.818
2,42.401,20.867,-1.318
2,7.534,-44.457,3.105
3,-22.751,-11.566,6.341
2,49.475,-18.797,1.113
2,-38.462,-13.561,5.025
3,32.118,44.168,-0.008
2,-18.362,-16.460,6.178
4,41.758,-19.116,0.828
2,-7.020,27.379,2.459
2,-18.274,-15.916,6.079
2,36.451,5.473,-2.086
2,-11.745,-12.926,6.120
7,15.941,25.384,12.520
2,-2.710,-2.767,4.008
2,0.160,11.752,1.661
4,-26.527,32.976,5.406
2,16.582,15.236,0.295
3,27.266,12.563,0.118
2,13.472,-31.080,2.256
2,-10.167,29.163,2.512
4,-26.087,33.036,4.703
2,39.214,7.296,-1.939
2,21.575,3.180,-2.206
2,-36.030,-25.807,4.434
3,-6.629,-33.115,5.747
2,-36.119,-25.001,4.337
7,24.425,31.977,3.014
2,22.144,-7.351,0.390
2,-26.540,19.480,4.515
2,-3.721,-36.141,5.038
2,-39.692,-2.224,7.237
2,-37.698,-43.026,1.416
2,-16.351,25.651,3.785
2,8.133,-35.523,2.990
2,34.889,3.010,-2.230
2,-25.856,-13.164,6.876
2,-26.153,-11.964,6.862
7,58.043,-2.338,-42.624
2,-36.350,-25.552,4.383
7,24.367,31.890,21.189
2,37.292,-21.990,-0.137
2,-34.039,-38.958,2.632
2,-26.186,-8.298,6.222
2,-39.602,-16.536,4.854
4,8.008,21.710,0.591
4,10.778,27.291,-0.473
2,31.334,-14.593,0.855
2,7.946,47.760,0.686
2,-43.704,-8.955,5.917
2,-12.097,49.077,2.372
2,-33.703,-23.586,4.784
3,28.079,2.433,-1.428
2,-14.800,-27.596,5.810
2,-42.670,-42.974,1.379
2,10.574,-1.516,-0.076
2,4.041,17.510,0.859
2,13.695,13.711,0.002
2,-24.399,-30.442,4.844
2,-26.219,-13.912,6.917
2,18.907,17.170,0.023
2,-26.952,12.738,5.193
2,-49.713,-5.694,6.041
3,31.993,44.760,-0.246
4,-18.013,8.253,5.003
2,-27.733,30.644,4.370
2,-22.648,-7.563,5.744
2,-14.081,41.816,1.754
2,7.196,-48.716,2.284
2,-22.016,-6.126,5.420
2,-21.688,42.139,2.054
3,-43.950,-9.238,6.286
2,49.577,32.528,-0.842
2,-25.751,-12.386,6.896
3,29.149,-0.237,-1.487
2,41.937,-34.496,1.849
3,4.697,-32.889,4.052
2,-18.981,8.189,4.646
2,-9.622,-33.872,5.522
2,5.978,-30.150,4.068
2,13.559,-0.411,-0.891
2,-45.907,25.227,7.091
2,29.206,31.109,0.499
2,-23.329,-14.276,6.179
2,-17.814,-42.233,4.703
2,-13.072,43.880,1.815
2,14.417,36.774,51.945
2,-43.016,8.031,7.921
2,3.724,-33.184,3.746
2,15.296,21.382,0.119
2,-35.561,-35.135,2.849
2,41.598,45.189,-0.094
2,37.365,-47.006,2.996
3,31.865,44.339,-0.061
2,38.037,-1.302,-2.049
2,-13.877,26.517,3.520
2,49.610,-29.049,1.376
2,-42.975,-42.470,1.407
2,29.237,12.977,-0.170
2,10.577,-30.515,2.902
2,-4.570,-18.066,5.523
2,18.608,-11.734,1.562
2,25.240,5.617,-1.684
2,49.696,26.578,-0.565
2,14.473,-29.977,2.117
2,31.827,44.111,-0.525
2,-2.408,36.352,-0.287
2,-19.163,23.965,4.520
3,-20.036,7.390,5.073
2,-37.924,-0.011,7.143
4,-27.061,30.747,5.452
3,6.026,20.479,0.620
2,-4.333,-1.661,4.066
3,-43.688,-8.920,6.357
2,-0.996,23.596,0.556
2,1.541,-38.878,4.210
2,-28.233,-25.149,5.596
7,31.084,12.069,-10.737
2,-8.442,-8.915,5.666
2,6.922,20.225,0.701
4,39.543,-14.658,1.009
4,-22.051,42.018,2.827
3,23.010,29.538,35.899
2,-28.138,6.084,5.937
4,39.600,-16.714,1.211
4,-5.496,-33.620,6.024
2,-3.251,41.267,0.045
2,-34.349,35.906,3.430
2,-47.105,24.133,7.665
2,-7.057,-31.631,5.969
2,-13.503,-17.751,6.184
3,43.002,-17.280,0.476
4,13.495,-31.208,2.775
2,16.511,3.285,-1.354
2,-36.753,7.277,6.417
4,-20.019,41.326,2.606
2,-21.990,46.504,2.257
2,0.843,14.384,1.503
4,-36.163,-25.253,5.088
2,24.484,2.934,-1.950
3,-19.544,42.293,2.519
2,33.395,-0.750,-2.060
2,-4.391,2.670,3.040
2,2.678,11.103,1.464
2,22.208,2.920,-2.144
2,41.042,21.766,-1.242
2,45.940,-31.771,1.437
2,-12.098,-27.365,6.232
2,-36.333,-36.827,2.453
2,11.216,-23.134,3.032
2,21.577,-6.934,0.374
2,22.138,25.320,0.526
2,47.708,25.145,-0.774
2,1.298,-10.800,3.867
2,-19.020,-27.598,5.490
4,25.324,-0.434,-0.914
2,-36.018,-33.768,2.796
2,-20.337,20.320,4.431
2,-44.315,23.141,7.106
2,27.134,-2.366,-1.934
2,-38.553,-22.094,3.869
4,-0.033,13.667,2.466
2,-6.339,21.579,2.023
4,16.051,-31.822,2.889
4,-0.675,13.451,2.541
2,-8.905,-42.609,5.001
2,-42.281,17.154,7.971
2,-10.510,-43.475,4.891
4,38.313,-17.713,0.997
2,-34.908,-21.799,4.470
2,-31.285,1.973,6.265
2,-6.754,-31.203,5.809
2,-3.941,-8.743,5.082
2,32.812,43.621,-0.572
2,49.949,-13.888,-0.071
2,19.883,-46.852,2.966
2,24.321,-12.051,1.372
3,18.630,-37.628,2.799
2,-47.111,6.853,8.308
2,49.212,-6.628,-1.848
2,19.126,45.040,-1.110
7,21.322,26.676,14.276
4,21.598,1.803,-1.522
2,44.463,-27.160,1.085
2,13.827,22.662,-0.240
4,41.646,-18.776,0.934
3,32.354,44.052,-0.105
2,28.166,33.166,0.448
2,19.355,40.936,-1.255
2,36.533,-48.441,3.200
2,34.687,35.935,0.188
2,29.849,13.359,-0.094
2,-41.669,-8.283,6.497
3,-19.443,42.507,2.483
3,4.501,-35.243,4.025
2,-7.161,-9.083,5.634
2,3.501,-6.150,2.622
7,22.710,28.905,5.228
2,-7.493,36.318,1.729
2,12.965,44.645,-0.929
2,31.986,8.794,-1.512
2,1.408,4.543,2.039
2,-8.901,-42.023,5.031
2,3.569,49.719,1.132
2,15.283,-29.172,2.168
2,-40.451,-15.007,4.918
2,-13.102,-11.941,6.157
2,21.483,14.392,-0.100
2,48.989,-0.578,-3.359
3,27.587,1.805,-1.560
2,-20.065,43.122,2.040
2,32.371,-21.420,0.724
4,8.118,32.014,-0.038
2,23.117,-23.093,2.534
2,20.924,-33.801,2.593
3,33.292,8.010,-1.515
2,30.838,-8.793,0.036
2,-5.421,-48.284,4.183
2,-8.668,26.438,2.828
4,24.610,38.759,0.446
2,-42.000,36.646,4.068
2,22.682,38.391,-0.684
2,16.290,41.197,-1.471
2,40.975,-42.503,2.235
4,32.111,44.413,0.112
2,-31.359,46.856,2.422
2,-11.906,28.106,2.800
4,5.745,22.403,0.652
2,-14.035,1.487,4.182
2,40.799,32.690,0.164
2,-34.804,-3.500,6.816
2,-17.827,-7.867,5.357
2,-1.906,35.858,-0.485
2,-34.469,36.063,3.527
2,-7.128,5.712,2.642
2,-28.050,44.073,2.048
2,-21.295,41.410,2.083
2,4.576,-33.945,3.870
2,2.577,-29.053,5.148
2,-12.301,-35.695,5.742
2,23.850,-23.219,2.521
2,3.071,44.972,0.198
3,41.410,28.303,0.057
2,-19.757,-6.243,5.452
2,-28.915,-16.237,6.137
2,-30.674,-29.095,4.023
2,-42.515,-31.223,2.417
3,-36.561,-36.027,2.624
3,38.266,-19.545,0.020
2,29.221,14.090,-0.142
2,-38.912,19.239,7.118
2,-5.238,-20.772,5.651
2,-34.176,-12.910,5.743
4,-9.928,32.798,2.887
2,34.744,-13.757,-0.230
2,-14.838,20.230,4.075
2,48.264,-19.844,1.136
2,6.389,-19.274,4.001
2,38.663,-39.776,2.232
2,-16.263,13.880,3.975
4,22.537,1.493,-1.429
3,-4.390,-31.806,6.065
3,-44.441,-9.242,6.376
3,-44.316,-9.591,6.211
2,22.267,15.189,-0.128
2,4.347,-33.094,3.786
2,18.887,8.017,-1.015
2,41.674,-30.919,0.971
2,-39.854,-5.768,6.791
2,-9.169,-3.969,5.024
2,36.462,-3.662,-1.551
2,32.911,-17.712,0.551
4,41.401,17.311,-0.679
3,-36.103,-36.267,2.778
2,-19.734,4.009,4.882
2,37.871,11.499,-1.457
2,-8.465,38.188,1.667
2,27.771,49.929,-1.912
2,49.822,42.930,0.495
2,5.373,33.746,-0.841
2,25.470,-9.144,0.828
2,49.930,9.945,-3.269
2,-2.209,27.925,0.477
2,23.819,-29.727,2.722
2,-7.967,2.243,3.460
2,32.715,43.922,-0.550
4,-3.067,21.760,2.112
3,5.400,-17.754,4.388
2,-29.673,31.629,4.640
2,-25.494,28.158,4.940
2,-15.705,-25.031,6.120
2,-42.644,11.627,7.945
2,-9.645,4.499,3.210
2,32.314,33.809,0.352
2,-7.284,-6.189,5.793
7,20.959,26.107,11.445
3,14.224,-31.171,2.670
2,7.594,-31.818,3.334
2,-6.989,-35.214,5.138
2,19.440,-36.319,2.349
2,-36.483,-36.261,2.425
2,-28.668,33.942,3.750
4,-26.610,33.011,4.745
2,1.054,-11.976,4.087
3,-36.065,-25.279,4.791
2,-16.233,-1.493,4.391
2,-45.363,-38.103,0.885
2,-15.724,22.601,3.919
2,24.608,-18.219,1.985
2,-25.022,43.226,1.763
2,37.934,-32.886,1.186
2,3.303,-36.992,3.983
7,23.170,29.678,6.597
4,-1.377,13.360,2.611
4,13.833,-29.679,2.903
2,12.228,-35.101,2.258
2,-33.658,37.212,3.350
2,4.724,-31.207,4.205
2,-2.940,-41.316,4.706
2,-7.042,7.572,2.212
2,32.586,8.116,-1.584
2,30.744,-24.743,1.194
2,46.723,49.587,0.600
2,40.992,16.730,-1.825
2,40.164,-22.308,0.204
3,-16.562,-22.467,6.555
2,-20.389,-4.106,5.128
2,-10.886,-11.917,6.058
2,21.521,-38.716,2.911
3,-9.070,-3.949,5.227
2,7.764,10.206,0.982
2,-34.865,36.874,3.504
2,3.435,-9.568,3.169
2,29.226,28.551,0.342
2,-41.255,-45.958,0.951
2,-39.069,-41.349,1.571
2,31.319,33.619,0.327
4,-19.648,41.849,2.774
2,0.090,45.179,0.596
2,-6.357,-48.946,3.945
2,-35.159,-35.530,2.804
3,5.742,-33.834,3.746
2,-38.368,-26.865,4.073
3,-20.773,-37.115,4.671
2,26.537,48.606,-1.871
2,27.928,-47.177,2.523
2,17.139,29.832,51.945
2,-12.280,-30.379,5.590
2,29.493,-20.155,1.432
2,-13.595,24.446,3.986
2,44.705,-15.270,-0.199
2,20.039,-37.533,2.639
2,14.186,-28.970,2.162
2,-38.921,-16.386,4.900
2,-11.820,-44.473,4.711
2,-48.296,15.500,9.183
2,1.508,16.893,1.525
2,-42.762,-9.675,5.863
2,-20.269,32.054,3.417
2,-3.081,-10.070,5.005
2,30.280,38.808,-0.116
2,29.339,14.083,-0.075
2,2.983,-19.578,4.657
2,-0.608,-11.891,4.563
2,11.870,-11.997,2.649
2,42.315,33.975,-0.078
7,25.275,12.419,-10.701
2,-11.088,-36.460,5.675
3,-4.360,21.184,1.800
2,-14.932,48.920,2.598
2,-4.841,-38.022,4.977
2,-30.550,16.764,5.417
2,-25.505,-10.844,6.366
2,4.352,23.375,-0.107
4,-3.938,23.322,2.136
2,-44.425,28.063,5.818
2,47.053,-19.206,0.915
2,39.998,26.316,-0.290
2,-30.887,40.692,2.649
2,-36.915,44.726,2.811
2,-7.746,20.751,2.565
2,-39.233,-35.270,2.180
2,27.524,-33.991,3.160
2,-42.391,-24.951,3.153
2,30.383,46.868,-1.182
2,17.643,-28.024,2.198
2,-40.492,-28.930,3.250
2,44.583,-36.496,1.793
2,9.290,-38.248,2.990
2,-4.251,-45.738,4.421
2,-35.258,27.868,5.124
2,-10.499,-41.581,4.998
4,-4.724,-19.553,6.407
2,38.537,33.408,0.700
2,-20.056,19.650,4.322
3,-19.494,8.195,5.131
3,-36.248,-37.203,2.610
2,26.653,-11.595,1.021
2,14.264,-29.872,2.331
4,-0.150,13.050,2.356
2,43.202,-12.589,-0.257
4,-35.967,-25.585,5.120
7,24.415,31.881,18.393
2,10.995,-19.962,3.039
2,41.922,41.644,0.373
2,47.267,-8.923,-0.869
3,-27.310,-10.240,6.442
2,14.880,22.569,-0.053
2,21.312,-38.685,2.896
2,-22.580,42.965,2.130
3,-43.577,-9.266,6.448
2,-12.218,-23.732,6.488
4,-18.460,7.391,5.179
2,-1.231,-24.920,5.919
2,-25.268,27.500,4.966
3,-33.998,7.039,6.557
2,40.086,32.176,0.246
2,41.172,24.347,-0.587
2,-44.515,-3.091,7.272
2,-17.814,-32.605,5.424
2,29.442,10.091,-0.855
2,18.579,-22.886,2.866
2,32.657,9.197,-1.273
2,-48.251,47.260,1.939
2,47.069,11.854,-2.923
2,33.295,-38.326,2.332
2,-35.027,17.423,6.230
2,-32.457,40.412,2.731
2,7.400,-41.970,3.036
2,-39.067,-18.930,4.634
2,-32.532,-23.616,4.835
4,27.310,-5.156,-0.402
2,-24.456,40.064,2.284
2,-16.204,-22.383,6.197
4,-36.090,-25.221,4.996
2,27.210,-49.584,2.455
2,-47.418,43.042,2.776
2,9.429,19.175,0.275
3,42.511,22.596,-0.495
2,-35.233,19.463,6.229
2,8.505,-11.770,2.661
3,42.096,-31.333,1.600
2,-17.142,10.551,3.840
2,-8.009,-7.469,5.670
2,-38.975,-40.415,1.633
4,-33.995,7.026,7.306
2,-6.279,-7.341,5.776
2,17.705,15.428,0.293
2,-20.979,22.618,4.540
3,5.307,-17.533,4.481
2,-7.881,-8.867,5.608
2,-37.131,47.207,1.959
4,39.636,-17.360,1.146
2,10.685,-38.616,2.982
2,37.228,46.753,-1.511
2,-36.401,-25.766,4.444
2,23.205,-38.559,3.395
2,31.911,-34.232,2.212
2,-6.533,-6.711,5.630
2,21.441,29.531,51.945
2,13.244,-31.729,2.279
2,38.725,-35.310,1.729
2,10.395,21.064,0.076
2,-29.848,-37.231,3.244
4,42.137,17.962,-0.751
2,21.699,1.413,-2.097
2,-25.648,-43.270,3.416
2,-21.672,41.099,2.045
2,14.172,-2.899,-0.213
2,-14.919,-19.613,5.889
2,3.929,43.775,-0.142
2,-21.245,41.680,2.237
2,-43.508,-44.760,0.923
2,17.289,-42.509,2.544
2,-25.292,37.095,2.838
2,21.470,-35.058,2.961
2,43.825,0.455,-2.504
2,1.106,17.323,1.448
2,37.907,2.244,-1.993
3,42.905,-17.315,0.470
2,-39.056,-30.484,3.178
4,-35.973,-25.645,5.306
4,42.240,17.446,-0.792
2,-35.050,-12.738,5.691
2,41.564,37.157,0.580
2,-10.309,-11.672,5.992
3,-6.632,-31.858,6.069
2,-26.637,10.333,5.278
2,6.317,29.844,-0.459
2,4.641,-11.027,3.141
2,-26.787,-13.343,6.899
2,49.649,47.456,0.410
2,27.969,-27.300,2.265
2,-32.992,-6.861,6.285
3,-43.274,-9.684,5.926
2,-26.115,2.172,6.312
2,17.998,44.388,-1.033
4,31.724,6.848,-0.856
2,1.084,-6.983,3.585
2,-30.594,15.903,5.404
2,-10.527,-39.371,5.072
3,-2.980,25.159,1.155
2,-10.704,28.211,2.941
2,15.956,-25.658,2.630
2,-21.753,-36.804,4.321
2,-25.860,36.494,3.027
2,24.650,11.191,-0.285
2,32.601,-22.339,0.736
2,-44.224,-8.873,5.895
2,21.542,-4.359,-1.806
7,23.722,30.717,33.767
4,24.597,0.283,-0.892
7,23.526,30.182,14.223
4,-13.728,27.510,4.529
2,23.212,-27.790,2.516
2,39.359,20.066,-1.509
2,6.121,36.108,-0.886
2,-18.375,7.812,4.578
2,38.277,-16.764,-0.295
2,-46.707,-31.037,1.793
2,-20.953,42.599,2.028
2,44.416,-43.714,1.458
4,0.280,13.302,2.260
2,21.587,42.497,-1.339
2,-8.455,-19.535,6.266
2,-5.028,39.962,0.294
2,10.052,-49.652,1.969
2,23.752,-5.193,-1.763
2,-29.224,36.820,3.068
2,46.466,-5.621,-1.701
2,32.830,44.441,-0.225
2,12.288,-19.241,2.912
2,48.018,-32.091,1.352
2,20.217,-21.360,2.980
2,-24.973,27.838,4.954
4,33.224,8.753,-0.710
7,16.028,25.505,16.744
2,25.074,5.050,-1.658
2,-19.604,6.772,4.568
4,-21.174,-9.132,6.921
2,44.489,-18.518,0.704
2,12.537,-38.496,2.510
2,-5.987,-42.788,5.001
7,22.377,28.338,10.044
3,-16.106,-22.527,6.636
4,-44.470,-9.373,6.398
2,32.963,-0.434,-2.111
2,8.835,30.877,-0.565
2,26.055,37.441,0.345
2,30.230,-45.347,3.135
2,20.484,10.134,-0.581
2,34.182,-26.048,1.151
2,10.106,-20.076,3.035
2,6.318,22.261,0.531
2,11.646,24.879,-1.108
2,-7.481,-45.497,4.593
2,-3.970,-11.978,5.414
2,21.213,49.613,-1.617
2,0.711,38.669,-0.801
7,111.384,120.651,-61.078
2,42.511,45.937,-0.063
4,38.895,-17.914,1.441
2,-43.616,10.988,8.196
2,-45.031,43.083,2.488
2,-40.150,13.427,7.581
2,-45.043,-11.752,5.023
2,11.366,-18.162,3.144
2,-39.452,40.697,3.252
2,42.798,-43.757,1.801
2,-7.953,-42.462,5.102
2,39.940,-21.700,0.244
2,-33.440,36.505,3.560
4,-17.637,7.044,4.888
2,-19.588,12.717,4.140
2,-46.732,35.263,4.601
2,-21.299,41.585,2.175
4,-28.904,31.598,5.191
2,39.078,-43.410,2.625
2,-31.493,-17.806,5.374
2,33.062,-2.890,-1.292
3,-22.470,43.156,2.364
4,-36.551,-25.974,5.178
2,49.997,-8.959,-1.199
2,-41.789,30.962,5.126
2,0.580,9.004,1.896
2,-7.896,-8.971,5.769
2,-1.249,-48.926,3.840
4,-98.407,-32.877,2.827
2,-38.768,-43.716,1.412
2,31.247,-35.752,2.287
2,-40.307,26.951,5.717
2,-22.308,17.399,4.095
4,21.701,-2.367,-0.006
2,-49.280,-43.243,1.029
2,32.242,44.017,-0.140
2,-26.882,21.075,4.855
2,3.241,-22.697,4.974
2,-9.422,37.345,1.985
2,-26.097,23.818,5.171
4,25.784,-3.101,-0.863
1,21.368,26.662,30.320
2,40.576,26.621,-0.319
2,20.638,-37.956,2.607
2,3.745,15.479,1.270
2,-33.958,-6.057,6.447
2,13.128,21.163,0.169
4,-19.669,-8.154,7.133
2,36.059,-41.362,2.664
4,42.103,16.995,-1.023
2,-7.386,2.286,3.342
2,3.803,-41.586,3.612
2,-12.559,-5.580,5.011
4,41.826,17.208,-1.191
2,-16.247,40.007,1.963
3,-17.810,7.849,4.637
2,6.374,-47.042,2.523
2,23.414,22.043,0.199
2,-6.165,-31.743,5.730
2,-2.079,-41.903,4.414
4,21.416,26.684,28.925
1,10.535,38.393,28.949
3,28.470,12.849,0.246
2,-3.081,-49.341,3.924
3,28.035,37.165,0.572
2,43.500,25.823,-0.530
3,-1.387,13.315,2.248
2,29.844,-13.125,1.053
2,-34.057,36.232,3.496
2,45.531,-32.489,1.520
2,42.435,19.934,-1.377
2,-0.774,32.689,-0.537
2,-14.641,42.662,1.962
2,-1.162,4.446,2.572
2,2.252,-38.902,4.195
2,-28.230,29.124,4.714
2,-25.355,-24.438,5.722
2,-26.491,-13.325,6.773
2,-11.915,5.296,3.410
3,42.539,29.537,-0.147
2,-31.267,-34.251,3.017
4,42.540,-31.209,1.843
2,-36.952,-12.653,5.413
2,4.532,-2.086,2.052
3,-21.319,40.410,2.590
2,-9.850,-40.643,4.995
4,28.563,14.773,0.464
2,-12.243,-21.569,6.105
2,-26.808,-12.413,6.873
4,23.571,-19.919,3.057
4,40.597,16.599,-1.077
2,21.228,-36.375,2.863
4,-35.741,-5.495,8.348
2,-25.763,29.288,4.935
2,-5.157,-26.452,5.792
2,3.692,48.235,0.835
2,10.976,49.318,0.512
7,18.718,25.554,13.340
2,27.609,14.657,-0.165
2,16.084,49.111,-0.646
2,-6.465,-31.011,5.979
2,27.953,28.578,0.590
2,-43.207,-9.205,5.957
2,42.758,35.319,0.061
2,22.762,-30.994,2.599
2,-20.204,20.057,4.492
2,3.905,16.963,0.942
2,-18.387,40.629,1.876
2,26.657,12.204,-0.333
2,-43.599,-8.790,6.370
2,48.246,-48.117,1.291
3,22.121,1.531,-1.587
2,-39.692,37.525,3.704
2,-41.320,14.466,7.790
2,7.617,36.450,-0.746
4,41.163,-15.557,0.653
2,-44.578,24.359,6.805
2,2.254,-5.546,3.014
2,-22.696,-33.937,4.277
3,-49.987,-45.604,0.955
2,0.425,44.675,0.336
2,26.700,-37.744,3.382
2,-25.396,-13.122,6.798
2,-32.225,10.992,6.429
2,-20.025,-3.409,4.922
2,19.137,1.484,-1.757
4,31.464,7.554,-0.780
2,14.213,-25.477,2.740
2,1.009,-21.910,5.248
2,37.236,37.142,0.836
2,-49.625,28.768,6.432
2,28.508,-39.157,3.257
3,40.766,-10.544,-0.489
2,-39.345,-20.146,4.316
4,38.242,-17.520,0.912
2,-19.975,19.465,4.289
2,46.365,-48.764,1.648
2,-16.029,32.844,2.794
3,-19.211,8.632,4.847
2,31.607,41.074,-0.064
2,23.145,27.104,0.364
2,-44.206,40.251,3.342
2,-13.372,-11.071,5.871
2,37.754,-17.968,-0.137
2,-11.970,-6.140,5.002
2,25.746,37.844,0.123
2,28.896,22.630,0.023
2,-8.520,-31.684,5.588
2,-1.929,5.591,2.556
2,-6.684,-31.830,5.999
2,28.357,-23.869,1.757
2,31.513,10.211,-1.003
2,-20.519,18.787,3.999
2,-6.183,-17.112,6.067
3,41.194,18.710,-1.695
2,-26.081,-46.171,3.934
3,42.015,17.129,-1.498
2,19.860,-10.301,1.217
2,-28.712,32.733,3.878
2,3.639,-18.439,4.452
3,-5.802,-31.466,6.079
2,10.286,-46.485,2.250
2,-21.808,8.455,4.823
2,-7.864,14.978,2.556
2,45.222,-15.110,-0.163
2,14.438,-39.830,2.464
2,19.657,23.018,0.225
2,-40.117,-17.622,4.739
2,43.952,-30.616,1.151
2,-45.491,48.640,1.359
4,41.733,18.038,-0.540
2,-13.492,-24.185,6.329
2,-35.817,-25.119,4.776
2,41.655,-30.889,1.062
2,38.145,28.952,0.162
2,20.249,-47.430,3.013
2,6.726,-3.956,1.868
2,9.082,-19.502,3.217
3,-1.346,13.661,2.232
2,-34.275,37.079,3.477
2,21.649,-23.292,2.652
2,20.648,4.236,-1.883
2,19.581,41.533,-1.343
4,-35.541,-37.494,3.242
4,-18.338,-8.644,6.970
2,6.171,12.428,1.397
2,34.022,-49.615,2.910
2,35.261,13.145,-0.812
3,42.172,29.687,-0.222
2,-8.033,32.170,2.012
2,-43.008,-27.499,3.092
2,-39.868,-1.678,7.314
2,11.886,-43.329,2.809
2,45.996,49.050,0.455
2,-10.282,34.002,2.082
2,-30.361,5.059,5.880
2,-42.000,30.412,5.273
2,37.498,13.325,-1.319
7,8.411,34.908,17.051
4,32.920,7.515,-0.337
2,24.614,39.698,-0.443
4,-16.623,32.775,4.309
7,-40.800,-35.259,-5.318
4,-18.346,7.791,5.329
2,-34.929,36.893,3.420
2,20.249,-38.930,2.828
2,-40.265,-40.250,1.257
2,-6.623,-32.764,5.748
2,-4.948,-7.991,5.672
2,31.858,-17.676,0.782
2,-3.317,28.370,0.799
7,20.080,25.479,17.007
2,-3.271,-42.304,4.669
7,22.767,29.079,2.439
3,-16.075,-22.633,6.613
2,-7.148,-31.183,5.913
7,24.183,31.334,3.675
3,-4.059,22.674,1.886
2,30.501,-29.371,2.254
2,12.325,-23.568,2.841
7,18.066,25.565,20.341
2,7.766,-15.553,3.265
3,13.477,-31.294,2.615
3,-9.541,-3.863,5.185
4,-44.154,-9.065,6.455
2,33.484,40.083,0.105
2,-44.722,39.771,3.353
2,-28.760,14.681,5.471
2,41.468,15.723,-1.727
3,15.031,-31.566,2.315
2,42.647,40.393,0.365
2,-44.273,8.719,8.186
7,15.923,25.488,4.072
2,12.390,23.480,-0.730
2,33.019,-5.296,-0.839
2,-49.907,-14.606,3.460
3,-28.377,31.260,4.664
2,-26.170,-12.034,6.768
2,-21.176,44.389,2.283
2,-45.054,-8.870,5.692
2,10.399,16.299,0.505
2,-25.407,35.376,3.288
7,10.549,38.403,24.637
2,-7.294,-22.379,6.032
2,34.080,9.269,-1.508
2,36.379,-34.573,1.473
2,24.026,24.703,0.294
2,40.008,8.926,-1.801
2,12.301,8.485,-0.650
2,42.857,-45.076,1.843
2,15.128,35.339,51.945
2,-33.402,33.531,3.509
2,-27.749,15.798,5.323
2,37.100,-22.746,0.182
3,-4.561,-31.823,6.005
2,43.953,-34.262,1.694
2,-16.149,-23.025,6.177
2,-24.181,0.976,6.336
3,-3.557,21.494,1.483
2,-18.847,18.803,4.078
2,31.642,7.809,-1.514
2,-20.671,20.055,4.165
2,4.543,-17.960,4.549
2,-7.435,-7.652,5.792
2,-25.733,-13.139,6.872
2,-13.872,22.096,3.992
2,5.879,46.980,0.445
7,18.677,25.407,2.110
2,-35.550,45.976,2.599
2,-11.736,-20.746,6.217
2,7.059,-7.530,1.876
2,11.453,49.715,0.506
2,34.190,-38.928,2.287
2,-25.456,-3.770,6.433
2,-31.340,21.258,5.410
2,-45.482,24.682,7.026
4,-26.957,-21.036,7.191
2,45.402,31.024,-0.675
4,41.407,-18.391,0.841
2,38.119,-15.624,-0.412
3,28.466,13.857,0.363
4,22.162,-1.066,-0.850
2,-42.091,-18.868,4.497
4,29.704,0.159,-1.409
2,20.659,-31.697,2.410
2,-38.471,-2.304,7.243
2,14.374,-16.059,2.934
2,3.837,-5.105,2.533
2,8.087,-24.912,4.154
4,41.461,18.010,-0.534
2,26.803,-26.869,2.532
2,-29.094,-5.791,6.049
4,40.418,16.363,-0.760
7,8.033,34.376,9.980
2,-33.696,37.410,3.463
2,-31.023,36.497,2.952
2,13.933,3.267,-1.252
2,-48.905,-25.439,1.830
4,32.333,8.467,-0.895
4,39.648,-18.533,1.083
2,12.253,18.453,0.425
2,27.386,36.984,0.191
2,-13.561,-42.490,4.998
2,-48.233,17.651,9.109
2,40.153,16.878,-1.598
2,28.927,14.106,0.168
4,32.337,44.643,0.153
2,-15.343,-18.528,5.942
2,34.633,-47.932,2.978
2,-37.676,-24.067,4.146
2,-26.704,-2.134,6.363
2,42.612,-3.355,-2.285
2,-17.004,35.755,2.186
4,-19.644,7.148,5.096
2,-45.580,-46.362,1.022
2,25.761,12.591,-0.152
4,-6.059,-33.329,5.906
2,-40.130,46.726,2.228
2,-31.100,27.481,5.406
2,37.069,1.827,-2.066
2,-40.830,-18.570,4.654
2,-32.033,33.660,3.521
2,-42.519,-37.782,1.388
2,6.606,-13.844,3.292
2,38.027,22.888,-0.865
2,-7.506,-1.166,4.129
2,29.256,-44.575,3.299
2,15.725,8.176,-1.216
4,-44.099,-9.550,6.638
2,42.419,30.610,-0.418
2,29.922,43.422,-0.943
2,6.857,-34.966,3.223
4,-2.607,4.367,4.129
2,33.377,24.002,0.114
3,-21.011,19.555,4.610
3,-35.646,-25.194,5.141
3,14.078,-29.044,2.257
2,-30.064,35.803,3.152
2,32.162,-29.565,2.088
2,29.277,9.059,-1.052
2,26.405,-21.460,1.860
2,-24.938,28.089,5.233
4,-5.799,-20.605,6.271
2,-23.410,49.935,2.550
2,38.061,35.685,0.629
2,-23.589,-35.592,3.853
2,-36.270,36.007,3.293
2,5.099,43.943,-0.076
2,28.377,7.993,-1.091
2,-36.586,20.224,6.478
2,16.742,-36.575,2.451
2,-17.295,15.749,3.868
2,-21.276,42.652,2.420
2,-10.496,-21.626,6.262
3,27.941,14.513,0.326
7,21.812,27.320,13.543
2,-49.646,-20.641,2.924
2,4.961,48.784,0.903
2,41.025,-34.690,1.840
4,13.055,8.382,-0.150
2,30.525,18.708,0.242
2,-44.161,38.377,3.841
2,37.992,-11.894,-0.706
2,-0.669,-2.603,3.500
2,35.561,-12.369,-0.490
2,-7.492,38.337,1.387
2,21.059,-7.198,0.381
3,-19.512,41.923,2.464
2,-7.876,36.905,1.733
4,4.260,-34.899,4.359
2,2.271,-6.445,3.014
2,-1.984,-44.012,4.359
2,-32.830,-20.845,4.911
2,-9.459,-2.598,4.753
2,30.643,-48.323,2.703
3,-5.563,-19.964,6.158
2,-39.097,4.828,6.977
2,27.031,-31.852,3.149
2,-38.751,3.859,7.100
2,-45.223,-0.787,8.080
3,5.365,-34.119,3.969
2,-36.962,-42.014,1.718
2,11.649,16.725,0.276
4,-22.402,-7.374,6.520
2,-40.046,-37.602,1.804
4,37.241,-14.255,0.744
2,-15.562,-35.162,5.438
2,36.915,36.163,0.565
2,-7.269,-19.837,6.303
2,36.797,48.130,-1.610
2,-48.149,18.712,8.944
2,24.431,-0.407,-2.369
2,6.644,-8.688,2.197
4,0.224,13.796,2.610
2,-18.448,-27.801,5.587
2,-4.865,-10.498,5.445
4,27.850,12.335,0.431
2,-3.343,17.015,2.156
2,22.250,30.426,51.945
2,-40.306,39.986,3.516
7,9.777,37.265,8.941
2,-5.979,-7.260,5.791
2,2.775,-27.864,5.287
4,14.424,-31.339,2.759
4,0.099,4.477,3.712
2,22.418,46.061,-1.836
3,-35.615,-36.222,2.716
2,-29.922,1.867,6.233
2,32.421,48.923,-1.498
2,6.390,47.726,0.639
2,19.754,-38.053,2.615
2,-25.368,28.837,5.059
4,-15.952,31.720,3.627
2,31.492,7.862,-1.265
2,-42.879,-49.870,0.835
4,-2.196,21.970,2.247
2,-44.757,-24.326,2.854
2,-16.112,-22.260,6.031
2,48.560,-38.232,1.431
2,45.808,-2.631,-2.325
2,14.486,-31.597,2.238
3,29.460,13.709,0.179
2,43.148,-17.468,0.194
2,-25.539,-8.233,6.131
4,-19.997,-12.181,6.568
2,33.331,2.831,-2.408
4,41.302,17.844,-1.164
2,9.533,-3.044,0.649
2,-3.670,-47.042,4.302
7,15.989,25.539,18.856
3,-21.505,41.736,2.481
2,-24.885,28.196,4.957
2,36.433,-16.904,-0.131
2,32.007,-36.441,2.150
2,-40.574,9.563,7.344
2,31.988,16.713,-0.237
2,-47.654,16.813,9.018
2,-7.043,3.778,2.982
2,20.942,-36.857,2.657
2,-37.922,-18.895,4.431
2,-34.009,14.501,6.184
2,42.782,-31.145,1.201
2,-29.694,30.450,4.523
2,-24.888,-12.503,6.738
2,44.099,-44.876,1.543
2,8.739,-41.374,2.917
2,16.074,-12.121,1.645
2,13.854,16.648,0.088
2,-37.856,-46.500,1.508
2,15.333,-31.740,2.142
2,-4.662,-22.657,5.747
2,18.526,-20.121,3.266
2,38.256,-0.699,-2.034
4,4.652,-35.027,4.475
2,-3.388,3.561,2.809
2,-37.125,18.139,6.748
4,-27.722,30.613,5.016
2,-16.303,1.880,4.228
3,33.144,44.475,-0.018
2,26.290,35.061,0.096
2,-18.388,24.911,4.229
3,26.951,37.955,0.432
4,-21.526,-9.920,7.119
2,23.354,-10.014,1.113
2,21.024,2.511,-2.255
2,3.653,-7.849,2.694
4,-1.357,13.270,2.406
2,-11.327,32.750,2.073
2,4.746,-17.225,4.219
2,8.624,-4.717,1.391
2,13.178,-34.750,2.135
3,-44.207,-9.368,5.968
2,13.967,-22.388,2.796
3,15.020,-28.555,2.823
2,-6.100,17.766,2.008
2,36.648,-14.013,-0.592
3,-44.018,-9.474,6.337
2,-15.737,-21.478,5.888
2,29.457,0.898,-2.200
2,-13.761,-28.505,5.985
2,-38.223,36.550,3.550
2,17.468,30.943,51.945
3,-43.932,-9.185,6.229
4,32.522,43.455,0.178
2,-1.170,41.754,-0.060
4,12.422,11.588,1.099
2,-29.358,2.687,6.207
7,16.586,25.449,6.287
2,-5.972,19.500,1.893
2,42.407,-24.655,0.425
2,-43.495,-8.825,5.957
2,-8.422,19.225,2.905
3,26.202,36.890,0.561
2,-30.959,43.744,2.795
2,-18.605,-7.884,5.335
2,-23.868,49.381,2.416
2,28.021,15.258,0.179
2,-29.467,-30.878,3.844
2,48.932,16.825,-1.835
2,-35.586,-34.992,3.054
2,-45.731,-27.605,2.229
2,-0.648,27.567,0.012
3,-20.839,40.100,2.399
2,-0.550,12.750,1.840
3,-9.100,-5.391,5.445
2,23.566,-36.432,3.451
2,-45.920,-0.870,7.975
2,-5.263,1.133,3.461
3,26.057,37.139,0.523
4,2.147,-1.431,4.055
2,-19.425,49.462,2.461
2,-40.759,-45.411,1.005
2,24.782,43.352,-1.558
3,-43.936,-9.069,6.349
2,24.757,48.940,-2.307
7,23.861,30.823,28.873
2,-22.482,21.053,4.310
2,-30.521,44.403,2.605
7,23.345,30.231,15.620
2,-31.165,-25.012,5.101
2,-25.708,-2.211,6.415
2,39.025,39.506,0.554
2,15.669,-11.103,1.536
2,-3.961,-41.212,4.777
2,20.759,-34.803,2.620
2,-33.243,12.744,6.414
2,17.511,-14.891,2.406
2,-5.853,-36.336,5.070
2,0.736,-43.160,3.878
2,47.172,-18.668,0.792
2,-28.948,-11.908,6.529
2,-26.819,-19.855,6.165
2,17.907,-3.773,-0.910
2,29.288,13.364,0.122
3,28.398,14.192,0.373
2,-20.214,19.611,4.498
2,-6.753,-5.550,5.147
2,24.580,13.132,-0.194
2,35.138,-14.172,-0.185
2,33.633,5.162,-1.854
2,-29.984,-42.734,3.025
2,-16.926,-5.669,5.166
2,35.104,-30.022,1.463
2,8.903,38.169,-0.976
3,42.053,29.778,0.172
2,19.449,30.977,51.945
4,39.580,18.445,-0.797
2,10.805,47.657,0.275
2,-37.108,37.165,3.277
2,-45.957,-0.301,8.151
2,-29.846,-43.423,3.109
4,-37.134,-36.051,3.077
2,49.201,-35.608,1.339
2,-25.748,43.623,1.800
2,2.589,-46.427,3.477
2,44.931,-16.411,0.039
2,39.931,-25.045,0.533
2,33.082,-45.340,2.999
2,-25.600,-43.895,3.452
2,9.409,16.718,0.721
3,4.675,-33.963,4.104
2,-41.106,-15.011,4.867
2,0.041,13.411,1.826
2,0.660,-18.031,4.670
2,-45.799,-34.420,1.287
2,-1.383,44.077,0.282
2,-0.299,-14.009,4.451
2,4.343,-16.656,4.322
2,-27.775,21.181,4.876
2,37.163,-17.898,-0.135
2,15.163,-27.176,2.454
2,41.228,-44.306,2.266
2,8.973,-48.982,2.155
4,-20.745,-11.966,6.688
2,2.967,-49.429,3.369
3,-35.490,-25.786,4.866
2,-48.276,48.449,1.530
2,33.462,-46.593,2.882
2,8.573,-33.080,2.996
2,-5.486,-7.130,5.275
2,29.264,14.204,0.003
2,45.455,3.039,-2.707
3,-35.643,-36.239,2.864
7,21.702,27.161,0.277
2,12.865,-2.548,-0.088
2,20.176,-15.005,2.247
7,-76.961,111.951,-32.390
2,-12.812,-11.335,5.924
3,27.705,13.936,0.319
4,43.347,23.456,-0.237
2,-28.463,31.203,4.371
2,28.797,-4.493,-0.713
2,24.001,-10.530,1.154
7,-17.275,20.885,-9.070
2,15.217,40.759,-1.526
2,-37.896,8.163,6.700
2,-28.590,36.931,3.145
2,49.564,7.561,-3.368
2,-15.351,10.607,3.599
4,39.269,-16.726,1.518
4,-30.010,31.556,5.144
2,-35.777,43.810,3.080
2,-40.365,24.171,6.392
2,-26.998,-2.615,6.336
4,31.694,7.264,-0.681
4,38.076,-14.806,0.910
2,0.007,-40.964,4.084
2,-21.365,0.487,5.564
2,-41.196,9.336,7.522
2,34.944,26.584,-0.003
4,-33.496,7.125,7.017
2,40.178,17.916,-1.789
2,20.179,-0.908,-1.593
2,-16.023,2.903,4.289
2,-18.431,32.930,3.016
2,-35.474,-14.514,5.556
3,-28.235,32.397,4.354
3,28.279,13.285,0.163
2,36.078,32.545,0.690
3,41.382,29.039,0.107
2,-44.803,0.416,8.391
2,42.266,29.162,-0.236
4,-6.197,-33.322,5.914
2,49.997,-46.574,1.251
3,-44.314,-9.466,6.332
2,-33.759,36.922,3.484
2,-12.465,24.960,4.114
2,23.675,4.099,-1.851
2,-20.171,38.561,2.271
2,-3.325,3.192,2.841
4,41.511,17.126,-0.858
2,24.413,45.715,-1.753
2,-20.811,-23.611,5.940
7,23.436,30.251,9.333
2,-0.130,-14.689,4.495
2,-8.443,-48.905,4.067
2,34.009,34.344,0.199
4,5.253,-33.053,4.588
2,6.597,19.847,0.541
3,42.794,29.289,0.096
2,32.221,43.884,-0.562
2,33.405,48.034,-1.465
2,-24.882,-38.576,3.703
2,-40.131,4.080,7.377
2,26.781,24.112,0.062
2,-34.220,-10.060,5.986
2,-7.170,-48.940,3.952
2,27.967,37.388,0.233
2,-37.247,16.129,7.053
3,42.574,22.323,-0.874
2,-41.646,-20.243,4.303
2,20.993,-37.443,2.725
3,41.301,28.299,0.002
3,-16.287,-23.240,6.582
2,37.559,-23.750,0.534
2,-11.598,26.680,3.251
4,19.963,40.889,-0.420
2,-5.764,-18.784,6.006
3,30.542,32.684,0.694
7,-2.852,-26.515,-7.606
2,-13.069,-5.130,5.014
2,36.539,-11.111,-0.694
2,-48.793,-1.158,8.037
2,19.511,1.021,-1.748
2,36.992,48.850,-1.565
2,-27.604,43.479,2.109
2,-29.157,-0.359,6.513
2,-28.294,-19.348,5.985
3,27.738,2.045,-1.648
2,-14.049,-40.240,5.275
3,42.189,29.498,-0.011
3,-44.199,-9.804,5.906
2,-29.718,-6.259,6.062
2,-24.355,41.384,2.069
2,-20.396,-33.335,4.863
2,24.255,-40.663,3.118
7,15.961,25.507,8.296
3,-43.572,-9.541,6.128
2,-20.055,19.836,4.186
2,-20.667,11.895,4.441
2,3.310,23.074,0.043
2,32.000,-25.299,1.148
2,-38.649,-10.577,5.671
3,-44.461,-8.963,6.254
4,-11.303,32.720,3.519
2,-37.272,23.518,6.157
2,8.156,-7.632,1.786
2,-10.181,-25.470,6.221
2,11.273,5.071,-0.823
2,33.668,19.073,-0.412
2,15.784,-19.541,3.341
3,-35.772,-26.016,4.807
4,19.430,-19.965,3.800
2,6.484,45.370,0.125
2,-12.982,0.092,4.327
2,-41.606,29.673,5.319
7,8.136,34.377,7.846
3,-18.850,8.957,4.810
2,20.074,-49.082,2.910
7,21.707,27.306,2.372
2,-15.970,17.772,3.959
2,30.333,-43.072,3.501
2,15.316,1.394,-1.129
4,-44.690,-9.205,6.463
3,4.213,-33.434,4.205
2,-3.099,-48.208,4.018
2,-9.486,-8.851,5.465
2,-24.765,45.285,1.944
2,-38.436,-28.047,3.832
2,13.167,-31.219,2.211
2,10.292,-45.115,2.528
2,11.647,-15.213,3.229
2,49.180,3.961,-3.413
4,-26.916,31.526,5.213
3,29.024,13.176,0.277
2,-11.327,20.834,3.745
2,33.812,-41.562,3.121
2,9.972,-26.077,3.704
2,-25.166,30.450,4.719
2,42.511,-6.359,-1.316
2,34.054,-44.160,3.108
2,46.839,-23.526,1.571
2,-22.768,-49.853,5.174
2,31.498,-29.947,2.211
2,29.522,32.464,0.530
2,43.916,-2.253,-2.339
4,-18.152,8.026,5.050
2,-45.729,-22.717,3.196
2,35.483,-25.494,1.116
2,-38.651,11.026,7.083
2,20.811,-38.822,2.643
2,5.975,0.626,1.237
2,-9.681,23.706,3.118
2,-43.956,-17.556,4.336
3,28.247,14.691,0.520
2,24.503,-11.327,1.193
2,-21.137,-26.375,5.295
2,-39.949,25.392,6.195
2,-49.119,-19.630,3.318
2,-39.435,29.246,4.950
2,-28.238,-36.535,3.456
2,17.248,-12.123,1.610
2,-17.616,-28.975,5.593
4,-20.596,-11.340,6.722
2,-2.723,-24.340,5.782
2,-3.606,0.796,3.299
2,-34.271,20.082,6.008
2,-45.050,-11.013,5.142
2,48.234,-28.161,1.705
2,2.883,27.008,-0.186
2,-14.694,-12.803,6.119
2,32.572,19.899,0.000
2,10.567,-20.560,3.134
2,-36.091,-25.685,4.493
2,-38.833,23.523,6.401
3,-15.824,-22.918,6.502
2,-34.315,36.404,3.498
2,47.819,-43.543,1.609
2,34.133,-43.158,3.213
2,31.739,-32.749,2.276
3,-10.359,-3.789,5.470
2,-25.973,28.276,5.169
2,-36.904,14.627,6.932
2,31.464,22.785,0.205
4,-20.094,43.353,2.676
2,41.417,48.040,-0.728
4,14.029,-29.864,2.921
2,-38.624,-36.376,1.966
2,-27.060,34.691,3.567
2,41.402,35.416,0.351
2,-27.659,27.358,5.034
2,-24.841,-19.695,6.482
7,36.382,-39.023,-9.000
7,24.384,31.899,12.101
2,-47.141,-25.472,2.142
2,-24.646,-17.193,6.452
2,-17.309,-33.816,5.499
2,1.141,-49.283,3.475
2,-31.087,-39.033,3.043
2,-18.831,44.309,2.234
2,16.874,18.798,0.215
2,40.577,17.227,-1.705
2,-28.900,10.400,5.772
2,33.052,12.861,-0.734
2,49.035,-49.396,1.136
2,-10.472,-12.333,5.988
4,-26.575,-19.601,8.183
2,-10.700,1.509,3.828
2,-45.405,-23.481,2.972
2,44.196,-35.594,1.841
4,28.236,13.067,0.493
2,17.244,-10.401,1.090
7,10.789,39.004,40.433
2,-49.861,8.499,8.787
7,8.153,34.248,10.691
2,-33.459,14.404,6.156
2,-12.278,-48.864,4.506
2,2.212,-33.308,4.360
2,6.318,2.969,0.608
2,11.501,-13.722,2.895
2,-46.652,37.468,3.809
3,5.487,-34.197,3.960
2,-6.499,28.870,2.022
2,-38.016,4.220,6.972
2,-15.517,-41.858,4.990
2,45.399,-16.725,0.160
2,32.218,44.001,-0.298
2,-17.987,-20.141,6.333
2,19.970,-45.679,2.911
2,2.338,49.404,1.276
2,6.984,36.542,-0.796
4,32.808,7.784,-0.812
2,14.428,31.142,51.945
2,-45.226,-27.423,2.345
2,15.730,-0.344,-0.984
2,-42.419,-0.746,7.754
2,19.552,-37.928,2.843
2,12.383,-16.429,3.171
4,-23.639,-8.096,6.866
2,26.133,-28.593,2.638
2,34.006,40.376,0.006
2,-22.495,-40.723,4.039
2,41.140,25.364,-0.294
2,-16.770,-23.042,6.126
2,-8.563,37.104,1.831
2,39.015,-27.234,0.986
2,9.034,-49.908,2.089
2,-36.362,5.420,6.543
3,-36.180,-25.396,4.882
2,40.117,38.524,0.701
3,41.631,18.640,-1.607
2,8.892,23.383,-0.555
2,5.335,42.478,-0.145
2,-9.366,-36.705,5.185
2,-6.575,-8.992,5.794
2,-33.538,2.608,6.284
2,-32.183,-39.996,2.609
2,13.273,-29.591,2.119
2,37.549,15.486,-1.572
2,-21.320,-30.912,4.935
2,-28.394,40.129,2.393
2,-21.434,-1.949,5.588
2,-17.587,-21.294,6.241
2,-22.305,-4.581,5.600
3,-24.811,28.114,5.145
2,-49.594,14.729,9.524
3,-0.034,13.489,2.253
2,-15.144,4.095,4.062
2,-30.320,-44.068,2.943
3,-43.577,-9.624,5.910
2,-26.387,39.066,2.319
2,-6.532,-8.978,5.685
2,20.046,46.945,-1.182
2,47.492,27.521,-0.576
2,-6.785,-6.959,5.702
3,-24.642,28.871,5.205
2,28.842,-8.022,0.095
2,11.780,-47.274,2.046
2,29.978,34.146,0.118
2,-33.974,-26.565,4.604
2,-21.098,33.958,3.144
2,33.111,7.894,-1.617
2,36.641,32.924,0.716
4,40.347,18.558,-0.664
4,-25.798,-20.864,7.428
2,-12.282,15.292,3.397
2,41.376,17.429,-1.788
2,-4.337,8.243,2.565
2,38.834,-41.797,2.503
2,-21.577,-43.097,4.518
2,37.082,-6.464,-1.307
2,-41.550,45.082,2.367
2,-6.012,-9.041,5.593
2,-48.150,-34.044,0.967
2,42.794,-2.656,-2.356
2,10.956,21.071,0.061
2,-3.332,39.281,0.126
2,4.096,-16.275,4.327
3,-19.317,7.257,4.997
2,8.869,-40.282,2.928
2,-49.658,-32.955,0.851
2,31.805,44.458,-0.299
2,-8.544,-21.061,6.338
2,-4.515,11.716,2.525
2,-34.408,36.330,3.543
2,2.352,-23.928,5.246
2,47.697,-15.214,0.058
2,-7.055,-16.455,6.040
3,-16.188,-22.634,6.548
2,48.903,-27.670,1.732
4,24.535,-5.722,0.168
2,-43.917,-16.264,4.543
2,10.882,-45.465,2.495
2,7.188,-47.845,2.398
2,-19.700,2.955,4.836
2,-14.284,37.873,2.296
7,10.085,37.786,0.257
2,20.562,-36.721,2.814
2,-40.660,45.412,2.557
2,-33.874,36.150,3.322
2,-20.914,19.869,4.428
4,-18.556,-9.138,6.911
4,-19.143,-9.179,6.933
2,41.767,18.153,-1.785
2,46.706,-4.738,-1.935
2,0.149,-49.928,3.496
2,-22.408,-44.474,4.265
2,-47.751,11.726,9.046
2,36.180,35.343,0.446
2,22.489,17.961,0.339
2,-2.144,15.819,2.029
2,-2.605,49.318,1.895
2,39.233,37.943,0.718
3,32.819,8.919,-1.266
2,-40.039,40.687,3.320
2,-9.933,-30.853,5.682
2,42.499,5.287,-1.935
2,22.805,37.786,-0.675
2,2.443,46.964,0.821
2,1.197,32.834,-0.740
2,-49.009,31.240,5.437
2,-1.393,-42.666,4.219
2,11.722,-12.946,2.833
2,26.417,28.918,0.531
2,-7.859,-48.817,4.027
2,-36.363,-25.060,4.374
3,-18.759,7.558,4.854
2,-5.662,-7.489,5.840
2,-24.656,9.335,4.907
2,-7.104,-18.680,6.223
2,-27.289,-12.296,6.734
2,38.798,12.264,-1.608
2,-13.214,-47.990,4.564
4,-27.248,33.263,5.312
2,17.381,40.767,-1.386
2,38.564,-2.882,-2.042
2,33.700,29.114,0.492
2,-22.735,-0.077,6.034
2,8.320,-40.145,2.976
3,-5.963,-32.943,5.693
4,-0.297,12.609,2.704
4,11.063,31.827,51.945
7,39.346,-31.586,-4.733
2,27.823,14.596,-0.096
2,-25.445,27.819,5.147
2,-5.576,-29.283,5.801
2,1.687,48.188,1.206
3,-6.510,-31.355,6.045
3,-20.821,42.520,2.647
3,-44.089,-9.572,6.287
2,-41.092,4.476,7.559
2,23.453,15.641,-0.135
2,27.230,-17.644,1.755
2,13.754,-14.640,2.809
4,-35.380,-36.273,3.093
2,42.473,7.722,-2.041
2,-5.171,-31.566,5.880
3,28.508,37.345,0.488
2,11.069,-21.150,3.047
2,39.985,41.447,0.432
2,-23.276,21.783,4.577
2,-1.891,-23.396,5.618
3,-1.023,13.059,2.336
2,31.782,-18.951,0.733
2,3.680,21.446,0.425
2,-31.933,44.739,2.642
7,17.375,25.548,3.485
2,-14.410,20.598,4.009
2,-44.234,-9.398,5.893
2,-10.501,14.881,3.102
2,-48.624,-20.819,3.192
2,-35.347,20.012,6.275
2,-30.732,-46.633,2.804
2,-21.810,3.089,5.272
2,-2.859,-32.184,5.128
4,-23.314,-8.527,7.780
2,44.221,43.472,0.298
2,-4.091,-35.045,5.072
2,-30.946,-23.480,5.170
2,20.368,7.742,-0.880
2,-20.711,18.096,3.938
2,-30.548,-38.333,3.243
2,6.918,29.970,-0.506
2,3.439,-48.880,3.240
2,-32.487,24.931,5.739
2,21.772,47.345,-1.794
2,-13.473,-29.335,5.771
2,27.318,14.283,-0.058
4,-18.863,-7.692,6.719
2,-35.464,3.215,6.780
2,-47.533,48.391,1.444
2,35.718,-34.269,1.563
2,-27.723,-46.400,3.599
2,8.232,-15.875,3.219
2,-2.905,-36.611,4.916
3,27.419,37.049,0.410
4,-16.752,-22.335,6.604
2,-36.428,-41.986,1.786
2,42.507,-4.726,-1.861
2,-4.209,-7.385,5.099
2,46.378,-20.205,0.999
2,-43.940,-42.831,1.291
2,-13.816,48.743,2.388
2,-45.605,-19.479,3.815
2,-40.763,6.700,7.558
2,-44.986,48.374,1.440
2,15.162,-39.515,2.339
2,22.757,-28.954,2.509
3,-6.123,-20.286,6.326
2,-16.569,-22.377,6.063
2,-42.325,0.356,8.018
2,-44.280,-9.292,5.895
2,-7.803,-8.000,5.740
2,-33.481,36.554,3.408
6,12.573,11.143,43.943
6,19.252,85.917,15.327
6,65.424,1.557,13.030
6,14.298,40.175,51.945
6,37.891,-17.260,9.072
6,13.740,40.483,51.945
6,-13.842,28.503,49.771
6,75.866,7.813,6.525
6,29.625,31.007,15.454
6,39.353,-17.607,11.364
6,23.236,-17.165,50.438
6,60.707,33.961,18.619
6,-22.518,95.647,15.490
6,-40.875,8.183,177.236
6,21.001,-17.930,50.438
6,9.511,36.621,51.945
6,-39.559,14.106,90.044
6,45.458,44.769,159.272
6,1.827,1.499,57.747
6,35.989,-17.417,2.913
6,39.256,-18.016,10.717
6,-31.683,3.010,17.892
6,17.312,10.261,43.943
6,45.986,31.130,149.436
6,34.408,-72.800,23.643
6,-49.277,53.479,6.001
6,20.989,38.843,51.945
6,-0.589,4.283,57.747
6,2.435,-0.021,57.747
6,14.451,8.216,43.943
6,-93.505,-1.067,17.366
6,-30.836,102.042,101.588
6,-19.497,-93.808,41.959
6,-14.611,32.895,49.771
6,-109.800,40.169,98.440
6,23.818,-4.191,4.916
6,-3.116,-1.356,57.747
6,-2.675,1.447,57.747
6,21.885,-2.482,5.081
6,-35.272,-5.716,26.013
6,23.016,35.254,51.945
6,12.464,25.385,51.945
6,-13.002,30.498,49.771
6,77.046,22.965,22.841
6,19.656,-19.960,50.438
6,13.719,12.416,43.943
6,-105.210,38.668,16.799
6,-22.831,11.309,136.312
6,17.578,12.589,43.943
6,-67.417,-44.975,47.590
6,16.792,-98.172,49.061
6,21.833,0.044,4.598
6,-11.142,32.943,49.771
6,22.153,38.506,50.520
6,-7.256,37.799,68.597
6,-14.438,56.306,41.140
6,-10.327,31.476,49.771
6,67.552,32.989,15.053
6,-17.676,9.994,135.159
6,66.003,-15.492,54.267
6,17.318,8.843,43.943
6,46.383,8.550,108.263
6,-96.974,-34.491,11.368
6,37.767,-111.664,156.319
6,11.065,38.772,51.945
6,-34.777,-85.258,21.665
6,15.879,26.982,51.945
6,31.274,34.291,16.928
6,24.451,34.052,51.945
6,10.256,37.619,51.945
6,-11.878,29.901,49.771
6,-27.397,-22.110,10.878
6,-28.078,-21.829,10.907
6,18.669,12.598,43.943
6,-76.307,-34.044,5.795
6,-14.530,29.135,49.771
6,26.830,-0.639,7.993
6,49.655,-43.733,178.176
6,-20.761,-7.968,12.990
6,22.454,-21.241,50.438
6,7.929,-37.029,148.463
6,-38.006,75.393,6.574
6,18.688,38.029,51.945
6,28.732,92.537,17.676
6,13.731,27.490,51.945
6,-57.277,-31.195,42.228
6,49.603,-22.569,165.726
6,50.429,-39.798,40.766
6,90.882,32.327,14.939
6,-13.379,-10.904,63.509
6,32.589,34.579,14.644
6,2.513,-80.139,55.255
6,97.129,40.236,2.740
6,29.022,85.523,26.646
6,99.241,7.029,15.926
6,15.153,12.677,43.943
6,24.450,-4.083,4.942
6,14.490,10.407,43.943
6,-36.949,-60.983,10.557
6,21.538,68.659,18.614
6,18.049,-43.750,110.646
6,-24.472,10.617,123.708
6,-36.604,4.961,22.367
6,-35.714,10.018,19.755
6,93.811,46.340,44.952
6,-15.942,31.950,49.771
6,-33.235,-3.598,23.279
6,15.743,39.721,51.945
6,0.938,-1.393,57.747
6,46.143,-37.362,107.883
6,19.174,-36.102,145.458
6,-23.917,-19.957,14.013
6,-71.320,-33.723,10.148
6,21.563,37.572,51.945
6,-68.608,20.644,35.865
6,23.694,-18.449,50.438
6,11.772,31.072,51.945
6,-11.159,-78.462,18.865
6,45.047,69.752,57.185
6,34.082,34.742,9.200
6,40.235,45.938,166.398
6,0.965,4.024,57.747
6,2.327,4.097,57.747
6,48.110,41.641,72.271
6,-33.408,6.995,25.776
6,152.413,146.939,21.419
6,79.876,-4.162,49.904
6,18.940,9.565,43.943
6,10.840,28.399,51.945
6,-0.566,0.619,57.747
6,-42.305,-37.471,143.111
6,-45.350,33.269,159.453
6,81.616,5.191,22.817
6,-1.282,40.665,151.828
6,145.710,-51.049,166.203
6,24.651,-17.093,50.438
6,2.364,2.916,57.747
6,-51.086,47.961,36.778
6,-38.050,-7.239,17.732
6,28.837,-59.650,23.627
6,20.201,12.545,43.943
6,-28.385,-2.421,166.973
6,-26.621,103.276,115.366
6,20.901,-90.189,45.586
6,-85.574,-21.084,50.794
6,20.867,-19.910,50.438
6,-78.918,-14.669,55.560
6,168.051,174.861,81.994
6,7.862,57.101,5.675
6,-52.511,-35.368,40.501
6,-22.889,123.290,54.130
6,23.079,33.919,51.945
6,-77.456,10.147,54.982
6,-21.191,49.910,152.159
6,-25.776,-22.311,12.060
6,-30.614,7.666,24.369
6,20.332,10.997,43.943
6,32.536,30.901,15.107
6,-35.657,76.779,30.347
6,21.772,-20.731,50.438
6,61.155,-19.826,32.661
6,-44.163,88.227,40.488
6,76.032,-31.108,19.154
6,49.483,-96.309,40.197
6,-26.271,44.448,118.441
6,45.149,-76.963,22.477
6,90.098,-4.893,27.818
6,46.108,87.122,14.826
6,-3.357,-20.678,85.540
6,-16.910,7.212,172.978
6,29.903,34.038,16.335
6,-1.918,-95.519,24.855
6,30.342,91.728,32.886
6,-50.393,52.129,113.673
6,98.542,-49.242,8.534
6,49.946,3.807,91.025
6,24.357,2.162,3.378
6,-93.029,-5.688,56.817
6,74.718,41.307,25.009
6,26.004,-2.335,7.937
6,31.232,46.430,115.316
6,16.620,26.223,51.945
6,22.212,17.904,103.571
6,-32.710,39.909,135.422
6,30.084,31.745,16.728
6,37.524,-11.910,69.296
6,-36.207,8.827,20.220
6,-96.556,-91.167,148.830
6,42.401,-61.592,52.795
6,172.454,147.037,161.305
6,38.946,5.561,134.393
6,-31.983,10.568,12.560
6,76.692,-5.792,40.044
6,20.674,25.357,51.247
6,24.208,33.331,51.945
6,1.250,66.307,31.219
6,25.128,-1.204,10.503
6,55.116,9.511,3.163
6,-48.172,76.408,19.639
6,-0.165,-46.134,123.878
6,23.049,36.150,51.945
6,-16.036,32.851,49.771
6,-98.800,-43.076,46.415
6,98.163,-8.781,53.991
6,4.885,-53.118,15.041
6,-49.790,46.831,148.311
6,-38.317,-4.791,20.452
6,12.496,8.362,43.943
6,33.858,-27.203,98.817
6,26.866,42.071,81.196
6,-98.868,23.125,33.122
6,8.746,-89.660,51.832
6,-3.251,2.067,57.747
6,-59.653,39.474,34.721
6,97.224,31.808,108.111
6,-39.815,-39.387,141.259
6,-62.165,-72.126,160.715
6,-37.641,-36.549,85.246
6,9.606,31.287,51.945
6,31.711,-37.882,164.900
6,19.400,11.186,43.943
6,12.957,29.170,51.945
6,-81.918,85.700,83.876
6,134.225,134.110,159.616
6,-34.283,1.650,177.288
6,25.175,0.341,8.035
6,8.448,2.181,0.169
6,61.194,-10.716,40.578
6,11.469,26.318,51.945
6,17.252,40.404,51.945
6,29.871,-92.015,51.491
6,24.490,-18.158,49.715
6,25.670,-36.730,61.750
6,18.726,-8.928,166.839
6,-1.314,-1.320,57.747
6,-40.547,21.560,114.504
6,86.966,24.081,41.578
6,22.327,28.412,51.945
6,-95.474,-6.609,57.141
6,-54.473,-16.072,46.784
6,123.160,-61.432,116.740
6,134.696,-120.539,71.688
6,62.578,46.492,22.687
6,-24.242,99.416,22.256
6,37.807,-95.678,10.750
6,77.989,9.052,54.313
6,-49.873,-62.929,50.796
6,46.667,-47.659,74.594
6,-38.733,7.358,16.459
6,-22.937,-92.280,26.710
6,-36.613,2.802,23.106
6,-33.964,-5.845,22.995
6,89.082,39.591,79.685
6,-20.804,-12.169,8.209
6,8.115,33.272,51.945
6,-116.790,-36.137,160.993
6,-11.638,-38.523,69.767
6,-31.538,-43.856,74.008
6,83.366,9.306,32.178
6,-87.055,-14.304,15.559
6,67.904,25.762,4.331
6,-23.408,-17.990,8.815
6,51.305,-1.622,18.249
6,65.917,39.994,28.765
6,-24.690,-54.718,10.712
6,20.936,26.190,51.945
6,-67.509,-33.907,37.602
6,23.981,-2.521,6.729
6,-38.796,34.854,95.183
6,-62.894,30.622,51.090
6,168.018,74.953,71.774
6,-11.392,142.786,120.475
6,-7.712,40.345,139.443
6,51.357,42.829,50.626
6,73.176,12.068,13.783
6,70.807,18.013,9.091
6,-36.940,-23.142,127.788
6,-11.091,-36.982,168.079
6,-25.607,71.655,40.409
6,26.883,-4.181,4.821
6,49.564,-84.930,53.336
6,46.801,-63.283,47.704
6,39.756,-15.886,8.709
6,-42.220,-18.320,177.706
6,-42.765,-6.034,61.507
6,-60.051,-35.514,39.952
6,30.814,36.414,14.665
6,-79.804,-44.755,51.112
6,52.694,8.637,52.831
6,-43.706,-22.019,72.026
6,-23.577,-21.395,10.726
6,-33.894,-74.667,41.700
6,37.920,-18.365,8.916
6,-47.064,-51.637,50.285
6,12.206,38.893,51.945
6,84.065,-12.446,42.196
6,4.065,2.527,57.016
6,11.188,-29.144,113.851
6,9.641,-66.437,117.862
6,-0.191,98.740,46.031
6,-63.383,-37.476,32.132
6,63.502,2.087,51.620
6,-33.032,-55.776,44.197
6,-13.771,32.098,49.771
6,-33.661,0.895,102.387
6,-48.409,-3.237,102.945
6,-1.643,-56.899,78.072
6,97.921,43.776,7.504
6,-41.325,-38.578,103.883
6,-35.423,5.860,24.597
6,-77.198,-49.085,32.935
6,30.742,97.700,32.064
6,0.487,2.008,171.679
6,19.995,40.393,51.945
6,-96.226,48.614,5.975
6,34.432,-98.221,53.930
6,-33.797,-18.975,161.073
6,24.872,-2.160,7.896
6,-26.006,-20.219,17.523
6,-33.728,-6.561,23.842
6,65.062,-19.691,12.049
6,-19.787,-11.416,133.464
6,19.552,25.316,51.945
6,19.215,-4.589,95.614
6,47.313,56.193,15.040
6,43.271,-56.065,16.425
6,12.893,37.103,100.422
6,-6.675,82.754,43.408
6,-45.549,-82.780,36.834
6,-21.317,57.189,169.403
6,28.564,94.243,44.881
6,-36.269,-5.830,23.365
6,28.059,27.490,101.630
6,37.747,11.482,63.814
6,-21.129,-9.260,15.460
6,12.982,-16.352,56.591
6,-25.955,-20.116,17.738
6,33.533,22.009,74.836
6,1.885,-26.941,98.570
6,-22.156,-7.975,13.029
6,-26.143,84.708,24.643
6,-13.633,-72.025,27.650
6,-58.335,-34.736,46.942
6,37.232,95.388,39.439
6,-47.549,74.417,48.129
6,41.425,30.557,155.408
6,28.170,0.046,3.086
6,20.255,9.855,43.943
6,-4.011,147.442,22.170
6,35.435,101.619,94.109
6,89.986,136.903,56.745
6,19.786,-20.476,49.730
6,-31.757,-61.161,27.614
6,32.538,-68.833,52.756
6,4.109,-1.384,57.025
6,-38.344,37.262,98.742
6,-22.383,-5.965,7.919
6,100.816,121.298,35.631
6,-35.438,2.848,23.018
6,7.736,32.046,92.608
6,-42.563,-24.117,79.836
6,-114.727,45.541,106.724
6,42.547,86.143,39.219
6,-22.863,-47.760,109.955
6,-11.000,40.685,132.337
6,32.552,-95.148,4.339
6,3.885,-29.363,150.244
6,82.924,-16.881,48.187
6,-1.762,-84.101,17.633
6,7.981,34.253,46.966
6,-28.333,-22.250,8.976
6,-38.793,4.861,20.251
6,-31.901,-5.695,18.705
6,-29.980,-64.977,4.404
6,-21.365,-17.963,126.556
6,98.894,-25.177,30.080
6,43.092,-9.594,162.305
6,74.418,-23.426,10.626
6,-36.230,10.248,20.694
6,-27.673,-17.762,10.547
6,8.508,22.467,142.174
6,-28.028,-19.835,11.915
6,-91.637,13.725,9.787
6,113.980,-109.855,50.258
6,14.323,25.467,51.945
6,9.575,29.664,51.945
6,119.417,-59.362,119.828
6,94.241,-24.440,12.618
6,65.708,-45.415,31.162
6,-3.778,-35.989,156.731
6,70.795,-12.462,52.984
6,-68.463,-23.805,24.973
6,-87.842,-25.521,169.996
6,-37.763,32.577,42.383
6,-47.639,-70.019,29.514
6,-55.734,173.831,101.169
6,-80.674,20.564,48.688
6,-80.359,34.117,38.998
6,-38.315,76.413,9.954
6,-36.524,7.608,23.181
6,42.078,-19.023,3.994
6,-6.693,-20.908,81.873
6,39.808,-20.123,5.595
6,17.160,25.388,51.945
6,-82.385,-0.039,41.138
6,-37.703,-8.580,163.364
6,-30.433,-23.543,175.450
6,-1.324,2.744,168.744
6,27.951,34.816,11.353
6,19.289,37.332,51.945
6,37.543,-60.223,19.089
6,-35.570,-44.035,148.096
6,-9.478,32.862,49.771
6,-9.185,-24.552,113.281
6,-46.597,-16.794,174.286
6,-98.253,-14.651,55.206
6,17.736,-16.966,49.729
6,31.962,74.986,49.591
6,14.037,-27.815,60.870
6,-82.660,41.318,46.213
6,12.946,30.281,51.945
6,14.894,23.527,64.320
6,-32.713,-23.729,39.757
6,-31.478,5.522,23.762
6,-31.539,8.802,24.103
6,98.236,-116.397,44.578
6,-45.933,-45.377,166.792
6,-32.128,8.182,23.025
6,129.736,97.886,58.921
6,23.377,0.234,7.529
6,135.032,-63.647,126.820
6,-12.106,-28.932,49.117
6,36.608,31.635,112.825
6,3.776,1.426,57.747
6,16.432,39.552,51.945
6,-2.422,86.862,4.877
6,-48.679,-16.114,174.058
6,-98.566,-39.450,30.524
6,-36.925,-45.419,66.212
6,-69.892,-16.748,44.266
6,4.232,4.530,57.015
6,48.379,-37.869,142.228
6,80.660,15.444,11.430
6,-73.627,47.792,46.326
6,37.596,-27.052,111.554
6,-35.606,-6.208,23.960
6,-29.455,7.117,17.691
6,-33.441,10.045,19.216
6,-24.818,-17.853,11.753
6,-32.724,5.262,24.707
6,-11.028,98.273,50.322
6,14.508,32.142,149.656
6,-75.090,17.071,30.560
6,-123.836,-19.487,41.791
6,-53.197,3.052,18.932
6,13.597,-13.831,60.120
6,-14.234,-55.412,38.891
6,-41.518,94.105,31.884
6,23.667,-1.504,7.952
6,21.001,40.413,51.945
6,33.547,19.223,116.175
6,-22.002,-9.561,13.322
6,27.555,99.785,21.766
6,7.800,-48.289,80.358
6,-21.428,-14.630,170.410
6,5.531,35.310,172.806
6,-65.827,-36.703,30.248
6,28.246,-11.972,173.670
6,-98.068,-21.360,34.626
6,19.022,26.378,98.778
6,-15.806,-53.426,64.579
6,-21.141,-10.052,13.358
6,7.999,31.898,44.112
6,-98.334,-47.049,28.242
6,156.100,36.081,91.361
6,-22.119,-10.451,11.504
6,-90.456,7.057,51.632
6,61.726,8.954,13.086
6,52.998,28.554,23.774
6,29.924,33.804,15.946
6,22.181,-22.352,49.726
6,152.825,112.557,110.186
6,-21.573,-78.960,52.315
6,-7.393,47.766,105.203
6,61.658,-24.741,3.277
6,-12.356,47.524,160.922
6,-4.781,-18.165,73.324
6,-64.598,-19.492,38.552
6,25.257,-30.758,108.870
6,-50.405,87.804,89.583
6,-98.252,-24.078,42.222
6,11.759,25.474,51.227
6,21.956,-1.336,3.524
6,28.645,87.548,3.643
6,26.033,2.295,0.465
6,-99.703,7.240,25.235
6,38.566,-7.735,69.381
6,27.835,33.867,11.060
6,-37.125,-3.048,23.695
6,54.550,-1.953,18.781
6,-34.949,9.980,24.846
6,94.459,132.424,69.805
6,17.581,-20.577,61.506
6,-3.622,-95.356,102.130
6,19.764,99.907,11.075
6,6.017,64.367,27.702
6,42.217,-104.203,102.840
6,-13.903,27.967,157.792
6,42.245,-16.662,4.548
6,93.035,-34.192,29.213
6,-8.885,-52.921,33.171
6,-72.051,-30.959,13.347
6,28.162,-73.809,30.709
6,-28.043,-17.588,8.890
6,62.666,1.462,10.131
6,25.138,51.284,48.828
6,102.924,3.508,74.918
6,-64.498,-47.260,52.105
6,-15.106,63.757,26.394
6,-70.891,-21.935,10.093
6,-3.768,49.994,1.943
6,-7.377,88.821,47.556
6,-10.372,83.185,14.223
6,27.716,-33.542,58.261
6,-45.717,79.396,13.534
6,24.308,31.664,51.945
6,-45.912,6.714,79.646
6,92.510,17.577,21.564
6,-36.180,-6.609,22.863
6,-17.730,62.976,31.958
6,42.472,1.912,83.662
6,-47.827,-76.411,21.798
6,-19.985,-8.919,13.139
6,-1.414,37.147,129.989
6,-44.094,11.077,146.133
6,23.332,30.103,51.247
6,42.825,49.468,70.756
6,-9.623,55.864,13.780
6,40.153,-18.208,9.167
6,-38.256,-87.616,40.429
6,40.324,-17.419,9.025
6,-19.810,-7.599,11.731
6,140.744,142.389,139.857
6,40.082,-15.774,7.169
6,26.113,0.959,6.744
6,-4.413,-94.972,34.339
6,28.027,-2.379,3.677
6,3.850,-88.283,35.283
6,-31.647,91.165,26.012
6,40.185,-20.434,3.893
6,-37.530,-69.578,18.641
6,84.236,36.752,20.056
6,-17.950,-9.176,8.223
6,-34.151,7.076,23.776
6,-29.213,9.930,21.493
6,21.611,-22.670,50.438
6,-32.913,3.657,24.458
6,-89.097,49.768,22.056
6,32.547,-70.013,28.444
6,36.243,79.652,40.985
6,-25.939,-19.910,17.738
6,3.504,-113.030,165.888
6,-33.852,61.187,52.895
6,32.248,-79.345,5.001
6,-21.985,-23.846,64.487
6,-24.139,46.101,77.076
6,-23.677,-22.280,9.195
6,83.022,29.916,45.780
6,8.963,1.806,0.022
6,-78.968,-13.845,177.369
6,52.041,40.746,25.449
6,-28.800,-88.211,52.660
6,-35.672,-8.122,21.780
6,26.934,-47.928,158.055
6,169.250,-35.112,139.216
6,8.763,35.434,51.945
6,-9.412,91.009,8.170
6,-31.712,81.758,5.097
6,157.845,159.307,75.656
6,59.868,-28.287,17.988
6,30.975,100.367,8.660
6,39.756,63.078,32.788
6,-78.578,-3.270,19.365
6,149.359,-26.882,134.447
6,17.720,2.203,81.610
6,-43.266,-87.951,14.109
6,-30.266,-81.996,21.969
6,54.037,-49.141,51.279
6,-22.472,-12.117,8.338
6,-12.401,-35.961,155.225
6,47.493,-82.197,40.529
6,-79.266,23.611,14.045
6,68.842,173.189,44.499
6,-71.396,96.388,170.807
6,82.366,36.502,51.051
6,-37.877,84.068,17.139
6,55.023,3.818,4.090
6,19.122,87.140,3.153
6,9.788,-79.853,19.762
6,6.756,-76.126,49.252
6,6.388,16.576,115.616
6,-79.896,-22.191,13.205
6,-12.790,-27.857,62.805
6,-59.445,32.841,27.616
6,4.096,0.476,57.021
6,37.783,-15.066,4.223
6,-48.655,33.065,163.090
6,-3.164,4.034,57.747
6,-91.004,-6.589,57.888
6,-70.500,50.117,107.732
6,4.108,-82.525,56.139
6,62.644,-75.085,45.973
6,-8.143,-66.348,25.892
6,85.889,22.266,53.519
6,30.924,33.131,19.043
6,-52.976,41.715,44.020
6,-2.183,-13.170,176.700
6,37.501,-20.015,2.334
6,60.239,-40.793,4.811
6,41.707,1.599,163.139
6,22.091,27.875,51.247
6,-16.048,31.748,48.351
6,-35.275,-3.960,22.553
6,-9.901,31.626,49.049
6,45.507,-84.829,42.729
6,91.637,13.126,52.197
6,-40.097,-35.142,123.033
6,-26.724,150.753,126.538
6,-5.274,26.835,144.932
6,-6.354,-13.308,165.429
6,124.094,-20.640,139.552
6,-26.052,-19.878,17.523
6,18.990,-17.357,98.384
6,56.139,-35.688,38.223
6,28.137,-0.760,4.538
6,11.694,40.382,51.945
6,32.280,33.706,16.344
6,-48.800,15.444,160.856
