2,-17.913,16.449,1.887
2,-32.903,47.719,2.715
2,-3.174,-49.354,5.822
3,2.631,25.745,2.710
2,35.811,-26.941,-1.317
2,18.746,30.966,1.803
2,-40.697,30.762,1.927
2,10.502,33.567,2.428
2,-37.457,-0.888,5.561
2,26.406,-16.561,0.222
2,-25.115,35.877,2.204
2,44.674,20.396,-1.316
2,30.660,25.029,2.497
2,22.408,-21.407,0.414
2,-3.175,-27.094,3.544
2,-5.420,39.572,3.185
2,42.291,15.025,-1.353
2,-3.134,16.290,1.565
4,-24.184,39.117,3.415
2,38.762,49.884,-0.188
4,26.431,-12.817,0.418
2,-37.530,34.819,1.881
2,5.557,29.361,2.052
2,26.925,-10.420,-0.464
2,-43.520,9.644,3.166
2,29.254,34.471,1.300
4,-42.499,-9.635,7.567
2,19.175,16.291,1.013
2,-42.574,18.532,1.889
3,-43.192,26.126,2.320
2,-46.189,-1.389,6.350
4,0.747,-9.124,2.381
2,29.155,-30.590,-0.204
2,-17.448,40.880,2.921
2,15.287,-49.806,4.675
2,45.544,43.577,0.607
2,39.871,41.884,0.611
4,-42.041,24.211,2.692
2,26.590,37.220,1.236
2,-38.450,-17.326,6.791
2,16.336,18.571,0.763
2,34.653,33.720,1.070
2,28.819,17.986,1.710
2,-0.055,-31.148,2.900
2,39.927,24.730,0.831
2,-33.544,-20.640,6.595
2,17.185,-14.849,-0.393
2,-14.197,-8.449,3.194
2,-15.493,34.400,2.741
2,25.820,17.005,1.224
2,7.898,-49.882,5.635
2,1.299,31.496,2.729
2,-41.800,6.567,3.860
2,-29.804,41.467,2.348
3,-34.097,-11.459,7.100
2,31.096,-21.958,-0.209
2,2.097,28.915,2.466
2,44.623,3.998,-2.721
4,17.598,-30.292,2.632
2,-8.210,2.680,3.107
4,-33.450,-40.114,4.944
2,-15.666,30.315,3.127
2,37.250,-31.493,-1.212
4,23.890,-27.010,0.722
2,-24.231,1.326,1.842
2,3.234,-48.159,5.799
2,-26.441,31.328,2.413
2,30.734,16.706,1.258
2,-13.105,33.233,3.115
2,-5.288,39.525,3.123
2,48.560,-28.568,-2.129
2,-44.090,19.952,2.077
2,32.750,-15.782,-1.057
2,15.572,-9.605,-0.819
2,-22.653,7.000,1.699
2,-20.470,-20.129,5.799
2,2.341,26.215,2.136
2,-23.634,-49.003,4.280
2,26.912,-11.977,-0.249
4,16.863,-21.370,1.822
2,45.915,33.160,0.550
2,4.308,-42.063,5.109
2,24.842,42.326,1.397
2,-43.797,11.025,2.878
2,8.107,22.306,0.964
2,36.477,32.524,1.398
2,-8.635,26.280,3.431
2,-6.014,30.493,3.176
2,-39.656,-12.438,6.798
2,47.121,32.074,0.371
2,16.208,47.558,1.966
2,30.460,-12.646,-1.351
2,7.786,24.763,1.169
2,-47.812,47.176,2.292
2,-11.504,30.615,3.438
2,-9.007,32.583,2.922
2,-28.693,25.048,1.883
2,-15.379,-33.515,4.860
2,-41.101,31.141,2.000
2,-21.619,-3.370,3.417
2,21.597,-15.617,0.351
2,25.941,-12.713,-0.235
2,3.967,49.409,0.370
2,23.292,-3.958,-1.120
2,-7.109,12.415,1.039
2,15.076,6.526,0.464
2,27.179,-23.806,0.081
2,17.900,10.390,0.577
2,26.276,-11.714,0.066
4,30.265,-17.222,1.094
2,-13.150,-31.730,4.557
2,33.140,-1.211,-1.485
2,-49.662,-36.687,3.075
2,-11.037,42.184,3.158
2,22.076,-14.500,0.085
2,16.967,40.388,2.431
3,28.673,-8.504,-0.461
2,-45.286,-0.466,6.273
2,24.714,45.299,1.567
2,7.320,9.975,0.430
2,27.177,25.876,2.468
4,-12.105,-15.938,4.258
2,3.305,3.790,1.328
2,-33.692,-16.774,6.756
2,-14.329,45.963,3.298
2,-7.051,-36.095,4.996
2,-36.879,3.675,4.200
2,-4.379,29.121,3.540
2,7.354,42.833,1.933
2,-45.142,2.448,5.291
2,-23.253,42.356,2.682
2,37.552,-48.098,0.079
2,-46.770,29.000,2.526
2,26.780,-40.256,1.195
2,49.645,-18.695,-2.622
2,-31.331,24.034,1.561
2,-44.179,7.243,3.797
2,-29.789,-28.245,5.459
2,-24.614,28.729,2.274
2,-22.925,43.788,2.818
2,-10.188,12.780,1.060
4,-4.613,39.141,3.481
2,46.653,14.291,-2.335
2,-38.716,-24.522,5.932
3,-42.882,18.176,2.465
2,18.030,-6.315,-0.919
2,-31.640,1.461,3.233
2,10.903,24.285,1.019
2,17.491,32.231,1.963
2,-25.883,-49.333,4.137
2,-22.960,21.853,2.240
2,7.429,9.225,0.553
2,-19.078,-39.447,4.881
3,-11.928,-14.854,3.560
4,20.418,-19.368,1.202
2,-15.689,-43.253,5.114
2,-35.558,-3.721,5.465
2,-42.393,9.920,2.902
2,-12.669,29.219,3.448
2,-49.406,-31.439,5.435
2,-12.657,14.942,1.400
2,-46.921,7.333,4.064
2,-14.718,0.521,3.445
3,23.726,36.448,2.008
2,27.978,23.964,2.836
2,-29.547,-38.016,4.254
2,43.701,-24.987,-1.438
4,-43.133,24.685,2.933
4,-25.046,-34.375,6.650
4,-33.516,-3.746,5.308
2,-48.991,26.520,1.888
2,-4.579,29.394,3.596
2,39.322,-44.476,-0.814
2,-34.185,-41.584,3.782
2,-1.056,-15.898,2.209
2,21.846,-33.848,1.006
2,-22.852,40.379,2.779
2,-21.038,-17.973,5.418
2,-28.427,-3.309,3.589
3,-4.530,-15.539,3.254
4,-43.121,26.162,2.840
2,-32.229,39.324,2.141
4,31.061,16.584,2.547
3,-33.087,-12.035,6.863
2,40.141,33.100,0.750
2,-15.991,-44.814,5.404
2,-32.581,43.436,2.164
2,14.888,43.840,2.234
2,-43.305,9.747,3.116
2,15.556,15.759,0.493
2,39.979,12.601,-0.989
2,37.009,35.968,0.220
2,15.920,21.417,0.930
2,-3.138,-14.615,2.668
2,-10.933,33.363,2.997
2,-1.583,-38.210,4.634
4,21.183,-21.691,1.091
2,5.015,34.850,2.465
2,27.235,38.478,1.048
2,-23.368,5.355,1.817
2,-44.572,-40.210,2.954
2,-26.847,22.302,1.438
2,-41.268,4.505,4.486
2,14.175,-17.840,0.701
2,-40.833,14.666,1.832
2,-27.088,26.439,2.013
2,-33.714,-2.158,4.554
3,-6.400,-18.045,3.591
2,16.470,-30.905,2.002
2,-20.941,47.580,2.944
2,24.191,36.126,1.553
2,-23.506,2.814,1.964
2,-44.408,26.126,2.402
4,-34.630,-40.363,4.607
2,-48.684,31.675,2.631
4,29.127,-16.910,1.040
4,24.953,35.534,2.034
2,-9.923,-3.764,2.665
2,14.904,7.744,0.462
2,-24.966,27.926,2.158
2,4.100,30.062,2.328
3,-5.216,40.661,3.108
2,43.623,16.295,-1.387
2,-23.432,40.457,2.575
2,-28.174,-33.576,5.310
2,46.860,-2.031,-2.886
2,24.745,-31.396,0.090
2,-14.440,34.875,2.718
2,-37.366,-7.049,5.578
2,-27.394,-49.873,3.967
2,39.171,-35.412,-1.203
2,-43.594,10.616,3.185
2,-36.138,-5.285,5.360
2,30.939,-32.593,-0.032
2,-14.401,-36.495,5.098
2,-26.372,1.804,2.005
2,-35.697,24.516,0.995
2,-15.711,-5.595,3.786
2,-44.248,27.200,2.378
2,-6.557,-16.387,3.325
2,0.565,22.762,2.647
4,2.975,26.226,3.201
2,8.637,-4.902,0.691
2,-38.563,-26.394,5.579
2,-45.740,-44.805,2.588
4,2.685,36.872,3.353
2,-3.822,-13.145,2.668
2,-29.047,28.273,2.016
2,-14.223,33.335,3.002
2,-47.961,49.696,1.647
2,-47.716,-7.488,6.669
2,-28.645,-20.219,6.287
2,-8.562,5.890,2.378
2,34.358,-24.681,-1.235
2,20.418,47.548,1.917
2,15.819,-47.324,4.224
2,32.014,46.308,0.205
2,-48.541,-40.227,2.578
2,45.780,-3.099,-2.468
2,-12.426,-3.250,3.319
2,-13.790,-33.353,4.856
2,-33.057,-37.679,4.122
2,-8.881,-37.527,5.479
2,-45.735,-3.414,6.478
3,40.971,21.683,0.151
2,-5.332,28.901,3.568
2,-6.114,-15.822,3.358
2,-32.244,-13.415,6.532
3,27.578,-17.081,0.566
2,-3.062,30.502,3.555
2,-18.673,-34.980,5.268
2,-21.309,-4.796,3.622
2,-16.661,19.057,2.188
2,41.871,19.038,-0.716
4,23.335,-0.376,-0.970
2,-5.004,39.335,2.951
2,39.703,-9.515,-2.613
2,2.394,25.970,2.299
2,-15.060,-24.563,5.799
2,0.123,6.829,1.343
2,-20.652,-28.996,6.052
7,-9.481,27.493,-4.763
2,-35.171,11.091,1.838
4,-25.196,-35.786,6.200
4,17.253,-23.011,1.408
2,-41.090,-44.952,2.864
2,-7.212,-36.989,5.249
2,44.780,16.376,-1.895
2,-25.552,32.280,2.290
2,36.439,-13.760,-1.871
2,-23.052,10.836,2.360
2,42.468,-43.256,-0.985
2,9.992,39.881,2.198
2,2.462,26.543,2.240
2,10.602,9.613,0.728
4,25.108,-27.088,0.748
2,20.213,-39.070,2.418
4,17.524,-30.164,2.850
2,-43.731,-15.739,7.118
2,-15.301,38.703,2.807
2,-25.910,7.012,1.553
2,-9.235,48.890,2.291
2,28.282,29.196,1.857
2,-39.258,14.558,1.687
2,26.509,41.488,1.127
2,-23.144,41.008,2.828
2,46.247,-26.381,-1.686
2,17.273,-31.258,2.060
2,-35.121,-44.767,3.799
2,39.991,14.992,-0.848
2,-16.935,21.170,2.627
2,-29.383,-11.708,5.983
2,-24.792,1.953,2.041
2,-40.335,-28.148,5.618
2,31.250,28.061,2.312
2,25.351,18.220,1.568
2,33.574,-30.977,-0.751
2,42.961,-41.122,-1.362
2,43.460,24.047,-0.668
2,6.101,48.003,0.923
2,47.211,25.133,-1.132
2,0.091,-40.363,4.696
4,24.855,-27.287,0.804
3,24.000,-27.164,0.323
2,-21.418,33.202,3.070
2,-30.599,9.663,1.610
2,14.531,6.086,0.479
2,-27.823,-2.483,3.281
2,18.870,41.520,2.129
2,3.580,17.507,1.707
2,-34.773,-40.274,3.726
2,-42.435,19.170,1.871
2,-49.745,47.519,1.967
3,-5.638,41.077,3.189
2,-26.572,18.400,1.957
2,49.352,-5.456,-3.109
4,-5.397,40.399,3.338
2,43.668,0.797,-2.257
2,-31.719,-49.006,4.089
2,13.558,26.722,1.363
2,-16.215,1.604,3.303
2,1.764,28.351,2.351
2,48.947,18.075,-2.229
2,-4.973,42.141,2.400
2,36.112,-43.760,-0.681
4,-33.476,-39.246,4.599
2,-38.662,-49.998,3.082
2,-2.061,-15.005,2.386
2,18.653,35.037,2.333
2,19.113,-14.014,-0.667
2,25.267,-5.744,-0.622
2,-49.982,-29.280,5.513
2,47.511,40.781,0.620
2,14.970,40.245,2.498
2,-28.139,46.401,3.096
2,-6.339,-39.682,5.948
2,-27.919,44.558,2.719
2,-39.493,45.331,2.345
2,-8.213,-45.320,6.212
2,27.294,33.852,1.385
2,22.500,0.254,-1.600
2,5.090,39.949,1.924
2,30.486,-30.799,-0.261
2,34.430,15.818,0.142
2,8.349,-15.887,1.354
2,29.242,35.861,1.233
2,-27.344,28.805,2.157
2,32.415,-40.938,-0.053
2,-49.201,-2.937,6.412
2,-44.271,-23.910,6.220
4,-42.441,-10.607,7.818
2,-3.368,42.267,2.357
2,48.846,-46.572,-0.350
2,39.591,-27.740,-1.168
2,42.745,-11.557,-2.628
2,1.925,-34.382,3.657
2,-17.843,-25.005,6.282
2,39.158,12.547,-0.801
2,26.756,-18.117,0.271
2,19.013,15.239,0.800
2,9.852,19.987,0.790
2,19.117,-6.413,-1.054
2,-6.752,-18.920,3.657
2,-15.871,31.708,3.112
2,-5.130,31.188,3.495
2,11.134,-5.062,0.251
2,24.643,45.893,1.606
2,4.840,-46.993,5.555
4,14.492,-20.970,1.492
2,24.128,37.250,2.145
2,37.671,-22.948,-0.932
4,23.732,-26.409,0.503
2,27.146,-1.902,-1.479
2,0.740,34.742,2.799
3,28.388,-46.389,2.327
2,3.635,48.563,0.452
2,-15.762,49.605,3.288
2,-21.516,-31.405,5.908
2,-12.367,-27.906,4.562
2,46.068,17.516,-1.993
2,-6.651,42.601,2.301
2,-26.021,-49.979,4.100
2,-22.614,-45.900,4.510
2,-17.655,-26.715,6.056
3,27.209,-13.497,-0.234
2,12.826,43.594,2.539
2,26.223,20.765,2.218
2,-26.164,0.481,1.880
2,-39.409,46.003,2.466
2,-16.589,3.837,2.748
2,23.051,-1.815,-1.561
2,-36.431,34.689,1.987
2,-8.845,-47.572,6.371
3,25.457,-26.692,0.139
3,-33.392,-40.232,4.562
2,28.898,-21.826,0.008
2,-2.944,46.550,1.249
2,-15.405,15.472,1.635
4,40.185,0.442,-1.272
2,-36.622,-21.323,6.336
2,-20.312,12.342,1.914
2,37.691,28.082,1.328
2,-27.896,38.266,2.266
2,26.843,-8.024,-0.620
2,6.064,43.759,1.669
2,-24.868,39.577,2.559
2,19.003,-39.229,2.514
2,-11.010,41.438,3.179
3,8.999,-38.407,4.643
2,0.558,-49.686,5.671
2,-36.728,49.244,2.808
2,26.903,-45.404,2.464
4,0.723,-9.291,2.972
2,-17.378,-44.405,5.012
2,-4.846,-9.353,2.385
4,-5.413,36.839,4.128
4,27.799,-16.758,0.897
3,42.039,23.199,-0.049
2,23.960,-11.232,0.102
2,-38.321,38.917,1.649
2,42.946,46.816,0.526
2,-45.782,-5.980,6.546
2,-16.000,7.214,2.521
2,19.823,39.346,2.396
2,34.876,-42.631,-0.358
2,-17.497,-28.329,5.812
2,-34.658,-11.745,6.524
2,-14.557,25.462,2.863
4,25.284,-27.293,0.538
2,-17.448,-25.599,6.236
2,-43.795,41.104,2.231
4,30.126,9.398,0.885
2,43.224,42.324,0.563
2,31.674,3.690,-0.760
4,17.824,-30.559,2.912
2,-24.796,-46.041,4.273
2,17.369,-15.365,-0.273
2,-26.672,2.071,2.068
3,40.810,21.324,-0.222
2,-25.473,26.825,2.132
2,-4.456,29.185,3.445
2,-22.693,-39.278,4.780
4,-43.121,-10.550,7.845
3,2.541,36.299,3.314
2,-48.685,-37.126,3.012
2,-33.621,27.422,1.703
3,-3.926,-15.387,3.056
2,-7.412,-34.088,4.460
2,5.032,36.777,2.369
3,9.908,-40.345,4.576
2,32.963,-28.748,-0.741
2,-23.183,3.878,1.966
2,20.488,8.551,0.438
2,-34.734,34.021,2.040
2,26.547,-25.715,-0.293
2,28.831,-9.549,-0.771
2,-32.854,-31.820,4.838
2,25.515,-2.576,-1.439
2,14.901,-21.387,0.963
2,-39.718,-33.253,4.633
2,-17.466,34.725,2.809
2,35.827,16.465,0.148
2,-43.825,10.101,2.848
2,-25.222,-3.802,3.431
2,27.504,48.066,1.293
3,-10.448,33.675,3.365
2,20.428,-25.136,0.332
2,47.833,-33.333,-1.444
2,43.982,12.380,-1.615
2,29.407,3.525,-0.792
2,46.067,14.034,-2.216
4,42.667,21.718,-0.019
2,22.884,23.154,2.409
2,40.442,-34.536,-1.222
2,41.584,30.155,0.631
2,-7.455,25.917,3.567
4,29.084,-17.522,1.327
2,12.122,13.526,0.406
2,-3.559,29.812,3.543
4,24.271,36.702,2.140
2,18.901,0.316,-0.856
2,-14.780,0.259,3.541
2,-23.145,-2.493,2.944
2,-46.782,11.224,3.270
4,3.398,37.307,3.158
2,44.380,48.047,0.550
2,34.037,21.867,1.848
2,-14.387,2.901,3.308
2,-12.785,25.036,3.008
2,33.924,38.304,0.651
3,28.495,-8.377,-0.471
2,8.869,21.777,0.809
2,10.788,-20.235,1.194
2,32.590,-40.188,-0.114
2,-14.168,30.705,3.368
2,-18.800,32.173,3.192
2,-14.649,30.461,3.261
2,-6.103,-14.429,3.362
4,-43.404,-10.828,8.044
2,-4.115,29.121,3.499
2,-44.910,-48.473,2.110
2,-15.050,0.196,3.411
2,-31.592,-1.093,3.576
2,-15.542,38.124,2.884
2,-39.243,-9.554,6.187
2,-44.122,-7.271,6.624
2,-35.323,41.316,1.918
3,40.779,21.359,-0.018
2,-47.244,-36.205,3.653
2,-15.900,9.238,2.222
1,25.828,-49.243,3.678
2,13.810,-18.669,0.733
4,-4.581,35.818,4.115
2,-48.378,-26.069,6.116
2,-6.713,7.802,1.965
2,-6.151,-34.774,4.459
2,-9.646,27.185,3.279
2,-39.095,39.115,1.719
2,28.966,40.958,0.414
2,0.535,10.645,1.200
2,-27.049,27.307,1.999
2,-5.405,0.405,3.239
2,22.720,32.329,1.930
4,-4.454,36.734,4.366
4,-12.693,-14.646,4.343
2,-43.325,-6.212,6.503
2,44.720,-22.257,-1.905
2,-6.493,-29.520,4.102
2,-10.046,33.301,3.253
2,-13.382,25.407,2.971
4,25.930,-16.053,1.186
2,35.165,-19.134,-0.752
3,-33.535,-3.551,4.887
3,-10.395,33.653,3.452
2,38.912,-1.647,-2.132
2,-33.683,15.573,1.490
2,6.591,-28.022,2.382
2,-26.941,25.295,1.898
2,-3.880,9.581,1.593
2,22.960,-0.302,-1.583
3,-6.253,39.515,3.353
2,-5.835,17.416,2.062
2,-1.765,41.449,2.307
2,1.205,2.541,2.248
2,-0.910,-16.998,2.323
3,23.982,37.709,2.212
2,46.438,-17.031,-2.665
2,-47.730,-9.169,6.733
3,-4.503,36.148,3.529
2,-41.729,35.493,1.928
2,39.557,3.845,-1.733
2,-26.705,40.307,2.270
2,18.230,-43.301,3.442
2,-33.464,45.855,2.401
2,-10.684,32.989,3.298
3,26.026,-13.906,0.204
2,-5.315,29.512,3.456
2,-4.877,-17.474,3.051
2,-16.403,-42.112,4.870
3,16.407,1.788,-0.294
2,25.991,15.461,0.935
2,19.986,-36.882,1.943
3,28.507,-10.294,-0.643
2,24.918,35.756,1.557
4,23.814,36.173,2.130
2,1.587,-21.606,2.317
2,-34.947,-17.915,6.743
4,-34.086,-39.660,4.490
2,-43.969,9.748,2.859
2,-2.394,-44.489,5.946
2,-27.010,-31.173,5.723
2,28.954,-25.698,-0.365
2,-25.832,21.203,1.675
2,5.315,-18.650,1.872
2,-22.143,-31.252,6.055
2,-4.019,-12.609,2.688
2,-43.865,-25.159,6.138
2,0.651,30.773,2.683
3,-16.146,6.298,2.930
4,28.074,-18.076,1.505
2,22.010,4.415,-0.242
2,-36.096,-30.412,4.963
2,-31.519,-21.250,6.605
2,-14.312,1.292,3.476
2,-19.674,21.714,2.445
2,27.731,-9.243,-0.514
2,20.699,-2.327,-1.183
2,49.733,25.168,-1.495
4,-24.392,40.274,3.279
2,45.566,-5.608,-2.273
2,-42.409,-44.985,2.856
2,-35.472,-2.057,4.871
2,-8.675,13.971,1.249
4,-34.913,-4.325,5.779
2,-19.220,-40.588,4.710
4,17.860,-21.033,1.746
2,12.580,-3.710,0.191
2,-14.099,36.478,2.977
2,3.441,30.022,2.547
2,-48.143,20.892,1.934
2,-41.867,-1.509,6.183
2,-12.355,17.085,1.824
2,48.113,1.575,-3.329
2,23.575,-46.662,3.537
2,-47.531,41.968,2.416
2,41.679,-27.458,-1.252
2,0.060,41.385,1.852
2,-24.988,-41.275,4.263
2,-23.630,-46.261,4.393
2,-1.451,-39.417,4.814
2,45.024,9.849,-2.373
2,-37.117,28.331,1.403
2,-23.645,-44.031,4.109
2,-13.038,47.435,3.161
2,-33.934,-42.598,3.924
2,-32.586,-37.059,4.235
2,5.850,-24.431,1.548
2,-42.215,-28.936,5.414
2,-11.353,-5.898,2.492
2,-6.311,8.415,1.724
2,-44.562,-17.072,6.891
2,-37.820,-20.483,6.375
2,-9.754,22.626,2.970
2,-5.171,36.582,3.154
2,36.963,14.476,-0.476
2,-38.891,-39.820,3.280
2,41.806,27.568,0.355
2,19.053,17.429,1.091
2,2.352,37.349,2.561
2,-6.639,-37.060,5.371
4,-4.972,36.170,4.084
2,-3.264,-5.737,2.179
2,-43.740,25.454,2.183
2,39.701,0.738,-1.983
4,17.128,-31.523,2.754
2,10.696,38.965,2.457
2,-3.436,-6.782,2.303
2,-38.495,44.088,2.094
2,-27.043,15.446,1.875
2,34.118,-29.312,-0.942
2,-14.227,47.684,3.169
2,-6.711,12.997,1.046
4,28.763,-17.569,0.640
4,-16.018,-19.789,5.768
2,7.314,19.763,0.734
4,-33.268,-2.973,5.498
3,41.182,20.993,-0.144
2,-18.326,-37.062,4.940
2,22.447,-36.976,1.615
4,24.278,-0.558,-0.737
2,-27.003,-38.490,4.292
2,-44.818,-31.272,5.246
2,-11.664,40.257,3.133
2,47.687,23.917,-1.258
2,20.919,46.920,1.801
2,-12.951,-45.754,5.860
2,-15.286,-48.362,6.234
2,-7.432,-11.891,2.965
2,-29.310,8.628,1.676
2,-32.267,-1.607,3.930
2,-5.380,30.896,3.408
2,36.191,-1.686,-1.919
2,-16.818,-19.764,5.234
2,-45.630,-10.264,6.792
2,-36.896,19.415,0.986
2,13.898,-27.570,1.423
3,24.019,-27.942,0.331
2,-15.231,47.552,3.288
2,8.783,-14.385,0.682
2,36.726,26.051,1.520
4,24.026,-26.935,0.621
2,-22.001,-12.475,4.965
2,-25.190,-10.308,4.948
2,-3.241,12.217,1.536
2,-9.372,-44.122,6.365
2,31.275,-10.368,-1.437
2,-17.177,-13.839,4.005
2,-32.130,2.691,3.283
4,24.418,-27.345,0.708
4,22.739,-0.713,-0.741
4,17.399,-22.766,1.552
2,-14.343,1.328,3.505
2,-20.817,-19.488,5.794
2,2.493,3.998,1.513
2,-32.294,-8.114,5.495
2,-41.886,-25.842,5.840
2,-42.111,18.349,1.903
2,-9.087,-48.199,6.454
2,43.818,35.373,0.312
2,3.548,-23.231,1.998
4,-49.975,31.286,2.691
2,25.427,49.883,2.066
4,-43.832,24.624,2.960
2,13.667,42.459,2.514
2,-15.730,-15.118,3.981
2,-9.394,41.185,2.882
3,2.484,36.384,3.378
4,39.673,0.149,-1.241
2,-13.558,3.285,3.085
2,-15.936,3.513,2.919
2,-21.986,-0.730,2.438
2,46.181,-16.456,-2.604
2,-1.548,33.203,3.204
2,48.211,5.744,-3.070
2,-32.997,-27.720,5.581
2,30.899,-48.215,1.757
2,-8.500,33.624,2.930
2,13.035,-6.689,-0.297
2,30.280,-38.451,0.266
2,-4.213,-21.783,3.408
2,28.594,-42.874,1.212
2,-37.364,44.031,1.997
2,-42.744,-30.802,5.113
2,2.958,-30.680,2.949
2,-6.613,30.759,3.143
2,3.602,-25.066,1.944
2,-6.655,26.186,3.672
2,3.546,-11.153,0.845
2,-43.254,10.393,2.795
2,-4.777,30.123,3.580
2,2.096,5.852,1.575
2,-9.607,10.527,1.224
3,-5.086,39.912,3.141
2,-21.854,1.348,2.346
2,34.409,42.205,0.855
2,-15.292,44.928,3.443
4,-4.633,36.072,3.991
2,-42.153,18.315,2.285
4,41.637,-17.069,-2.057
2,45.515,-26.766,-1.679
2,24.550,37.742,1.671
3,-42.301,-10.532,7.172
2,-18.555,-15.693,4.488
2,24.227,44.134,1.675
2,-27.138,-25.664,6.300
4,27.809,-12.848,0.329
2,3.478,-14.284,1.412
4,3.397,37.663,3.026
4,-4.006,40.558,3.466
2,-48.088,17.079,2.488
2,-33.754,-17.513,6.709
2,10.461,-34.843,4.117
4,-11.125,-14.181,4.399
2,-38.348,-7.972,5.817
2,38.922,-19.523,-1.087
2,-30.794,5.667,2.468
2,47.162,18.863,-1.872
2,-27.221,12.081,2.050
2,23.968,-32.017,0.514
2,16.607,42.451,2.283
2,-33.259,24.453,1.336
2,44.670,18.849,-1.641
2,-2.954,-38.330,4.904
3,-43.082,11.252,2.855
4,-23.397,37.864,3.153
2,39.974,8.800,-1.108
2,-4.560,-20.262,3.307
2,-11.005,-2.926,2.806
2,-6.150,47.413,1.658
4,24.747,-26.525,0.686
4,-16.238,-20.164,5.911
2,-20.662,28.996,2.934
2,45.281,25.262,-0.893
2,-44.662,-33.257,4.583
3,17.403,-30.069,2.110
2,-12.333,26.766,2.956
2,16.097,-11.233,-0.886
2,-32.860,23.025,1.219
3,1.927,35.482,3.144
2,41.905,45.102,0.763
2,-10.226,34.519,3.012
3,41.509,21.027,-0.298
2,-24.009,1.224,2.057
2,7.595,-8.746,0.475
2,28.251,-14.564,-0.706
2,28.154,-40.220,0.902
2,-40.537,46.427,2.542
2,-4.567,29.206,3.413
2,-29.845,34.463,2.514
2,18.747,-23.160,0.501
3,29.353,-9.354,-0.546
2,-37.297,48.069,2.543
2,43.629,2.024,-2.502
2,14.574,-47.663,4.551
2,48.576,-9.267,-2.655
2,46.225,-25.147,-1.672
3,-42.879,9.291,3.139
3,3.358,36.964,2.915
2,11.172,17.172,0.663
2,36.847,-7.654,-2.085
4,24.901,37.053,2.135
2,-4.093,39.767,2.788
2,-19.759,-37.496,5.134
2,-15.549,4.427,2.852
2,-5.606,4.186,2.875
4,3.379,-9.819,1.498
2,-26.076,-14.352,5.641
2,45.313,-16.138,-2.534
2,-11.636,14.616,1.332
2,15.882,7.321,0.438
4,-42.029,-10.753,7.731
2,-18.371,-36.521,4.955
2,-40.072,46.889,2.574
2,35.774,-2.064,-1.925
2,-11.585,19.130,2.461
2,25.021,-4.728,-0.703
2,-35.078,22.451,0.839
2,-38.712,-33.283,4.699
2,-23.369,23.800,2.222
2,-36.413,40.187,1.829
2,-34.336,-30.065,5.153
2,-24.338,1.246,1.993
2,9.810,-35.387,4.375
2,-42.693,10.645,2.842
2,10.087,-36.973,4.370
2,36.864,9.208,-0.567
2,-23.334,1.840,1.956
2,23.869,5.514,0.041
2,-38.717,45.436,2.398
2,9.769,23.494,0.973
2,11.844,-13.120,0.164
4,-3.607,4.887,3.682
2,-47.746,27.425,2.184
4,3.461,26.128,3.372
3,-16.823,-19.490,5.267
4,-6.472,39.151,3.435
2,48.491,38.454,1.116
2,-34.472,-9.111,5.797
2,-2.238,17.843,1.915
2,-44.661,48.331,2.492
2,8.300,16.407,0.592
2,-0.269,9.241,1.191
2,45.338,49.989,0.743
2,8.975,-11.150,0.184
2,-7.859,-44.189,6.328
2,-6.467,-17.756,3.209
2,-36.325,39.128,1.765
3,23.148,-0.758,-1.101
4,-42.404,25.078,3.033
2,-33.518,47.865,2.661
2,-30.588,-48.603,4.129
4,17.634,-21.642,1.628
3,43.103,3.445,-2.346
2,-4.996,30.549,3.542
2,-26.000,-28.406,6.006
2,35.941,36.967,0.300
2,-4.757,-36.113,4.645
2,28.868,16.997,1.435
2,-35.934,-28.510,5.467
2,-16.055,-21.106,5.337
2,1.224,44.669,1.012
2,-17.971,-13.928,4.205
2,-9.699,-2.006,2.905
2,29.756,46.074,0.554
2,0.157,-13.035,1.789
2,-0.340,38.335,2.957
2,8.524,-12.270,0.270
2,-41.556,26.952,1.768
2,-11.949,32.555,3.162
2,-27.080,4.977,1.907
2,-43.535,9.430,2.896
4,3.458,26.275,3.181
2,12.952,38.881,2.731
2,23.206,-13.882,0.102
3,-16.837,6.299,2.987
2,-25.962,46.515,3.129
2,-3.570,28.983,3.407
7,-9.546,15.521,-9.845
2,-46.469,-10.810,6.855
2,-5.401,-15.209,3.211
2,-46.399,41.576,2.411
4,28.318,-17.540,1.379
2,-14.734,-17.409,4.301
2,23.557,10.902,0.618
2,16.687,-0.297,-0.533
2,-24.310,-29.008,6.258
2,18.758,-43.119,3.335
2,39.450,2.581,-1.737
7,-61.202,-67.665,-46.225
2,34.263,18.004,0.932
2,28.997,-9.981,-0.935
4,2.919,26.455,2.836
2,-32.812,8.225,1.906
2,-9.468,33.686,2.904
3,-46.796,-2.887,6.518
2,-42.411,-21.963,6.565
2,27.500,-2.314,-1.370
3,24.109,-26.536,0.591
4,-24.822,39.751,3.188
4,-41.509,10.848,3.136
2,-4.669,-34.212,4.072
2,-3.513,47.377,1.321
2,-48.892,-31.248,5.449
7,1.019,29.884,-8.852
2,-5.022,29.891,3.565
2,40.552,-29.730,-1.109
2,-30.811,-49.317,4.178
4,-34.041,-40.402,4.750
2,31.724,-42.776,0.374
2,7.098,13.340,0.348
2,-23.880,-10.503,4.901
2,20.558,-25.773,0.537
2,24.705,5.090,-0.161
2,1.252,-45.017,5.896
2,-18.370,33.917,2.914
2,-4.265,36.240,3.106
2,28.655,23.506,2.698
2,45.884,-21.691,-2.164
2,42.407,-34.141,-1.424
2,-36.109,-3.894,5.234
2,-23.480,-10.880,4.946
2,-21.553,-18.727,5.567
2,-44.728,48.881,2.402
4,16.050,-20.074,1.191
2,17.676,-8.925,-1.258
4,2.633,-8.265,2.402
2,45.901,-11.396,-2.447
2,-41.014,1.434,5.582
2,2.068,-8.334,0.994
2,-16.260,43.660,3.397
2,23.441,-33.075,0.744
2,-14.796,-39.521,5.213
2,-43.320,26.847,2.194
2,26.455,-33.349,0.155
2,29.794,36.957,1.068
2,31.360,16.954,1.092
2,-4.493,-11.558,2.602
2,31.914,16.790,0.975
2,40.330,-0.523,-1.961
2,-25.907,17.122,1.847
2,26.300,0.735,-1.806
2,16.788,3.272,-0.139
2,-4.842,-8.049,2.410
2,-24.155,40.614,2.650
2,0.798,36.044,2.779
2,-38.738,-19.310,6.602
2,-10.118,17.093,2.112
2,44.993,44.067,0.622
2,24.861,-43.183,2.441
2,6.515,3.818,0.515
2,-34.638,-2.840,4.759
2,23.203,-16.733,0.471
2,-5.021,-29.821,3.916
2,-16.096,9.759,2.150
2,41.955,39.691,0.465
2,-46.196,-45.503,2.253
2,-5.227,-12.456,2.919
2,27.767,4.278,-0.497
2,41.431,44.809,0.846
2,22.147,-42.864,2.667
2,-2.986,47.943,1.175
2,24.812,25.361,2.990
2,-25.169,1.913,1.967
2,32.600,-18.025,-0.405
2,-3.976,-30.643,3.730
2,-37.738,15.374,1.808
2,-24.915,-4.333,3.520
2,25.560,21.535,2.343
2,24.431,26.919,2.464
2,-24.612,-0.054,2.058
2,6.216,49.617,0.753
2,49.952,-32.773,-1.770
2,49.800,-25.687,-2.818
4,24.579,-28.137,0.464
2,-4.517,35.784,3.312
4,-35.379,-3.469,5.593
2,42.605,-17.223,-2.331
2,3.816,-0.064,1.558
4,-33.352,-2.837,5.203
2,-0.670,-42.020,5.425
2,-16.539,7.272,2.429
4,-43.379,-10.979,7.834
2,-38.960,10.211,2.693
2,40.196,-2.950,-2.224
2,6.603,36.770,2.131
2,-24.245,-46.043,4.364
2,-42.692,7.027,3.815
2,11.990,31.802,2.511
4,24.920,36.173,2.244
2,-27.485,-43.383,4.119
2,-37.010,5.211,3.607
4,-5.038,40.669,3.321
2,-31.626,-41.069,3.714
7,5.612,45.920,-4.619
2,7.652,-15.462,1.240
2,-11.639,38.333,2.911
2,39.591,30.837,1.216
2,-49.230,-35.697,3.629
2,45.738,49.617,0.701
2,-11.271,0.279,3.262
2,-5.643,-24.144,3.822
2,45.193,44.568,0.605
2,34.465,17.339,0.627
7,-21.576,-42.601,-10.517
2,48.963,25.987,-1.129
2,-29.230,37.533,2.241
2,-29.194,19.195,1.468
4,-25.659,-34.608,6.197
2,-4.206,38.336,2.891
2,-20.919,16.595,1.965
2,6.505,-43.681,5.396
2,4.537,49.898,0.315
2,-44.570,19.669,2.051
2,-42.000,18.653,1.805
2,-20.250,-32.714,5.360
2,11.332,-3.996,0.207
2,7.789,40.087,1.969
2,-27.776,-31.904,5.577
2,25.686,42.444,1.101
2,13.271,25.030,0.964
4,25.905,-11.362,0.377
2,49.670,-13.466,-2.240
2,21.114,9.996,0.771
2,-46.969,-39.811,2.745
2,36.750,17.094,0.406
2,15.664,-46.804,4.321
2,17.216,24.250,1.452
2,-14.527,-9.058,3.314
2,30.731,44.151,0.312
2,7.414,-32.868,3.635
2,4.017,-18.544,1.794
2,22.472,36.365,1.682
7,95.465,97.300,-61.666
2,-7.703,-48.903,6.713
2,2.325,11.006,0.937
2,-24.012,2.027,1.866
2,-10.166,33.607,3.196
4,-42.186,25.435,3.142
4,-43.845,24.254,2.900
2,-29.486,-1.914,3.325
2,-16.357,5.107,2.728
2,-6.926,-15.377,3.289
2,-10.380,-2.378,2.761
2,17.251,49.910,2.347
2,-32.512,10.993,1.586
7,-11.197,2.797,-9.690
2,0.610,-2.872,1.994
2,-16.232,28.743,3.095
2,-49.935,45.795,2.230
2,-8.714,-36.258,5.038
4,2.893,26.475,3.123
2,37.684,25.219,1.600
4,24.593,-27.074,0.485
2,44.668,-12.456,-2.473
3,23.805,-26.381,0.252
2,-11.499,-9.662,2.588
2,-23.733,47.191,3.296
2,-25.546,26.716,2.051
2,-43.135,-11.585,6.781
2,-33.156,46.477,2.600
2,-4.779,30.194,3.439
2,-2.738,-20.326,2.861
2,43.011,15.384,-1.338
2,-3.256,-37.359,4.830
2,-32.145,31.504,2.252
2,16.735,32.566,2.176
2,11.020,0.920,-0.093
2,21.752,47.359,1.905
2,2.869,26.801,2.163
2,4.738,16.167,1.176
2,14.372,26.669,1.472
2,26.225,36.739,1.310
3,-43.413,25.304,2.681
2,-29.715,-14.916,5.924
2,37.939,-8.082,-2.148
2,21.265,16.175,1.558
2,-23.959,38.823,2.570
2,-30.491,-49.832,4.227
2,8.581,-28.975,2.157
2,18.962,-30.984,1.724
2,-17.881,-39.620,4.837
2,-15.314,6.263,2.833
2,39.229,-40.831,-1.266
4,-34.516,-40.937,4.352
2,-26.089,48.240,3.475
2,-43.558,-14.632,6.917
2,-15.948,-11.453,3.651
2,-24.387,41.055,2.577
2,3.334,-17.508,1.781
3,15.423,46.950,2.038
2,32.828,-22.241,-0.429
2,9.153,13.987,0.614
2,-34.307,-8.362,5.684
2,-12.051,10.704,1.414
2,14.630,-35.007,2.865
2,39.518,1.752,-1.866
2,18.692,20.694,1.517
2,-9.791,-34.603,4.786
2,26.641,-21.942,0.579
2,14.651,15.457,0.451
3,25.858,-12.522,0.095
2,28.192,-10.553,-0.758
2,20.311,30.453,2.036
2,-26.221,-34.686,5.166
4,16.279,-30.188,3.241
2,40.328,-48.346,0.446
2,1.793,-31.666,3.156
2,-4.592,39.905,3.225
2,-16.132,-14.736,4.039
2,34.211,19.932,1.624
2,-6.457,-15.421,3.318
2,-43.157,17.787,1.893
2,36.954,-44.027,-0.840
2,42.813,41.117,0.602
2,-43.909,10.131,3.163
4,18.993,-23.062,1.599
3,42.334,22.765,-0.102
3,-42.547,9.965,3.167
2,-36.542,42.198,1.792
2,25.660,-35.029,0.626
4,25.276,-27.098,0.842
2,17.786,7.326,0.427
2,45.437,-37.071,-1.460
2,-44.791,45.667,2.575
2,14.142,35.608,2.752
2,-32.730,-21.382,6.545
2,-6.497,-16.414,3.278
2,5.351,-41.064,4.859
2,-30.243,-28.669,5.396
3,41.215,21.775,0.121
3,-16.022,6.960,2.766
3,47.116,49.425,0.818
2,-47.916,-34.575,4.258
2,17.881,2.342,-0.655
2,-12.431,-9.234,2.865
2,-33.879,-0.778,4.544
2,8.725,-11.712,0.166
2,3.360,18.563,1.909
2,-1.118,-20.986,2.590
2,-13.701,17.497,1.793
2,5.931,7.836,0.656
2,11.793,7.378,0.628
2,-15.284,2.749,3.302
2,-8.987,31.954,2.875
2,-18.538,-21.887,5.528
2,5.451,-18.101,1.831
2,-18.128,31.948,3.204
2,-8.456,32.057,2.883
3,-34.600,-40.703,3.900
2,-2.404,-15.705,2.332
2,-32.372,-9.213,5.841
4,-23.769,38.676,3.164
2,-21.506,-35.766,5.121
2,-22.412,-38.619,4.889
2,3.846,-19.885,1.904
2,25.903,-23.440,0.232
4,28.325,-18.159,1.187
2,29.465,9.215,0.118
2,-41.280,28.035,1.988
2,4.642,22.377,1.578
2,-37.622,-3.551,5.688
2,-6.289,-32.502,4.163
4,24.717,-25.659,0.630
2,11.648,32.318,2.394
2,-41.108,12.009,2.156
2,-8.784,-29.386,4.292
2,41.364,-26.481,-1.307
2,-8.308,-20.991,4.194
2,-40.766,-11.514,6.764
4,3.308,36.928,3.229
3,-10.192,32.907,3.354
2,-31.784,4.428,2.959
4,2.912,26.539,3.148
2,-47.611,-26.103,5.973
2,-36.935,-26.769,5.645
3,41.473,22.441,-0.003
2,-48.167,-17.318,6.937
7,-43.842,-11.017,-5.249
2,-43.344,40.419,2.243
2,47.297,-45.257,-0.561
2,41.757,22.270,-0.305
2,-3.097,28.784,3.254
2,-19.750,20.191,2.358
2,5.959,-13.335,0.515
2,27.407,-7.914,-0.544
2,46.573,20.005,-1.728
2,17.519,-43.008,3.563
2,-19.659,-40.138,4.749
4,-27.522,24.009,2.105
2,-29.415,3.981,2.482
2,-18.066,-34.701,5.153
2,12.320,-7.254,0.004
2,-7.572,-36.571,5.100
2,-25.817,33.725,2.289
2,-19.005,24.865,3.057
2,27.948,33.581,1.343
2,-49.870,-2.540,6.383
2,-14.657,19.112,2.101
2,-47.792,-11.354,6.898
2,-28.545,15.399,1.765
2,20.830,31.936,2.153
2,25.530,-12.347,-0.148
2,-46.113,-31.430,5.285
4,32.615,11.480,0.765
2,43.820,35.982,0.337
2,-27.288,26.337,1.977
2,14.043,38.058,2.615
3,-24.276,39.199,2.893
2,26.467,-30.697,-0.326
2,20.339,39.505,2.249
3,-5.736,40.469,3.359
2,-43.428,-47.836,2.520
2,-25.284,18.610,1.955
2,-42.144,-48.002,2.698
2,-14.168,-28.827,4.982
2,-18.557,49.961,2.697
2,33.812,-5.343,-1.865
2,48.104,-4.896,-2.975
2,-15.567,-4.318,3.595
2,3.523,41.113,1.843
2,8.746,-9.553,0.319
4,19.767,-23.467,1.503
4,-22.731,40.056,3.347
2,43.071,-48.399,0.459
2,23.050,11.273,0.737
2,17.986,25.852,1.502
2,-8.557,-28.030,4.406
2,30.655,21.264,2.052
4,-10.194,-15.397,4.538
2,38.329,6.781,-1.169
2,-28.925,12.804,1.817
2,-11.056,32.880,3.238
2,40.331,17.692,-0.500
2,-10.054,32.965,3.142
2,9.179,-37.615,4.494
2,-6.337,39.893,3.128
2,-9.891,32.638,3.026
3,24.907,-27.264,0.190
2,-21.756,26.789,2.551
2,-15.798,22.900,2.864
2,-7.189,33.915,2.974
2,-6.362,0.532,3.302
2,-11.935,22.783,2.783
2,-21.767,-20.202,5.817
2,47.586,-40.006,-1.286
2,22.953,0.481,-1.537
2,34.156,32.306,1.448
2,30.740,-31.287,-0.236
2,-31.125,33.196,2.452
2,-6.628,-15.190,3.017
2,-41.464,-1.028,6.132
3,47.790,-10.506,-2.376
4,19.477,-20.291,1.331
2,-39.540,20.651,1.514
2,-25.742,27.378,2.028
2,-18.596,-38.527,4.954
2,-42.989,0.719,5.972
2,-6.614,15.544,1.514
2,-39.115,-46.763,2.881
2,38.103,-15.016,-1.623
2,-28.625,28.830,2.020
3,28.032,-12.089,-0.221
2,28.547,17.092,1.347
2,-23.351,-11.412,4.965
2,-36.829,-1.269,5.352
2,31.391,6.460,-0.322
2,45.123,12.352,-1.961
2,-43.850,47.330,2.597
2,-29.234,-35.637,4.886
2,14.304,38.986,2.526
2,-33.360,-11.071,6.533
2,12.234,16.312,0.376
2,-43.287,8.206,3.481
2,13.784,25.458,1.210
2,-22.172,12.720,2.243
2,0.333,-35.544,4.073
2,-24.021,38.644,2.367
2,-27.772,-4.965,4.057
2,23.122,-1.410,-1.599
2,-22.836,15.188,1.845
2,-44.123,-8.289,6.621
2,-33.783,-10.360,6.119
2,-18.865,-29.318,5.891
2,19.277,-33.268,1.779
2,-28.869,27.601,1.885
2,-25.789,-24.960,6.404
2,45.298,18.737,-1.844
2,-14.324,42.729,3.557
2,27.881,-18.019,0.280
2,43.428,-18.259,-2.542
2,-45.786,32.405,2.387
2,26.636,-7.142,-0.650
2,-35.946,-32.677,4.629
2,-2.949,17.916,1.823
4,18.799,-21.459,1.308
2,-12.064,42.486,3.356
3,-10.809,33.221,3.347
2,23.381,47.437,1.943
2,31.107,-43.107,0.615
2,-29.572,25.753,2.096
2,25.666,26.800,2.256
2,-5.339,31.296,3.517
2,-42.901,7.560,3.702
2,1.747,10.972,1.036
2,-17.062,4.868,2.623
2,-41.998,3.194,4.974
3,-34.465,-3.791,5.257
2,19.411,6.703,0.343
4,26.822,-12.074,0.579
2,-15.513,36.570,2.833
2,16.195,-40.173,3.336
2,-3.402,8.440,1.831
2,-29.354,16.639,1.536
4,29.842,-10.663,-0.534
3,27.685,-10.471,-0.470
2,-16.986,3.986,2.746
2,-2.041,9.434,1.626
2,25.871,-12.382,-0.199
2,-39.046,49.018,2.741
2,38.541,0.877,-2.004
2,-5.796,36.323,3.152
4,27.564,-17.820,1.076
2,20.960,-19.349,0.346
2,-19.578,-43.725,4.585
2,32.626,-35.843,-0.305
2,9.894,-2.857,0.276
2,20.399,1.768,-0.733
2,17.975,-6.970,-0.997
2,8.390,21.490,0.843
4,-33.788,-3.620,5.464
2,-11.444,-16.903,4.019
2,-16.551,-16.061,4.284
2,-14.537,-14.403,3.550
4,21.061,-18.601,2.211
7,40.452,-17.576,-10.092
2,-21.440,-30.775,6.048
2,2.846,12.299,0.858
2,30.169,-42.504,0.702
3,-42.937,10.981,2.876
3,-23.796,40.674,3.161
2,-29.497,-14.414,5.924
2,-10.276,10.258,1.312
2,18.108,12.372,0.670
2,-1.246,-2.505,2.162
2,-43.756,9.590,2.874
2,15.136,-27.349,1.151
2,28.519,-17.504,0.146
2,-6.527,13.715,1.102
2,23.733,36.409,1.659
2,-19.229,-49.799,5.714
2,26.856,38.022,1.158
2,-39.244,15.312,1.642
2,-23.338,1.130,1.866
4,-33.131,-40.502,4.788
4,-17.257,6.957,2.957
2,-39.207,-15.571,6.716
2,37.441,-27.856,-1.183
2,14.998,-5.007,-0.559
2,21.485,43.726,1.716
2,42.408,-25.507,-1.441
2,6.568,19.460,0.848
2,-11.217,27.702,3.213
2,-28.642,22.264,1.327
2,-39.336,30.029,1.870
2,-28.299,1.718,2.324
2,-13.565,2.757,3.511
4,-36.088,-3.776,5.790
4,-4.691,40.699,3.334
3,-16.338,5.121,2.863
4,-5.368,40.825,3.347
2,25.780,48.436,1.808
2,49.275,47.270,0.867
2,-26.136,0.005,1.911
2,-4.543,48.223,1.508
2,-13.348,-30.948,4.577
2,3.072,-36.898,4.032
2,7.488,-19.795,1.692
2,46.625,-44.517,-0.809
2,-16.754,-42.525,4.906
2,39.818,26.664,0.835
2,25.565,-2.022,-1.643
3,-17.871,6.530,2.359
2,7.780,-41.628,4.571
2,-26.858,39.749,2.210
2,-17.797,26.262,2.987
2,13.926,29.116,1.927
2,15.119,18.523,0.529
2,41.573,-1.525,-2.074
2,20.597,-37.263,1.887
4,-42.659,25.323,2.744
2,40.925,0.015,-1.890
2,36.341,49.702,-0.294
2,14.401,40.371,2.520
2,48.745,-0.844,-3.427
2,-12.596,-40.055,5.337
2,-6.560,-16.698,3.276
2,-12.814,-34.621,4.932
2,-25.575,-25.779,6.572
2,16.825,12.531,0.570
2,-37.058,47.136,2.448
2,7.853,27.189,1.580
2,-4.222,-38.589,5.435
2,1.127,-8.522,1.278
2,36.169,-40.530,-0.872
2,-1.525,-21.429,2.705
2,-19.387,46.239,3.017
2,42.528,-31.292,-1.345
3,-43.062,9.292,3.146
4,-24.339,38.839,3.292
2,-30.888,5.102,2.652
2,-33.223,48.501,2.810
2,-14.384,-16.965,4.256
2,-41.029,2.046,5.441
2,1.462,24.495,2.774
2,-20.218,-44.947,4.584
2,24.387,-32.942,0.615
2,-11.848,-17.706,4.403
2,-22.403,-15.050,5.162
2,13.550,-23.396,0.887
2,-35.589,-38.810,3.693
4,-42.377,-10.767,7.281
2,-42.794,-10.431,6.721
2,-36.793,1.167,4.892
2,6.285,-23.136,1.687
2,49.869,29.117,-0.154
2,-31.330,-25.186,5.688
2,-3.194,18.441,1.955
2,39.356,16.702,-0.367
2,-5.572,48.368,1.742
2,10.976,43.530,2.301
2,-16.226,-24.352,5.861
2,37.324,-46.785,-0.163
2,42.390,-11.151,-2.549
2,-29.212,22.131,1.343
2,-39.472,-35.057,4.374
2,35.357,2.978,-1.231
2,-3.487,42.841,2.132
2,12.323,6.073,0.625
2,-4.100,25.161,3.092
2,-38.715,34.643,1.898
2,-21.753,-6.580,4.258
2,28.644,-37.178,0.657
2,32.422,-45.682,0.868
7,12.407,26.313,-8.836
2,3.230,19.202,1.909
4,28.359,-17.225,0.964
2,-43.693,11.314,3.139
4,3.452,26.027,2.771
2,14.323,33.021,2.544
2,43.055,-37.942,-1.574
2,-19.393,-33.253,5.328
2,-10.137,33.630,3.139
3,28.395,-9.887,-0.561
3,-33.277,-39.495,4.351
2,28.834,27.858,2.050
2,-20.026,7.178,2.036
2,-15.693,0.108,3.485
3,-14.579,4.748,3.013
4,-42.869,-11.804,7.782
4,16.927,-21.496,1.611
2,-34.113,17.338,1.378
2,24.760,27.428,2.273
2,16.182,35.377,2.839
2,1.335,-14.809,1.819
2,6.973,27.334,1.618
2,-16.113,1.111,3.561
2,16.263,-30.791,2.004
3,-10.985,33.077,3.335
2,45.813,-29.777,-1.695
4,18.379,-17.347,1.334
2,-28.166,18.741,1.379
2,29.188,-18.033,0.230
2,1.542,17.400,1.821
2,-3.491,-33.150,3.723
2,-29.682,25.295,2.203
2,48.070,-7.049,-2.703
2,18.120,30.751,1.757
2,-15.717,4.486,2.871
2,-47.135,-3.777,6.409
2,-43.862,9.616,3.123
2,49.963,-43.437,-1.175
2,-10.582,42.947,3.105
2,-17.897,42.934,3.266
2,-31.368,12.603,1.194
2,-29.607,27.801,1.973
4,-24.650,-35.591,6.647
2,-21.914,-20.779,5.795
2,-25.946,33.125,2.330
2,11.780,9.890,0.612
2,38.393,17.684,0.327
2,49.746,20.691,-1.848
2,-4.155,-40.727,5.773
3,-42.802,18.121,2.438
2,18.420,4.631,0.031
2,-5.045,19.464,2.258
2,19.899,-2.276,-1.019
2,46.319,25.993,-0.885
2,-49.531,40.936,2.674
2,43.325,33.479,0.470
2,36.107,1.513,-1.780
7,-45.267,-16.779,-7.618
2,-24.500,43.771,2.716
2,14.896,49.722,1.829
2,14.324,23.166,0.981
2,19.936,-13.042,-0.674
4,25.486,12.852,1.585
2,-17.046,-27.957,5.783
2,-11.749,-3.231,3.165
4,-15.688,-18.899,5.406
2,29.192,-29.221,-0.389
2,47.238,36.540,0.715
2,16.651,36.439,2.771
4,25.457,12.530,2.323
2,-32.985,-49.280,3.942
2,18.768,46.699,1.613
4,-12.258,-41.777,6.428
2,-48.394,18.943,2.169
2,13.145,44.422,2.480
2,-42.729,18.047,2.225
2,-10.595,33.370,3.074
2,40.476,14.360,-0.984
2,-22.750,39.553,2.936
4,4.076,36.468,3.543
2,-33.629,8.861,2.199
2,-25.616,-34.167,5.156
2,12.047,-16.472,0.973
3,-5.909,40.086,3.037
2,28.086,-10.407,-0.701
4,18.653,-21.724,1.259
2,1.789,-12.072,1.508
4,28.935,-15.463,0.408
2,-42.348,-19.591,6.697
2,25.428,8.186,0.299
2,12.694,-29.715,2.210
2,11.658,-10.547,-0.039
2,-33.195,41.017,2.182
2,-6.465,-1.948,2.787
2,-47.746,-5.673,6.568
2,-49.860,14.190,2.601
2,-7.594,24.654,3.447
2,-43.726,-48.401,2.335
2,32.315,-42.290,0.180
2,29.719,-37.491,0.311
2,42.899,-47.741,0.284
2,46.909,-33.222,-1.312
2,-13.922,-9.446,3.096
2,-5.353,-15.425,3.199
2,-40.780,-18.826,6.544
2,49.847,-22.030,-2.683
2,34.079,-12.472,-1.629
2,47.168,-26.762,-1.863
2,-7.444,-29.840,4.220
2,49.598,4.546,-3.244
2,-42.980,-10.086,6.665
2,49.542,25.783,-1.248
2,-32.387,49.259,2.977
2,14.717,-3.129,-0.358
2,24.786,-22.049,0.524
2,13.265,-31.505,2.697
4,17.433,-22.866,1.445
2,-19.477,35.343,2.855
4,26.631,-11.702,0.714
2,-2.646,-5.845,2.072
2,37.301,8.104,-0.822
2,-16.724,18.205,2.076
2,8.668,22.454,0.844
2,44.890,33.649,0.455
2,19.942,19.079,1.501
2,-41.383,39.630,2.011
4,17.958,-20.904,1.601
2,-19.677,-17.856,5.454
2,-34.120,-32.979,4.513
2,-34.248,-5.447,4.942
2,-41.639,-9.229,6.286
2,-8.631,-0.764,3.079
2,-20.183,-40.635,4.864
3,-10.599,33.203,3.346
2,-21.942,-17.244,5.269
2,-16.410,5.780,2.750
2,-36.058,-27.632,5.584
4,-23.137,39.442,3.257
2,-19.664,13.744,1.670
2,-46.179,-5.498,6.438
2,-33.521,37.473,2.330
4,39.642,0.023,-1.401
2,0.181,-5.256,1.423
2,-45.901,-30.444,5.360
2,-28.530,33.748,2.612
2,-49.571,-39.769,2.447
2,-12.929,22.202,2.624
2,-27.769,28.216,1.882
2,29.366,-5.975,-1.206
2,-3.076,29.091,3.516
2,-42.683,9.137,3.110
2,-5.296,-16.375,3.236
2,41.954,-41.001,-1.244
2,17.728,37.193,2.718
2,38.614,-12.334,-2.331
2,29.455,33.040,1.530
3,-42.759,26.195,2.490
2,48.251,28.828,-0.240
2,-4.870,25.469,3.319
2,-40.740,41.049,1.923
2,23.157,-10.582,-0.205
2,16.904,-10.782,-0.870
2,-15.119,45.999,3.359
2,32.801,-47.859,1.107
3,-16.749,6.241,2.970
2,36.258,30.218,1.653
2,21.855,37.823,2.113
2,-9.535,36.253,3.042
2,-26.858,0.488,1.963
2,35.303,-12.379,-1.908
2,-21.378,-41.501,4.628
2,-21.794,16.486,1.890
2,-4.909,39.949,2.752
2,1.285,-36.710,4.070
2,-13.480,-32.840,4.904
2,-24.971,-30.722,5.985
2,0.326,-18.254,2.191
2,-21.257,35.073,2.910
2,-12.439,-16.372,3.574
2,-27.764,36.844,2.190
4,-34.170,-12.459,7.519
2,-0.732,-40.270,4.797
2,-43.232,9.376,3.271
3,-5.146,-16.338,3.227
4,-43.089,26.226,2.906
2,7.782,3.854,0.434
2,-34.341,-26.137,5.662
2,15.375,-17.849,0.449
4,-34.338,-40.229,4.327
2,28.096,-8.759,-0.632
2,-32.930,-42.851,4.035
2,-2.510,5.271,2.362
2,3.858,-4.242,1.168
2,-37.599,1.768,5.055
2,24.763,-35.163,0.879
4,-34.611,-3.183,5.550
2,-34.791,43.337,1.977
2,-26.056,3.041,1.942
2,-46.782,0.962,5.855
2,28.085,-28.177,-0.634
2,1.643,37.167,3.066
2,33.387,-3.474,-1.531
2,-23.181,13.831,2.120
2,30.964,32.052,1.651
2,9.166,29.366,1.768
2,37.297,42.199,0.699
4,-6.465,36.879,4.003
2,35.286,15.749,0.007
2,13.946,-43.670,4.068
2,-19.444,-26.027,6.354
3,24.517,35.650,1.763
4,24.901,-27.260,0.890
2,28.038,-3.944,-1.216
2,-16.580,39.230,2.906
2,-0.911,31.050,2.822
2,-15.525,-22.076,5.458
2,-20.145,21.415,2.498
2,43.140,-22.832,-1.685
2,1.274,-24.108,2.328
2,-34.738,14.206,1.390
3,-42.820,18.155,2.563
2,-23.263,26.544,2.310
3,24.169,-26.529,0.463
2,-4.223,13.654,1.436
2,-28.788,18.832,1.411
2,-25.315,24.084,1.957
2,33.211,-4.003,-1.586
2,41.683,1.291,-2.003
2,-34.294,39.189,2.056
2,4.440,30.640,2.253
2,-7.604,-18.634,3.637
3,3.419,-9.482,1.085
2,-6.044,45.023,1.801
2,29.202,19.268,1.882
2,13.484,-2.526,-0.135
2,-20.900,5.387,2.110
4,20.589,-18.478,2.154
3,3.157,26.853,2.581
2,44.650,44.716,0.604
2,24.728,49.363,2.040
2,-8.959,-21.318,4.440
2,33.208,16.874,0.764
2,32.743,47.604,0.479
2,41.430,7.605,-1.842
2,32.603,21.665,1.836
2,17.683,14.835,0.576
2,36.330,27.920,1.429
2,-4.355,39.574,3.079
4,-10.457,-15.556,4.456
2,39.441,8.992,-0.937
2,-31.224,11.019,1.320
7,-37.603,-37.133,-7.772
2,-35.616,40.062,1.961
2,-6.552,-1.386,2.962
4,17.137,-30.707,2.544
2,-1.822,19.470,2.248
2,-45.739,-15.349,6.890
2,-48.112,41.444,2.480
2,-7.656,14.440,1.367
4,-34.323,-2.982,5.706
2,-45.540,-43.000,2.761
2,-6.015,16.116,1.614
2,-43.234,-39.382,3.291
2,-5.395,29.946,3.377
2,-35.739,-12.208,6.524
2,-35.620,49.548,2.806
2,43.598,41.701,0.570
4,23.140,0.475,-0.724
2,-3.842,12.227,1.479
2,36.774,-42.407,-0.761
2,36.014,-17.927,-1.033
2,3.861,-43.632,5.465
2,8.451,38.431,2.000
2,-16.680,-26.971,5.899
2,-25.626,20.602,1.869
3,3.713,-39.377,4.629
2,-28.224,40.430,2.119
2,-18.044,-42.464,4.750
2,-30.649,-45.978,4.146
3,42.649,21.794,-0.305
2,34.814,33.143,1.262
2,-20.499,-41.560,4.845
3,24.607,36.246,1.612
2,18.758,43.536,1.722
2,13.300,17.495,0.485
2,-6.768,-15.558,3.243
2,-36.967,-31.908,4.701
2,13.792,-3.039,-0.134
2,-15.455,-31.718,4.828
2,-33.131,5.366,2.909
2,2.415,26.651,2.153
2,-18.571,-39.178,4.943
2,27.233,-11.653,-0.542
4,3.226,-8.822,2.587
3,28.054,-8.553,-0.478
2,-44.212,37.606,2.297
4,-42.138,-11.448,7.704
2,-14.984,-0.831,3.492
2,32.072,-10.682,-1.779
2,23.865,36.887,1.514
2,-9.562,17.463,2.270
2,-17.530,-9.960,4.061
2,21.699,-37.403,1.837
2,41.027,-0.015,-1.945
3,27.499,-8.981,-0.529
2,3.491,1.188,1.576
2,22.237,28.607,2.326
2,1.602,14.309,1.175
2,-29.369,-9.308,5.541
2,-25.308,0.510,1.906
3,-15.205,3.923,2.930
3,-42.908,10.417,3.082
2,4.028,16.548,1.418
4,3.540,36.493,3.264
2,-28.040,26.182,2.132
3,-16.445,2.221,3.310
2,-17.247,-45.033,5.210
4,-24.843,39.955,3.172
2,44.621,13.874,-1.760
2,-13.340,-20.925,4.883
2,-5.721,-7.271,2.235
2,-20.227,-26.685,6.202
2,-18.565,36.404,2.911
2,-13.091,-49.702,6.359
2,-33.895,-46.148,4.009
4,-5.731,34.579,3.994
2,-5.103,39.779,3.168
2,-37.118,-34.560,4.469
2,-48.665,-33.692,4.478
2,1.621,-32.626,3.417
2,0.009,-9.721,1.894
2,7.293,11.870,0.387
3,-4.832,-16.813,3.133
2,41.189,35.198,0.439
2,32.517,30.457,1.801
2,-16.761,4.359,2.699
2,7.341,-19.223,1.717
2,-10.602,47.687,2.825
2,-21.500,-13.221,4.917
2,22.083,-8.834,-0.752
2,-23.884,40.480,2.565
4,-35.325,-2.379,5.981
2,-46.336,2.963,5.293
2,-26.574,-23.863,6.260
2,-4.490,39.652,3.038
2,-22.361,4.088,2.014
2,-19.052,-14.801,4.490
2,28.455,-16.106,-0.344
2,-41.412,36.988,2.024
2,5.550,-4.909,1.130
2,17.577,-2.434,-0.681
4,28.429,-18.669,1.049
2,49.141,-13.620,-2.239
2,19.145,24.090,1.806
2,32.249,-5.432,-1.697
2,-37.191,-23.044,6.006
2,6.344,-46.821,5.154
3,-42.972,10.546,3.212
2,33.640,24.190,1.813
2,-19.629,-41.031,4.793
4,24.962,36.178,2.198
2,-26.874,27.826,1.906
2,3.563,-32.858,3.221
2,3.977,-6.540,0.906
2,-25.392,33.029,2.261
2,-7.204,-4.301,2.451
2,-24.041,-27.648,6.423
4,20.471,-21.949,1.171
2,3.075,45.234,1.019
2,2.022,17.810,1.943
4,25.471,-27.320,0.609
2,-3.523,-34.414,3.996
2,-43.820,-37.574,3.198
3,-42.188,9.359,3.212
2,5.271,-44.482,5.404
2,2.646,-48.264,5.863
2,-10.902,33.289,3.124
2,8.675,49.214,0.870
4,2.746,26.518,3.094
2,11.408,5.697,0.677
4,27.559,-16.623,0.663
2,-7.169,-3.671,2.535
2,-16.336,7.854,2.371
2,-16.475,-20.603,5.295
2,-5.720,-32.455,4.107
2,-23.769,2.095,1.849
2,-23.673,17.869,1.909
2,28.009,-12.144,-0.537
2,34.552,38.068,0.568
4,-33.328,-40.204,4.652
2,49.857,10.401,-2.972
2,26.800,-12.641,-0.187
2,23.432,30.994,1.946
2,-17.877,-16.077,4.526
2,11.178,-14.913,0.815
2,12.448,-24.821,0.569
2,-27.562,-15.850,5.829
2,20.749,32.834,2.051
2,34.590,11.627,-0.264
2,43.874,17.271,-1.474
2,-43.535,12.454,2.424
2,-26.805,10.835,2.108
3,-15.775,2.769,3.640
2,29.681,-1.016,-1.494
2,-33.081,-39.728,3.753
2,-48.453,8.867,3.738
2,-32.338,-5.482,4.797
2,-45.925,36.516,2.042
2,-31.967,-16.794,6.576
2,-2.058,43.208,1.845
2,21.756,1.578,-0.975
4,3.120,26.548,2.764
4,24.900,36.985,2.075
2,-15.770,-30.932,4.966
2,-16.491,35.517,2.815
2,-18.827,23.472,2.534
2,6.612,38.823,2.158
2,-21.034,12.239,2.003
4,-42.324,-11.380,7.753
2,-37.688,24.985,0.692
2,-26.571,-3.758,3.610
7,23.252,1.113,-5.758
2,5.070,-38.618,4.438
2,-3.923,11.025,1.438
4,-35.483,-3.255,5.836
2,0.176,-43.091,5.668
2,39.769,8.052,-1.233
2,-25.341,2.243,2.011
2,-42.174,34.288,1.777
2,-49.793,18.765,2.456
2,-30.498,30.036,2.173
2,-9.138,-1.637,2.916
2,-4.396,29.458,3.376
2,34.965,-1.300,-1.586
2,18.866,-41.829,3.108
2,-20.118,18.351,2.098
2,-22.694,-47.990,4.542
2,-31.038,-49.814,4.237
4,28.242,-17.703,0.761
4,26.870,-18.038,1.357
2,-34.159,-40.938,3.746
4,-24.761,-34.455,6.320
2,2.851,36.958,2.668
2,12.881,-7.955,-0.087
2,-13.893,19.119,2.124
2,-28.628,-44.526,4.199
3,-42.268,10.848,3.034
2,-26.133,-23.108,6.242
2,-10.692,46.347,3.035
2,-25.953,8.135,1.849
2,49.189,44.766,0.876
2,43.667,-14.753,-2.520
2,-8.641,-7.431,2.218
2,-28.351,27.349,2.052
4,-43.595,25.054,3.037
2,-27.681,-12.497,5.823
2,-34.175,6.947,2.544
2,-43.812,-41.812,2.862
7,-7.141,26.625,-8.915
2,-42.294,9.491,2.846
2,-35.566,-1.447,5.058
2,1.857,-48.800,5.900
2,-18.389,7.822,2.126
2,21.572,36.761,1.989
2,-1.012,35.992,3.084
2,0.353,-25.668,2.440
2,-21.388,-5.987,3.980
4,-13.407,-15.733,4.355
2,-3.674,36.555,3.134
2,-29.837,-18.480,6.417
2,44.108,-15.177,-2.626
2,-43.023,-17.645,6.971
2,-31.528,-17.892,6.729
2,-6.711,44.008,2.089
2,26.001,11.024,0.578
2,-49.115,-40.480,2.448
2,26.968,-8.109,-0.517
2,40.093,1.895,-2.002
2,-33.414,-3.078,4.464
2,-35.187,4.183,3.610
2,1.623,-48.279,5.968
2,25.048,12.216,0.959
2,-10.279,-16.081,3.683
2,-17.280,-7.494,3.840
2,-35.073,-2.288,4.974
2,-47.195,33.246,2.464
2,18.633,-43.704,3.413
2,-11.332,-16.798,4.055
2,21.447,-40.408,2.337
2,42.611,-22.369,-1.678
2,4.150,42.351,1.723
4,17.735,-30.613,2.620
2,3.897,2.357,1.421
2,26.354,48.596,1.593
2,-29.141,-30.231,5.523
2,-34.380,-5.049,5.236
2,38.142,29.746,1.462
2,-27.629,0.222,2.024
2,-35.342,-41.897,3.719
2,28.295,18.970,1.914
2,35.475,-10.597,-2.184
4,20.678,-18.430,2.269
2,44.567,43.214,0.639
2,-9.058,30.276,3.037
2,-3.822,19.000,2.161
2,46.123,9.395,-2.672
3,41.018,22.032,0.021
2,-20.584,-46.990,4.932
3,-3.995,-17.016,3.175
2,28.884,43.138,0.381
2,-29.704,35.420,2.423
2,47.202,-29.664,-1.686
2,-43.983,25.316,2.233
2,-47.744,48.664,1.993
2,6.271,-30.618,2.944
2,5.996,17.485,0.741
2,13.658,-42.776,4.100
2,34.468,26.679,1.659
2,-12.786,-2.566,3.257
2,30.569,-47.605,1.868
2,-22.149,-43.575,4.136
2,33.783,5.954,-0.473
3,25.770,32.769,1.354
4,27.506,-16.677,1.219
2,-17.581,-5.933,3.866
2,-30.353,-42.967,4.137
2,-33.482,29.649,2.073
2,40.499,28.443,0.685
4,-12.229,-41.375,7.558
2,-29.416,7.231,1.872
2,-23.507,39.540,3.009
2,22.285,-7.153,-0.948
4,-43.115,-11.078,7.330
2,11.149,-22.220,0.917
2,4.996,6.091,0.935
2,5.986,-18.158,1.857
2,3.081,16.300,1.546
2,7.160,-31.692,3.334
2,15.553,-5.046,-0.710
2,-10.604,32.412,3.026
4,-42.327,-11.189,7.704
2,23.232,44.221,1.698
2,49.055,10.290,-2.929
2,38.216,-42.939,-1.183
3,28.229,-10.578,-0.478
2,-6.978,-2.487,2.640
2,-27.748,-45.136,4.061
2,2.353,19.665,2.031
2,-26.206,39.136,2.201
2,-34.806,-24.012,6.075
2,-10.124,-15.760,3.754
2,35.617,32.369,1.450
2,-21.988,44.748,3.044
2,-39.457,-13.303,6.765
2,18.476,38.561,2.700
4,-35.542,-3.814,5.888
2,9.571,11.178,0.597
2,14.474,30.362,2.096
4,2.513,26.611,2.801
2,40.278,-10.641,-2.587
2,11.705,0.831,-0.148
2,-1.928,7.148,1.891
2,29.855,-17.702,0.057
2,-40.447,-2.305,6.121
2,10.154,-44.203,4.562
2,-23.806,4.951,1.750
2,46.698,-22.544,-2.012
4,-18.119,4.560,3.066
2,-36.254,-41.140,3.736
2,40.440,-41.059,-1.314
2,17.510,-1.330,-0.644
2,-37.447,3.580,4.449
2,-10.941,18.639,2.533
4,-33.462,-2.835,5.624
2,-4.418,28.700,3.396
2,-41.477,-35.208,3.935
2,30.034,4.604,-0.551
2,-15.002,-10.907,3.428
2,-38.782,42.584,2.070
2,-16.823,-22.907,5.664
2,-32.456,21.991,1.450
2,25.284,19.944,2.099
2,18.710,-23.852,0.659
4,-5.755,41.035,3.496
2,21.504,30.168,2.241
2,6.809,24.985,1.002
2,26.299,-11.241,-0.186
2,43.356,40.096,0.583
4,28.228,-17.584,1.013
2,30.588,-6.764,-1.527
2,-29.731,-44.078,4.249
2,-12.371,-13.932,3.012
2,-40.084,-5.872,5.855
2,-13.501,-8.650,2.960
2,-42.265,42.696,2.328
2,12.829,-36.922,4.043
2,8.522,-47.903,5.213
2,25.464,41.172,1.339
2,-45.825,-39.802,2.850
2,-19.044,-45.653,5.090
2,30.041,27.073,2.258
4,24.484,-25.855,0.594
2,-33.528,17.349,1.357
4,-34.811,-12.226,7.335
2,-40.240,31.627,1.963
4,23.531,0.189,-0.617
2,25.581,-11.877,0.077
3,-4.965,-16.536,3.283
2,-45.583,10.620,3.196
2,-14.755,6.319,2.729
3,-33.931,-3.904,5.279
4,-34.077,-4.115,5.833
2,21.955,43.437,1.757
2,-14.407,29.754,3.295
2,-49.136,9.282,3.566
2,-49.381,1.919,5.374
2,-30.961,48.994,2.999
2,15.202,-26.470,1.201
2,21.755,31.440,2.207
2,-3.527,-36.736,4.702
1,41.165,14.767,-1.129
2,48.647,15.935,-2.581
2,40.586,21.801,-0.242
4,18.500,-21.756,1.527
2,-49.947,6.906,4.371
3,42.061,22.193,0.033
2,-33.613,2.706,3.571
2,0.801,8.184,1.200
2,-2.137,-31.241,3.603
2,-34.484,-40.582,3.764
4,2.416,36.530,3.246
2,1.824,34.569,2.865
4,42.153,21.746,0.065
4,-42.160,24.614,2.914
4,-42.455,24.405,2.843
4,-42.285,17.917,2.458
2,15.483,-43.811,3.967
2,34.144,-14.127,-1.458
2,-22.320,40.641,3.011
2,-43.342,27.402,2.272
2,1.904,-47.171,6.033
2,-4.756,-38.549,5.618
2,36.424,8.171,-0.697
2,-32.377,5.204,2.894
2,-33.698,26.569,1.536
2,20.910,-5.182,-1.129
2,37.111,-43.454,-1.004
2,-48.790,27.358,2.001
2,-29.732,32.724,2.595
2,43.796,24.696,-0.836
2,-34.461,3.027,3.827
2,-28.040,26.988,1.899
2,-25.365,-26.601,6.506
2,-43.767,-29.893,5.238
2,26.478,24.054,2.817
2,28.449,-7.819,-0.770
2,13.778,-20.636,0.905
2,-13.533,22.305,2.683
2,0.965,-23.659,2.467
2,17.162,26.491,1.416
2,-43.944,11.532,2.613
2,32.591,33.152,1.372
2,44.533,-24.838,-1.590
3,-41.933,18.006,2.472
3,25.421,-11.657,0.316
2,-46.004,-22.473,6.261
2,-8.099,10.205,1.379
2,28.945,-43.281,1.205
2,46.843,13.743,-2.301
2,-10.565,-9.921,2.447
4,-4.396,36.228,4.010
2,11.754,-19.622,1.186
2,13.008,26.389,1.278
2,-15.600,1.103,3.401
2,-34.492,24.608,0.960
2,12.288,-48.583,5.072
4,21.463,-18.436,2.115
2,-7.878,-38.553,5.650
3,-4.962,40.507,3.277
2,20.861,25.321,2.435
2,44.968,42.087,0.647
2,-9.158,-19.108,4.006
2,41.530,10.946,-1.266
2,17.872,-14.919,-0.453
4,-24.896,-34.390,6.133
4,-34.412,-40.676,4.662
3,-42.473,9.891,3.166
3,-43.366,-11.686,7.126
4,-5.114,36.608,3.811
2,-31.051,-20.734,6.522
2,6.071,-41.071,4.817
2,37.333,-34.087,-1.042
2,-39.266,23.133,1.040
2,-3.336,10.520,1.495
2,-18.374,-9.100,4.059
2,-14.557,3.455,2.961
2,42.143,23.758,-0.131
2,-28.297,-45.596,4.056
2,7.218,-49.013,5.409
2,-46.092,-12.912,6.875
4,24.231,37.084,2.250
2,-13.403,-37.835,5.192
2,33.481,-35.547,-0.405
3,27.179,-11.198,-0.216
2,-30.551,-42.236,4.015
2,-27.089,20.950,1.594
2,-3.969,48.443,1.432
2,-33.479,-12.465,6.588
3,-16.108,6.671,2.880
2,27.934,-23.180,0.122
2,17.571,-46.987,3.942
4,24.577,-27.140,0.492
2,-43.541,-42.763,2.958
2,-3.356,-3.588,1.994
2,-22.372,-25.934,6.329
2,38.934,23.444,0.750
4,24.337,-27.620,0.832
4,25.124,-26.666,0.348
3,-10.280,33.214,3.356
3,22.808,0.086,-0.685
2,36.454,47.798,0.309
2,19.754,-26.849,0.794
2,-40.827,3.596,4.848
2,-15.268,-38.443,5.206
2,-39.188,1.588,5.438
2,1.241,-47.314,6.032
2,24.767,44.409,1.509
2,27.477,-17.464,0.274
2,43.439,21.119,-1.085
2,26.592,7.003,0.043
2,-10.314,35.412,3.101
2,33.379,-10.785,-2.007
2,-16.530,1.238,3.424
2,28.533,-7.020,-0.804
2,-44.948,-6.882,6.604
4,-34.553,-11.360,7.601
2,32.706,-48.816,1.293
2,-4.648,36.419,3.117
2,12.600,-38.725,4.298
2,-31.739,-33.713,4.689
2,-18.969,40.385,2.890
4,17.706,-30.487,2.722
2,39.662,-43.619,-1.010
2,23.824,-27.006,0.004
2,-25.555,47.986,3.424
2,22.205,-38.598,2.036
2,-11.793,-36.809,5.279
2,-46.453,-42.285,2.466
4,3.529,26.206,3.011
2,3.241,37.430,2.588
3,-16.592,0.627,3.416
4,4.002,36.635,3.474
2,46.821,24.701,-1.128
4,-25.108,-35.794,5.888
2,9.470,1.104,-0.012
2,-27.997,13.568,1.878
2,-22.194,17.513,1.908
2,-0.301,-38.726,4.354
2,-47.802,-32.063,5.169
2,11.175,-15.470,1.032
2,-4.998,-13.799,3.010
2,0.484,-31.039,3.001
4,33.135,13.666,1.464
2,-47.643,29.816,2.737
2,-12.283,-43.354,6.199
2,-6.305,-31.012,4.268
2,3.689,2.889,1.359
2,48.136,0.417,-3.232
2,14.040,-0.638,-0.312
2,2.598,-43.220,5.525
2,40.690,-0.234,-1.970
2,-24.963,1.848,1.839
4,-33.902,-4.300,5.707
2,3.733,-37.090,4.183
2,47.238,42.265,0.676
2,46.948,-12.122,-2.310
2,-49.128,-27.796,5.690
2,24.469,16.111,1.270
2,43.295,6.306,-2.579
2,2.437,-11.971,1.227
2,24.885,37.210,1.514
2,-6.052,-10.051,2.539
2,26.093,-18.078,0.719
3,2.023,37.190,2.747
2,49.434,-44.450,-0.962
2,39.003,0.225,-2.008
2,-43.668,14.029,2.282
3,49.867,-49.902,0.860
3,-43.859,25.333,2.629
2,-4.994,3.280,2.976
2,-12.136,-10.086,2.766
2,40.220,-49.869,0.563
2,-24.013,40.508,2.674
2,42.872,-14.530,-2.413
2,31.500,49.525,0.938
2,40.930,-0.567,-1.896
4,21.726,-21.077,1.053
2,-27.172,-18.057,6.181
2,49.634,-7.617,-2.892
2,-13.856,-18.550,4.594
2,10.456,-32.113,3.330
4,26.698,-17.381,0.881
2,-12.070,13.284,1.097
2,42.389,-18.632,-2.239
2,20.884,15.391,1.465
2,2.522,10.386,0.929
2,32.219,-48.504,1.406
2,-46.320,10.910,3.222
2,-7.259,3.828,2.994
2,29.887,-8.031,-1.223
2,-21.350,38.921,2.554
2,-38.595,-30.017,5.150
2,-21.258,-28.862,6.186
4,-10.571,-15.209,4.606
2,-32.700,24.386,1.434
2,-40.918,-48.405,2.673
2,17.676,-32.989,2.137
2,-18.379,47.398,3.004
2,-15.227,14.698,1.466
2,-48.189,-3.856,6.401
4,-35.435,-2.870,6.033
2,22.601,0.340,-1.450
2,10.481,-29.746,2.450
2,5.463,-43.879,5.379
2,33.781,-25.298,-1.156
2,-5.060,-26.038,3.756
2,40.279,-4.956,-2.204
4,-42.277,17.606,2.541
2,-12.209,45.502,3.547
2,4.061,-32.196,3.176
2,3.981,-7.333,0.715
2,-16.848,-4.941,3.720
2,-31.516,16.561,1.410
3,29.154,-10.118,-0.765
2,9.923,-40.034,4.275
3,28.674,-8.600,-0.633
2,30.526,26.142,2.400
2,7.163,-12.862,0.443
2,38.868,-45.401,-0.429
2,36.291,-49.907,0.314
2,-44.748,37.595,2.303
4,-43.046,-10.599,7.965
2,46.637,21.315,-1.392
2,24.105,-22.279,0.480
2,15.064,-19.525,0.768
2,-10.005,-0.385,3.160
2,-15.269,43.407,3.571
2,48.626,16.866,-2.360
2,-10.054,32.777,3.121
2,9.491,29.945,1.905
2,-17.338,41.689,3.053
2,19.304,-31.874,1.803
2,13.145,28.013,1.686
4,3.489,26.206,2.666
2,-15.426,24.360,2.949
2,49.412,24.301,-1.471
2,-47.812,40.056,2.574
2,-45.523,-6.696,6.616
2,-36.835,-14.998,6.753
2,-30.701,45.230,2.724
2,-25.796,18.920,1.929
2,7.139,40.756,1.945
2,6.472,-19.630,1.848
2,12.215,10.545,0.581
2,46.679,-47.036,-0.258
2,-15.073,3.621,2.955
4,38.998,0.995,-1.416
2,-37.361,-30.914,4.816
3,-23.719,40.572,3.322
2,34.134,-26.029,-1.307
2,44.802,-16.498,-2.534
2,-9.431,-35.094,4.945
2,-10.718,-7.966,2.252
4,-35.055,-4.222,5.807
2,-36.948,-40.630,3.723
2,35.511,43.672,0.700
2,-19.814,-42.384,4.759
2,26.265,40.985,1.209
3,27.402,-9.211,-0.448
2,7.355,-43.298,5.076
4,3.377,37.658,3.176
2,-14.486,-18.703,4.630
2,-32.947,-14.593,6.482
2,5.869,-23.577,1.675
3,-10.512,32.681,3.343
2,-14.806,16.576,1.761
2,-28.608,-30.374,5.644
2,-27.168,-37.211,4.576
2,6.523,18.716,0.714
2,3.830,20.391,1.730
2,-13.753,-26.089,5.271
4,-4.905,36.552,4.240
2,-46.697,0.008,6.282
4,-23.421,38.428,3.229
4,2.524,26.303,3.000
2,-15.419,-36.312,5.007
2,-43.622,10.257,3.114
2,-37.027,-4.628,5.420
4,3.127,36.357,3.154
2,28.169,-17.897,0.112
2,18.564,-20.675,0.282
2,-26.713,-14.609,5.728
2,43.496,-37.631,-1.692
2,-35.955,41.470,1.901
2,-21.254,14.075,1.847
2,22.640,39.683,1.894
2,-9.942,33.291,3.051
3,24.701,-25.670,0.384
2,-23.771,-25.826,6.529
2,25.103,-46.618,3.334
2,-3.943,-6.519,2.301
2,28.369,-7.836,-0.767
2,18.940,8.626,0.438
2,33.720,-29.724,-0.872
2,6.867,1.071,0.512
4,11.866,-38.285,5.854
2,-40.859,31.620,2.014
2,-28.630,14.235,1.804
2,-34.051,22.497,0.939
2,43.648,-4.089,-2.228
2,19.144,2.250,-0.680
2,47.028,-4.625,-2.828
2,26.156,34.716,1.424
4,-32.628,-11.283,7.498
2,-47.585,4.982,4.773
2,-4.252,29.006,3.471
4,22.760,-0.535,-0.843
2,-5.020,-40.311,5.858
4,-33.096,-3.107,5.323
2,1.041,1.185,2.470
2,42.415,49.836,0.459
2,44.759,-36.808,-1.530
2,7.752,17.208,0.511
2,-11.413,41.796,3.216
2,8.099,42.915,1.928
2,-49.401,-29.212,5.550
2,-27.272,-7.444,4.570
2,-23.792,6.104,1.733
3,13.464,-39.108,4.254
4,3.506,38.105,3.286
2,-3.918,12.815,1.439
2,-35.317,-23.537,6.066
2,-40.707,-8.643,6.179
2,11.189,-27.077,1.414
2,36.080,13.335,-0.364
2,-4.395,44.176,1.751
3,-15.454,6.869,2.742
2,-11.864,37.391,2.925
2,32.159,24.890,2.190
3,-13.358,3.219,3.604
2,35.526,-13.850,-1.794
2,2.285,-5.694,1.033
4,-43.139,-11.800,7.712
2,24.635,-42.067,2.127
2,-43.883,43.461,2.339
2,36.424,-18.794,-0.999
2,49.041,31.642,0.547
2,-5.274,32.606,3.113
2,-32.324,28.031,2.012
2,-1.900,-33.001,3.855
2,30.079,34.897,1.311
2,21.095,33.286,1.887
2,-24.843,3.272,1.916
2,-27.415,39.755,2.158
2,35.096,-7.654,-2.081
2,4.230,-36.519,4.202
2,-19.843,46.614,2.934
2,3.131,-8.246,0.729
2,26.810,39.930,1.074
2,43.675,-32.499,-1.462
4,-12.633,-15.382,4.295
2,-21.627,-49.234,4.779
2,-32.352,-6.216,4.955
4,-35.240,-4.257,5.683
2,2.682,23.103,2.239
2,-1.934,46.096,1.173
2,-5.483,30.823,3.519
3,-15.770,-20.020,5.919
2,-35.728,-3.335,5.124
2,45.443,6.090,-2.923
3,-4.265,36.195,3.350
2,44.397,-16.108,-2.574
2,-37.766,-24.750,5.843
2,-19.428,29.289,3.258
2,-9.367,-14.446,3.027
2,28.879,-1.826,-1.382
2,-35.581,47.323,2.477
2,31.134,-9.481,-1.488
2,-16.887,13.841,1.529
2,-17.277,10.187,2.014
2,-4.227,30.043,3.377
2,-41.419,-12.622,6.754
2,-43.247,31.981,1.924
2,22.688,43.475,1.735
2,-28.540,26.600,2.170
2,-8.650,49.825,2.081
2,-16.858,28.652,3.182
2,28.545,25.090,2.611
2,-34.195,45.915,2.335
2,-30.742,38.562,2.110
2,-14.105,11.162,1.560
4,28.946,-16.770,0.699
2,43.244,6.880,-2.442
2,-48.450,-30.771,5.408
4,32.957,11.850,0.667
4,-4.297,40.066,3.359
2,-39.025,8.763,3.165
2,26.427,-17.880,0.111
2,3.508,-35.107,3.792
4,-33.610,-12.696,7.513
4,10.668,-38.697,5.608
3,-4.821,41.239,2.747
3,5.704,-38.356,4.573
2,-3.263,30.102,3.233
2,-12.924,-33.236,4.847
2,22.941,28.566,2.290
2,2.938,26.753,2.265
2,33.407,-43.093,0.016
2,-39.295,36.645,1.971
2,-25.433,12.143,2.141
2,-37.313,35.637,1.955
2,-10.475,-33.300,4.657
2,40.669,-33.129,-1.377
4,25.046,-26.681,0.737
2,-23.530,-15.287,5.244
2,32.474,1.583,-1.117
2,-17.073,24.626,2.982
3,-9.925,33.132,3.402
2,26.563,-48.651,3.436
2,48.721,1.226,-3.371
4,27.795,-16.272,0.669
2,-29.916,-24.497,6.040
2,36.237,-47.899,0.236
2,-10.567,48.400,2.654
2,43.164,-13.250,-2.465
4,24.845,-26.079,0.653
2,-41.589,-28.762,5.402
2,-14.860,7.163,2.398
2,-30.343,27.301,2.121
2,5.340,-19.938,1.906
2,-33.364,-1.221,4.440
3,-4.580,-16.022,3.115
2,-27.041,27.568,2.022
4,24.995,36.951,2.112
4,-16.826,-19.287,5.942
2,-9.103,-12.010,2.857
2,25.725,-12.269,-0.215
2,48.771,-36.051,-0.955
2,-30.325,-36.261,4.682
2,-34.587,-21.430,6.562
2,-35.567,22.043,0.857
2,11.234,-11.897,0.052
4,-33.591,-40.034,4.694
4,-35.446,-4.852,5.792
4,10.492,-38.854,5.121
2,-26.936,-10.233,5.342
2,-10.961,-25.287,5.086
3,-16.457,5.057,2.896
2,-18.150,-1.875,3.612
2,-41.122,-16.190,6.989
2,43.369,-24.161,-1.615
2,-35.977,15.733,1.513
2,-43.044,-0.926,6.115
2,3.349,44.587,1.205
3,16.052,-23.763,1.445
2,4.094,-17.570,1.773
2,27.444,26.896,2.311
2,-9.770,19.399,2.690
2,47.999,-39.172,-1.371
2,-24.589,19.727,2.071
2,-29.733,-8.864,5.504
2,-15.104,2.362,3.420
2,49.298,-1.454,-3.491
2,-7.606,40.373,2.852
2,-19.418,0.602,3.099
2,-47.790,-46.053,1.685
2,14.955,-24.671,1.110
2,-24.403,-33.079,5.539
2,31.298,31.079,1.808
2,-4.968,30.433,3.583
2,28.243,-22.727,0.163
2,-22.634,40.259,2.569
2,-30.812,-29.630,5.166
2,-34.400,-17.558,6.716
2,17.733,-23.501,0.744
2,46.455,29.397,0.102
2,-42.143,17.866,1.830
2,-26.121,43.170,2.649
2,15.051,-30.931,2.376
4,28.990,9.515,1.474
2,-33.291,-26.483,5.716
2,-6.085,17.925,2.291
2,-13.411,0.746,3.496
2,-34.271,38.231,2.305
2,4.125,48.877,0.478
2,-25.663,3.134,1.902
2,-38.169,21.330,1.044
4,16.947,-30.806,3.025
2,16.850,-44.181,3.863
4,18.415,-19.710,1.715
2,-15.414,-39.719,5.166
4,29.480,-17.258,0.979
2,-30.026,5.740,2.255
2,27.762,-1.782,-1.464
2,2.881,24.096,2.206
2,-20.921,38.499,2.586
2,3.414,-2.401,1.456
3,1.864,36.538,3.222
2,-0.885,-38.156,4.316
2,20.213,-12.432,-0.786
2,-37.312,-13.895,6.575
2,-47.918,2.144,5.505
2,-42.294,12.724,1.994
2,-4.019,39.284,2.769
4,18.519,-22.982,1.297
2,18.675,-42.336,3.277
7,-63.060,-3.288,3.016
4,21.036,-17.908,1.911
2,40.439,-1.623,-1.935
2,16.431,17.873,0.794
2,28.980,49.488,0.962
4,18.635,-24.441,1.595
3,-15.738,-20.024,5.768
2,-44.135,10.724,2.911
2,37.692,-21.162,-0.795
2,24.442,-25.917,0.072
2,-41.365,0.993,5.753
2,24.673,37.402,1.535
3,23.935,-27.655,0.369
2,-10.973,32.979,3.128
3,25.462,-12.240,0.325
2,26.265,28.777,1.852
2,-10.814,22.021,2.729
2,-15.254,26.716,2.808
2,28.257,-38.757,0.649
2,-24.920,-32.938,5.532
2,-4.638,29.190,3.559
2,-2.529,-19.518,2.824
2,-16.302,5.941,2.723
4,21.103,-18.905,1.002
4,2.918,26.967,3.366
4,-42.830,24.514,2.897
2,-43.083,-9.216,6.460
3,-42.496,10.314,2.841
2,4.150,11.457,0.760
2,-16.682,27.940,3.031
4,28.329,-17.488,1.350
2,-34.672,-12.441,6.516
2,-23.131,36.798,2.422
2,-32.288,-37.859,4.168
3,-5.562,40.156,3.059
2,-43.858,-20.527,6.925
2,44.023,7.960,-2.471
2,-9.350,48.020,2.401
2,0.011,-12.233,1.882
2,-9.948,32.767,2.961
2,5.532,-38.915,4.512
2,-1.410,-10.602,2.293
2,43.816,-31.975,-1.546
3,-16.062,-19.957,5.479
2,1.949,21.094,2.228
2,-2.085,-11.579,2.242
4,3.238,37.889,3.208
2,-12.881,-8.172,2.638
2,18.218,34.645,2.421
2,37.111,-41.515,-0.868
2,16.116,-14.941,-0.287
2,-16.586,3.832,2.868
2,21.357,6.484,0.466
2,0.887,40.308,2.110
2,12.462,-22.319,0.769
2,37.368,23.422,1.217
2,-1.471,-17.303,2.399
2,-34.229,-20.920,6.526
2,25.250,17.253,1.331
2,-45.701,-7.800,6.709
2,45.587,38.514,0.546
4,-4.740,36.049,3.831
2,28.298,-18.085,0.095
2,7.316,-14.258,0.801
2,37.830,-37.714,-0.992
2,35.776,27.923,1.464
2,-14.814,22.726,2.832
2,-4.604,-23.110,3.385
3,-12.119,-15.617,4.015
2,27.991,-32.947,0.032
7,-31.194,-96.508,-2.897
2,-5.787,26.888,3.541
2,-2.500,-43.827,5.933
4,28.839,17.042,2.836
2,24.307,-27.020,-0.059
2,10.718,6.463,0.689
2,-16.142,-39.215,5.076
2,-16.064,-5.019,3.726
2,29.943,-15.205,-0.695
2,7.572,30.922,1.963
2,-14.418,5.649,2.735
2,22.260,-12.212,-0.232
2,-36.929,38.076,1.671
2,-24.726,24.748,2.091
2,-33.986,-4.376,4.902
2,-46.079,18.953,2.005
2,45.911,-35.709,-1.500
2,17.937,3.939,-0.113
2,-15.523,1.148,3.547
2,-11.822,-17.201,4.276
2,21.652,-13.358,-0.177
4,-3.276,4.691,3.571
2,-31.074,-39.129,4.125
2,6.537,-45.393,5.194
2,29.249,18.588,1.690
2,28.741,-42.048,0.930
2,-27.587,22.115,1.333
2,-1.601,-2.036,2.344
4,16.998,-30.283,2.732
2,11.992,-39.111,4.357
2,-0.573,-45.867,5.956
2,45.717,-47.810,0.077
2,6.989,-8.751,0.467
2,-0.783,-20.382,2.443
2,-0.488,-43.150,5.646
2,7.479,13.850,0.507
2,-18.461,45.625,3.148
2,-5.029,29.501,3.553
2,-42.759,15.237,2.132
2,8.752,-35.002,4.409
2,7.038,17.296,0.454
2,36.836,39.837,0.357
2,16.487,-21.895,0.741
2,-14.194,0.357,3.595
2,-4.149,29.900,3.514
2,10.232,-21.233,1.040
2,-26.601,0.275,2.025
2,8.521,-39.457,4.706
2,-5.062,30.335,3.598
2,-15.665,2.566,3.446
2,45.584,-37.617,-1.418
2,-7.512,29.764,3.272
2,-7.105,-47.179,6.277
2,-23.718,-5.342,3.794
4,-34.258,-40.091,4.838
2,-16.148,11.328,1.796
2,-28.159,28.022,1.995
2,-24.536,14.659,2.068
2,-0.702,-33.160,3.728
2,29.766,49.616,1.006
2,-28.102,26.926,1.890
2,-44.955,-44.992,2.652
3,21.811,49.854,2.218
2,-4.374,39.146,3.196
4,-33.529,-2.453,5.265
2,23.747,9.404,0.391
2,30.741,-0.275,-1.433
2,-16.042,6.089,2.856
2,-37.028,-15.593,6.733
2,45.377,14.828,-2.036
3,3.145,37.710,2.850
2,22.038,32.566,2.035
2,-24.522,13.683,2.141
2,-43.428,19.289,1.833
4,-33.990,-40.559,4.613
2,11.668,29.636,2.086
2,15.251,11.280,0.595
3,39.447,-0.622,-1.814
1,-34.702,15.112,1.394
2,20.624,-47.537,4.064
2,-13.088,18.038,1.908
2,-43.204,2.840,5.185
2,26.745,-17.127,0.103
2,29.580,45.198,0.472
2,49.273,28.546,-0.503
2,-3.689,-43.823,6.057
2,3.800,22.344,1.982
2,3.257,29.492,2.528
2,-21.945,13.283,2.114
4,16.668,-29.525,2.796
2,25.019,31.454,1.536
2,-23.115,-48.859,4.441
2,-1.773,37.668,2.962
2,28.834,-22.385,0.027
2,10.506,42.409,2.182
4,-24.187,40.147,3.280
2,34.335,-9.433,-2.355
2,23.484,43.705,1.743
3,29.086,-8.061,-0.642
2,12.159,47.291,1.692
2,38.093,-28.278,-1.183
2,33.958,49.822,0.280
4,24.804,-26.130,0.632
4,-3.462,36.561,4.421
2,35.653,-3.240,-1.983
2,10.986,-23.133,0.878
2,47.953,-46.596,-0.282
2,8.465,-19.094,1.534
2,38.424,14.213,-0.650
2,-35.718,-19.006,6.550
4,22.791,0.218,-0.512
2,-13.582,-40.589,5.374
2,8.343,29.668,1.746
2,-9.272,-39.621,5.851
2,25.555,-29.446,-0.214
2,5.201,31.854,2.414
2,33.730,-47.034,0.885
2,26.601,9.740,0.226
2,28.506,-18.111,0.100
2,24.516,-15.445,0.366
4,20.567,-23.393,1.636
2,1.205,-46.018,6.077
2,15.425,-11.751,-0.833
4,29.748,-9.143,-0.611
2,49.238,-10.081,-2.332
2,-10.785,-3.429,2.728
2,-34.300,24.010,0.958
2,5.136,8.993,0.573
4,-42.434,10.938,3.101
2,21.158,-7.688,-0.939
4,29.222,-10.145,-0.473
2,-31.120,-13.531,6.357
2,-47.416,-33.800,4.755
2,16.100,15.727,0.518
4,25.893,-12.230,0.691
2,33.157,-45.727,0.706
2,37.894,19.277,0.737
3,-9.706,33.443,3.345
2,11.378,-49.544,5.235
2,-44.955,21.540,2.145
2,-18.310,35.918,2.902
2,-37.570,-27.142,5.616
4,23.433,0.597,-0.914
2,-41.845,44.274,2.176
2,34.446,30.336,1.661
2,29.951,-11.233,-1.217
2,-40.229,21.890,1.466
2,18.381,19.049,1.068
2,31.154,0.568,-1.372
2,-4.286,29.850,3.404
2,-15.539,-9.893,3.619
2,-44.347,-49.713,2.306
2,46.919,-30.579,-1.680
2,-25.063,12.542,2.279
2,-6.819,-14.767,3.224
2,7.575,7.222,0.735
2,-32.371,32.572,2.305
2,-31.014,29.189,2.226
3,27.962,-8.466,-0.539
2,15.412,20.382,0.781
2,-43.266,18.819,2.307
2,28.256,-44.673,1.714
4,27.758,-17.820,1.497
2,41.198,2.122,-1.537
4,24.779,-27.078,0.530
7,-64.505,-30.405,1.396
2,21.405,23.097,2.207
4,16.445,-23.145,1.749
2,22.165,0.047,-1.597
2,49.090,-7.741,-2.763
2,-40.634,0.634,5.865
2,-2.430,18.912,2.113
2,11.028,-0.508,0.180
2,-29.329,27.425,2.060
2,-9.453,-47.748,6.303
2,-16.843,23.755,2.889
2,-30.106,-8.289,5.369
2,35.850,11.155,-0.406
2,10.675,-28.055,1.780
2,-40.301,-17.099,6.873
2,47.681,7.041,-3.021
2,-33.796,-44.843,4.086
2,28.272,34.186,1.404
2,-33.677,-14.420,6.448
2,-9.377,-37.756,5.537
2,26.883,10.235,0.301
2,11.476,30.580,2.267
2,-18.325,-13.371,4.297
2,18.729,-12.943,-1.042
2,46.318,-13.622,-2.548
4,-43.627,-10.639,7.992
3,16.471,-30.028,2.296
2,7.079,-23.635,1.600
2,-45.815,9.038,3.581
2,26.764,33.578,1.344
2,-24.932,-26.928,6.438
2,-17.209,35.656,2.878
2,-34.747,-17.104,6.724
2,31.932,-18.204,-0.269
2,-31.636,41.513,2.093
2,-7.247,39.590,2.904
3,-20.215,31.479,3.152
4,37.496,-0.071,-1.411
2,15.035,22.806,1.017
3,-42.079,18.945,2.633
2,-31.172,-33.537,4.770
2,-15.766,2.233,3.381
4,18.444,-25.357,2.489
4,42.238,21.738,0.057
2,-24.319,12.817,2.271
2,31.943,20.547,1.809
2,-6.842,-38.816,5.803
2,-46.092,10.346,3.313
2,-0.285,1.304,2.691
4,-16.881,-19.587,5.761
4,22.291,-0.094,-0.804
2,-2.918,13.714,1.452
2,14.182,-47.260,4.561
2,-2.884,20.392,2.469
2,6.533,13.300,0.352
2,27.068,10.068,0.170
2,18.945,4.936,0.028
2,21.132,27.982,2.329
2,-36.951,-9.835,6.135
4,-12.089,-15.035,4.180
2,-26.947,30.888,2.348
2,-33.325,31.773,2.224
2,-13.014,0.364,3.397
4,21.557,-24.529,1.259
2,31.132,-15.263,-1.049
3,-10.607,33.271,3.304
2,11.435,-42.710,4.204
2,27.425,37.772,1.110
2,14.296,10.683,0.574
2,2.717,15.569,1.323
2,49.947,7.654,-3.267
4,-34.479,-3.857,5.844
2,-44.799,3.113,5.086
2,19.584,-39.218,2.500
2,9.584,2.061,-0.021
2,4.838,7.814,0.902
2,-4.833,-28.046,3.796
2,-37.709,2.398,4.863
3,24.587,35.809,1.760
2,14.191,19.626,0.539
4,3.254,36.099,3.346
2,35.222,-6.036,-2.116
2,-31.442,-36.075,4.606
4,28.176,16.861,2.696
2,-8.560,-2.836,2.607
2,-19.650,-1.621,3.444
4,-42.174,10.848,3.171
2,-41.152,-17.661,6.892
2,42.601,40.285,0.615
2,14.339,-40.137,3.797
2,-42.242,18.477,1.940
4,3.594,26.548,2.847
2,35.447,15.032,-0.176
2,29.360,-22.621,-0.185
2,17.538,-6.025,-0.844
2,26.081,-31.071,-0.208
2,42.074,-23.633,-1.536
2,27.293,-49.295,3.105
2,-11.351,-29.942,4.383
2,25.502,-3.563,-1.091
4,41.823,21.512,0.036
2,23.397,45.727,1.648
2,21.365,0.024,-0.923
2,3.273,-22.770,2.029
2,-44.509,45.009,2.424
2,-49.894,23.418,1.671
2,14.432,-30.876,2.372
2,6.776,42.815,1.839
2,35.799,49.968,-0.260
2,42.081,17.712,-0.883
3,10.927,-39.426,4.509
2,48.443,-38.514,-1.279
2,-29.692,-41.682,4.041
2,-28.980,-27.268,5.812
2,-46.884,10.170,3.399
2,24.686,-18.422,0.606
3,28.150,-10.478,-0.614
3,41.409,21.379,-0.133
2,0.109,31.240,2.843
2,0.120,-21.169,2.496
2,-33.842,43.003,1.983
2,-18.471,5.445,2.256
3,22.833,-26.682,0.658
2,40.823,-44.733,-0.719
2,-24.695,-35.308,5.002
2,-29.647,-27.049,5.781
3,-5.837,40.154,3.245
2,-45.384,36.465,2.032
2,1.805,-27.574,2.623
2,18.163,-14.398,-0.655
2,44.922,46.570,0.823
2,-24.805,-0.281,1.882
2,-34.083,45.004,2.067
2,40.818,-49.350,0.661
2,-1.241,18.509,2.189
2,10.370,36.476,2.546
2,10.309,44.200,2.291
2,41.647,-3.232,-2.194
2,-26.146,2.825,1.858
2,22.849,-15.176,0.290
2,3.557,37.719,2.417
2,34.631,39.574,0.618
3,-10.413,32.838,3.343
2,9.741,-27.401,1.486
2,16.837,19.004,0.936
2,48.215,-19.924,-2.339
2,10.934,-20.978,1.157
2,42.757,-21.847,-1.786
3,22.996,0.182,-1.346
2,-41.303,29.222,2.081
2,16.656,-35.650,2.586
2,33.603,-49.284,1.178
2,3.760,-48.039,5.783
2,-34.596,-6.452,5.382
2,-3.318,1.101,2.914
2,-25.350,-44.277,4.127
2,9.849,-47.183,5.021
3,-17.227,4.958,2.759
2,27.193,-10.749,-0.385
2,24.116,45.551,1.671
2,-23.316,-1.897,2.789
2,10.190,8.321,0.584
7,30.662,11.849,-10.379
2,-25.061,1.000,1.698
2,46.345,30.570,0.280
2,-22.686,39.185,2.581
2,-35.267,25.804,1.186
7,124.287,-66.740,-37.848
2,-22.414,39.793,2.635
2,-45.957,-32.787,4.981
3,-17.717,4.279,2.723
2,-20.120,-43.519,4.670
2,27.869,-33.811,0.037
2,-24.837,35.197,2.174
2,4.153,-27.486,2.458
2,32.577,-29.131,-0.671
2,44.560,-31.166,-1.515
2,-23.097,-21.027,5.790
2,16.224,28.148,1.693
2,25.122,-40.448,1.637
2,-34.728,49.878,3.058
3,28.208,-17.665,0.523
2,19.319,-0.204,-0.835
2,7.601,31.762,2.036
2,-9.437,-10.165,2.408
2,32.118,-44.015,0.554
2,18.902,48.970,2.202
2,-48.649,-42.003,2.215
2,-5.331,-45.046,6.013
4,-41.995,26.021,2.433
2,13.281,-21.452,0.804
4,24.369,36.185,2.158
2,-39.512,-40.953,3.242
2,-29.735,14.242,1.689
2,-0.923,-0.061,2.906
2,4.404,-3.465,1.238
2,41.035,-20.248,-1.507
2,14.006,45.802,2.238
2,-47.180,-46.225,1.752
2,-25.007,20.109,2.092
2,47.763,21.574,-1.384
2,5.967,-43.667,5.435
2,-13.391,-10.792,2.929
7,-7.680,-22.705,-4.775
2,-47.851,8.992,3.742
4,25.413,-26.931,0.492
4,20.093,-19.315,0.980
2,-8.548,-48.572,6.566
2,-5.883,44.419,1.777
4,27.993,-13.157,0.711
3,-15.710,-20.424,5.926
2,-33.926,-36.949,4.252
2,-4.734,32.304,3.087
2,-49.737,20.336,2.113
2,-14.956,-21.669,5.444
2,41.898,5.872,-2.238
4,27.493,-12.556,0.676
2,-42.183,24.948,2.217
2,40.301,0.182,-1.993
2,35.426,1.360,-1.673
2,34.456,1.455,-1.376
2,-19.245,-44.217,4.680
4,20.449,-22.659,1.482
4,28.235,-18.072,0.992
2,-43.679,23.203,2.304
2,27.199,-38.467,0.939
2,-1.749,-3.622,1.790
2,38.232,-9.767,-2.252
2,-44.339,43.742,2.293
2,-30.078,-11.691,6.141
2,-24.400,-22.525,6.161
2,11.145,-26.337,1.168
4,-43.418,24.139,2.875
2,-29.820,9.674,1.645
4,0.899,-8.760,1.827
2,-7.419,41.238,2.679
3,25.349,-11.328,0.229
2,-22.224,-3.198,3.295
3,-44.054,24.203,2.658
2,-41.937,-10.317,6.694
2,5.618,42.450,1.822
2,12.421,-30.495,2.535
2,27.460,43.289,0.735
2,-11.010,-49.678,6.483
2,21.584,40.003,2.113
2,-36.566,43.870,1.972
2,2.401,-37.158,4.085
2,6.561,-13.067,0.466
3,24.667,-27.200,0.348
2,25.493,-16.850,0.377
3,-15.085,4.037,3.039
2,17.360,-6.939,-0.931
3,-42.918,10.552,3.080
2,6.159,-47.366,5.292
2,-21.488,11.324,2.220
4,2.310,36.067,3.353
3,-4.525,39.955,3.480
2,-32.854,4.882,3.051
2,-29.825,-20.859,6.317
2,23.401,-44.207,2.858
2,15.718,-42.704,3.664
2,-4.245,39.112,3.205
2,-3.671,29.093,3.303
4,-3.932,40.598,3.506
2,21.943,6.931,0.472
4,-11.112,-14.406,4.535
2,-9.681,-12.988,2.971
2,-29.563,4.829,2.393
3,28.088,-8.810,-0.464
2,20.346,-35.616,1.867
2,36.087,-34.913,-0.879
2,-43.539,10.112,3.198
2,-5.606,30.539,3.376
4,-34.595,-5.052,5.720
2,39.115,-29.844,-1.222
4,27.375,-12.515,0.554
4,-27.226,24.605,2.055
2,-18.481,-35.548,5.175
2,9.642,27.594,1.537
2,-23.803,0.761,1.735
2,48.111,-25.973,-2.186
3,-34.098,-10.889,6.692
2,28.842,26.581,2.250
2,13.323,-35.196,3.451
2,-43.395,8.919,3.322
2,-45.749,17.878,2.052
2,-15.248,1.419,3.540
4,-4.582,40.685,3.422
2,40.940,-13.738,-2.347
2,-5.766,-15.032,3.239
2,-18.236,-1.063,3.538
2,-28.180,27.856,1.891
2,-11.313,-28.569,4.427
2,-45.570,29.100,2.289
2,23.949,37.273,1.781
3,23.651,-27.050,0.041
2,39.088,-22.145,-1.131
2,-47.437,-8.664,6.685
2,-3.818,36.150,3.165
2,43.559,-40.764,-1.516
2,-39.111,31.280,1.811
2,14.346,-2.523,-0.242
2,-26.591,-47.132,4.234
2,-28.506,-14.143,5.861
2,-35.516,-3.097,4.926
4,20.220,-21.852,1.063
2,-40.832,38.975,1.901
2,11.496,24.819,1.050
2,12.725,-48.938,5.050
2,-22.005,13.845,1.917
4,2.406,36.235,3.359
2,-31.400,-39.617,3.954
2,26.109,-11.584,-0.258
2,44.773,49.682,0.630
2,19.599,10.585,0.820
2,11.559,-0.388,0.107
2,48.924,24.047,-1.435
2,-18.455,27.024,3.177
3,-10.418,32.675,3.353
2,18.370,-2.310,-0.743
2,-6.544,-15.083,3.014
2,7.854,-1.536,0.705
2,33.962,-5.857,-2.047
2,6.073,35.041,2.358
2,-0.853,13.136,1.126
4,-11.234,-14.718,4.097
2,-11.902,-9.145,2.651
2,49.436,-47.374,0.010
2,-36.472,-13.385,6.613
3,-5.444,-16.803,3.289
2,1.878,36.737,2.623
2,-0.401,-48.020,5.810
2,11.471,31.167,2.390
2,38.893,22.692,0.671
2,19.415,42.008,2.036
4,3.096,37.675,3.211
2,-5.235,29.856,3.459
3,-23.865,38.917,2.980
2,-26.202,1.506,1.920
2,20.900,29.331,2.252
2,-41.980,30.227,2.139
2,3.350,36.932,2.571
2,-31.751,-37.624,4.237
2,24.988,0.773,-1.971
3,-24.020,39.140,2.894
2,20.009,6.444,0.219
2,1.373,32.757,2.790
2,-13.674,24.343,2.908
2,47.833,-41.279,-1.256
2,-23.067,-32.920,5.479
2,22.319,0.200,-1.507
2,16.520,-5.431,-0.776
3,17.314,-30.913,2.171
2,40.119,4.557,-1.785
4,27.014,-12.023,0.444
2,32.943,41.803,0.543
4,27.108,-17.091,1.021
2,-43.011,-11.797,6.753
2,19.365,-1.180,-0.859
7,31.810,-25.472,-9.019
2,23.933,-27.200,-0.040
4,3.391,26.425,2.741
2,39.887,46.783,0.648
2,-19.962,22.333,2.549
1,2.030,-1.056,2.067
2,-4.022,28.553,3.284
2,-8.360,-42.750,6.370
2,11.504,-4.662,0.123
3,-34.439,-10.668,6.532
2,1.414,-16.312,2.051
2,18.460,-28.351,1.297
2,-23.084,30.199,2.749
2,32.897,45.465,0.213
2,-6.272,-43.153,6.044
3,-41.943,18.997,2.386
4,24.654,-25.541,0.569
2,48.721,-7.239,-2.799
2,-21.955,40.900,2.961
2,-7.173,-17.604,3.184
2,48.027,-19.231,-2.374
2,13.081,-16.955,0.720
2,33.783,10.460,0.039
2,10.649,-13.158,0.337
2,-28.391,-39.071,4.012
3,-42.914,11.169,3.020
2,17.547,-48.382,4.322
2,-28.167,4.879,2.061
2,48.897,-12.252,-2.254
2,5.920,14.090,0.523
2,-6.670,41.090,2.598
2,-19.180,5.805,2.195
4,-3.581,34.983,4.086
2,-34.921,23.699,0.865
2,49.813,19.467,-2.101
2,-38.770,46.142,2.473
4,3.349,26.526,2.951
2,-18.683,-7.886,3.910
3,-11.045,33.017,3.302
2,-2.099,-13.426,2.308
2,-37.944,3.833,4.350
3,28.551,-8.681,-0.466
4,3.243,37.703,3.379
4,-24.282,39.852,3.125
2,-41.111,0.377,5.920
2,-20.337,13.763,1.732
4,-12.755,-14.893,4.363
2,-41.824,13.968,1.869
2,46.575,-24.014,-1.851
2,-24.008,-25.278,6.651
2,-28.187,49.982,3.239
2,39.433,49.053,0.178
2,-45.846,-27.874,5.646
2,11.136,-3.472,0.153
2,-29.792,-35.998,4.779
2,-4.244,30.538,3.585
2,10.673,-47.673,4.947
2,-8.863,36.003,3.111
3,-16.005,5.304,2.968
2,-31.269,-7.818,5.179
2,11.346,26.809,1.391
2,9.094,41.068,2.103
2,-43.472,-11.700,6.713
2,14.071,-28.263,1.584
4,27.716,-11.444,0.343
2,26.261,8.326,0.172
2,-14.186,-46.328,5.945
2,-34.317,-43.417,3.979
2,-40.763,-22.462,6.257
2,-16.583,-11.180,3.808
2,-9.890,33.039,2.961
2,11.414,-20.423,1.189
2,32.459,-25.256,-0.749
3,-23.762,40.304,3.243
2,-4.889,35.566,3.172
2,22.500,33.067,1.818
2,-36.257,-6.974,5.590
2,-1.798,-30.012,3.380
2,21.216,44.852,1.601
2,-41.724,-16.408,7.003
2,33.843,-3.078,-1.601
2,-5.696,40.977,2.804
3,28.913,-9.436,-0.558
2,-40.705,-32.078,4.867
2,42.428,4.503,-2.174
2,49.178,-29.115,-2.285
2,45.207,33.170,0.520
2,9.398,-9.066,0.322
2,-0.612,9.734,1.296
4,-5.850,36.589,4.047
4,20.387,-21.789,1.483
4,18.451,-17.047,1.212
2,45.807,16.647,-2.175
2,26.749,-28.002,-0.465
2,26.342,-13.768,-0.069
2,46.133,-38.764,-1.552
2,-45.874,34.260,2.348
4,-11.121,-41.413,6.491
4,2.945,26.462,2.891
2,-37.854,-48.244,3.196
2,-31.526,-25.720,5.607
2,42.938,-30.406,-1.442
2,-40.049,25.503,1.162
2,46.314,-11.797,-2.424
2,-6.213,-37.452,5.581
2,9.364,41.749,2.122
2,27.501,-36.234,0.693
2,6.943,-26.621,1.745
2,27.847,-18.127,0.093
2,34.742,9.029,-0.403
2,-5.100,-42.380,5.948
2,-29.073,-5.767,4.532
2,40.472,-35.566,-1.287
2,-42.657,41.415,2.247
2,-23.198,-15.765,5.200
2,-29.498,27.133,1.882
2,-42.241,25.241,2.248
3,23.936,-27.173,0.272
2,-1.180,-19.984,2.474
2,-6.512,-26.145,4.130
2,16.287,-30.695,2.015
2,15.266,15.268,0.462
3,-13.165,-14.815,3.847
2,2.595,-25.054,2.075
2,21.578,-42.423,2.622
2,-32.623,29.233,2.116
2,20.963,-5.759,-1.099
2,-25.970,6.347,1.482
2,40.481,0.146,-1.918
2,-16.784,-7.817,3.738
2,-23.965,-47.792,4.229
2,-10.451,-6.213,2.298
4,28.650,-16.107,1.260
3,-15.285,-19.921,5.282
2,-46.789,23.743,1.881
2,28.929,9.113,0.000
2,9.443,18.117,0.655
2,14.773,40.968,2.511
4,2.623,26.244,3.136
2,29.308,30.510,1.706
4,22.534,-1.184,-0.841
2,19.044,-10.133,-1.116
2,-4.704,29.233,3.558
7,18.160,-44.916,-4.518
2,41.963,0.511,-1.994
3,-33.209,-11.760,7.015
2,41.391,-12.022,-2.668
2,-25.189,-36.580,4.816
2,-31.467,19.411,1.271
2,-7.400,1.722,3.305
2,-4.673,28.470,3.347
2,34.944,42.096,0.856
2,6.065,-19.182,1.910
2,0.502,39.615,2.454
2,-23.364,-41.537,4.326
2,-26.146,7.495,1.674
2,-5.014,-14.667,2.898
2,-37.670,45.328,2.301
2,-15.447,16.252,1.754
2,-26.665,26.384,1.959
2,42.262,39.105,0.494
3,27.782,-18.482,0.603
2,-42.501,21.705,2.015
2,28.128,-17.687,0.092
2,34.200,41.210,0.851
3,41.184,21.956,0.059
3,-34.914,-11.154,6.583
2,43.068,-34.504,-1.483
2,-25.307,9.038,2.037
2,-13.339,42.962,3.522
2,-1.099,26.457,2.994
2,-20.893,13.205,1.896
2,-41.355,-5.221,5.984
2,-5.301,46.922,1.575
3,7.875,-35.535,4.437
2,-17.936,7.071,2.254
2,-28.039,26.744,2.095
3,28.257,-8.777,-0.481
4,42.197,21.664,-0.007
4,23.154,-0.745,-0.771
2,38.163,-4.678,-2.522
2,-34.154,9.441,2.298
2,45.057,7.962,-2.673
2,25.827,47.878,1.631
2,-4.009,29.250,3.594
2,43.348,-33.440,-1.454
2,-3.800,-15.362,2.755
2,45.362,49.168,0.671
4,26.331,-17.901,1.345
2,-3.796,28.795,3.493
4,16.084,-19.316,1.205
2,-10.335,31.310,3.022
2,-3.732,-46.050,5.764
2,19.753,31.406,1.967
2,-24.967,2.524,2.031
2,-3.492,35.975,3.111
4,-33.040,-3.261,5.994
2,27.384,-7.962,-0.584
3,-34.505,-4.547,5.416
2,48.634,45.586,0.801
2,33.532,37.628,0.842
2,29.242,32.486,1.535
2,33.092,-19.998,-0.597
2,38.328,-26.147,-1.614
2,-6.336,-15.599,3.013
2,-13.150,20.739,2.383
2,42.469,37.029,0.570
2,45.246,39.019,0.515
3,-42.780,10.165,3.182
2,-15.535,5.256,2.832
4,-10.945,-15.640,4.214
2,38.517,-32.325,-1.223
2,-27.288,33.503,2.408
2,32.333,42.488,0.503
2,-14.397,-45.672,5.807
2,38.830,48.412,0.262
2,-28.200,35.252,2.403
2,41.042,31.062,0.764
2,-43.573,18.177,2.104
2,1.874,-4.351,1.379
2,-48.621,23.426,1.664
2,-13.719,-21.504,5.118
2,-28.375,47.099,3.224
2,-15.992,-15.613,4.114
2,-44.162,39.225,2.259
2,3.063,25.900,2.133
2,37.267,-48.753,0.166
2,-14.639,31.855,3.173
2,10.672,23.145,0.878
4,31.206,9.854,0.834
2,-42.148,19.314,2.121
2,13.026,-39.277,4.113
2,-18.275,3.428,2.509
4,17.389,-23.497,1.624
2,0.115,-7.250,1.510
2,-29.919,-3.201,3.677
2,-13.664,27.698,2.985
2,-19.193,-43.070,4.733
2,41.602,38.172,0.559
4,-34.785,-3.078,5.419
2,40.350,-6.515,-2.132
2,34.836,-29.681,-0.940
4,-34.752,-4.551,5.739
2,33.318,-48.066,1.063
2,24.246,28.816,2.026
2,-22.922,2.005,1.885
2,-42.427,-39.394,3.317
2,26.651,30.881,1.691
2,-26.369,-10.945,5.537
2,-12.735,-33.775,4.891
3,28.483,-10.202,-0.526
2,20.373,-31.916,1.448
2,0.414,32.708,2.729
2,12.566,-26.675,1.159
2,-15.792,-29.227,5.303
4,3.640,37.618,3.059
2,27.203,-8.785,-0.431
2,-40.377,37.801,2.062
4,24.130,-1.341,-1.133
2,-43.390,-11.063,6.716
2,-27.179,28.212,2.218
2,-26.290,19.419,1.911
2,-41.798,12.007,2.224
4,23.927,-26.906,0.666
2,-39.182,-30.480,5.056
3,24.519,37.157,1.894
2,24.193,-20.541,0.569
2,48.366,21.795,-1.402
2,-4.900,30.225,3.547
4,19.423,-21.336,2.205
2,-49.634,-28.372,5.596
4,2.900,25.592,2.858
2,19.351,-34.234,1.818
2,-16.176,1.719,3.536
2,-0.322,29.531,2.749
2,-45.022,-39.643,3.014
2,-16.938,30.518,3.184
3,-22.817,38.454,3.015
2,22.061,-34.933,1.079
2,12.577,-23.451,0.758
2,32.434,-33.116,-0.271
4,24.134,-27.502,0.755
2,-5.919,34.845,3.131
1,43.918,32.616,0.358
2,-5.516,27.608,3.473
4,18.373,-24.775,2.587
2,-32.634,-43.651,4.135
2,17.576,30.792,1.684
4,42.372,20.680,-0.041
4,28.035,-15.956,0.985
2,-10.167,-21.578,4.469
2,-10.540,33.725,2.973
2,-22.336,-6.803,4.261
2,18.731,11.937,0.786
2,-38.399,-8.905,6.012
2,-43.941,21.342,2.182
2,12.080,-49.156,5.193
2,24.200,-46.747,3.538
2,24.515,-27.644,-0.060
2,-39.032,28.360,1.472
2,25.001,-0.928,-2.049
3,-31.371,49.982,3.242
2,46.296,28.043,-0.168
2,46.394,-6.675,-2.243
2,17.073,7.622,0.450
2,-44.322,-6.527,6.561
2,47.508,1.790,-3.112
2,-23.750,20.749,2.028
2,28.878,39.380,0.581
2,42.559,-1.998,-2.263
2,19.616,21.944,1.887
2,-47.153,-9.516,6.836
4,-43.165,-11.330,7.757
2,19.927,-6.049,-1.003
7,0.199,0.679,-7.885
2,-28.842,26.004,1.742
2,-2.420,16.579,1.613
2,-46.020,-14.800,6.898
2,-28.065,11.190,1.963
2,-47.395,24.552,1.907
2,-31.784,-5.067,4.572
2,-42.965,-41.364,2.990
4,19.893,-21.585,1.117
2,-4.352,30.543,3.582
2,21.993,-4.399,-1.187
2,-44.067,-12.148,6.705
2,-35.894,-49.657,3.577
2,-32.559,41.262,2.100
2,5.805,-11.538,0.357
2,-40.298,-13.839,6.742
2,-8.218,-4.761,2.386
2,9.094,-41.863,4.460
2,-41.727,24.393,1.711
2,-0.371,4.274,1.965
2,-13.234,-28.860,4.808
4,2.439,26.313,3.335
2,-3.615,30.989,3.429
2,45.527,23.465,-1.185
4,-33.570,-40.217,4.619
2,-13.613,-5.439,3.022
2,-30.308,-35.462,4.808
2,12.784,-0.197,-0.208
2,5.606,-5.859,1.064
2,-48.287,-48.780,1.510
2,20.937,-42.499,2.778
2,-9.078,37.404,2.948
2,-42.072,-11.248,6.700
2,-38.110,-3.187,5.703
2,16.434,-26.471,1.099
2,-14.137,1.669,3.305
2,-7.312,-38.460,5.707
2,-42.125,-32.133,4.685
2,28.241,28.341,1.958
2,-15.644,27.132,2.799
4,41.947,21.230,0.053
2,-47.026,-7.577,6.604
2,-6.229,-16.269,3.023
2,-4.018,40.536,2.778
2,-44.225,9.538,3.113
2,27.282,-10.060,-0.667
1,29.634,25.566,2.467
3,-17.280,5.825,2.722
2,38.137,22.615,0.917
7,6.900,16.377,-6.493
2,-1.935,30.869,2.978
4,42.218,21.840,0.093
2,17.714,20.512,1.252
2,-4.987,41.235,2.744
2,-8.322,-16.702,3.621
4,28.540,-16.870,1.066
2,22.861,-12.009,-0.098
2,-47.204,-44.115,2.226
2,37.887,-9.245,-2.140
2,13.740,-23.929,0.904
2,39.490,0.954,-1.906
2,-44.261,10.413,2.900
4,18.511,-22.119,1.802
3,-17.955,4.818,2.728
2,-31.610,-32.325,4.789
2,-16.867,-32.928,5.028
2,-38.258,7.782,3.316
3,13.168,-12.988,-0.105
2,-49.919,-36.196,3.337
2,-28.286,25.715,1.964
4,22.966,-0.983,-1.016
2,45.919,32.552,0.508
2,-7.996,-3.834,2.485
2,37.176,16.501,0.015
2,-42.929,-45.266,2.754
2,-44.829,-8.739,6.628
4,2.081,26.599,2.852
2,23.390,49.824,2.022
2,-0.878,-34.201,3.886
2,-11.166,-26.322,4.770
2,-6.480,39.496,2.817
2,-29.145,10.636,1.728
2,-5.224,49.857,1.661
2,14.743,45.989,2.188
2,-17.620,-3.490,3.623
2,-31.144,42.581,2.209
2,19.696,30.053,2.019
2,22.930,-26.574,0.237
2,-5.093,-39.761,5.838
2,33.484,19.218,1.492
2,-13.747,16.276,1.675
2,-4.406,29.380,3.375
2,-39.359,-14.041,6.698
2,-12.242,15.719,1.556
2,-44.415,25.144,2.185
3,-4.863,37.333,3.568
2,8.986,32.365,2.273
3,24.100,-26.535,0.499
2,24.256,-17.169,0.500
2,29.489,-39.101,0.389
2,46.534,40.785,0.538
2,-12.193,38.571,2.974
3,-24.836,39.751,2.795
2,39.658,-49.277,0.457
2,26.906,40.765,1.094
4,26.464,-18.007,1.558
2,48.508,18.536,-1.948
2,-3.704,22.260,2.722
2,-16.074,2.136,3.319
2,6.083,40.133,1.949
2,-27.181,0.737,2.061
2,-15.808,-37.151,5.084
2,45.452,-11.761,-2.503
2,-22.676,48.945,3.048
2,0.334,45.218,0.894
2,-10.361,11.739,1.152
2,32.181,-23.482,-0.631
7,-58.515,-10.695,-2.691
2,-37.233,21.075,0.845
3,-22.511,40.121,2.988
2,26.685,1.937,-1.416
2,29.444,-17.058,0.112
2,-32.070,40.203,2.118
4,-5.352,40.296,3.301
2,26.063,-42.650,1.865
2,6.980,31.726,2.123
2,-13.825,-23.949,5.596
2,-49.934,-9.676,6.612
3,-15.697,5.283,3.017
2,-43.316,11.206,2.917
2,31.261,-25.964,-0.570
3,-5.241,41.254,2.956
4,-3.576,35.262,4.429
3,41.634,22.462,0.070
2,-4.438,38.976,3.148
2,8.933,-19.962,1.506
2,11.065,2.573,-0.021
2,46.975,-33.956,-1.181
4,-43.101,-11.103,7.983
2,3.605,25.050,2.030
2,-36.194,18.778,1.118
2,25.041,-11.662,0.167
2,-20.060,35.026,2.895
4,24.867,37.150,2.210
3,-16.889,6.313,2.930
2,-18.142,40.803,2.970
2,7.921,-0.649,0.647
2,-45.177,-45.854,2.406
2,-3.524,31.036,3.399
2,40.037,-3.650,-2.285
7,32.362,16.604,-8.626
2,27.913,-32.333,0.007
2,30.854,-5.151,-1.647
2,-41.520,-46.012,2.881
2,17.726,-35.356,2.302
2,-47.685,-45.522,1.785
2,-42.310,5.477,4.134
2,27.311,-10.792,-0.579
4,41.809,21.235,0.124
2,40.289,-22.762,-1.367
2,30.065,-9.920,-1.221
2,-40.448,6.609,3.857
2,-4.794,-44.356,5.976
2,21.084,-46.657,3.798
4,3.198,37.308,3.425
2,-13.049,-13.959,3.147
2,-26.039,-13.691,5.646
2,2.025,-16.783,2.001
2,39.279,-13.511,-2.065
3,27.679,-10.990,-0.436
2,13.493,-28.109,1.600
3,2.442,35.570,3.034
2,14.517,28.703,1.851
3,-10.549,32.995,3.411
2,14.572,-22.329,0.867
2,-25.934,0.552,1.839
2,-20.828,-43.945,4.466
2,-30.095,-49.429,4.069
2,-28.687,11.161,1.788
2,-0.145,-41.365,5.142
2,31.902,32.342,1.597
4,27.885,-16.533,1.106
2,-19.497,7.989,2.046
2,23.989,0.027,-1.822
4,-23.595,38.050,3.178
2,-34.335,-37.516,4.106
2,-17.075,18.700,2.196
2,-7.875,-41.445,6.345
2,-21.775,35.761,2.880
2,10.768,-19.630,1.325
4,16.026,-30.113,3.010
2,28.858,46.780,1.013
4,27.670,-17.132,0.698
3,-4.997,39.514,3.402
2,22.087,-25.940,0.431
2,-18.652,-40.174,4.760
2,16.091,-39.584,3.362
2,2.885,40.294,1.882
2,12.756,-40.852,3.908
2,-9.080,25.270,3.445
2,-8.096,-20.495,4.228
2,21.313,-41.111,2.497
2,42.214,22.512,-0.383
2,-13.267,-7.706,2.685
2,-16.301,-29.036,5.412
2,8.220,22.860,0.941
4,-33.962,-40.661,4.740
2,-43.980,-35.155,3.874
2,21.859,45.478,1.653
2,-30.947,-4.258,4.147
4,-43.618,-10.664,7.956
4,-11.089,-14.512,4.384
2,-46.440,-23.088,6.288
2,-4.927,48.793,1.636
2,18.844,10.186,0.608
2,-22.249,33.080,2.943
2,13.149,47.396,1.728
2,41.040,13.466,-1.123
2,-29.864,-36.634,4.655
2,-39.936,-4.234,5.863
2,-13.874,-8.001,2.984
2,37.377,-3.753,-2.364
2,-24.541,0.461,2.069
2,-25.177,31.322,2.173
2,-42.629,-29.655,5.382
2,7.279,7.790,0.657
2,-7.483,-35.727,4.902
3,-10.464,32.990,3.373
2,16.376,-19.782,0.539
2,-26.603,3.652,2.174
3,27.541,-9.098,-0.471
2,-32.475,14.505,1.372
2,-49.247,-37.090,2.929
2,-22.865,-40.436,4.496
2,49.335,46.723,0.913
2,11.517,13.416,0.526
4,3.059,36.056,3.325
2,19.370,35.022,2.174
2,7.647,16.602,0.484
2,-42.783,-18.870,6.869
4,-4.094,40.679,3.366
2,-17.953,45.435,3.150
2,-21.389,31.232,2.991
2,25.174,-3.098,-1.176
2,-41.686,-44.971,2.904
2,-41.437,19.061,1.881
2,-5.003,39.051,3.013
2,29.669,39.275,0.592
2,-29.245,27.764,1.882
4,3.045,37.674,3.371
2,-37.621,31.055,1.664
2,-46.029,-28.406,5.508
2,27.101,-10.156,-0.773
2,-45.324,20.549,2.160
2,3.022,35.814,2.695
3,-16.906,-20.306,5.559
2,10.370,28.465,1.601
2,-19.442,-25.062,6.483
2,7.605,3.122,0.437
3,-41.843,18.825,2.432
2,-34.290,41.599,2.056
3,-15.178,-20.127,5.884
2,-29.750,6.377,2.021
2,-40.501,-42.576,2.869
2,-41.931,7.755,3.623
2,6.446,25.992,1.402
2,-36.648,-36.537,3.892
2,-39.697,-14.974,6.754
2,9.517,30.485,1.926
2,-27.479,-17.569,6.180
2,39.026,44.010,0.853
2,37.353,-24.928,-1.589
3,-42.253,9.176,3.241
2,-5.937,-14.548,3.237
2,4.090,34.600,2.670
2,-5.351,40.950,2.659
3,29.569,-10.562,-0.573
2,-16.321,-23.507,5.694
2,-46.548,16.758,2.292
4,16.207,-19.776,1.512
2,-25.523,13.724,2.103
2,48.423,34.834,0.983
2,24.337,37.432,1.993
2,10.223,22.768,0.828
4,-33.499,-40.163,4.690
2,-25.329,2.745,1.870
2,28.568,-9.209,-0.774
2,-3.426,49.927,1.351
2,14.278,-36.647,3.540
4,-42.802,-10.708,7.389
4,24.209,-26.999,0.730
2,32.653,16.981,0.874
2,48.627,-24.731,-2.383
2,17.723,-13.961,-0.728
2,-43.229,-3.106,6.309
4,-41.703,-11.201,7.302
2,18.326,1.117,-0.855
2,-5.803,32.050,2.999
2,43.404,22.949,-0.769
2,-24.177,2.302,2.052
4,16.512,-30.200,3.054
2,24.859,-12.523,0.247
3,25.158,35.795,1.957
4,28.860,-15.775,0.131
4,27.705,-16.337,1.128
2,-43.097,-15.732,7.051
3,-43.104,18.945,2.505
2,-42.581,28.651,2.133
4,24.184,36.828,2.074
2,-14.585,1.516,3.613
2,29.255,0.412,-1.643
4,23.106,-0.827,-0.717
3,-42.447,9.684,3.154
2,24.119,-26.642,0.030
2,37.729,-25.440,-1.654
2,3.368,28.876,2.302
4,-43.195,24.680,2.804
3,-4.214,40.107,3.233
2,-3.315,30.175,3.387
2,-3.058,30.842,3.503
2,-37.520,47.543,2.489
2,-33.301,-40.245,4.083
2,-23.368,-42.623,4.269
2,-30.619,-8.090,5.275
4,23.069,-1.046,-0.701
3,24.702,-27.083,0.386
2,39.577,-7.791,-2.309
2,-31.531,43.743,2.375
2,46.258,-3.681,-2.564
2,21.623,46.006,1.659
4,40.051,0.496,-1.285
2,47.293,8.646,-2.899
2,-42.528,13.531,2.076
2,-31.814,-26.492,5.561
2,-25.062,-34.527,5.111
2,41.181,21.677,-0.283
2,12.673,-40.176,4.034
3,-5.813,39.951,3.120
2,-13.321,-15.124,3.690
2,-46.138,-6.587,6.599
2,-31.557,2.813,3.090
2,-5.138,39.330,2.846
3,18.416,-20.713,0.685
2,1.669,-5.979,1.051
2,-19.211,49.473,2.752
2,-42.700,36.608,1.949
2,23.172,-15.929,0.419
4,26.735,-16.395,1.007
2,-16.858,-33.490,4.986
2,-44.328,28.005,2.279
2,35.278,-26.459,-1.311
2,-35.342,-3.898,4.873
2,-14.720,0.832,3.617
2,-5.243,30.945,3.375
2,-29.389,-0.232,2.742
2,33.481,22.391,1.768
2,-33.778,-5.157,4.961
2,-15.684,1.271,3.305
2,1.871,-36.126,4.035
2,11.939,-2.216,0.141
2,40.137,-42.813,-1.162
2,-19.627,-47.794,5.151
2,17.922,-47.756,4.173
2,-5.235,18.303,2.194
2,-20.079,37.492,2.843
2,18.781,-25.909,0.853
3,-14.216,3.027,3.642
2,-10.972,27.227,3.133
4,-34.603,-39.404,4.576
2,-21.433,-21.105,5.763
2,-0.749,46.777,0.811
2,-15.092,1.260,3.555
2,-7.119,-11.165,2.699
4,17.464,-22.706,1.696
2,41.150,21.041,-0.288
2,-42.615,4.473,4.418
2,-6.030,-44.872,6.169
3,2.715,35.033,3.134
2,-44.381,46.672,2.614
3,-3.434,40.740,3.110
2,38.022,34.473,0.774
2,-41.034,-21.253,6.436
2,-47.024,22.200,1.922
2,-27.918,27.332,2.000
4,26.212,-11.505,0.520
2,-5.212,-2.069,2.656
2,35.422,-47.004,0.284
3,17.552,-30.589,2.146
2,-2.673,45.081,1.490
2,10.662,-37.554,4.328
2,-16.440,1.381,3.323
2,-29.296,-28.474,5.553
2,4.670,10.557,0.740
2,-8.987,42.615,2.818
2,-32.535,-42.092,3.888
2,13.044,-22.784,0.775
2,-3.426,-18.208,2.800
2,16.561,-30.280,2.040
2,-28.244,28.131,1.918
2,10.693,-14.585,0.730
3,-16.851,6.811,2.741
2,-6.892,21.514,2.762
2,34.840,-14.750,-1.462
2,15.686,31.348,2.048
2,12.144,-37.905,4.390
2,27.193,-18.420,0.119
2,-30.597,12.132,1.459
2,0.335,-41.823,5.305
2,-25.360,2.547,1.915
4,-4.912,35.669,3.782
2,11.018,42.619,2.281
2,-10.978,33.053,3.248
3,-16.742,5.868,2.927
2,15.152,33.962,2.782
2,44.970,13.197,-1.907
3,-4.142,-16.330,3.057
2,13.503,-11.021,-0.342
3,28.138,-46.893,2.594
7,123.254,82.406,-91.062
4,-31.227,-86.089,5.674
4,-43.212,-10.563,7.584
2,-43.234,9.044,2.879
2,41.415,38.794,0.372
2,-28.201,31.988,2.527
2,28.374,4.290,-0.462
2,-36.981,17.621,1.433
2,-23.813,-1.485,2.579
2,-12.757,9.715,1.824
2,25.631,29.053,1.801
2,-3.820,29.922,3.485
2,-44.465,11.260,2.800
2,-9.212,-0.868,3.144
2,-49.384,-41.379,2.147
2,9.638,4.415,0.291
4,-41.949,10.764,3.185
2,-15.982,-17.177,4.557
2,3.286,26.616,1.974
2,-16.690,-48.697,6.128
2,-16.865,3.603,2.766
2,41.534,23.697,0.073
2,11.544,-25.369,0.837
2,4.190,21.972,1.796
4,29.398,69.035,2.324
4,-43.229,-10.425,8.053
4,-33.505,-3.560,5.562
2,-33.562,31.255,2.223
2,-37.213,-29.544,5.087
2,-37.869,31.556,1.763
2,-12.324,-12.265,2.773
2,-9.303,-49.656,6.706
2,38.486,-11.356,-2.346
2,-26.428,-9.937,5.160
2,-43.030,24.830,2.279
2,6.620,-2.095,1.048
3,28.115,-8.363,-0.422
2,-45.431,42.252,2.275
2,-22.880,23.537,2.296
2,-4.611,3.685,2.811
2,-33.502,-31.874,4.751
2,-48.076,14.202,2.757
2,24.366,1.893,-1.536
2,-39.144,-39.313,3.330
2,24.911,-48.346,3.745
2,-48.810,-0.308,5.989
4,-35.530,-4.509,5.798
2,42.005,-12.504,-2.722
2,33.135,-49.664,1.273
7,-29.927,-43.911,-8.951
2,20.343,25.512,2.257
2,23.465,-0.103,-1.715
2,-10.442,16.330,1.790
2,46.908,-23.051,-1.958
2,46.071,19.806,-1.710
2,-16.626,-11.875,3.742
2,-33.084,-33.561,4.548
2,-42.760,-38.612,3.403
2,-6.995,41.648,2.496
2,-25.260,1.986,1.975
2,-19.575,40.331,2.810
2,2.890,-19.711,1.927
2,-11.013,33.221,3.277
2,30.524,-26.705,-0.474
2,44.330,-41.272,-1.449
2,40.292,3.238,-1.730
2,-30.337,47.748,2.937
2,-17.505,5.218,2.530
2,-46.912,38.185,2.339
2,-42.348,3.755,4.663
2,27.369,44.834,0.836
2,-46.779,-15.792,6.671
4,-42.922,26.164,3.000
2,41.943,12.242,-1.217
2,7.311,41.317,1.961
2,-7.501,45.758,2.183
2,-26.701,28.380,2.095
2,-21.157,46.528,2.996
2,-28.022,-17.367,6.121
2,46.044,42.103,0.655
2,40.908,-22.866,-1.478
2,-26.999,-12.748,5.692
2,16.742,11.769,0.620
2,-46.274,-0.447,6.296
2,-22.990,-6.199,4.017
2,29.175,27.070,2.225
2,9.849,-48.317,5.092
2,-5.460,25.359,3.540
2,-4.798,30.975,3.560
2,4.167,-44.072,5.511
2,47.433,43.751,0.726
4,18.490,-19.396,1.335
2,-0.891,36.955,3.044
2,-25.865,0.564,1.970
4,-35.951,-3.554,5.972
3,28.070,-10.520,-0.440
3,-12.298,-14.587,3.677
2,-43.934,-22.295,6.622
4,29.246,-8.720,-0.456
2,-30.236,-21.619,6.406
2,-19.371,45.703,3.000
2,47.150,23.029,-1.237
2,-42.251,18.355,2.313
2,23.933,-23.856,0.176
2,-30.024,32.252,2.512
2,14.501,10.064,0.516
2,3.617,-21.691,1.961
2,3.911,-5.477,1.163
3,24.387,-27.790,0.386
2,-27.869,26.349,1.868
2,3.918,-42.660,5.178
2,-8.892,40.832,2.870
2,24.673,37.122,1.515
2,-26.702,24.474,1.533
2,-9.177,5.886,2.304
4,-4.804,36.290,3.761
4,-5.961,34.912,3.983
2,-24.058,2.847,1.931
2,47.757,49.475,0.795
4,3.682,36.511,3.382
3,-9.452,33.330,3.419
2,-48.101,2.664,5.347
4,-12.376,-15.807,4.396
2,-5.812,-14.663,3.376
2,3.038,-41.640,4.935
2,-24.811,27.336,2.221
2,11.925,24.355,0.964
2,48.584,-11.333,-2.272
2,-20.128,40.291,2.729
2,-25.652,-48.337,4.083
2,-21.239,15.888,1.800
3,24.962,-26.511,0.146
4,20.974,-18.252,2.203
2,1.654,-26.541,2.475
7,-23.000,18.917,-8.098
2,45.288,24.021,-1.084
2,38.243,13.566,-0.725
2,48.809,-24.139,-2.476
2,-9.647,-20.401,4.340
2,27.637,-10.398,-0.767
2,-22.681,-23.245,6.190
2,-48.936,21.380,1.868
2,47.988,-35.703,-1.153
2,16.305,-9.716,-0.934
3,-43.096,-9.828,6.726
2,24.773,-27.747,-0.033
2,2.784,31.486,2.754
2,-10.861,-31.723,4.353
3,24.397,37.495,2.266
2,-20.008,-29.815,5.832
4,-4.260,37.055,4.014
2,30.631,-0.962,-1.359
2,35.436,-31.080,-1.135
2,39.188,-43.907,-1.042
2,-40.453,-37.547,3.346
2,-33.417,20.483,1.169
2,49.848,-2.186,-3.435
2,-41.513,-7.564,6.281
2,-37.152,-27.481,5.597
2,39.243,-18.997,-1.192
4,27.556,-12.324,0.384
2,-5.179,-15.249,2.932
2,-6.139,43.866,1.896
4,29.383,-9.289,-0.448
3,41.040,21.095,-0.040
2,-13.938,-31.097,4.676
4,-15.417,-19.642,5.792
2,-33.414,-11.897,6.598
2,-22.497,37.670,2.453
2,-20.404,-35.315,5.135
2,48.781,-47.730,0.106
2,-21.677,-26.627,6.314
2,34.608,40.348,0.800
2,-8.973,-18.412,3.801
2,-14.777,-2.365,3.481
2,17.361,-4.188,-0.705
2,-17.243,-34.401,5.016
2,-5.563,12.454,1.123
2,46.240,-33.986,-1.341
2,44.138,-38.777,-1.742
2,-37.636,-10.397,6.432
2,-36.696,-18.705,6.534
2,35.167,19.012,1.132
2,16.015,16.333,0.597
2,49.615,29.720,0.175
2,2.564,35.613,2.703
2,-48.401,-29.274,5.519
2,2.861,41.908,1.659
4,-34.997,-11.832,7.365
2,3.158,-7.095,0.780
2,-44.262,9.897,3.049
2,-48.821,10.097,3.369
2,-34.009,-27.000,5.544
2,31.124,35.665,1.332
2,-42.792,9.070,2.953
2,16.663,26.684,1.395
2,45.648,3.669,-2.928
4,19.479,-21.229,0.870
2,-17.882,0.618,3.296
2,23.307,19.400,1.824
2,3.746,-13.769,1.246
2,-20.443,-18.966,5.727
2,39.274,-25.542,-1.646
2,17.525,-25.497,1.006
2,18.290,-32.463,2.042
2,-10.951,33.333,3.031
2,-2.944,43.046,1.959
2,-38.335,29.314,1.646
2,-3.628,-20.458,3.110
2,-14.384,1.856,3.566
2,33.571,44.262,0.446
2,42.150,33.907,0.513
2,-25.484,1.969,1.858
2,-1.770,6.636,1.913
4,24.763,-27.291,0.744
2,-49.103,-18.293,7.087
2,-8.689,-4.289,2.506
2,-46.429,33.892,2.415
2,-10.276,-25.185,4.957
2,-26.435,27.501,1.882
2,-44.395,1.616,5.693
4,17.466,-20.094,1.560
2,-45.497,1.235,5.769
2,6.387,-23.840,1.600
2,8.303,-1.240,0.624
2,27.437,-13.914,-0.419
2,36.342,2.403,-1.442
2,-44.041,26.628,2.358
2,-39.562,-36.889,3.654
4,-34.586,-2.270,5.377
2,32.609,-3.329,-1.476
2,-20.297,-27.378,6.113
2,-31.204,25.091,1.709
2,49.841,11.997,-2.935
2,14.719,-6.812,-0.628
2,13.228,-41.299,3.940
2,-13.770,-10.018,3.056
2,-15.330,3.636,2.725
2,-28.085,-25.945,6.065
2,-29.730,7.935,1.787
2,20.654,-17.774,0.272
2,-5.158,-28.472,3.943
2,31.276,-2.875,-1.475
2,-18.413,-25.359,6.391
2,34.353,-36.821,-0.545
2,-24.599,-49.915,4.219
2,-45.667,47.701,2.532
4,-42.505,26.653,2.873
2,24.682,-7.680,-0.394
2,-18.266,-17.246,5.041
2,15.241,45.309,2.244
2,-26.387,-34.111,5.261
2,34.672,38.998,0.569
2,-5.290,29.732,3.382
2,23.785,-36.057,1.203
2,3.716,6.233,1.229
2,40.103,1.684,-2.000
2,-42.464,32.709,1.992
2,10.501,40.124,2.254
2,17.438,16.874,0.607
2,-23.107,-39.686,4.631
2,-2.479,18.323,1.988
2,-20.946,-21.660,5.697
2,-32.641,46.126,2.622
2,-21.802,26.204,2.524
2,-33.593,49.543,3.090
3,-41.799,18.604,2.370
2,-42.402,9.401,2.853
2,-18.371,-29.655,5.673
2,5.604,32.247,2.406
2,-44.674,39.842,2.284
7,-58.545,76.585,-54.212
2,40.029,-32.687,-1.365
2,-10.630,33.886,3.242
2,-49.174,-24.092,6.649
4,39.086,0.208,-1.234
4,-43.096,-11.161,7.797
2,15.275,-3.140,-0.356
2,0.728,-9.797,1.611
2,5.395,-1.418,1.271
2,-1.075,20.453,2.298
2,-49.520,26.615,1.871
2,-27.305,-49.176,3.965
7,-55.188,-63.749,-86.651
4,24.762,-25.958,0.626
2,33.301,-27.743,-0.959
3,-22.824,40.401,3.096
2,-44.772,-27.762,5.704
2,3.530,19.742,1.836
2,32.940,18.598,1.391
2,14.868,23.427,0.930
2,-20.611,-20.932,5.740
2,-31.507,-42.103,3.994
3,28.014,-11.555,-0.212
2,7.767,-44.069,5.016
2,-25.473,0.199,2.041
2,3.714,-3.710,1.254
2,32.518,10.998,0.101
2,-4.350,30.541,3.576
2,-21.302,-15.795,5.327
2,-29.060,5.376,2.160
3,-9.947,32.948,3.293
2,21.969,-17.931,0.552
2,-36.928,0.301,5.136
4,16.854,-23.067,1.762
2,14.827,39.391,2.532
3,-43.161,18.822,2.603
2,-25.957,30.192,2.304
2,17.591,-4.882,-0.792
2,-48.859,-32.474,4.967
2,6.804,30.616,2.114
2,32.452,-34.658,-0.274
2,-4.453,30.738,3.577
2,-15.249,-37.180,5.104
2,49.957,-36.784,-0.917
2,-19.136,-13.090,4.472
2,25.459,-24.814,-0.093
2,-10.466,-16.042,3.615
2,45.626,21.776,-1.366
2,41.182,-45.762,-0.350
2,-10.227,-38.600,5.615
2,33.840,5.099,-0.663
7,32.729,-22.288,-4.387
2,-21.298,-23.290,6.149
4,29.691,-10.779,-0.481
2,-42.221,44.930,2.242
2,37.354,-49.943,0.188
3,-4.076,-15.148,3.150
4,25.593,14.265,1.582
2,-22.986,-5.440,3.764
2,-2.512,-0.361,2.863
2,-20.434,-0.598,3.027
2,7.964,-43.447,4.925
2,-34.029,30.899,1.967
2,37.782,4.370,-1.276
2,13.469,-24.959,0.912
2,-9.593,-5.032,2.522
2,39.217,-6.716,-2.270
2,43.885,-21.597,-1.875
2,17.379,-18.654,0.307
2,-48.336,-22.849,6.550
2,-15.989,-20.264,5.205
4,26.637,-12.724,0.625
2,17.910,-36.443,2.433
2,-44.457,18.612,2.011
4,22.373,-21.268,2.424
2,-14.536,17.764,1.897
2,-33.034,-36.036,4.444
2,-17.583,10.840,1.913
2,-19.380,18.441,2.149
2,44.693,-13.301,-2.483
4,3.359,-9.881,2.164
2,8.503,-13.919,0.540
3,12.848,3.410,0.109
3,28.395,-9.146,-0.496
2,-43.022,5.475,4.202
2,23.218,6.215,0.407
2,-34.248,-13.868,6.449
2,45.593,-21.241,-2.254
2,1.789,-5.431,1.114
1,-35.580,-3.727,5.313
2,27.876,41.657,0.695
2,39.542,-32.329,-1.286
2,-34.021,-39.774,3.854
2,-35.347,0.630,4.593
2,45.847,44.263,0.589
2,-3.452,28.771,3.539
2,24.469,-27.071,-0.021
2,36.900,34.621,0.601
2,-6.360,-16.047,3.344
2,-34.302,26.813,1.557
2,-47.083,-23.155,6.334
2,-24.533,1.062,2.029
3,3.534,36.149,2.849
2,27.740,28.908,1.856
2,-41.840,21.529,1.972
2,-29.125,-11.202,5.891
2,-42.899,9.322,2.958
2,43.584,5.193,-2.456
2,-39.065,-11.878,6.773
2,13.817,28.444,1.838
2,6.300,37.555,2.133
2,14.478,-8.827,-0.543
2,-42.572,-10.143,6.695
2,-31.579,-44.320,4.113
3,28.884,-9.367,-0.436
2,5.266,33.137,2.388
2,-39.466,-31.835,4.842
2,-33.368,-9.169,5.797
2,34.874,-11.143,-1.987
4,16.818,-29.675,3.245
4,-4.710,36.385,3.940
2,10.609,39.575,2.381
2,-19.749,31.962,3.132
2,-27.201,27.199,2.067
2,-0.671,-16.366,2.253
2,-3.768,28.798,3.531
2,-2.363,-9.106,2.326
2,48.975,-23.553,-2.432
2,-45.278,9.889,3.315
2,0.897,-4.170,1.557
2,1.916,41.134,1.807
2,12.191,-42.727,4.117
2,-5.112,30.271,3.569
4,-16.931,7.447,2.953
2,-16.157,-20.149,5.156
2,-23.566,-47.194,4.384
2,-32.875,9.759,1.835
2,38.841,-25.859,-1.662
2,32.671,-19.231,-0.499
2,-43.607,10.469,2.841
2,23.636,-26.559,0.042
2,36.883,35.427,0.362
2,26.388,-14.000,-0.241
2,-47.236,46.536,2.354
3,-10.591,32.881,3.351
2,-8.410,-39.375,5.845
2,-1.078,-30.436,3.281
2,35.081,7.970,-0.472
3,-4.152,39.482,3.333
2,-1.542,27.610,2.990
4,27.367,-17.672,0.962
2,48.184,32.136,0.574
2,40.767,17.313,-0.693
4,26.817,16.275,2.396
2,-45.758,2.627,5.338
2,-48.320,-35.521,3.776
2,23.968,-1.161,-1.770
2,38.251,-1.814,-2.149
2,-34.909,-35.899,4.273
2,49.323,-16.659,-2.323
2,27.847,33.043,1.343
2,41.832,-24.404,-1.458
4,2.620,26.617,3.147
3,2.344,35.985,3.317
4,-16.267,7.047,3.042
2,17.644,29.767,1.607
2,30.947,33.679,1.521
2,6.252,-7.255,0.550
2,34.464,21.186,1.640
7,-31.505,-27.641,-7.848
2,-44.261,24.761,2.233
2,40.541,49.984,0.112
2,-49.432,24.530,1.691
2,15.597,-38.797,3.455
2,-10.318,-9.038,2.393
2,-42.736,47.010,2.510
2,25.152,37.163,1.517
2,27.847,-41.254,1.061
3,2.507,25.810,2.486
2,28.907,1.164,-1.450
2,20.934,-41.668,2.604
2,26.318,-17.341,0.121
2,18.093,41.551,2.166
2,15.939,12.095,0.691
4,-34.701,-4.796,5.923
2,11.486,9.339,0.641
2,22.353,-3.585,-1.286
2,-9.447,-6.579,2.130
2,-5.906,-11.621,2.877
2,-8.399,-30.823,4.260
2,-21.061,-44.458,4.367
2,5.430,-33.103,3.670
2,25.492,-23.788,0.100
2,-0.321,-29.015,3.037
2,-13.014,-14.572,3.317
2,-34.094,-32.184,4.630
2,-38.591,-40.484,3.366
2,22.303,-16.898,0.306
2,-29.813,28.033,2.066
4,18.456,-24.465,2.648
2,-6.239,-17.092,3.263
4,21.671,-21.764,1.183
2,34.674,-21.160,-0.703
2,27.611,2.336,-1.069
2,-46.838,-19.972,6.729
2,30.445,-29.479,-0.348
2,-48.251,-15.389,6.740
2,-5.555,-15.271,3.299
2,-37.539,30.426,1.709
2,31.739,38.802,0.709
2,43.645,13.942,-1.557
4,2.358,36.001,3.363
2,10.549,-40.804,4.394
2,-40.364,-22.011,6.326
3,1.917,36.921,3.352
2,38.386,-8.653,-2.159
4,-24.699,40.104,3.425
2,-42.756,24.331,2.216
2,1.220,-38.927,4.242
2,20.868,11.724,1.023
2,4.601,-45.765,5.557
4,22.494,-0.629,-0.641
2,18.366,-1.022,-0.815
2,-42.321,17.831,2.337
2,-15.217,-32.514,4.738
3,2.552,25.963,2.502
2,-25.301,-8.149,4.299
3,-4.070,-16.979,3.019
7,-31.037,-35.077,-4.153
2,-15.815,-41.071,4.969
2,-14.599,23.900,2.922
2,-40.297,39.045,1.869
2,3.157,36.854,2.691
4,17.031,-30.820,3.104
2,23.905,40.651,1.667
2,-46.961,-13.960,6.921
2,9.076,6.050,0.608
2,9.673,-3.348,0.368
2,-5.278,31.073,3.458
4,-42.805,25.384,2.753
2,-16.412,0.519,3.311
2,-10.069,-30.223,4.305
2,-1.286,-35.748,4.060
2,14.999,-46.377,4.335
2,36.302,-48.564,0.306
2,6.295,-22.553,1.678
2,26.638,-12.419,-0.247
2,17.805,13.647,0.602
2,24.205,-45.494,3.185
2,-18.607,-47.112,5.497
2,-24.918,-32.151,5.688
3,41.029,21.222,0.118
3,-23.091,38.873,3.082
2,-40.146,-43.804,2.981
2,38.217,19.738,0.706
2,24.407,-14.226,0.111
2,-13.160,-21.684,5.078
4,27.443,-12.641,0.305
3,3.593,37.320,2.564
2,15.316,-6.772,-0.796
2,-39.712,-4.753,5.776
4,-34.067,-9.883,7.480
3,-44.083,26.319,2.605
2,48.439,-23.651,-2.327
3,-24.165,41.174,3.019
2,1.284,-17.555,2.156
2,6.291,-20.166,1.846
2,-42.368,17.505,1.875
2,35.054,-14.160,-1.670
2,46.773,-36.008,-1.379
2,1.633,-37.470,4.177
2,20.613,7.942,0.412
3,10.267,-39.202,4.617
4,28.196,-16.817,0.710
2,-30.233,35.707,2.351
2,24.648,-10.480,0.025
2,28.510,-20.783,0.131
4,-35.131,-4.813,5.841
2,-22.948,-42.061,4.350
2,-5.079,39.612,3.070
2,22.147,-30.482,0.766
4,3.411,37.435,3.017
2,13.686,-16.460,0.503
2,9.547,6.546,0.687
3,-10.508,33.327,3.311
2,33.059,38.217,0.715
3,-10.067,33.330,3.329
2,-16.094,-7.453,3.676
2,30.507,-12.112,-1.389
2,16.457,-46.007,3.977
2,-7.131,10.644,1.357
4,-18.991,29.886,4.369
2,6.492,47.346,0.969
2,-33.707,41.374,2.122
2,-13.828,-27.277,5.081
2,-4.734,31.261,3.375
1,7.694,-37.226,4.485
2,39.928,48.649,0.381
4,22.911,-1.129,-0.658
2,33.469,40.406,0.568
2,-43.247,9.444,3.181
4,28.010,-17.329,1.070
2,-26.959,1.564,1.845
4,27.648,-17.553,0.776
2,10.241,20.883,0.869
2,8.395,28.105,1.713
4,-34.135,-10.629,7.018
2,38.288,44.491,0.839
2,3.927,4.770,1.148
4,-4.967,36.645,4.259
2,-20.033,-1.198,3.280
2,-15.482,16.797,1.835
4,-34.723,-3.436,5.767
2,25.845,15.137,0.879
2,41.691,-23.031,-1.572
2,21.669,7.489,0.512
2,-9.666,33.493,3.245
4,-42.948,-10.593,7.924
2,39.021,20.219,0.517
2,-25.883,-47.198,4.286
3,-23.671,40.494,3.204
2,-42.891,-16.437,6.945
2,40.824,-40.478,-1.339
2,-43.992,9.742,2.860
2,-30.757,-1.864,3.436
2,-22.344,23.336,2.309
2,-15.151,6.632,2.628
2,-5.228,-32.206,4.009
2,47.567,-49.075,0.406
2,18.865,-15.985,-0.161
2,21.536,44.305,1.613
2,-6.343,-15.406,3.150
2,24.331,3.419,-0.958
2,-26.142,1.819,2.023
2,-5.623,-2.580,2.573
2,-22.449,34.481,2.881
4,28.286,-12.951,0.396
2,39.427,43.196,0.761
2,-9.753,32.851,2.969
2,-42.253,-25.205,6.038
2,42.272,30.081,0.411
2,-42.668,9.397,2.857
2,28.590,9.555,-0.015
2,23.957,-9.926,-0.106
2,-7.357,-43.813,6.370
2,-12.993,-42.453,5.727
2,-5.557,-4.624,2.276
2,-43.429,9.671,3.223
2,36.790,-10.116,-2.187
4,28.752,-18.825,0.762
2,37.748,31.807,1.547
3,-4.170,-15.747,3.275
2,15.610,-7.940,-0.891
2,21.609,-45.603,3.471
2,-25.059,44.686,2.847
2,-33.220,6.259,2.669
2,1.897,-19.164,1.992
2,13.576,37.640,2.684
2,40.340,49.348,0.210
2,-20.293,15.460,1.886
4,20.677,-23.815,1.285
3,6.844,-35.311,4.487
2,23.821,1.924,-1.470
2,14.077,-19.777,0.799
2,10.476,-45.463,4.685
2,22.697,-46.810,3.718
2,10.850,-38.553,4.459
2,11.542,-48.720,5.123
4,25.841,-12.048,0.568
2,-33.909,18.104,1.353
2,-9.182,-8.699,2.346
2,-24.991,13.073,2.175
2,23.148,-0.745,-1.593
2,20.377,12.166,1.132
2,-6.856,-30.368,4.296
4,27.117,9.927,0.889
2,-39.676,-10.819,6.607
2,-11.836,49.955,2.672
2,-25.971,2.179,1.956
2,-10.547,20.034,2.660
2,35.636,40.031,0.640
2,-30.775,-34.485,4.847
2,15.590,37.234,2.645
2,-31.001,2.715,2.925
2,-18.655,14.706,1.672
2,20.921,-6.669,-1.053
2,-46.408,43.224,2.405
2,-16.528,1.506,3.616
2,47.429,-17.269,-2.548
2,-12.710,16.633,1.686
2,-27.534,0.818,2.025
2,38.240,29.212,1.369
2,8.225,1.371,0.267
2,22.272,-8.199,-0.744
2,37.598,33.370,0.992
2,3.394,-15.114,1.463
3,-41.918,10.581,3.030
3,15.648,3.439,0.229
3,-10.038,32.851,3.331
2,-24.275,-37.594,4.639
3,28.317,-16.425,0.204
2,-15.043,-28.329,5.205
3,-5.204,39.669,3.365
2,-9.462,6.567,2.089
4,29.635,-8.639,-0.539
2,-24.537,-29.529,6.194
2,-45.360,-37.969,3.066
2,-4.722,0.264,3.079
2,-23.419,-14.759,5.268
2,-15.811,1.894,3.320
2,-25.972,16.454,1.829
4,-11.231,-41.213,6.555
2,39.947,29.439,0.932
2,-27.901,6.587,1.524
2,27.326,-9.162,-0.749
2,-8.447,31.372,3.023
2,14.984,47.667,1.930
2,-45.281,-12.009,6.771
2,-48.086,36.268,2.085
2,1.584,-0.425,2.341
2,24.077,-27.487,-0.060
2,11.272,-17.540,1.263
2,-10.672,32.827,2.962
2,-25.128,-18.568,5.701
2,32.128,17.998,1.231
2,41.192,9.837,-1.217
2,41.979,-35.622,-1.530
2,6.133,46.169,1.101
3,-3.979,-14.998,3.255
2,27.306,-20.385,0.402
4,26.877,16.278,1.688
2,-5.704,36.771,3.194
3,-4.852,40.547,3.252
2,-38.373,-22.925,6.151
2,-8.261,0.335,3.091
2,-23.217,0.773,1.787
2,-28.180,43.391,2.555
2,-38.184,-37.015,3.693
2,-3.050,-23.416,2.893
2,48.198,5.070,-3.112
4,25.448,-26.603,0.678
2,41.023,31.746,0.795
2,-5.977,40.314,2.697
2,-15.225,-23.747,5.598
2,17.280,15.400,0.561
2,-18.005,-49.902,6.097
2,-7.568,1.147,3.275
2,-15.196,30.002,3.176
2,-20.716,14.597,1.705
2,5.486,45.105,1.189
4,-34.490,-11.517,7.221
2,-43.768,9.573,3.218
2,-1.220,-36.342,4.047
2,-48.814,5.117,4.765
2,-23.406,2.202,1.968
2,-6.168,40.410,2.743
3,15.819,-30.506,2.436
3,-35.025,-11.616,6.562
2,25.915,46.885,1.344
2,1.088,-19.679,2.057
2,33.794,-8.281,-2.056
2,-9.357,-38.339,5.647
3,-4.905,39.119,3.490
3,-44.139,12.630,2.603
2,37.201,-19.139,-0.887
4,17.130,-30.724,2.890
2,25.367,36.771,1.550
2,-6.978,-25.773,4.178
2,29.004,31.216,1.620
2,39.242,-34.882,-1.247
2,9.511,-20.791,1.226
2,-21.314,-17.205,5.330
2,24.862,-11.849,0.329
2,6.247,-43.210,5.316
2,16.620,44.859,2.007
4,24.135,-26.230,0.661
2,48.621,6.974,-3.162
2,29.998,41.835,0.364
2,-39.603,9.924,2.857
4,28.738,-18.141,0.978
2,-25.979,-11.615,5.705
3,11.151,-38.918,4.534
2,45.021,17.721,-1.833
2,45.137,-49.822,0.375
4,27.193,-13.031,0.600
2,-20.276,-13.644,4.722
4,-43.028,24.714,2.924
4,16.970,-30.144,3.254
7,-35.279,42.198,-8.428
2,-37.278,32.037,1.851
4,26.998,-15.798,1.464
2,38.109,45.738,0.693
2,-40.629,-10.121,6.465
2,-25.946,1.413,2.030
2,4.244,36.059,2.656
3,24.295,36.679,2.009
2,-31.783,37.303,2.261
2,-27.665,27.772,2.051
2,-17.757,-32.818,5.185
2,31.663,16.258,0.991
2,46.176,2.695,-2.989
2,-22.519,13.361,2.173
2,-36.798,16.154,1.637
2,-16.079,4.286,2.724
2,8.621,-37.295,4.452
3,-41.853,25.466,2.300
2,-14.345,7.745,2.247
3,27.517,-10.873,-0.412
2,8.288,-9.859,0.278
2,-26.430,-0.203,1.858
4,3.139,25.933,2.867
2,-49.942,-31.429,5.538
2,23.731,-27.169,-0.039
2,12.046,43.679,2.548
2,23.583,-0.630,-1.767
2,-8.867,12.636,0.949
4,2.808,26.821,3.415
2,9.451,-11.519,0.139
2,-3.602,3.321,2.740
2,18.005,-2.759,-0.775
2,-44.009,-14.293,6.918
2,14.666,-20.659,0.977
2,-32.677,-11.753,6.500
2,-41.438,18.492,1.831
2,-48.361,28.259,2.113
2,3.131,-21.915,2.174
2,-44.323,-39.539,3.130
4,3.504,26.272,3.216
4,-18.997,29.901,4.989
2,-43.346,-10.142,6.693
3,-12.773,-15.672,3.914
4,-34.354,-39.509,4.838
2,-33.222,16.763,1.385
2,31.085,37.377,1.129
2,6.733,28.851,1.747
2,34.597,-17.383,-0.713
3,24.186,36.193,1.811
2,-39.495,38.726,1.905
4,23.944,36.379,2.181
2,17.796,28.307,1.521
2,-11.135,49.973,2.614
2,-27.324,25.779,2.156
2,10.940,-18.883,1.509
2,-17.040,20.638,2.606
2,46.645,-3.132,-2.640
2,-43.149,-24.464,6.225
3,-41.900,10.658,3.010
2,27.392,3.863,-0.661
2,-21.132,-27.413,6.207
2,40.914,29.940,0.705
2,-48.315,-18.536,6.935
4,-42.745,-11.525,7.584
2,-28.000,-48.683,3.824
2,-31.287,47.971,2.760
2,-24.820,-33.470,5.397
2,14.073,13.837,0.373
2,31.519,-0.734,-1.295
2,22.794,-38.741,1.923
2,-26.878,17.779,1.830
2,-9.639,-36.378,5.260
2,-25.437,30.853,2.300
2,1.851,-15.725,1.877
2,4.617,47.860,0.730
2,-33.994,39.647,2.139
2,42.750,11.885,-1.436
2,49.844,8.759,-3.215
2,47.948,27.269,-0.760
2,2.965,37.435,2.567
2,9.534,8.852,0.681
2,-31.814,-21.883,6.489
4,3.733,26.151,3.062
2,26.463,42.813,0.932
2,-6.788,44.614,1.987
2,-29.254,-6.686,4.888
4,28.863,-16.114,1.363
2,-9.909,-28.576,4.365
2,15.022,-39.433,3.619
2,-14.935,28.874,3.018
2,-39.020,-3.484,5.836
2,-5.583,38.471,2.881
2,20.460,40.051,2.169
2,26.077,-24.711,-0.051
2,48.902,-40.253,-1.181
2,37.594,17.853,0.514
4,2.682,26.672,3.010
2,6.465,26.578,1.527
2,33.103,-46.373,0.798
2,15.089,21.499,0.894
2,-19.437,-12.400,4.468
2,-41.502,-24.515,6.103
2,45.108,3.602,-2.819
2,-32.131,8.836,1.798
3,41.223,21.946,-0.018
2,28.724,46.239,0.857
2,18.750,26.529,1.636
2,25.537,-5.029,-0.789
2,27.738,48.567,1.185
2,-26.281,0.972,1.966
2,39.771,-6.805,-2.205
2,-29.419,45.202,2.902
2,-45.520,11.230,3.124
2,-33.582,-3.942,4.870
4,15.725,-30.432,2.889
3,-16.755,6.293,2.728
2,-23.418,-27.832,6.337
2,38.686,-10.492,-2.421
2,-38.234,0.684,5.495
2,-45.395,-2.992,6.401
2,2.844,-9.727,0.804
2,-41.531,-27.434,5.644
2,46.254,49.390,0.745
3,-23.175,40.498,3.082
2,-29.534,-44.719,4.285
2,46.642,-20.714,-2.250
2,-15.673,0.856,3.321
2,13.808,16.977,0.516
2,-21.951,47.409,3.081
2,-49.279,6.720,4.375
2,41.428,46.620,0.679
4,31.088,16.515,1.841
3,3.052,36.313,3.180
2,29.530,19.743,2.057
2,7.259,21.707,0.904
2,23.351,-9.546,-0.416
4,28.174,-13.770,0.432
2,-22.142,8.718,1.912
2,43.383,25.353,-0.622
3,-42.690,10.409,2.857
2,-40.688,38.286,1.992
2,-39.288,25.067,0.896
2,1.840,19.145,2.180
2,13.058,36.630,2.779
2,31.673,29.492,1.949
2,-18.904,-24.406,6.384
2,14.489,17.055,0.589
2,-41.341,3.432,4.905
2,-17.058,-3.818,3.632
2,21.482,17.057,1.510
2,-0.544,-39.705,4.661
2,-30.938,-23.507,6.138
2,-28.223,-18.863,6.346
2,-15.443,0.973,3.592
2,-23.931,39.294,2.559
3,-34.140,-12.176,6.944
2,-46.184,40.878,2.501
2,-39.137,-36.459,3.858
2,-36.822,-26.201,5.711
2,-2.508,12.507,1.402
2,-33.569,-7.628,5.574
2,9.299,44.052,2.309
2,-21.018,9.251,2.019
2,-36.292,31.567,1.827
4,24.384,-1.132,-0.675
4,23.072,0.042,-0.814
2,41.124,32.538,0.713
2,-10.131,32.721,3.134
2,20.160,10.572,0.865
2,-17.192,11.443,1.696
4,28.270,-13.197,0.228
2,-20.382,-6.139,4.061
2,42.714,29.631,0.379
4,-18.407,4.429,2.965
2,3.578,-1.872,1.596
2,1.246,-48.760,5.826
2,-1.678,38.273,2.767
2,10.834,28.749,1.694
2,-40.448,-21.292,6.379
2,32.738,20.445,1.665
4,16.461,-19.944,1.310
2,-30.742,-31.854,4.905
2,32.418,-13.970,-1.382
2,36.185,-24.497,-1.362
4,-24.049,39.147,3.106
2,37.317,-32.133,-1.105
2,-14.787,-34.014,4.799
2,-48.171,44.555,2.157
3,28.381,-9.729,-0.513
2,-10.561,33.637,3.295
2,26.764,-9.751,-0.761
2,27.476,-17.059,0.272
2,44.325,31.392,0.397
2,7.691,-4.535,0.970
3,-34.121,-5.322,5.391
4,2.422,26.108,3.488
3,-4.434,39.144,3.354
2,19.628,15.241,0.953
2,-0.718,-12.458,2.060
2,31.403,48.886,0.867
2,-46.623,9.702,3.469
2,-35.359,-2.202,4.876
2,-39.324,42.415,2.129
2,18.155,-24.046,0.706
2,-28.199,25.920,2.091
2,-17.477,-17.959,4.982
2,32.800,15.855,0.683
2,-17.085,-48.207,5.972
2,-42.172,18.206,2.336
7,1.534,-13.827,-3.565
2,-9.552,-26.700,4.494
2,-29.207,17.220,1.415
2,-41.173,-43.843,2.946
2,23.460,-21.853,0.420
2,11.684,-22.463,0.834
2,28.839,40.180,0.406
3,31.454,-11.488,-1.569
2,-43.523,48.076,2.660
2,42.573,-28.925,-1.406
3,-43.672,24.079,2.507
4,-11.178,-41.741,7.854
2,-22.253,30.659,2.824
4,26.670,-17.871,0.718
2,28.089,-10.155,-0.668
2,26.986,45.796,1.029
2,-47.779,35.532,2.265
4,28.719,-14.043,0.568
2,-11.808,4.169,2.928
3,22.870,-0.036,-1.010
2,-3.645,-46.688,5.778
2,17.421,0.770,-0.696
2,35.099,21.121,1.449
2,-42.313,24.187,1.862
2,47.461,16.895,-2.248
4,22.904,-0.537,-0.879
2,6.362,23.774,1.011
2,-35.219,-11.883,6.476
2,19.718,49.919,2.122
2,-5.644,30.496,3.375
2,-15.623,-20.902,5.205
4,21.361,-18.506,1.029
3,-42.826,-9.735,7.157
2,-33.945,1.391,4.087
2,12.322,-0.769,-0.093
4,17.499,-23.048,1.651
2,-2.628,-37.257,4.624
2,20.933,28.732,2.323
2,17.044,-31.095,2.001
2,-36.716,-43.502,3.426
2,-21.455,-12.372,4.829
2,-3.608,6.885,2.146
2,-1.515,26.808,3.015
2,-34.192,-25.537,5.809
2,24.016,-27.388,-0.035
2,-39.813,36.905,2.091
2,-38.799,-18.772,6.737
3,42.083,21.023,-0.161
2,7.990,-42.372,4.645
2,1.679,-13.546,1.624
2,47.610,-3.747,-2.983
4,26.102,-12.695,0.525
2,8.428,17.392,0.522
2,-25.708,1.082,1.819
2,-38.758,10.788,2.401
2,37.355,-5.467,-2.534
2,-4.852,2.429,3.112
2,39.464,0.448,-2.009
4,20.984,-19.176,0.927
4,28.179,-17.291,1.342
3,-9.552,33.020,3.375
2,-26.717,-23.285,6.207
2,3.273,-0.456,1.776
3,-23.942,40.825,3.155
2,-7.719,-2.353,2.658
2,-10.350,33.128,2.960
2,-26.279,2.909,1.839
2,-42.228,-35.476,3.774
2,-48.611,-8.814,6.753
4,27.598,-17.158,1.126
2,-33.407,39.894,2.230
2,-41.940,28.916,2.091
2,34.568,31.161,1.517
3,2.647,26.632,2.736
2,29.886,-38.081,0.292
4,-4.720,39.289,3.405
2,-3.346,39.789,2.791
4,-29.804,24.919,2.148
3,-5.614,-14.578,3.330
2,18.040,23.260,1.534
2,-48.687,2.600,5.379
2,2.098,36.777,2.564
2,5.795,9.298,0.531
2,-24.951,6.032,1.385
4,-33.952,-39.620,4.716
3,29.217,-9.555,-0.591
2,-40.104,45.813,2.378
2,-18.812,15.733,1.615
2,-5.458,-23.124,3.697
2,-17.619,-4.429,3.647
2,27.617,-17.554,0.134
2,-14.775,-44.853,5.590
2,-33.369,22.798,1.147
2,-8.301,-27.484,4.495
4,18.602,-22.997,1.485
2,5.084,-33.927,3.785
2,-49.122,-38.335,2.782
2,2.395,-14.586,1.568
2,22.591,19.034,1.719
2,3.001,40.912,1.805
2,24.595,-1.913,-1.691
2,42.112,22.606,-0.306
2,-14.623,10.645,1.835
2,-34.698,-20.474,6.444
2,-47.515,38.221,2.300
2,-11.494,20.835,2.560
2,-15.201,1.760,3.224
2,14.592,45.289,2.294
2,-27.609,-36.771,4.665
2,-23.285,-38.907,4.743
2,-10.735,32.903,3.031
4,-42.269,-10.364,7.895
4,-15.230,49.996,3.253
2,7.069,-18.274,1.754
2,16.622,24.940,1.363
2,16.725,10.540,0.566
2,-3.573,32.383,3.317
2,15.281,35.414,2.850
2,-32.950,27.845,1.900
2,37.633,-4.265,-2.490
2,-28.751,-29.614,5.649
2,39.448,-15.889,-1.618
2,22.361,-34.370,0.967
2,-46.064,35.987,2.099
2,-3.747,29.757,3.500
4,26.828,-12.076,0.553
2,-45.922,-38.114,3.019
2,16.901,-19.578,0.483
4,21.273,-21.902,1.145
2,29.784,6.490,-0.118
3,29.578,-8.496,-0.735
4,-35.471,-3.433,5.831
4,-33.173,-3.162,5.583
2,0.767,-8.988,1.157
2,48.003,-20.436,-2.343
2,-40.171,16.429,1.818
2,16.188,-15.778,-0.169
2,-4.198,6.728,2.234
2,-36.616,-27.421,5.589
3,-35.709,-2.995,5.372
2,22.508,46.176,1.683
3,29.557,-10.742,-0.620
2,-28.119,47.705,3.218
2,-11.577,11.196,1.278
4,-4.991,37.371,4.048
4,-42.118,26.109,2.783
2,-10.274,32.721,3.003
2,-36.370,36.911,1.990
2,11.363,29.148,1.831
2,-30.072,43.776,2.519
2,46.700,42.176,0.676
2,-43.083,39.438,2.162
2,-37.358,45.775,2.344
2,-12.258,44.923,3.583
2,12.604,-16.348,0.864
2,-8.433,-49.939,6.761
4,15.014,-20.889,1.733
2,15.039,30.763,2.071
4,-42.367,-9.784,7.256
4,18.773,-21.790,1.905
2,19.084,-26.969,0.898
3,-15.584,-20.535,5.865
4,-33.112,-11.389,7.357
2,2.765,-25.580,2.098
4,22.964,-1.432,-0.553
2,8.414,48.733,0.881
2,-19.164,22.869,2.531
2,21.835,38.375,2.111
2,14.288,-24.230,0.978
2,25.079,36.814,1.554
2,-23.923,7.258,1.798
2,21.383,-18.048,0.384
2,-35.850,-31.980,4.732
3,40.700,22.432,0.062
2,-33.735,42.095,2.040
2,0.107,12.985,0.990
2,3.295,2.134,1.558
2,7.520,23.511,1.091
2,20.757,4.669,-0.131
2,42.469,-3.744,-2.144
2,-10.671,-42.022,6.011
2,-0.616,-13.865,2.056
2,46.473,-34.901,-1.322
2,-18.259,-12.480,4.288
2,29.200,-13.561,-1.021
2,8.459,11.077,0.439
2,-43.704,31.637,1.914
2,-44.106,10.756,2.871
2,-2.942,8.767,1.740
2,0.502,9.335,1.106
2,-19.441,9.410,2.014
2,34.755,-44.723,-0.147
2,4.603,-20.534,1.941
2,13.099,-20.440,0.990
2,-24.033,12.084,2.397
2,36.427,-10.557,-2.262
2,-4.943,39.570,3.227
2,42.616,-33.623,-1.435
2,-48.574,-27.604,5.685
2,15.096,-0.215,-0.398
2,-26.175,3.992,2.025
2,-41.381,46.099,2.454
2,1.923,-11.420,1.346
3,14.455,3.942,0.226
2,28.394,-8.984,-0.760
2,-5.389,-27.906,3.908
4,18.739,-22.722,1.360
2,38.217,5.079,-1.344
3,-33.899,-39.858,4.360
4,-11.319,-41.970,7.963
2,-3.751,6.237,2.439
2,-27.726,12.879,1.901
4,19.000,-20.820,1.127
2,47.641,-6.598,-2.574
2,15.563,34.872,2.845
2,-33.372,-12.084,6.635
2,-24.200,-42.676,4.248
3,41.276,21.830,-0.211
2,-22.127,38.198,2.491
2,22.045,-1.717,-1.419
2,19.028,40.504,2.459
2,27.817,-8.891,-0.718
3,23.821,36.598,1.872
2,8.051,-30.723,2.965
2,33.164,-13.351,-1.579
2,-38.909,19.609,1.381
2,-5.798,39.566,2.855
2,-30.958,-16.974,6.359
2,-5.480,17.825,2.114
2,49.433,-42.962,-1.139
2,-13.142,-41.104,5.430
2,8.881,-24.818,1.418
4,-41.988,18.306,2.405
2,34.970,9.517,-0.340
2,-20.494,-10.633,4.605
2,-7.870,-32.541,4.340
2,18.512,-40.908,2.895
2,41.261,-43.678,-0.866
2,-16.376,-18.395,4.799
2,-13.260,23.547,2.764
2,-31.490,-38.438,4.163
2,14.693,-27.681,1.286
2,16.546,-33.414,2.418
2,21.065,42.296,2.086
2,29.658,31.250,1.553
4,27.647,-12.206,0.418
2,31.856,-27.272,-0.574
2,35.457,-38.126,-0.555
2,29.871,-7.199,-1.279
2,-30.912,-31.142,4.860
2,36.339,11.520,-0.504
2,9.083,-48.722,5.328
2,-30.791,4.459,2.744
2,-41.732,19.337,1.869
2,-18.406,36.995,2.917
2,24.182,31.615,1.672
2,-1.908,-26.495,3.177
2,41.541,-0.729,-1.921
4,-44.050,24.029,2.847
4,-42.204,-10.364,7.571
2,-44.981,43.766,2.322
2,-26.296,49.417,3.570
3,-24.173,41.115,3.159
3,-4.140,40.976,3.183
3,23.181,-26.590,0.427
2,-5.258,39.518,2.990
2,2.185,15.669,1.330
2,-23.803,40.774,2.818
2,-1.318,45.544,1.014
2,-26.118,1.481,1.992
3,41.645,22.535,0.057
2,-4.832,-35.064,4.314
2,44.453,39.214,0.486
3,25.180,-26.972,0.071
4,29.146,-17.547,1.190
2,27.845,49.947,1.157
2,20.737,20.950,1.920
2,27.093,-8.530,-0.768
2,-22.777,40.482,2.735
2,12.400,22.312,0.887
2,12.754,-37.566,4.270
2,-32.877,-39.559,4.192
2,22.241,44.937,1.668
2,-48.835,25.857,1.816
2,-39.011,44.876,2.288
2,34.722,-26.548,-1.310
2,-45.582,33.551,2.283
3,-23.870,41.214,3.067
2,-48.613,-7.077,6.839
2,12.701,-25.305,0.665
2,47.897,29.294,-0.028
2,-33.316,-6.610,5.181
2,-3.531,-26.140,3.473
2,-12.460,41.474,3.285
2,-26.758,-27.249,6.190
2,-4.486,17.237,1.792
2,40.734,10.148,-1.102
2,12.349,-28.994,1.934
2,42.627,-5.125,-2.078
2,-35.883,0.471,4.750
2,22.396,37.677,1.964
2,-14.254,-26.289,5.315
2,-4.715,-32.657,3.967
3,3.657,36.820,2.875
4,27.197,-11.782,0.608
2,-1.682,-44.246,5.851
2,2.957,7.719,1.214
4,25.113,36.294,2.164
3,-5.453,40.638,3.136
2,5.283,-46.215,5.355
2,-42.749,17.942,2.230
2,-35.158,-27.296,5.527
2,-13.952,49.974,2.956
2,48.463,-44.714,-0.739
2,18.391,-35.575,2.144
4,-4.393,-15.674,3.390
2,35.248,-4.525,-2.014
2,24.717,-16.525,0.488
2,32.113,15.910,0.871
2,28.201,38.399,0.884
4,23.356,-0.249,-0.691
2,-5.184,-29.113,3.968
4,26.612,-18.115,1.053
2,38.828,46.492,0.769
3,-34.865,-5.045,5.739
3,-15.949,6.018,3.003
4,24.816,-26.248,0.820
3,-42.641,9.586,3.127
2,2.301,30.455,2.739
2,-42.983,9.436,2.976
2,-18.399,-0.528,3.432
2,-49.901,-13.237,6.539
4,-11.267,-15.805,4.224
2,35.998,45.236,0.570
3,-59.864,-42.537,3.674
2,-41.888,17.639,1.865
2,12.246,-43.630,4.252
2,49.030,-37.113,-1.077
2,-45.367,-21.628,6.356
4,17.025,-22.678,1.681
3,-5.934,36.416,3.578
2,48.297,-49.596,0.478
2,-36.709,19.919,0.877
2,3.468,31.046,2.546
2,33.341,-15.184,-1.274
4,-32.396,-11.179,7.118
2,41.034,-6.142,-2.075
3,24.163,36.792,1.897
2,-42.554,12.040,2.240
3,26.278,-11.706,0.517
2,-26.297,0.699,2.026
2,29.823,1.160,-1.418
2,16.957,-22.172,0.669
2,47.124,-27.414,-1.888
2,-20.941,-6.471,4.109
2,-26.166,-30.389,5.962
2,-23.330,38.512,2.796
2,7.076,22.273,0.996
2,45.136,42.928,0.623
2,34.537,23.644,1.621
2,14.573,-26.353,1.210
2,-17.181,-9.060,3.929
2,9.795,-45.200,4.590
2,-5.738,29.592,3.305
2,-9.674,-43.428,6.410
2,30.002,3.797,-0.700
2,-32.574,-1.093,4.057
2,26.500,-37.522,0.924
4,-24.000,38.882,3.288
2,-22.938,36.245,2.562
2,12.984,35.405,2.604
2,37.704,-18.404,-0.968
2,23.727,13.425,1.128
2,-40.756,-31.543,4.895
2,43.871,-34.054,-1.528
4,-23.911,39.213,3.224
2,-19.596,10.337,2.038
2,2.231,26.832,2.336
3,-24.241,41.549,2.948
2,42.083,-26.165,-1.380
4,-3.749,36.354,3.932
2,-26.760,27.150,2.066
2,-40.393,-3.805,6.001
2,-38.592,13.773,1.605
2,12.066,30.051,2.244
2,-33.185,-4.143,4.866
4,29.497,-11.235,-0.473
2,12.059,-13.691,0.158
2,-14.566,26.049,2.822
2,-36.877,14.063,1.636
2,-16.690,4.429,2.764
3,-15.057,6.707,2.830
2,-13.189,-34.217,4.905
2,11.200,49.852,1.241
2,-36.080,38.409,1.856
2,35.635,-15.026,-1.581
2,-18.100,43.514,3.229
2,-14.614,1.684,3.562
2,-41.181,6.709,3.869
2,47.437,-32.866,-1.484
2,43.681,-49.838,0.626
4,17.089,-29.958,3.340
2,-37.411,-3.001,5.725
2,38.210,20.620,0.753
2,10.727,-44.571,4.592
3,27.843,-9.525,-0.568
2,11.976,21.908,0.912
2,-12.042,-27.333,4.623
2,3.916,32.088,2.501
2,48.546,-13.483,-2.249
2,-40.681,-34.043,4.451
2,39.839,-19.238,-1.266
1,30.491,26.684,2.318
2,44.636,-38.136,-1.674
2,40.474,9.244,-1.095
4,16.927,-30.242,3.055
2,-49.853,13.459,2.568
7,20.138,29.353,-7.870
2,-41.189,-25.520,5.846
2,-4.435,-29.887,3.773
4,-4.722,35.825,4.315
2,-31.567,39.989,2.147
2,-16.156,5.712,2.866
2,48.086,40.588,0.754
2,11.873,-4.035,0.231
2,-19.767,-49.446,5.338
2,41.032,49.372,0.275
2,39.035,-23.934,-1.391
4,23.511,0.375,-0.527
2,-30.440,-24.629,6.016
2,23.627,41.340,1.669
2,-23.341,47.824,3.197
2,-48.104,-34.002,4.517
2,-5.249,40.969,2.836
2,-31.523,43.177,2.259
2,-29.718,-21.826,6.190
2,-4.457,29.908,3.381
2,-10.551,33.313,2.965
2,-38.223,-31.016,4.866
2,-25.056,46.235,3.175
2,-1.249,23.668,2.983
4,3.393,37.653,3.234
2,39.153,24.844,1.152
2,4.399,-49.291,5.618
2,-18.510,30.929,3.314
2,-8.743,16.114,1.895
2,49.697,35.726,1.206
2,12.530,-21.236,0.821
4,15.099,-21.660,1.663
2,48.348,11.770,-2.645
2,42.029,-46.217,-0.170
2,30.333,17.685,1.405
2,9.038,1.576,0.029
2,-23.578,1.567,2.013
4,-33.440,-5.700,5.754
2,-18.695,-33.612,5.429
2,27.569,-9.177,-0.674
2,3.172,-11.738,0.961
2,37.142,36.598,0.199
2,31.119,-12.135,-1.621
2,-27.907,26.705,1.882
2,-15.046,-13.676,3.549
2,-20.354,24.398,2.683
2,6.917,17.821,0.540
2,32.413,-6.756,-1.948
3,-43.360,25.289,2.650
2,-3.535,46.097,1.380
2,24.754,-18.958,0.566
3,-42.977,24.715,2.552
2,36.850,-8.326,-2.106
2,-13.192,16.268,1.599
4,-24.474,39.104,3.297
4,20.282,-22.079,1.309
2,11.720,4.347,0.311
2,21.456,-1.946,-1.337
2,6.703,41.162,1.975
2,-39.846,22.787,1.176
2,47.554,20.341,-1.613
3,-43.506,11.039,3.222
2,47.212,14.543,-2.468
2,-30.778,-43.516,4.057
2,49.364,-0.762,-3.498
2,35.363,49.635,-0.088
2,7.980,-14.987,1.056
2,-3.655,29.919,3.591
2,-46.272,21.510,1.974
2,-35.895,-24.969,5.892
2,-7.970,26.949,3.471
2,-28.817,3.907,2.353
2,17.232,45.556,1.739
2,-19.685,32.831,3.151
3,-4.425,-16.384,3.267
2,2.422,34.074,2.871
2,25.441,-11.553,0.167
2,-5.754,-43.466,6.020
4,2.032,37.034,3.516
2,-14.568,21.929,2.757
2,-30.624,19.573,1.457
2,-29.099,27.823,2.156
2,6.075,28.804,1.837
2,-31.705,29.177,2.226
2,49.911,-39.541,-1.139
2,-43.970,-2.866,6.447
2,-49.447,36.356,2.041
4,2.934,26.115,3.251
2,41.652,48.496,0.402
2,-10.184,14.989,1.580
2,-3.813,28.847,3.491
2,-29.096,27.612,2.054
2,-3.842,40.148,2.749
2,19.742,-30.316,1.337
3,41.454,22.429,-0.121
2,-6.132,-16.053,3.151
2,23.995,39.983,1.744
2,44.592,-18.413,-2.552
2,-46.435,39.503,2.438
2,11.192,36.706,2.643
2,-30.155,12.815,1.566
4,-43.735,25.919,2.966
2,-12.316,35.681,3.092
2,13.212,-30.943,2.561
3,-79.168,-6.294,6.214
2,-24.392,0.034,1.848
3,-42.840,10.586,3.168
3,-33.185,-39.573,4.261
2,49.901,-40.771,-1.240
2,15.668,6.678,0.485
2,-2.962,-36.115,4.355
2,-24.021,16.294,1.888
3,23.668,0.579,-1.651
2,-32.442,29.817,2.282
2,-23.951,6.680,1.769
2,-24.487,1.279,1.932
2,-20.565,-30.968,5.829
2,35.003,-5.066,-1.999
2,15.026,43.197,2.416
2,-15.064,-37.890,5.176
2,20.574,-43.181,3.034
2,21.260,-19.967,0.415
2,-43.202,24.245,2.203
2,23.943,-0.368,-1.598
2,20.403,37.086,2.230
2,25.191,37.152,1.533
2,-47.100,18.418,2.038
2,20.833,-44.464,3.240
2,-27.739,46.047,2.990
2,-47.192,-44.662,2.072
2,33.507,-12.677,-1.616
3,-42.163,10.314,3.084
2,2.322,21.518,2.300
2,-12.475,-46.093,5.976
2,-40.018,-9.980,6.367
2,-16.650,3.565,3.063
2,-33.333,25.172,1.426
2,20.200,-3.861,-1.161
2,-30.577,7.623,1.945
2,38.728,-0.334,-1.973
2,-6.965,-16.544,3.128
2,-4.203,-46.937,5.775
2,-19.226,2.425,2.490
2,3.259,36.035,2.561
2,-18.208,-16.688,4.773
2,-1.359,-38.848,4.601
2,-31.004,10.504,1.454
2,-32.631,2.400,3.326
2,-10.810,25.736,3.058
2,-38.341,-12.340,6.856
2,25.338,-13.374,0.082
4,-34.233,-4.622,5.686
4,29.684,-8.966,-0.644
2,-28.007,26.058,2.023
2,35.478,36.669,0.537
2,-2.175,-18.393,2.664
2,20.210,-20.392,0.402
2,40.995,-18.707,-1.754
2,-4.247,4.179,2.782
2,-37.979,27.151,1.132
2,-43.179,-35.120,3.856
4,-12.124,-14.534,4.359
4,-43.214,-12.291,7.335
2,-43.684,-18.855,6.914
2,-16.246,-20.654,5.753
2,-22.297,26.733,2.493
2,7.714,-18.739,1.702
2,40.307,9.754,-1.072
2,4.843,-7.642,0.704
2,-3.970,8.087,1.871
2,15.736,10.959,0.575
2,-26.755,27.110,1.963
2,1.001,43.496,1.238
2,-46.608,43.754,2.414
2,-12.978,-32.454,4.723
4,15.847,-30.168,2.681
2,23.540,-33.742,0.872
2,28.714,47.297,0.983
4,2.562,25.969,3.118
2,-32.234,-33.959,4.600
3,16.269,-29.991,2.062
2,4.273,33.084,2.544
2,-24.832,2.518,2.039
2,45.325,24.561,-1.018
2,43.247,17.160,-1.255
2,1.547,29.759,2.727
2,-42.068,-31.249,4.949
2,6.385,8.230,0.587
2,27.993,-28.875,-0.544
2,-4.127,36.703,3.117
2,15.834,-49.817,4.632
2,22.453,-0.846,-1.325
2,26.103,-16.231,0.723
2,32.143,-1.096,-1.333
4,-42.536,-11.141,7.444
2,-7.444,-12.470,3.120
2,23.822,-8.152,-0.437
2,27.700,-10.869,-0.716
2,10.149,6.461,0.633
2,-17.652,-5.103,3.777
2,-21.782,-16.367,5.310
2,-42.620,35.291,1.887
3,24.147,-0.518,-1.576
2,19.443,-17.938,0.136
2,-0.060,10.432,1.254
2,-41.288,44.956,2.291
1,-35.251,15.154,1.404
4,-32.926,-39.558,4.668
2,19.894,34.142,2.022
2,-20.696,46.073,2.960
3,-42.356,10.268,3.050
2,19.550,-22.916,0.293
2,46.399,-17.809,-2.627
2,37.713,-24.045,-1.342
2,-28.616,-32.698,5.312
2,41.745,16.392,-1.067
2,42.953,-32.274,-1.437
2,-5.627,-16.727,3.351
3,-4.748,-15.814,3.274
2,-34.819,-48.495,3.641
2,-11.289,25.120,3.042
2,-48.927,-2.473,6.367
2,-31.804,22.983,1.570
3,2.441,-10.786,1.250
2,43.085,1.800,-2.333
2,-10.830,14.694,1.409
2,-24.305,-33.695,5.366
2,33.120,30.270,1.781
2,27.154,-7.370,-0.689
2,1.930,13.090,0.950
7,25.764,123.866,-97.757
2,14.366,-8.119,-0.501
2,-43.067,19.459,1.854
2,-19.750,16.889,1.908
4,26.478,-12.796,0.376
2,-36.560,-4.449,5.520
3,24.926,35.824,2.054
2,-38.605,-20.674,6.318
3,-41.958,-10.813,7.151
2,-32.582,15.030,1.392
2,-7.370,-40.609,6.246
1,23.118,1.618,-1.422
2,-29.166,-38.405,4.184
2,36.192,46.519,0.538
2,46.986,-0.209,-3.164
2,-34.056,-5.306,4.946
2,25.252,-11.912,0.298
2,-29.796,2.835,2.485
2,-43.412,9.714,3.032
4,19.383,-22.334,1.568
2,32.667,-6.113,-1.870
2,-38.347,40.949,1.844
4,24.077,36.691,2.177
2,-49.965,41.271,2.658
2,35.217,-36.917,-0.600
3,24.233,-27.901,0.210
2,-47.878,7.060,4.204
2,1.228,43.993,1.195
2,-8.485,-30.051,4.242
2,-44.223,41.609,2.268
2,-33.345,-44.146,4.120
2,-6.301,27.398,3.539
2,26.991,-17.439,0.247
3,-42.199,9.216,3.151
2,9.624,5.973,0.638
2,-24.817,38.738,2.243
2,15.307,8.806,0.590
2,9.017,27.883,1.631
2,-7.362,20.919,2.738
2,-43.828,-27.079,5.772
2,14.100,37.345,2.659
2,-13.623,-49.550,6.200
2,-14.390,1.399,3.607
2,-36.019,-4.877,5.223
3,-4.450,40.090,3.039
4,25.572,13.976,1.611
2,18.362,-0.336,-0.858
2,-24.132,45.238,3.053
3,-49.799,-10.299,6.716
2,-13.295,-2.394,3.305
2,-26.681,2.822,2.014
2,13.827,-6.565,-0.402
2,42.993,-23.469,-1.622
2,-5.435,-8.236,2.324
2,7.645,-45.081,4.915
2,17.395,-31.147,2.114
2,36.422,-11.890,-2.203
2,0.435,-30.162,2.893
3,-10.243,33.400,3.397
4,-34.526,-40.482,4.570
2,31.158,-2.323,-1.486
2,37.095,1.048,-1.877
4,-33.408,-12.303,7.336
2,-15.993,-20.316,5.727
2,-43.778,10.142,3.220
2,-6.013,-14.892,3.268
2,16.446,25.513,1.245
2,16.523,5.065,0.276
4,27.993,-17.146,1.191
4,2.833,25.661,3.108
2,1.390,12.695,0.996
7,32.056,26.493,-6.732
2,-11.882,24.599,2.990
4,24.707,-27.098,0.829
2,40.251,48.107,0.532
2,42.143,-21.798,-1.731
2,-7.557,-23.447,4.305
2,2.859,27.619,2.183
2,-24.935,-12.329,5.767
2,-5.676,40.361,2.860
2,49.641,35.139,1.077
4,26.474,15.993,2.287
2,20.600,43.518,1.794
2,5.445,-30.451,3.080
3,-5.521,-17.146,3.300
2,-19.197,-49.107,5.472
2,40.738,-25.984,-1.371
2,-15.567,10.854,1.977
2,-24.360,40.681,2.626
2,-31.280,11.985,1.239
3,-15.248,5.701,3.004
2,17.856,38.323,2.713
2,-42.276,9.976,2.872
2,-2.379,47.742,1.064
2,28.980,-37.641,0.530
4,16.955,-30.721,2.962
2,24.874,41.225,1.545
2,8.609,-42.400,4.549
3,-41.752,10.381,3.044
2,6.161,-38.769,4.579
2,-13.724,2.041,3.324
2,25.225,-47.483,3.553
2,0.755,-26.209,2.512
3,-16.935,6.950,2.774
2,28.239,-5.278,-0.974
4,24.066,-0.979,-1.122
2,-24.779,26.186,2.009
4,-42.471,-9.765,7.834
2,-8.141,16.768,2.101
3,41.636,22.314,0.022
2,-15.301,4.418,2.841
2,-37.096,13.364,1.531
2,23.621,12.858,0.931
2,-15.324,1.488,3.324
2,-40.602,-19.337,6.426
2,-12.387,4.119,3.016
3,-14.904,5.825,2.978
2,-42.361,48.261,2.811
4,16.258,-30.633,3.064
2,26.576,6.446,0.105
3,-15.643,-19.158,5.265
2,-49.192,-14.146,6.768
2,24.671,36.792,1.568
2,-26.699,28.515,2.042
2,45.247,36.467,0.432
2,19.892,-0.578,-0.908
2,-5.021,-4.353,2.107
2,-41.010,48.058,2.566
2,43.275,-29.072,-1.589
4,26.150,-11.784,0.488
2,-41.457,-29.406,5.279
2,-21.632,27.324,2.680
2,-18.280,38.391,2.903
2,-24.819,-7.489,4.019
2,19.336,-12.824,-0.939
2,-12.725,-0.047,3.597
2,-12.033,-40.413,5.473
2,-5.543,35.789,3.117
2,-26.171,2.089,2.019
2,-30.018,31.543,2.449
2,44.438,28.563,0.081
2,27.022,-15.913,-0.169
3,-6.074,39.534,3.375
2,-32.177,-22.517,6.296
2,-22.419,6.458,1.736
2,13.388,-42.209,3.984
4,2.029,26.541,2.989
2,9.462,19.590,0.717
2,19.178,20.352,1.568
2,-25.058,39.996,2.568
2,-21.818,30.339,2.849
2,-13.531,36.080,3.021
2,-33.103,15.260,1.389
2,10.013,9.828,0.692
2,7.850,21.763,0.870
2,48.186,-27.890,-2.118
2,-26.600,-47.683,4.237
2,-38.480,-12.865,6.798
2,-47.674,5.989,4.453
4,-11.327,-14.273,3.653
3,-4.504,39.984,3.354
2,8.856,-1.203,0.468
3,-10.524,33.305,3.384
2,26.732,34.615,1.478
2,-43.670,10.435,2.931
2,-23.680,27.728,2.213
3,23.179,-0.927,-1.132
2,-23.006,-19.962,5.497
2,48.454,-40.575,-1.161
4,24.110,-27.135,0.706
2,-24.260,46.718,3.198
2,19.436,-37.987,2.039
2,43.258,1.152,-2.295
2,-38.731,-35.879,4.107
4,2.985,26.710,2.979
2,38.261,1.040,-1.975
2,-11.664,16.556,1.810
2,23.225,24.872,2.535
2,-4.566,35.470,3.161
2,-35.465,-36.045,4.209
2,-47.981,-33.158,4.809
2,27.009,-10.407,-0.507
2,22.937,-46.060,3.457
2,27.392,-33.294,0.130
2,23.884,6.897,0.453
2,41.064,1.069,-1.878
2,15.965,23.952,1.032
2,-6.089,-3.039,2.566
2,45.516,-26.139,-1.689
2,-37.120,-24.795,5.813
2,-41.588,-11.322,6.709
2,37.740,44.534,0.732
2,-5.674,5.666,2.689
2,4.422,-21.551,1.809
2,-39.647,46.529,2.503
2,-4.528,35.795,3.255
4,24.451,-27.699,0.514
2,-13.384,-16.787,4.222
2,-15.362,-28.885,5.220
2,-49.465,-42.733,1.885
2,37.152,6.724,-0.989
2,-41.444,-9.784,6.326
2,-27.383,23.717,1.348
2,-16.419,29.591,3.099
2,-0.920,-39.250,4.582
2,23.197,-5.509,-0.948
2,24.850,36.528,1.578
2,29.972,-21.247,-0.045
2,23.919,2.736,-1.285
2,41.358,-7.035,-2.066
2,32.612,17.636,1.052
2,35.964,35.817,0.436
2,12.937,31.611,2.555
2,0.010,35.525,2.894
2,-40.903,26.511,1.614
3,26.911,-13.791,0.064
2,20.629,-49.978,4.716
2,-47.756,26.444,2.091
3,-28.525,24.901,1.890
2,36.989,-12.092,-2.193
2,43.803,-14.474,-4.824
2,-8.473,-5.554,2.229
3,-36.345,-3.844,5.751
2,-40.372,14.330,1.781
2,-16.734,-35.694,5.006
2,-25.351,29.737,2.229
2,7.375,33.034,2.402
2,20.549,-15.792,0.018
2,11.993,-21.034,0.963
3,-41.409,18.371,2.338
3,-17.104,5.405,2.989
4,24.333,36.199,2.047
2,43.529,-0.830,-2.043
2,28.787,3.147,-0.836
2,44.768,10.774,-2.092
2,-36.423,-2.899,4.913
2,-13.578,-39.298,5.262
2,-15.348,2.775,3.035
2,-26.826,-17.579,6.101
3,-6.001,40.374,3.186
4,-34.511,-39.437,4.330
2,-38.280,-10.947,6.534
2,2.540,26.276,2.348
4,1.212,-8.411,2.365
2,-26.659,38.395,2.243
4,26.971,-13.210,0.482
2,-1.072,-1.902,2.401
2,17.485,-9.885,-1.035
2,35.584,-22.818,-0.935
2,33.563,21.616,1.769
2,-10.159,1.050,3.337
2,-4.588,40.613,2.821
2,-30.606,42.462,2.271
2,23.932,26.461,2.547
2,16.550,48.721,2.037
2,-1.246,-34.898,3.942
4,28.916,-16.767,1.102
2,-14.068,28.773,3.094
2,-3.724,29.429,3.420
2,-33.790,-18.707,6.792
2,3.071,25.789,2.243
2,20.805,37.606,2.246
2,-3.588,30.082,3.631
2,-20.124,44.404,3.196
3,-33.916,-4.612,5.261
2,27.282,-32.235,-0.021
2,-44.091,9.502,2.974
2,-4.429,29.391,3.545
3,29.115,-16.999,0.567
2,-33.537,33.156,2.129
2,-49.895,9.461,3.323
2,-7.333,19.546,2.585
2,23.205,39.961,1.912
3,-16.079,5.325,2.978
4,33.163,12.776,0.578
2,-18.992,-18.947,5.681
2,-28.508,-13.134,5.986
2,-37.043,-29.025,5.198
2,45.942,11.027,-2.281
2,-12.839,-8.742,2.787
2,-41.935,-10.552,6.701
2,-48.152,23.132,1.789
2,32.334,41.647,0.457
2,26.160,40.150,1.278
2,-19.198,-27.751,6.103
2,-17.365,-42.774,4.805
2,4.381,-14.988,1.446
2,-49.366,-32.924,4.722
2,-21.876,22.980,2.379
4,27.400,-11.819,0.767
2,14.603,21.820,0.926
2,-0.553,15.371,1.606
2,-3.602,-28.717,3.749
2,15.837,-30.413,2.114
2,8.127,40.519,1.952
2,30.260,-1.936,-1.378
7,-28.463,24.388,-7.033
2,32.818,44.791,0.307
2,35.190,23.339,1.534
4,-33.793,-9.909,7.382
2,-38.762,14.297,1.649
2,-49.533,38.855,2.290
2,2.846,-16.231,1.675
2,29.384,-2.151,-1.325
2,-9.417,-36.969,5.363
3,23.992,-27.303,0.038
4,31.918,10.465,0.845
3,-16.786,5.380,2.984
1,43.955,10.629,-1.927
3,-4.388,40.003,3.262
3,24.217,36.871,1.960
2,-12.126,-26.261,4.988
4,-33.970,-10.223,7.207
4,20.440,-21.730,0.993
2,-32.486,31.996,2.240
2,1.446,9.022,1.113
2,-2.229,-36.810,4.409
2,-14.346,19.673,2.211
2,-12.672,27.183,2.980
2,7.348,-42.696,4.877
2,30.778,49.567,1.018
2,47.754,3.620,-3.292
2,32.291,-12.364,-1.749
2,13.327,43.882,2.496
3,28.504,-10.047,-0.465
2,3.186,36.407,2.563
2,-22.622,-49.661,4.567
2,44.388,-43.875,-1.019
2,-28.331,-4.899,4.070
4,24.031,-26.150,0.762
2,30.608,9.514,0.065
2,6.663,-1.034,0.938
2,-15.133,-7.079,3.482
3,-43.323,-10.944,7.209
2,24.867,35.676,1.562
2,-40.676,-46.348,2.768
2,-22.071,49.257,2.910
2,27.175,16.499,1.022
2,16.215,20.696,0.961
2,-30.414,-30.340,5.049
2,-23.949,-26.549,6.516
3,28.242,-10.019,-0.613
2,-39.884,12.149,1.933
2,44.715,-4.824,-2.310
2,-26.554,-40.788,4.233
2,-18.241,23.163,2.584
2,12.924,-11.908,-0.263
2,-37.057,36.375,1.960
2,27.073,22.129,2.734
2,19.445,35.730,2.294
2,31.127,34.843,1.418
2,-46.031,4.297,4.808
4,17.061,-30.875,3.065
2,-14.977,27.507,2.870
2,2.179,-6.434,1.033
3,24.453,-26.977,0.424
2,4.683,-27.092,2.386
2,-33.844,-26.408,5.649
2,-36.675,21.307,0.736
2,18.190,36.378,2.584
2,-7.290,-44.541,6.262
2,-29.786,11.461,1.595
2,-41.323,21.360,1.812
4,40.203,1.387,-1.169
2,37.397,41.523,0.588
2,43.891,-45.714,-0.347
3,28.789,-7.985,-0.529
2,-27.510,34.881,2.424
2,-26.417,5.099,1.805
2,-48.532,11.140,3.143
2,-35.453,-25.668,5.820
2,13.924,-4.155,-0.296
2,0.532,-6.738,1.312
2,-20.154,-19.429,5.693
2,10.943,-4.500,0.224
4,26.983,-13.668,0.481
2,30.344,-45.499,1.458
2,-33.674,47.339,2.545
2,13.790,40.642,2.456
2,-8.222,47.020,2.343
2,3.718,7.745,1.154
2,-17.494,-21.013,5.476
2,-34.638,-47.449,3.850
3,-23.468,40.184,3.120
2,-13.381,41.523,3.316
2,41.170,-15.484,-2.218
2,-26.506,26.653,1.901
2,18.673,-45.264,3.735
4,28.263,-18.558,1.341
2,-13.445,37.977,2.936
4,-17.041,8.188,3.019
2,24.519,12.584,0.920
2,49.106,23.393,-1.402
7,17.445,96.862,1.573
2,15.665,44.612,2.192
4,21.008,-19.347,1.008
4,30.143,-16.882,1.256
2,23.535,-28.228,0.206
2,24.352,-27.806,-0.064
2,-35.138,-10.770,6.326
2,48.170,-7.999,-2.607
2,-39.684,-23.335,6.104
3,2.079,26.477,2.552
2,48.873,-34.998,-1.168
4,-42.809,25.273,2.965
4,-43.613,24.126,2.777
2,-38.173,-24.351,5.993
2,-34.198,-40.010,3.750
2,-39.487,-19.474,6.418
2,30.926,7.453,-0.048
2,-17.770,8.428,2.186
2,-24.365,-20.438,5.848
2,-39.904,-47.829,2.776
2,17.116,-5.653,-0.744
2,1.482,-38.128,4.223
2,-36.430,-47.075,3.251
2,19.437,-36.850,2.004
2,-1.559,49.820,0.530
2,16.806,23.108,1.131
2,36.682,-40.732,-0.886
2,22.978,-39.313,2.024
2,35.933,-25.082,-1.376
4,-25.689,-35.462,6.621
2,-10.505,-31.309,4.220
4,23.769,0.295,-0.872
2,22.892,48.081,1.979
4,-33.221,-11.188,7.292
2,-43.052,23.816,2.218
2,-11.333,-47.879,6.290
4,2.707,26.800,3.216
2,-4.544,30.491,3.384
2,-36.242,-10.152,6.229
2,46.289,-23.477,-1.842
2,-39.352,-28.410,5.451
3,39.828,1.091,-1.486
2,49.393,-45.946,-0.545
2,-43.456,-14.096,6.925
4,15.146,-20.533,2.571
3,28.961,-10.553,-0.553
2,-12.723,-25.033,5.465
2,27.815,-10.942,-0.745
2,-48.825,5.795,4.642
2,-27.420,-43.972,4.058
4,28.667,-18.400,1.144
2,-1.203,-28.492,3.153
7,12.167,-19.800,-9.913
2,39.968,-21.156,-1.158
2,-41.283,-31.243,4.983
2,2.930,-32.906,3.226
2,-5.677,40.613,2.759
2,-40.171,-34.292,4.551
3,28.265,-10.006,-0.506
2,-7.751,28.361,3.347
2,21.154,18.189,1.474
2,-11.659,36.395,2.986
2,-28.259,27.506,1.917
2,44.208,-28.744,-1.801
2,25.569,10.804,0.599
3,23.682,36.202,1.922
2,-35.740,-36.966,4.004
2,4.010,33.686,2.627
2,-2.183,-7.192,2.054
2,1.627,3.085,1.999
2,-14.597,21.379,2.674
2,11.362,-43.857,4.399
2,-38.881,-41.634,3.236
2,-20.863,28.166,2.779
2,-5.170,30.746,3.395
2,43.151,-24.925,-1.543
2,-44.645,20.942,2.146
2,-30.391,-27.646,5.543
2,-49.566,21.775,1.808
4,23.975,-26.199,0.728
2,-39.222,41.730,2.056
2,11.641,46.871,1.829
2,-4.578,29.601,3.558
2,-4.268,-49.368,6.036
4,-42.647,-11.974,7.461
3,38.779,-0.627,-1.671
2,3.359,46.899,0.878
2,-32.644,21.372,1.404
2,19.244,12.274,0.950
2,-31.424,-3.020,3.809
2,-30.996,29.755,2.297
2,-1.707,-9.253,2.312
2,-41.046,-40.433,3.122
2,-22.593,20.852,2.112
2,22.789,-17.196,0.355
2,-41.957,0.255,5.933
2,-38.321,33.522,1.894
2,-9.873,32.865,3.037
2,6.293,1.689,0.541
2,20.265,-42.157,2.923
2,36.597,24.046,1.504
2,-38.460,0.175,5.559
2,16.785,-39.807,3.160
2,-19.893,-20.574,5.752
4,-3.165,36.366,3.938
2,-41.239,-30.637,5.062
2,-34.879,-41.290,3.725
2,44.328,-31.708,-1.499
2,14.716,-7.698,-0.642
2,-30.140,-39.166,4.109
3,-31.728,-2.107,3.842
2,21.315,-33.564,1.208
2,27.399,-10.031,-0.766
2,-31.836,27.601,2.148
7,25.688,-40.355,-4.783
4,-5.072,35.619,4.103
2,26.417,39.372,1.122
2,20.574,38.230,2.392
2,45.425,-15.547,-2.566
4,-42.955,24.600,2.792
2,-46.708,12.416,3.139
2,-14.236,46.804,3.191
2,-11.077,-11.791,2.804
2,-23.802,15.433,1.978
2,46.641,34.538,0.872
2,-34.516,26.245,1.450
4,-6.043,41.123,3.180
2,-48.061,3.982,5.010
2,-5.896,-41.512,5.976
3,-16.788,4.820,2.961
4,-34.086,-4.106,5.883
2,-40.682,-7.900,6.185
2,39.921,-23.216,-1.311
4,25.025,-27.527,0.352
4,20.698,-18.400,1.995
2,8.096,15.715,0.530
2,-24.789,-48.313,4.171
4,-3.676,3.426,4.171
2,-27.556,-29.077,5.885
2,20.125,-32.442,1.514
2,28.496,-35.377,0.361
2,30.403,33.224,1.578
4,31.388,10.119,0.848
4,16.624,-30.587,3.148
2,-45.811,25.440,2.249
2,33.118,-5.175,-1.749
2,-32.302,4.238,3.078
2,16.915,-23.638,0.814
2,-33.774,-40.622,3.848
2,-43.675,10.875,3.168
3,27.732,-18.003,0.739
3,-33.330,-3.470,4.868
2,-42.827,9.632,3.033
2,23.095,6.897,0.531
2,2.592,-44.422,5.791
2,22.785,-10.184,-0.418
2,2.593,1.737,1.820
2,-46.694,38.987,2.331
4,25.233,35.899,2.007
2,7.245,3.853,0.466
2,-10.443,32.740,3.131
2,40.510,19.341,-0.198
2,-1.442,25.719,3.062
3,17.023,-30.190,2.011
2,-11.141,28.584,3.191
2,13.398,-45.067,4.330
2,-13.928,0.238,3.619
2,-9.966,-37.903,5.505
2,-15.444,39.760,2.840
2,35.116,7.069,-0.627
2,-7.529,42.836,2.446
2,-41.104,35.829,2.019
2,42.914,-21.191,-1.837
4,28.225,-18.395,1.529
2,-23.432,48.447,3.152
3,-35.679,-3.834,5.652
4,42.301,21.005,-0.074
2,-21.116,-26.876,6.245
3,-5.430,36.305,3.507
2,2.524,-10.929,1.006
2,28.418,-24.298,-0.188
2,-33.606,36.708,2.367
2,12.198,-35.649,3.777
2,28.604,-17.750,0.192
4,-25.836,-34.971,6.019
2,42.279,-44.614,-0.688
2,29.924,20.324,2.228
2,-36.846,-23.457,5.978
2,-38.857,-1.869,5.834
2,40.937,-42.369,-1.123
2,45.671,-16.807,-2.610
4,2.506,26.655,3.143
2,-28.474,45.670,2.929
2,-10.765,5.667,2.264
2,45.905,-45.242,-0.512
3,-16.759,5.732,3.030
4,-34.068,-12.248,7.323
2,39.551,22.237,0.330
2,-33.924,-5.008,4.932
2,-23.388,39.081,2.569
2,49.980,-46.114,-0.444
2,21.910,0.346,-1.055
2,9.340,18.677,0.628
2,-40.830,-27.613,5.592
2,-43.944,-6.057,6.517
4,2.752,37.057,3.366
2,2.113,36.251,2.678
2,-12.372,-44.924,5.973
2,46.901,-20.181,-2.230
2,45.457,-25.244,-1.576
2,-25.950,38.366,2.207
2,7.755,43.530,1.866
2,28.093,-13.524,-0.696
2,-45.767,-19.085,6.777
2,3.024,0.073,1.844
3,28.186,-13.140,-0.235
2,-5.933,0.035,3.271
4,3.020,-8.490,1.797
2,-38.391,47.139,2.518
2,14.041,31.077,2.421
2,22.957,3.102,-0.946
2,43.640,-11.383,-2.574
2,-44.088,20.808,2.140
2,37.071,5.007,-1.105
2,23.997,32.676,1.530
2,-33.246,-15.748,6.653
2,-49.935,38.449,2.176
2,14.653,-16.962,0.419
2,-14.679,-47.019,6.024
2,9.393,21.104,0.889
4,-33.651,-12.468,7.221
2,14.129,-44.469,4.119
4,18.800,-25.635,1.358
2,35.973,46.025,0.600
2,38.307,-27.398,-1.297
2,-12.617,-41.453,5.502
2,22.862,21.584,2.311
4,27.178,-17.037,1.119
2,32.200,-36.399,-0.088
2,24.125,-41.899,2.167
2,-4.962,23.503,3.061
2,2.286,-28.695,2.747
2,-7.453,-0.497,2.928
2,-3.532,-40.589,5.734
2,-4.756,-17.389,3.059
2,-47.754,-8.113,6.697
2,-2.385,6.189,2.247
2,48.440,-12.722,-2.251
2,34.333,-31.051,-0.969
2,-39.856,24.148,0.996
2,-45.696,-16.867,6.865
2,-49.790,-17.113,7.165
2,37.930,2.189,-1.604
2,38.446,1.713,-1.952
2,45.934,-4.366,-2.491
2,-4.164,34.963,3.301
4,32.666,14.963,1.911
2,5.447,33.826,2.376
2,27.327,-9.282,-0.771
2,-9.958,33.050,3.223
2,47.740,36.319,0.817
4,28.921,-16.795,1.560
2,-17.189,-16.648,4.555
2,-8.425,-37.989,5.509
4,1.857,-10.823,1.817
2,4.610,21.593,1.557
2,-40.285,3.584,4.799
3,-27.347,-0.273,2.385
4,2.096,26.582,3.071
4,28.424,-14.683,1.084
2,-23.513,45.851,3.225
2,-0.636,7.722,1.396
2,-25.817,-0.667,2.159
2,9.561,-20.209,1.396
2,32.583,-13.065,-1.619
2,-3.872,28.445,3.581
2,20.835,2.576,-0.727
2,25.460,13.645,0.910
4,25.823,-12.062,0.453
2,-18.325,-11.664,4.210
2,-34.144,-3.756,4.883
2,-11.411,1.460,3.393
2,-6.331,9.270,1.498
7,-44.300,34.318,-7.396
3,-6.241,39.739,3.490
7,43.220,3.640,-6.150
2,11.587,-7.339,0.278
2,48.927,29.971,0.198
2,13.317,29.005,1.982
2,-24.376,41.053,2.827
2,2.388,27.017,2.199
2,13.303,-6.217,-0.279
2,-41.055,-2.534,6.176
2,42.578,-46.462,-0.117
2,6.533,2.456,0.559
2,14.488,15.974,0.531
2,-48.243,6.643,4.424
2,5.855,36.197,2.389
4,3.214,36.012,3.397
2,31.599,-32.314,-0.165
2,46.748,-1.126,-2.927
2,42.088,20.670,-0.707
4,2.968,26.592,3.145
4,-5.189,36.084,4.330
3,-33.748,-4.386,5.232
3,-4.705,-16.393,3.183
2,47.516,12.638,-2.342
2,-21.613,11.976,2.173
2,49.997,-21.285,-2.700
2,40.993,-29.343,-1.086
2,-6.046,18.560,2.397
2,45.848,-22.367,-1.976
2,-22.050,-13.010,4.976
2,27.831,45.144,0.767
4,27.575,-18.235,1.199
2,-45.311,41.410,2.303
2,-4.947,-36.740,5.041
2,-3.024,30.031,3.409
2,-42.279,9.231,3.065
3,27.221,-11.877,0.133
2,-25.224,-22.870,6.190
2,-11.273,-46.218,6.011
4,-35.672,-2.389,5.549
2,31.149,21.491,1.984
2,-43.406,24.337,2.231
2,-10.538,33.487,3.182
4,-34.249,-3.979,5.889
2,19.074,-8.192,-1.125
2,7.575,39.574,1.994
2,-8.073,13.020,0.949
4,-5.040,36.440,3.886
2,18.976,39.955,2.558
2,-49.057,7.947,3.990
2,40.749,37.437,0.489
2,28.285,40.163,0.566
2,22.000,22.977,2.258
2,27.117,-0.604,-1.822
2,-8.106,-13.301,3.181
2,46.285,10.555,-2.340
2,-15.392,-41.664,5.067
2,28.514,27.417,2.172
3,-4.400,-15.570,3.056
2,-10.612,24.079,3.143
3,28.770,-9.311,-0.480
2,-10.311,33.473,3.007
2,0.958,18.827,2.296
4,29.338,-17.240,1.077
2,43.495,37.419,0.312
2,36.458,0.995,-1.860
2,33.383,-48.733,1.173
2,-0.659,-19.138,2.275
3,-21.792,28.103,2.695
2,-25.421,30.302,2.277
2,10.345,2.125,-0.003
2,-2.601,-37.916,4.800
2,5.044,0.272,1.235
2,-39.542,9.348,3.017
2,-34.109,-49.852,3.683
2,-35.086,-0.418,4.689
2,-33.761,33.671,2.111
2,-8.239,46.435,2.346
2,28.986,-0.145,-1.690
2,-48.056,-8.744,6.756
2,39.506,23.124,0.525
3,-41.978,25.833,2.249
2,-40.154,-7.392,5.978
2,-21.286,-37.021,5.052
2,28.248,24.501,2.770
2,-4.728,-28.817,3.891
2,22.498,6.660,0.490
2,-5.538,39.399,2.743
4,23.996,-0.452,-0.868
2,49.868,-15.615,-2.179
2,-45.754,29.622,2.400
2,-27.044,27.053,2.166
2,0.336,1.741,2.569
2,1.822,32.125,2.724
2,-23.822,-42.200,4.249
2,12.655,19.299,0.644
2,-3.204,-47.774,5.892
2,21.486,9.611,0.702
3,-5.369,-15.102,3.242
2,24.740,13.957,1.046
2,-24.547,-24.474,6.534
2,30.318,16.867,1.312
2,-45.134,23.116,2.148
2,-38.002,-34.316,4.617
2,-23.129,-0.376,2.032
2,-20.887,-3.104,3.392
2,-15.252,1.370,3.517
2,42.921,38.704,0.536
2,10.124,45.385,1.964
2,25.088,-4.066,-0.894
2,-11.729,-27.994,4.526
2,21.710,4.918,0.017
4,-43.833,24.066,2.725
2,-28.405,26.334,2.081
2,25.897,0.255,-1.982
2,-1.433,-40.153,4.996
2,39.927,-26.821,-1.321
3,-44.151,26.137,2.675
2,46.605,-28.508,-1.789
2,27.203,-8.631,-0.517
4,-42.608,26.564,3.011
2,-44.553,-22.620,6.385
3,24.436,36.606,1.915
2,-16.533,4.446,2.773
2,13.834,27.755,1.659
2,-21.874,1.990,2.237
2,-44.012,-40.859,2.959
2,24.830,30.660,1.689
2,33.005,44.175,0.386
2,-48.225,-45.479,1.731
2,-10.516,32.939,3.035
3,24.628,-27.331,0.239
3,27.536,-16.633,0.507
2,26.974,22.912,2.794
2,41.048,-25.089,-1.458
2,-41.813,16.658,1.821
2,-20.127,-29.243,5.956
2,-37.363,-43.266,3.293
4,27.060,-17.841,1.373
4,0.917,-10.230,2.800
4,27.263,-17.045,1.446
2,-34.323,-19.079,6.675
2,31.674,-16.665,-0.612
2,-22.810,-37.903,4.744
3,42.325,21.702,-0.270
3,18.726,-20.577,0.385
2,-47.126,37.492,2.053
4,23.873,-27.103,0.927
2,20.973,-10.752,-0.763
2,-26.263,-9.294,4.896
2,-0.082,-10.254,1.894
2,42.438,16.286,-1.146
2,-21.576,-45.375,4.502
2,-24.219,1.334,2.022
2,-15.584,-20.653,5.215
2,32.425,27.080,2.094
2,-39.378,-37.928,3.336
2,40.960,21.477,-0.291
2,40.581,-24.730,-1.404
7,28.083,-47.167,-6.595
2,-15.568,0.883,3.380
2,13.572,19.923,0.693
2,-22.281,35.525,2.837
4,20.132,-23.585,1.594
2,-14.691,-48.049,6.112
2,19.431,-7.498,-1.112
2,-23.739,-20.900,5.809
3,29.608,-9.273,-0.758
2,3.272,-4.772,1.138
3,-4.946,36.665,3.529
2,-48.486,19.524,2.150
2,-32.538,34.139,2.190
2,-5.325,29.506,3.375
2,5.719,-2.027,1.183
2,48.147,-48.608,0.337
2,2.669,26.135,2.325
2,-36.581,46.830,2.452
4,-34.705,-2.706,5.934
4,26.252,15.652,1.612
2,-23.012,33.076,2.756
2,26.596,-7.941,-0.535
2,2.710,9.543,0.979
2,-2.561,13.283,1.429
2,-24.002,-32.123,5.754
2,-48.720,36.478,2.018
2,-27.546,-8.868,4.967
3,41.557,21.476,0.005
2,36.108,-12.632,-2.023
2,32.134,-25.981,-0.764
4,-42.679,-10.100,7.970
3,29.244,-8.030,-0.552
2,-3.684,28.942,3.513
2,16.026,-46.391,4.130
2,-45.410,17.438,2.066
2,-24.983,1.710,1.844
2,24.376,-27.473,0.023
2,-20.929,-29.948,6.039
2,22.507,38.452,1.881
2,22.672,-5.644,-1.123
2,48.408,46.727,0.833
2,27.555,-17.003,0.096
2,10.971,-34.394,3.901
2,13.183,7.818,0.597
2,-17.733,-46.462,5.590
2,-40.779,10.942,2.634
2,-31.952,-0.191,3.562
2,22.303,12.635,1.084
2,6.190,-14.777,0.990
2,2.779,46.148,0.860
4,-34.299,-4.058,5.373
2,9.102,34.526,2.206
2,5.079,2.238,1.077
2,34.084,-32.307,-0.747
2,-31.057,27.068,2.099
2,2.319,-21.623,2.263
3,2.756,36.931,3.111
2,17.654,1.770,-0.666
2,-2.720,3.554,2.527
4,3.591,26.107,3.101
2,24.332,36.030,1.609
2,-34.978,-18.696,6.669
2,15.475,-16.781,0.224
2,-41.119,14.198,1.845
2,-12.930,-7.135,2.595
4,28.118,9.583,1.411
2,42.555,-36.093,-1.538
3,-42.642,19.866,2.327
2,40.154,-40.585,-1.311
2,1.509,43.133,1.275
2,47.782,-32.094,-1.735
4,-34.272,-40.193,4.318
2,-37.695,22.860,0.956
2,-29.494,46.178,2.914
3,-24.285,39.833,3.045
2,30.195,43.959,0.397
3,25.955,-13.733,0.420
2,-37.410,-43.804,3.027
4,18.863,-22.352,1.581
2,-5.732,-16.683,3.308
2,-16.368,3.721,2.730
4,28.850,-14.995,1.071
2,49.025,21.303,-1.641
2,9.214,17.518,0.654
2,-1.163,-42.705,5.644
2,-14.842,4.394,2.730
4,16.621,-31.313,2.881
4,18.971,-23.817,1.623
2,4.270,-13.655,1.073
3,-4.524,-14.216,3.306
4,28.105,-11.793,0.393
4,-33.696,-4.136,5.515
4,-43.919,24.434,3.049
2,38.186,-17.523,-1.029
2,10.763,16.198,0.560
2,45.221,2.251,-2.771
2,17.366,-40.195,3.051
2,28.435,32.370,1.350
2,-35.898,-14.345,6.655
2,41.140,-45.210,-0.586
2,-9.563,19.957,2.669
2,-23.392,2.365,1.883
2,-33.500,48.997,2.893
4,-42.847,-9.676,7.709
2,23.183,8.193,0.595
2,-15.980,44.118,3.376
2,29.556,-4.811,-1.460
3,3.072,26.034,2.229
2,-11.533,-32.552,4.549
2,24.112,49.082,2.016
2,22.290,7.572,0.504
2,-42.162,-21.005,6.559
2,-0.366,-42.627,5.561
2,39.259,5.932,-1.680
2,-48.224,-28.165,5.524
2,-38.524,25.211,0.814
2,-9.800,-44.956,6.305
4,-11.669,-42.121,7.935
2,1.044,-46.548,6.079
2,-24.909,-45.478,4.290
2,-15.766,-25.594,5.901
2,-28.821,28.230,1.896
2,-19.709,-27.442,6.191
2,33.392,41.052,0.585
3,29.375,-16.328,0.096
2,-14.092,41.247,3.284
2,-10.017,-6.639,2.229
3,-43.019,10.614,3.162
2,-24.913,1.665,1.841
2,-36.201,46.175,2.284
2,30.008,-14.643,-0.974
2,-33.171,-12.618,6.530
2,-22.948,45.200,3.096
2,-7.688,32.085,2.953
2,31.123,9.311,0.103
2,-18.000,-15.419,4.382
2,-20.494,17.121,1.966
3,42.063,21.470,-0.306
2,-20.813,3.964,2.176
2,-24.608,39.856,2.490
2,20.099,-9.882,-0.846
3,-3.066,4.126,2.945
3,2.327,37.434,3.000
2,-33.694,-38.380,3.917
2,-36.869,-39.898,3.647
2,45.535,30.603,0.318
2,-16.517,19.633,2.337
2,9.997,-18.845,1.510
2,-22.193,5.432,1.826
2,-4.317,21.979,2.634
2,28.026,-49.161,2.749
2,19.654,24.448,1.952
2,-37.118,40.268,1.793
2,24.126,-7.560,-0.484
2,-46.530,-36.305,3.657
2,47.671,-40.610,-1.350
2,-27.170,24.743,1.524
2,-15.784,5.752,2.739
3,22.829,-0.040,-0.736
3,2.864,25.917,2.567
2,39.366,29.457,1.174
4,-34.915,-2.355,5.994
2,-28.674,-48.637,3.911
2,32.968,22.110,1.794
7,-20.003,-43.814,-9.771
2,-28.652,-20.997,6.232
2,-36.981,-42.880,3.452
2,-2.159,-18.955,2.658
2,-27.600,26.105,2.102
2,4.854,-19.024,1.932
3,-42.447,10.075,2.985
2,4.277,-48.675,5.653
2,3.021,36.468,2.576
2,41.048,23.357,0.099
2,-7.499,38.928,2.959
2,-49.905,-42.149,1.851
2,-21.046,41.142,3.020
2,49.829,-34.070,-1.332
2,49.832,-49.046,0.498
2,-19.599,21.181,2.461
2,38.105,-48.310,0.079
2,-3.102,30.643,3.198
2,27.368,-10.000,-0.552
2,40.299,-29.198,-1.040
2,-40.907,-21.934,6.341
2,22.479,0.120,-0.765
2,-30.160,-1.748,3.315
2,27.468,-10.933,-0.569
2,35.471,-12.972,-1.894
2,-0.930,14.444,1.297
2,-2.435,-34.613,3.941
2,-49.270,-10.175,6.713
2,25.458,-8.679,-0.192
2,-11.129,-14.989,3.395
2,-42.413,39.934,2.095
2,3.956,8.970,0.911
2,40.277,-49.331,0.566
2,-48.952,-44.239,1.834
7,-23.039,79.110,-1.621
3,-24.317,39.014,3.153
3,39.882,0.481,-1.706
2,40.052,-11.605,-2.556
2,37.510,-44.938,-0.513
4,24.042,-28.030,0.685
2,-39.128,-29.015,5.309
2,38.313,48.758,0.041
2,-33.962,-11.424,6.636
4,18.463,-21.510,2.178
2,34.549,48.676,0.331
4,-4.793,39.985,3.322
2,-29.979,25.678,1.852
2,39.684,-38.737,-1.167
2,-3.413,9.101,1.643
4,2.347,-8.137,2.753
2,-5.629,29.605,3.445
2,-23.829,-24.531,6.489
2,-7.087,15.066,1.448
2,-37.262,-47.738,3.261
2,43.916,-25.897,-1.378
4,28.946,9.339,0.752
2,-34.078,-6.887,5.456
2,-1.208,1.435,2.667
2,-43.301,-11.146,6.993
2,-28.827,-34.767,5.109
4,3.457,26.272,2.828
2,47.086,-28.972,-1.785
2,15.649,28.372,1.757
4,24.085,-26.021,0.689
2,-1.942,34.525,3.303
4,27.360,-17.148,1.153
4,-6.280,34.649,4.251
2,30.662,-25.572,-0.606
2,-1.808,-27.834,3.307
2,-3.682,36.785,3.160
4,20.618,-23.755,1.273
2,-42.800,13.052,2.133
2,49.801,-18.127,-2.569
2,7.878,10.877,0.376
2,-39.594,-16.803,6.790
2,-42.208,43.663,2.336
2,-29.854,-42.446,4.026
2,-11.879,-44.296,6.120
2,-11.852,1.079,3.326
2,-12.500,5.361,2.534
2,4.620,43.298,1.648
2,-3.610,28.869,3.589
2,-6.733,11.222,1.305
2,-24.461,-3.884,3.376
2,37.945,12.428,-0.787
2,3.855,36.226,2.580
2,-34.625,-4.673,4.865
4,-32.990,-3.659,5.900
2,-39.425,-0.721,5.900
2,8.519,-41.707,4.552
2,-10.736,6.215,2.037
2,-15.054,1.565,3.442
2,-13.872,43.025,3.565
4,29.995,-11.166,-0.505
2,4.242,7.415,1.081
2,21.251,-34.121,1.233
2,25.729,26.258,2.398
2,-14.441,48.250,3.086
2,-43.813,-23.569,6.308
3,28.750,-16.170,0.097
2,-3.443,28.416,3.580
2,16.081,26.232,1.248
2,-16.235,27.570,2.851
4,25.322,35.402,1.960
2,-15.993,-28.499,5.406
2,1.106,-5.283,1.268
2,37.556,15.927,-0.328
2,-40.935,22.005,1.698
2,-16.216,46.278,3.201
3,41.272,21.350,0.148
3,26.831,-17.263,0.602
2,-28.596,7.567,1.655
2,-42.316,9.752,2.969
2,-31.531,17.480,1.196
2,-4.772,39.242,2.868
3,40.436,22.354,0.035
2,-42.580,-35.004,3.863
2,-42.756,-47.102,2.657
2,-9.849,44.471,3.051
2,35.936,-31.472,-1.214
2,16.046,-41.672,3.580
2,7.292,-39.025,4.766
4,29.207,9.484,1.572
2,-40.489,-24.353,5.862
2,-22.120,6.954,1.711
2,-3.779,-16.460,2.762
2,28.674,-9.346,-0.774
2,33.400,17.390,0.942
2,10.945,-45.166,4.612
2,-10.472,-42.776,6.287
2,-31.268,20.301,1.450
2,-25.004,-40.395,4.176
2,-47.741,-44.753,1.950
2,14.943,-38.868,3.611
2,46.695,49.063,0.767
2,8.175,33.578,2.351
2,-16.920,35.182,2.801
2,35.124,26.598,1.677
2,-29.007,44.708,2.814
2,9.803,34.458,2.327
2,22.598,18.087,1.583
2,-24.822,-44.460,4.221
2,30.430,-7.712,-1.456
2,2.931,36.728,2.563
2,5.380,-7.834,0.639
2,-27.415,26.259,2.191
2,-17.528,48.031,3.152
2,21.742,-31.549,1.019
2,40.438,22.980,0.060
2,28.005,-29.540,-0.387
2,24.219,-4.719,-0.882
4,-42.397,26.382,2.706
2,43.808,-39.393,-1.719
2,-45.069,-42.735,2.821
2,-13.422,-6.577,2.725
2,7.437,-33.958,4.064
2,33.208,12.782,-0.146
2,-8.833,-15.126,3.259
2,-8.944,30.959,2.939
2,-11.166,-15.558,3.607
3,41.858,22.041,-0.021
2,-28.899,42.696,2.360
2,40.162,41.189,0.508
2,28.380,-11.046,-0.730
4,2.414,35.864,3.289
2,35.169,10.249,-0.282
2,-35.039,5.831,2.826
3,15.545,-19.316,1.107
2,46.752,-25.274,-1.782
2,-3.790,-48.991,5.946
2,19.330,8.173,0.489
4,27.511,-17.119,1.400
2,-5.814,-30.379,4.112
2,3.418,-3.084,1.309
2,36.438,41.333,0.718
2,38.764,42.512,0.554
2,34.850,28.199,1.603
4,-25.625,-35.596,5.788
2,30.032,-31.346,-0.191
2,24.942,-14.288,0.085
2,3.044,13.025,0.886
2,21.266,-4.584,-1.216
4,2.452,26.663,2.945
4,10.840,-38.575,6.403
2,19.323,34.292,2.202
2,6.404,25.427,1.128
2,-10.973,-42.464,6.120
2,-23.112,38.572,2.596
4,-19.249,30.807,4.471
2,-35.764,31.718,1.910
2,38.205,12.960,-0.753
3,-4.866,35.603,3.621
2,-28.830,26.382,1.899
2,-4.060,-19.385,3.140
2,-6.841,-14.500,3.202
4,-43.378,24.481,2.949
2,32.503,39.826,0.581
2,-28.927,26.288,2.159
2,28.428,42.734,0.477
2,47.671,-7.415,-2.577
3,-3.914,36.641,3.409
2,22.818,-44.126,2.898
2,-28.772,21.693,1.421
2,-8.941,-46.272,6.278
4,23.944,-26.292,0.680
2,-34.831,18.893,1.160
2,-5.286,-36.218,4.876
2,-15.166,-4.712,3.552
2,1.999,23.426,2.485
2,28.314,-6.441,-0.840
2,-14.926,-0.287,3.409
2,-12.074,-32.436,4.611
2,47.141,-41.207,-1.284
4,-5.273,40.102,3.390
2,-32.825,-16.686,6.620
2,17.024,41.736,2.221
2,8.367,-2.377,0.618
2,-29.241,18.411,1.389
2,46.535,-26.922,-1.700
2,47.799,-31.224,-1.835
2,4.914,23.628,1.521
2,4.263,-9.502,0.668
2,34.223,47.222,0.462
3,-35.517,-3.107,5.310
2,23.774,-25.438,-0.040
2,-26.664,-0.199,2.012
2,-43.723,-31.669,4.964
3,29.500,-8.120,-0.774
2,37.547,30.681,1.741
2,-30.262,-14.994,6.041
4,20.452,-23.190,1.286
4,-34.539,-3.066,5.482
2,-25.273,0.858,2.021
2,-20.726,1.530,2.674
2,-46.475,-12.194,6.887
4,29.379,-16.804,0.924
2,-45.951,-2.705,6.373
2,1.390,49.759,0.307
2,22.436,-27.206,0.575
2,13.152,8.695,0.605
2,33.743,43.017,0.635
2,20.628,13.017,1.085
2,0.641,-17.463,2.191
2,38.639,41.119,0.556
2,6.920,-8.159,0.484
2,-41.032,-42.477,2.913
2,-35.501,-18.371,6.672
2,-30.331,-23.637,6.156
2,-12.243,36.893,3.086
2,-26.271,22.378,1.516
3,25.031,33.744,1.498
2,26.316,4.923,-0.355
2,-15.143,-34.553,4.816
2,-16.996,13.253,1.460
2,10.841,3.090,0.133
4,-4.805,35.619,4.034
2,-14.660,-9.589,3.328
2,4.487,-43.449,5.353
2,-12.724,2.094,3.365
2,14.897,38.756,2.562
2,-20.919,-48.294,4.926
2,4.247,5.465,1.019
2,-26.930,-19.235,6.162
3,-4.598,-16.981,3.277
2,47.413,42.853,0.641
3,-16.889,4.815,2.898
2,-22.527,8.133,1.812
4,2.932,26.110,3.196
4,23.685,-26.939,0.679
2,26.565,16.051,0.902
2,27.643,-43.327,1.616
2,37.401,-8.164,-2.122
2,-24.320,39.781,2.565
2,19.433,48.906,2.055
2,-6.186,12.766,1.124
2,9.638,-24.616,1.275
2,15.368,42.271,2.457
2,10.343,13.285,0.653
2,0.013,30.308,2.739
2,-9.140,-25.037,4.695
4,-34.077,-4.773,5.823
2,26.812,-12.831,-0.200
2,-38.313,-17.926,6.746
2,21.956,5.949,0.422
2,-0.898,33.351,3.028
2,34.041,4.589,-0.776
2,-17.207,-12.071,3.836
3,-15.629,4.178,2.980
7,5.808,45.072,-9.247
2,40.892,46.575,0.746
2,-49.250,-19.933,7.063
2,34.628,3.443,-1.093
2,-12.853,43.351,3.625
2,-6.898,27.797,3.596
2,0.831,49.872,0.152
2,-28.862,17.977,1.364
2,12.896,-48.378,4.909
2,-46.009,-4.804,6.428
2,-43.982,10.312,2.841
4,2.879,27.008,3.147
2,49.500,45.921,0.954
4,-9.887,-15.448,4.107
2,-22.858,-8.467,4.463
4,-33.883,-40.702,4.958
2,10.139,-45.939,4.801
2,-41.666,-39.426,3.396
2,4.383,-24.483,1.722
2,14.874,-30.402,2.180
2,30.327,-2.871,-1.477
2,-32.727,-26.615,5.734
3,24.666,35.545,1.912
2,3.022,26.118,2.168
2,35.065,35.168,0.699
2,-28.415,-15.565,5.793
3,-43.022,10.639,3.224
2,-6.188,-40.297,6.020
3,-16.006,-19.723,5.425
2,-32.050,11.849,1.393
2,-5.472,-16.313,3.104
2,-22.090,-45.671,4.516
2,47.339,48.376,0.808
2,27.558,-22.690,0.372
2,-3.458,-32.229,3.746
4,25.990,-17.600,1.439
2,-4.195,0.991,3.113
3,-42.460,9.977,3.266
2,-49.191,-19.122,7.084
2,41.285,12.461,-1.173
2,18.308,46.156,1.737
2,29.327,31.714,1.541
2,-32.584,-36.409,4.350
2,-43.052,-46.139,2.653
3,-23.252,40.183,2.872
2,-36.356,-46.516,3.210
2,-13.103,3.243,3.430
2,16.866,-29.325,1.489
2,-39.398,-38.814,3.360
2,38.172,-0.204,-2.149
2,11.839,-30.600,2.647
3,-10.405,33.643,3.439
2,-4.185,30.730,3.431
2,-44.307,-31.446,5.148
2,-9.035,-21.901,4.463
2,-15.915,-8.388,3.601
2,1.083,13.980,1.124
2,-10.637,46.950,2.971
2,-25.471,6.614,1.494
2,18.901,38.040,2.651
2,18.171,-26.453,1.025
4,-5.110,41.057,3.389
2,8.669,25.000,1.169
2,-28.817,36.410,2.206
2,-43.087,9.882,2.891
2,-4.567,37.447,3.018
2,35.225,44.501,0.520
2,-40.828,-28.436,5.522
2,23.135,4.980,-0.143
2,-6.171,-40.997,6.059
3,-35.525,-3.748,5.840
3,-16.239,-19.908,5.664
2,-30.463,37.993,2.180
2,-2.700,26.078,3.115
2,10.017,-30.018,2.504
2,-47.001,-8.996,6.658
2,34.848,32.368,1.463
2,46.757,32.699,0.497
2,10.519,46.402,1.828
3,-4.175,-14.256,3.308
4,-15.974,-19.140,5.762
2,-16.317,-28.021,5.547
2,39.225,-46.566,-0.146
2,-0.168,-33.455,3.771
2,43.914,-45.037,-0.529
2,-6.610,-14.130,3.269
2,-14.701,4.027,2.903
2,-37.923,43.750,2.025
2,-16.555,-47.848,5.960
4,24.727,35.686,2.101
2,27.482,-3.875,-1.164
2,25.782,-7.188,-0.359
2,39.485,-19.691,-1.171
2,-45.122,-27.134,5.725
2,36.133,-43.000,-0.720
2,2.875,33.757,2.807
2,19.316,13.594,0.957
2,7.603,-22.306,1.548
2,-46.916,-8.264,6.582
2,-2.798,-40.590,5.541
2,24.147,33.512,1.521
2,-49.959,7.678,4.158
4,23.125,-1.087,-0.566
3,-34.633,-12.069,6.974
2,32.811,9.151,0.020
2,-5.938,39.443,3.246
2,-48.328,26.076,1.947
2,-47.031,33.989,2.465
2,-39.645,-16.126,6.802
2,17.265,-11.823,-0.888
2,47.280,-46.247,-0.353
2,-26.802,-3.193,3.393
2,-12.976,12.206,1.139
2,9.531,-17.176,1.474
2,-35.306,-31.911,4.782
2,6.113,-0.685,0.999
2,-37.617,-17.703,6.813
2,48.903,-17.373,-2.499
2,-8.167,24.307,3.396
2,9.277,-25.882,1.334
2,38.173,-24.436,-1.477
2,-49.294,44.755,2.337
2,-31.086,-9.337,5.809
4,29.324,-8.421,-0.417
2,0.408,-13.838,1.848
4,25.086,-27.384,0.373
2,3.561,24.431,2.015
2,45.787,-47.024,-0.088
2,-29.098,21.170,1.464
2,-12.953,2.900,3.242
2,-23.576,0.057,1.787
2,46.888,1.220,-3.021
2,24.398,-24.230,0.023
2,27.309,-17.255,0.093
2,20.955,-16.856,0.148
2,31.633,-44.512,0.726
2,-43.910,-10.845,6.641
2,7.182,37.580,2.165
2,26.473,-17.221,0.258
2,-24.426,8.577,1.849
4,26.168,-12.546,0.703
2,-0.597,-7.820,1.702
2,23.743,-19.835,0.612
2,23.018,-47.679,3.958
4,-33.221,-39.366,4.475
2,41.980,22.821,-0.281
2,-11.305,47.896,2.972
4,-33.389,-4.155,5.534
3,-43.031,18.898,2.484
2,30.398,39.838,0.404
4,-35.938,-3.079,5.610
2,-48.735,-17.145,6.978
2,-39.267,4.378,4.411
2,35.447,-27.449,-1.253
2,20.062,23.635,2.034
2,8.965,30.060,1.881
2,39.341,41.450,0.492
7,113.795,155.200,-97.546
2,37.541,-47.425,-0.037
2,-4.571,14.349,1.386
2,-9.780,15.868,1.879
2,26.888,8.444,0.041
2,-25.563,-35.964,4.974
2,-47.230,47.077,2.304
4,24.532,-27.095,0.571
2,-16.460,32.904,2.991
3,-17.442,4.404,2.727
2,6.659,40.474,1.965
2,2.700,-16.933,1.829
2,-26.924,43.721,2.591
2,-27.165,25.054,1.959
2,6.547,-15.740,1.416
2,-25.222,-9.743,4.648
2,-0.512,6.075,1.627
2,38.222,-0.755,-2.082
4,23.080,-0.041,-0.884
2,-27.799,-0.835,2.731
2,-18.122,-14.441,4.227
2,-17.822,49.551,2.971
2,10.492,4.322,0.317
4,18.842,-25.013,1.330
2,-42.130,-49.261,2.554
2,39.203,-37.586,-1.140
3,-44.155,26.799,2.552
2,30.760,-28.345,-0.287
2,40.801,4.186,-1.893
3,-16.077,-20.091,5.589
2,-10.807,1.846,3.408
2,48.194,14.366,-2.552
4,28.234,-14.191,0.573
2,-43.892,-29.341,5.347
2,-40.485,-26.861,5.647
2,27.847,16.745,1.204
4,-42.067,-11.300,7.731
2,-33.765,-39.434,3.827
2,-33.660,4.412,3.309
2,-49.108,43.455,2.322
2,26.401,34.177,1.433
2,-11.369,33.960,2.963
4,-3.812,35.880,4.123
2,-36.575,-4.646,5.645
2,10.888,-36.454,4.230
2,2.667,34.678,2.870
2,-10.670,12.515,1.009
2,46.831,49.904,0.721
2,38.744,11.690,-0.841
2,38.025,9.243,-0.709
2,-1.596,-18.632,2.476
3,28.816,-10.326,-0.584
2,27.015,49.767,1.470
2,8.327,-38.852,4.646
4,3.729,26.167,3.166
2,-36.493,-17.149,6.758
2,-44.511,-17.773,6.790
2,29.922,22.049,2.240
2,-1.572,49.129,0.588
1,48.259,-30.040,-2.016
2,-8.927,20.006,2.670
3,41.591,22.653,0.023
2,27.305,-21.728,0.545
2,28.981,-7.979,-0.694
2,-49.999,22.790,1.736
2,17.473,-20.213,0.434
2,35.817,-39.279,-0.828
2,-11.031,26.358,3.063
2,-2.870,22.472,2.667
2,37.635,23.893,1.236
2,13.089,37.891,2.797
2,14.827,-2.267,-0.281
2,-49.985,24.949,1.475
2,-15.951,-13.155,3.671
2,-42.257,-10.513,6.706
2,-16.726,-20.345,5.182
4,-5.442,40.143,3.387
2,48.261,22.431,-1.316
2,-29.614,26.384,1.966
2,45.035,-18.884,-2.469
2,44.107,-47.533,0.122
2,-23.246,-4.924,3.680
2,36.819,-48.355,0.150
4,19.703,-22.516,1.419
3,49.726,36.701,1.477
2,0.565,-34.555,3.842
2,24.320,-39.865,1.850
2,-9.375,-23.037,4.737
2,-35.539,6.492,2.771
2,24.424,-26.577,-0.063
2,42.220,18.263,-0.906
2,-15.895,-23.845,5.669
2,-28.724,15.920,1.702
2,-22.079,20.482,2.075
2,14.543,-15.708,0.131
2,-23.611,26.996,2.267
2,-20.712,22.187,2.486
4,-4.183,39.975,3.475
2,-42.309,46.219,2.465
2,18.978,25.457,1.742
2,-37.820,-4.929,5.519
2,-27.302,25.834,2.014
2,-0.815,25.198,3.124
2,-40.135,43.383,1.999
2,5.404,31.348,2.306
2,-31.178,37.233,2.178
2,49.641,-37.454,-0.929
2,-31.901,34.166,2.374
2,-16.714,9.992,2.139
2,34.838,-12.711,-1.694
2,-16.427,-6.503,3.781
2,-24.006,-17.478,5.519
2,-19.151,20.001,2.403
2,2.670,26.568,2.466
3,-3.990,-14.408,3.235
3,6.133,-41.827,4.980
2,-30.526,36.501,2.197
2,-26.217,-37.262,4.718
2,14.221,-42.748,3.992
4,16.474,-19.103,1.436
2,22.722,-1.261,-1.526
2,-49.730,-40.507,2.254
2,13.226,19.394,0.617
2,3.004,17.895,1.913
2,-10.015,-9.668,2.423
2,-6.483,-14.403,3.133
2,3.088,38.035,2.476
2,-23.679,19.505,1.940
2,15.389,37.881,2.620
2,-17.420,-2.415,3.561
2,2.090,4.498,1.625
2,21.115,-12.310,-0.575
2,-49.075,37.051,1.967
4,-16.529,-19.558,5.671
2,0.317,37.052,2.961
2,0.846,-27.728,2.855
2,-47.043,35.308,2.230
2,-6.322,-33.139,4.167
2,-11.834,-17.123,3.995
3,-3.700,40.804,3.176
2,-13.594,-13.645,3.214
2,-30.199,-2.600,3.538
2,-21.452,0.322,2.497
2,35.993,-38.119,-0.690
2,38.844,16.500,-0.187
2,35.467,-29.637,-1.092
2,-33.437,40.432,2.181
3,28.737,-16.510,0.145
3,-10.028,32.820,3.368
2,43.691,-30.818,-1.541
2,15.343,-20.045,0.845
2,-2.516,-3.932,1.835
2,47.687,-13.888,-2.349
2,-21.449,36.288,2.817
2,-47.689,-3.313,6.407
2,15.434,49.259,1.854
4,24.802,-26.432,0.573
2,15.617,4.752,0.486
2,42.901,18.474,-1.115
2,-13.742,47.168,3.135
2,-34.521,5.689,2.800
2,-28.616,16.600,1.668
2,5.225,16.922,1.039
2,-24.999,47.291,3.303
2,9.000,39.181,2.065
2,-29.655,39.876,2.279
2,32.263,7.064,-0.179
2,-38.143,-14.775,6.758
2,15.122,-36.209,3.097
2,19.794,40.903,2.269
2,41.414,-19.592,-1.756
2,-41.579,-47.795,2.682
4,16.867,-31.343,2.768
2,-48.767,17.718,2.437
2,-6.334,19.174,2.495
2,36.500,-33.757,-0.950
4,0.877,-10.157,2.102
2,-44.040,-47.896,2.390
2,3.263,11.796,0.810
4,23.890,-27.894,0.853
2,20.344,-17.289,0.103
4,-42.204,25.283,2.973
2,8.925,-49.311,5.515
2,-33.863,-40.275,3.728
4,-42.690,-11.455,7.797
2,-8.129,-36.884,5.212
2,43.431,-16.544,-2.500
4,29.752,-17.168,1.027
4,2.778,25.905,3.185
2,42.757,-0.335,-2.075
2,5.028,-22.037,1.716
3,-34.040,-4.184,5.341
2,-10.650,32.703,2.967
2,-6.755,-14.761,3.299
4,-3.850,4.939,3.481
2,44.049,41.311,0.636
2,-17.136,21.860,2.634
2,16.972,42.894,2.180
2,-49.022,20.060,2.106
2,3.684,-37.656,4.299
2,-24.123,22.879,2.062
2,-45.857,41.519,2.329
2,35.863,-9.161,-2.287
2,33.484,37.088,0.887
2,-49.961,8.591,3.708
2,-49.941,33.900,2.636
4,-24.292,40.805,3.219
2,28.920,7.362,0.049
2,11.005,40.699,2.387
2,35.682,-11.681,-2.110
2,-26.480,0.257,1.948
4,33.050,13.946,0.786
2,-13.331,10.903,1.478
2,-34.948,-49.930,3.650
2,-6.491,-16.984,3.028
2,-37.002,-30.041,5.066
2,22.389,41.067,2.013
2,-19.062,36.157,2.826
2,-16.808,-4.356,3.701
3,-16.832,6.712,2.725
2,-17.339,-40.831,4.820
2,-34.511,10.141,2.153
2,49.830,-17.108,-2.462
2,37.037,-17.264,-0.973
4,24.917,35.815,2.141
2,-8.852,-38.934,5.774
2,36.271,39.771,0.421
2,-5.690,36.364,3.113
2,42.393,-32.932,-1.327
2,13.639,23.010,0.971
2,-44.776,18.168,2.121
2,-10.578,39.286,2.968
2,43.111,-42.622,-1.137
2,18.364,8.697,0.456
2,-32.847,2.900,3.264
2,-32.666,-11.131,6.568
2,-20.044,34.384,2.938
2,-41.581,18.422,2.074
2,-45.621,30.893,2.569
2,-30.830,-33.948,4.824
2,41.873,30.616,0.550
4,-25.088,38.949,3.182
2,1.001,11.457,1.036
2,-49.066,-28.411,5.532
3,24.872,36.472,1.976
2,9.948,0.645,-0.016
2,46.067,20.767,-1.494
2,-0.887,-3.110,1.839
2,-44.976,-47.171,2.205
3,-4.463,-15.564,3.016
2,-27.260,40.404,2.225
2,-27.300,26.864,2.192
2,19.885,48.529,1.944
2,-30.829,-0.551,3.209
2,-49.466,49.052,1.539
2,9.115,37.788,2.132
2,39.152,40.346,0.428
4,-34.438,-11.104,7.225
2,-2.013,-47.085,5.841
2,-29.564,-5.500,4.448
2,-5.870,41.238,2.514
2,25.099,39.846,1.613
2,22.528,40.534,2.031
2,48.820,-42.931,-1.145
2,4.596,-15.933,1.534
2,14.558,-0.867,-0.357
2,-26.167,0.746,1.854
4,29.315,-9.187,-0.435
2,-37.953,28.874,1.503
4,-5.238,36.240,3.821
2,47.327,-21.619,-2.246
2,-23.783,35.228,2.400
2,0.632,-24.465,2.311
4,28.797,-17.438,1.303
2,-30.069,49.046,3.075
2,45.713,0.487,-2.732
2,-21.260,-40.669,4.844
2,-15.300,22.188,2.826
2,-22.108,38.773,2.525
4,24.640,37.105,2.207
2,24.304,1.303,-1.664
2,48.078,-15.281,-2.400
2,-26.328,-24.488,6.301
2,-5.115,-46.261,6.012
2,-43.321,9.457,3.196
4,24.520,-28.035,0.649
2,2.965,-40.662,4.763
2,9.352,-16.446,1.462
2,-1.255,-49.147,5.612
2,13.537,11.622,0.586
2,-22.552,39.080,2.545
2,-43.833,10.005,2.900
2,-44.959,11.871,2.927
2,41.338,28.745,0.467
4,2.559,37.174,3.413
2,46.823,-5.346,-2.647
2,-31.106,31.075,2.306
2,-2.935,-28.149,3.716
2,30.771,-19.346,0.022
2,-35.592,37.796,2.013
2,-47.217,31.105,2.736
2,-4.569,20.892,2.495
2,-1.647,-12.398,2.130
3,-43.405,-10.302,7.315
3,28.553,-8.214,-0.537
2,34.194,3.943,-1.003
2,33.791,-39.973,-0.305
3,29.115,-45.920,1.949
3,39.639,-1.142,-1.956
2,-25.232,2.786,2.011
2,-36.455,-22.733,6.086
2,-4.538,-4.594,1.994
2,-31.365,-22.174,6.479
2,39.470,34.839,0.552
2,-10.552,-49.123,6.504
2,-7.819,-4.395,2.335
2,-22.586,40.341,2.613
2,-41.019,37.463,2.103
2,-15.526,1.078,3.514
2,28.293,-17.873,0.113
2,10.681,37.276,2.502
2,11.396,38.242,2.654
2,-44.246,22.651,2.231
2,6.173,28.143,1.607
2,3.816,35.988,2.592
3,13.589,3.322,0.107
2,28.602,-9.138,-0.773
2,21.461,24.896,2.576
2,21.318,-29.068,0.943
2,-40.817,-0.203,6.104
3,21.116,-18.621,0.657
2,-25.109,-21.047,5.941
2,-20.272,-47.651,5.041
2,49.188,-11.257,-2.349
3,-12.479,-14.581,3.696
3,42.099,21.761,-0.289
3,27.532,-8.344,-0.504
2,7.414,48.426,0.863
2,44.170,3.008,-2.693
4,-34.555,-11.569,7.272
2,-17.960,34.984,2.842
3,-44.091,26.320,2.793
2,24.099,-28.914,0.174
2,-31.775,11.192,1.434
2,-46.044,-20.046,6.589
2,39.922,-11.075,-2.499
4,22.221,-21.637,1.078
4,28.053,-17.328,1.344
2,26.584,19.176,1.808
2,-6.067,-20.259,3.654
4,27.978,-16.436,0.878
2,-12.576,-0.003,3.330
2,5.918,23.255,1.104
7,-5.835,4.542,-5.258
2,-12.553,-31.988,4.440
2,5.330,-43.315,5.295
2,-36.714,-47.730,3.352
2,-21.242,18.847,2.053
2,25.092,-33.704,0.522
2,-33.174,19.406,1.138
2,-31.788,23.592,1.535
2,-15.115,-16.981,4.246
2,39.189,14.136,-0.755
2,21.645,12.782,1.114
2,9.935,-21.891,0.965
2,42.604,-36.628,-1.480
2,-40.643,-40.066,3.222
2,9.083,-39.198,4.634
2,-40.201,-38.031,3.335
2,13.451,46.951,1.884
2,-16.582,3.480,3.013
2,-28.300,-28.105,5.859
2,15.527,-38.088,3.482
2,-31.353,-11.283,6.255
2,38.686,-34.483,-1.204
2,33.063,29.111,1.867
2,25.280,45.458,1.436
2,-1.952,-25.956,3.066
2,-15.043,-45.745,5.746
3,42.160,22.844,-0.044
2,25.669,24.132,2.815
2,-10.283,13.844,1.220
2,14.151,-1.738,-0.209
2,32.498,35.011,1.188
2,-38.399,-31.793,4.746
2,-8.457,8.525,1.610
2,-14.932,-47.498,6.043
2,-14.710,-24.125,5.718
2,24.978,-5.263,-0.709
2,-26.574,-18.207,6.092
2,-45.463,-36.268,3.616
2,25.461,-47.975,3.578
2,-4.448,5.047,2.665
3,-18.414,30.939,3.456
4,22.209,-21.684,0.976
4,3.410,-9.385,1.361
2,-31.676,-45.156,4.174
2,15.235,10.721,0.576
2,-26.087,-42.378,4.166
2,-20.901,20.884,2.379
2,30.347,37.148,1.083
3,2.414,37.163,2.829
2,-16.918,40.469,2.884
2,4.252,-35.178,3.806
3,-14.882,4.206,3.001
2,-41.271,27.480,1.777
4,-11.652,-42.123,7.659
2,-47.902,-49.294,1.604
2,-47.873,-12.000,6.853
2,23.564,3.872,-0.660
2,-33.572,21.418,1.154
2,13.657,38.634,2.705
2,-27.194,7.294,1.618
2,37.107,5.542,-1.043
3,2.226,37.094,2.684
2,20.337,-48.005,4.240
2,-46.416,-13.873,6.905
2,32.528,-8.980,-1.886
2,22.422,-45.535,3.387
2,-21.407,-38.673,4.939
2,-46.495,-48.391,1.886
3,2.817,36.905,3.152
3,26.800,-13.357,0.034
2,26.147,-15.278,0.037
2,24.761,-24.632,-0.056
2,-49.751,-45.978,1.497
2,14.068,43.969,2.534
2,-27.997,3.588,2.324
2,-9.204,-4.075,2.551
2,22.194,39.997,2.011
2,9.849,-29.318,2.276
2,-0.018,-8.040,1.673
2,-3.699,-17.018,2.838
2,25.954,8.903,0.293
2,-3.461,7.521,2.037
3,-5.103,-14.762,3.220
4,-42.530,25.559,2.861
2,-7.673,16.395,1.911
2,35.512,-34.669,-0.800
2,4.675,24.416,1.559
2,-45.998,11.793,3.189
2,-0.105,42.649,1.444
2,47.635,-2.585,-3.098
2,25.870,18.066,1.437
3,23.922,36.574,1.998
2,23.636,33.191,1.527
3,3.770,36.036,2.836
4,-5.351,35.993,3.755
2,-41.351,-46.656,2.835
2,12.356,-9.059,0.112
2,-28.004,26.241,2.186
2,-42.396,19.702,2.187
2,-4.179,40.022,2.776
2,-19.341,39.266,2.837
2,-46.951,27.161,2.328
2,35.201,24.866,1.793
2,36.798,-24.681,-1.391
4,-15.903,2.823,3.590
2,11.035,-16.804,1.209
4,-25.360,-34.435,7.073
2,-0.783,23.958,3.111
2,-15.112,-20.453,5.512
2,-43.778,30.056,2.106
4,-43.094,-11.312,7.398
2,-4.615,33.428,3.177
2,-23.737,-23.442,6.278
2,-4.555,29.405,3.578
2,-49.968,-33.248,4.503
2,0.627,-32.719,3.523
2,24.895,20.320,2.166
2,27.617,38.855,0.881
2,-49.982,36.006,2.041
4,26.882,-13.322,0.531
2,44.141,14.772,-1.719
2,40.450,-43.412,-0.993
2,-13.996,-12.864,3.133
2,-45.413,13.299,2.765
2,15.268,10.108,0.559
2,45.599,22.906,-1.246
3,3.197,26.091,2.619
2,27.610,22.720,2.791
2,-41.739,29.643,2.126
2,31.337,-18.954,-0.013
2,32.662,-20.355,-0.455
2,-38.101,-26.063,5.600
2,-28.761,-45.901,4.095
2,43.001,17.927,-1.169
4,-15.100,-20.018,5.877
2,-32.124,-47.844,4.007
2,19.338,-16.445,-0.070
2,27.372,39.520,0.906
2,28.141,3.112,-0.752
2,-2.729,48.711,1.128
2,20.709,-22.247,0.253
2,-4.138,40.693,2.862
3,-10.196,32.965,3.330
2,16.353,-42.352,3.551
2,38.887,38.641,0.255
2,-26.808,-8.961,4.905
4,-34.601,-41.151,4.388
2,34.753,-37.232,-0.563
2,39.961,14.111,-0.839
2,25.812,-10.665,-0.162
2,35.210,-25.543,-1.295
2,-42.993,17.979,1.918
3,-16.973,3.988,2.860
3,24.550,37.076,1.914
2,43.316,-44.000,-0.914
2,-8.159,-28.933,4.334
3,-4.649,-14.729,3.306
2,-33.298,-19.933,6.647
2,42.953,-19.947,-2.214
2,24.988,-32.978,0.513
2,-20.853,-22.710,5.864
2,28.948,17.324,1.571
2,-7.061,-23.651,4.127
2,17.045,-31.204,2.001
2,-26.949,48.950,3.452
2,-10.808,33.218,3.122
2,-36.640,-3.794,5.479
2,3.526,-33.689,3.434
2,47.442,-26.247,-1.970
2,27.904,-8.515,-0.768
2,24.574,-3.159,-1.146
3,-17.108,-20.737,5.605
2,-42.734,9.059,3.135
2,34.815,18.047,0.915
2,-20.921,-49.865,4.854
2,-44.211,-34.036,4.230
2,13.564,-0.173,-0.280
2,-18.553,-16.230,4.671
2,2.032,9.917,1.009
3,-35.581,-4.383,5.635
2,-27.007,-36.447,4.858
2,-24.186,-43.735,4.089
2,-11.023,-22.587,4.766
2,27.403,-10.993,-0.410
2,-1.398,30.443,2.788
2,40.464,26.632,0.583
3,25.071,-26.873,-0.064
2,14.595,20.459,0.670
2,-41.086,32.109,2.040
2,-5.308,-5.696,2.082
2,-6.611,-16.503,3.127
2,-18.880,-12.109,4.416
2,4.733,13.525,0.636
2,-14.961,36.068,2.813
2,33.550,-39.378,-0.249
4,-34.386,-5.399,5.707
2,-46.406,18.101,2.029
2,16.350,40.373,2.435
2,-44.137,10.701,2.845
2,4.663,16.944,1.290
2,28.993,-33.713,0.086
2,30.611,-37.310,0.204
2,20.979,10.686,0.912
2,36.272,-41.285,-0.714
2,-5.866,-44.140,6.126
2,26.998,29.428,1.757
2,-17.605,32.672,3.099
2,-24.564,6.680,1.590
2,-20.564,25.815,2.914
2,-16.111,4.452,2.761
2,-0.927,28.313,2.909
2,-18.629,41.556,3.138
2,12.287,9.270,0.539
2,-18.844,-19.836,5.743
2,13.110,-18.327,0.967
2,0.582,-33.728,3.699
2,-27.317,-34.782,5.110
2,-16.536,-22.291,5.568
2,44.031,16.754,-1.525
2,0.303,-24.010,2.454
2,-26.755,-24.982,6.381
4,-4.794,36.293,4.091
2,-42.766,-11.542,6.812
2,20.379,-21.581,0.184
4,24.539,36.112,2.100
2,-10.775,-7.093,2.287
4,-5.404,40.715,3.286
2,8.267,24.529,1.158
2,9.734,14.054,0.639
2,-18.745,34.962,2.907
2,46.073,31.091,0.266
4,-34.276,-40.008,4.519
2,12.301,-47.042,4.640
2,42.582,-42.082,-1.155
2,-5.402,3.637,2.942
2,-2.674,-31.443,3.674
2,-17.390,16.782,1.859
2,-14.482,41.619,3.340
2,14.524,-43.244,3.959
2,1.991,35.876,2.567
2,5.885,-45.277,5.219
2,-36.411,-33.071,4.667
4,24.514,-0.950,-0.572
2,13.202,-0.621,-0.201
3,27.679,-16.049,0.219
2,-7.749,-5.129,2.222
2,-23.335,-44.537,4.159
2,24.173,37.325,1.740
2,-11.928,26.407,3.001
2,-28.696,3.298,2.444
2,35.836,18.247,0.794
2,41.522,-5.722,-2.131
2,19.206,7.652,0.531
2,-30.432,44.436,2.580
3,-10.072,32.831,3.329
2,14.442,36.528,2.768
4,18.323,-17.781,1.352
2,-23.006,38.923,2.620
2,-44.317,-26.572,5.793
2,-11.858,-0.622,3.247
2,-4.540,30.939,3.576
2,1.713,10.435,1.041
2,-41.349,9.585,3.006
2,-11.532,-13.282,2.876
3,22.668,-21.596,0.660
2,18.278,-23.497,0.684
2,-1.263,6.875,1.768
2,-28.478,9.656,1.698
2,28.311,-5.826,-0.934
3,8.014,-36.329,4.462
2,-29.242,41.070,2.273
2,-16.681,5.766,2.570
3,-15.651,-19.714,5.593
2,-46.191,13.246,2.928
2,36.420,36.190,0.311
7,-73.217,-8.560,-57.523
2,-45.025,-21.197,6.501
2,-16.365,1.452,3.530
2,-21.171,35.626,2.946
2,-14.803,0.825,3.513
2,-33.941,31.988,2.082
2,23.554,48.840,2.010
2,-13.421,-19.177,4.796
2,-6.333,37.829,3.042
2,42.465,19.224,-0.960
2,-14.304,1.827,3.311
2,-6.065,-12.396,2.980
2,12.515,5.297,0.496
2,8.420,-49.507,5.617
2,-8.730,24.142,3.379
4,-18.993,29.890,4.597
2,3.389,35.786,2.585
2,8.289,-17.072,1.570
2,-43.123,-11.157,6.609
2,49.847,44.676,0.865
2,-3.798,39.066,2.850
2,47.415,26.849,-0.742
4,-19.194,30.020,4.478
2,18.820,-15.229,-0.416
2,17.324,27.033,1.598
2,49.695,6.780,-3.181
2,-14.045,32.556,3.119
2,22.294,-46.356,3.598
2,-39.052,29.168,1.615
2,33.782,-46.262,0.648
2,-10.027,-24.492,5.005
2,-27.990,26.880,1.902
2,-1.766,-42.884,5.689
2,-6.839,-7.684,2.325
2,-27.812,-24.239,6.136
2,-24.404,-27.092,6.513
2,45.368,-17.956,-2.625
2,-43.550,-17.923,6.918
2,31.546,-43.776,0.667
4,-42.298,-11.492,8.121
2,-3.208,-16.718,2.695
2,-47.729,-27.687,5.630
2,45.969,7.983,-2.793
4,-33.805,-3.153,5.814
7,-29.245,24.410,-10.348
2,-7.695,-20.090,4.128
2,-5.193,40.161,2.733
2,-26.062,11.819,2.109
2,-12.449,-22.623,4.988
3,-24.475,39.013,2.817
2,-30.726,-16.191,6.158
2,-46.324,-30.913,5.332
2,-18.749,20.831,2.403
2,-7.703,-46.477,6.256
2,-19.128,36.900,2.858
2,8.751,-6.140,0.767
2,10.802,41.594,2.228
2,-32.812,-28.355,5.503
2,-35.649,-34.272,4.378
2,-22.671,-23.909,6.339
2,-30.402,33.007,2.548
4,-34.988,-4.758,5.781
4,22.351,-0.198,-0.538
2,43.967,-17.780,-2.632
2,3.543,36.393,2.568
4,27.110,-13.495,0.813
2,0.789,-0.591,2.549
2,-29.234,-23.817,6.198
2,-40.032,-30.262,5.030
2,-20.052,7.783,1.970
2,31.370,43.628,0.205
2,-49.800,-49.934,1.071
4,-24.538,-35.489,6.217
2,41.371,28.153,0.487
2,-40.072,24.670,1.111
2,-24.262,-0.033,1.746
4,-23.393,38.869,3.333
2,-29.609,-17.773,6.281
2,-42.204,15.305,2.062
2,0.761,12.725,1.034
2,-15.839,0.998,3.309
2,-7.629,0.369,3.156
2,9.913,-32.123,3.393
2,32.941,-39.492,-0.112
2,-32.201,-29.446,5.311
2,-34.152,-19.700,6.600
2,24.042,48.475,1.984
2,-19.933,-15.046,4.803
2,16.306,13.965,0.507
2,-19.278,-9.772,4.206
2,-17.381,23.486,2.826
2,49.773,39.229,1.259
2,-43.870,10.943,2.928
2,-36.088,-42.274,3.676
2,5.407,-42.714,5.131
4,3.480,38.104,3.367
2,-30.655,37.108,2.191
2,45.486,17.276,-2.051
2,35.225,6.288,-0.570
7,17.312,-15.750,-8.107
4,-3.089,4.332,3.621
2,-39.337,-40.243,3.274
2,-36.591,-4.039,4.880
2,47.275,2.298,-3.206
2,-31.168,-44.799,4.167
2,-42.357,9.756,2.856
2,-4.758,29.537,3.447
2,-45.002,-20.454,6.665
2,18.924,-48.583,4.547
2,-32.023,-42.731,4.079
2,-42.984,-25.065,6.107
2,-13.087,44.863,3.658
2,-49.975,46.895,2.007
2,-30.376,-7.251,4.989
2,-24.406,47.997,3.372
2,33.229,-23.516,-0.788
2,-24.952,-33.990,5.210
2,29.682,21.434,2.179
2,41.996,4.988,-2.122
2,2.348,-41.120,4.877
2,-43.452,-16.654,6.936
2,44.323,-17.035,-2.535
2,-34.980,-36.436,4.227
7,-43.444,0.288,-8.654
2,-28.083,-5.489,4.346
2,30.055,44.947,0.395
2,-0.109,-25.945,2.602
2,-44.948,36.791,2.071
2,46.607,5.296,-3.094
2,-0.513,-30.066,3.150
2,-46.383,-27.691,5.669
2,-15.896,-19.408,4.916
2,31.314,20.659,1.952
2,0.681,25.900,2.935
2,25.163,37.263,1.581
2,-39.915,21.220,1.508
2,-19.037,42.517,3.277
2,-1.801,-8.222,2.184
2,-21.466,25.709,2.599
2,-34.769,-6.981,5.462
2,24.104,-34.215,0.804
2,-4.830,35.225,3.171
2,-43.079,-11.759,6.820
4,23.829,36.304,2.258
4,-42.736,20.180,2.518
2,10.586,18.599,0.745
4,-34.919,-11.666,7.545
2,-7.304,26.850,3.595
2,8.015,-32.920,3.727
4,24.743,-26.347,0.431
2,-33.900,-12.519,6.529
2,-39.801,48.300,2.647
2,7.275,19.200,0.737
2,-24.992,-13.872,5.715
2,-41.986,-12.024,6.714
2,-24.980,25.332,2.049
2,-48.883,-6.573,6.799
4,19.147,-22.528,2.136
3,-23.044,39.417,3.279
2,36.952,-5.077,-2.448
2,-47.350,-49.956,1.797
2,43.783,-46.965,0.029
4,29.645,-11.078,-0.494
2,9.984,-12.274,0.235
2,44.282,0.633,-2.302
2,36.474,6.290,-0.837
2,31.220,18.703,1.591
3,24.806,-27.372,0.094
2,2.522,36.316,2.944
2,-5.196,43.497,1.955
2,-27.424,-14.457,5.728
4,-33.878,-4.414,5.918
2,-47.938,-27.172,5.731
2,-9.728,5.599,2.398
2,-33.934,-48.063,3.909
4,2.418,37.156,3.568
3,-42.927,10.667,3.018
2,-25.642,2.200,1.947
2,29.425,40.313,0.328
2,19.152,-37.347,1.986
2,-14.338,-40.188,5.301
2,31.660,-33.564,-0.048
2,-2.975,12.860,1.488
4,3.721,37.099,3.134
2,-14.408,-32.229,4.790
2,46.060,-38.222,-1.486
2,-8.608,-13.940,3.073
2,23.316,20.102,1.880
2,-21.798,0.797,2.351
3,40.663,22.971,0.037
2,7.566,38.858,1.974
2,-0.141,44.242,1.000
2,-43.232,21.210,2.118
2,-39.169,35.778,1.883
2,-9.658,45.334,2.876
2,-8.088,14.860,1.491
2,31.312,20.106,1.918
4,-33.155,-3.181,5.651
2,-13.176,27.400,2.949
7,14.335,8.007,-5.059
2,-28.616,25.615,2.113
4,-11.302,-15.710,4.134
2,-10.153,-37.259,5.335
2,-24.991,39.565,2.577
2,-9.567,-21.633,4.464
2,-17.007,34.015,2.808
2,44.545,-27.081,-1.663
2,-31.281,-17.416,6.536
4,3.802,36.153,3.223
4,28.908,-8.588,-0.403
2,0.670,-37.065,4.014
2,-34.789,29.943,1.793
4,29.903,-17.490,0.497
2,2.633,-49.601,5.738
2,-18.248,32.540,3.214
2,-25.048,10.656,2.028
2,-43.248,15.465,2.228
3,28.844,-47.558,2.468
2,-6.705,47.491,1.758
2,-8.728,-13.269,3.061
2,-0.998,44.731,1.107
2,-37.763,37.124,1.857
2,45.294,-31.551,-1.548
2,0.361,4.857,1.741
2,-4.060,-4.860,2.048
2,-27.418,-22.519,6.031
2,2.724,-5.136,1.093
2,-33.083,19.939,1.144
2,7.023,47.496,0.958
2,11.677,-23.747,0.782
3,-3.857,-16.723,3.221
2,-6.410,-48.674,6.573
2,25.648,-18.130,0.550
2,-39.709,3.237,4.850
2,22.357,43.982,1.726
2,48.244,9.107,-2.877
2,-24.831,0.822,1.839
2,17.722,46.210,1.753
2,-27.721,26.695,2.021
2,34.589,10.228,-0.116
2,-37.332,-48.396,3.216
2,-0.223,46.009,0.843
2,11.377,41.781,2.258
2,-34.072,-12.673,6.622
4,-33.875,-10.463,7.092
2,0.684,-48.499,5.871
3,23.296,-0.375,-1.009
2,-2.118,49.036,0.806
2,30.370,38.040,0.967
2,33.610,33.323,1.174
2,-35.730,7.401,2.783
2,29.503,20.880,2.218
3,15.019,4.025,0.289
2,48.873,6.438,-3.138
4,-11.065,-13.622,4.094
2,26.654,-28.540,-0.368
7,12.414,-43.794,-10.320
2,-8.191,22.137,3.087
2,44.432,13.343,-1.744
2,-10.418,32.520,3.101
2,-35.959,-26.891,5.678
2,-29.978,20.130,1.537
2,34.728,-0.168,-1.543
4,22.300,-0.082,-0.675
2,-26.934,-9.545,5.066
2,-47.343,9.830,3.504
3,-16.064,6.193,2.891
2,-34.541,33.183,1.993
3,-15.757,-20.243,5.739
2,36.263,-28.605,-1.221
2,2.782,5.464,1.515
2,3.169,26.903,2.176
3,41.038,21.131,0.053
2,-26.468,0.809,1.853
2,-37.686,-15.909,6.764
2,44.611,-42.370,-1.231
2,-42.872,26.279,2.252
2,-4.514,40.129,2.750
2,-39.590,14.058,1.657
2,2.973,26.974,2.192
2,-23.385,-31.944,5.682
2,8.485,29.018,1.665
2,6.877,39.348,2.042
3,41.574,21.560,-0.023
2,14.452,21.182,0.791
2,-5.018,29.485,3.390
2,41.635,-6.530,-2.060
2,22.447,-40.465,2.220
2,44.374,17.766,-1.603
2,31.763,-15.582,-1.016
2,28.516,1.617,-1.225
2,40.665,-39.145,-1.286
4,16.882,-29.682,3.272
2,30.850,-42.586,0.603
2,-7.022,-1.076,2.890
2,34.526,-45.888,0.268
2,-42.205,-49.904,2.557
2,24.185,24.850,2.822
2,-44.601,35.698,2.053
2,-12.033,18.314,2.203
2,41.351,36.197,0.480
2,9.011,47.524,1.258
2,-4.628,40.000,2.944
2,-7.997,-35.445,4.818
2,27.104,-8.131,-0.566
2,-36.754,-49.961,3.534
2,37.612,-41.824,-1.042
2,-37.079,6.391,3.290
2,-1.959,-27.306,3.344
4,3.012,37.445,3.506
2,35.296,-30.191,-1.116
2,-21.994,28.610,2.621
4,-43.493,18.547,2.564
2,18.939,33.557,2.108
2,-36.024,42.997,1.889
2,-35.537,28.658,1.591
2,-6.123,-16.111,3.285
2,8.504,-24.389,1.456
2,19.540,23.407,1.916
3,-16.469,5.297,2.868
2,4.141,-10.105,0.632
2,36.653,-21.721,-0.717
2,42.207,49.262,0.442
2,-5.744,40.544,2.986
3,-4.417,-15.844,3.160
2,12.949,-46.316,4.538
2,-22.031,48.696,2.897
2,46.400,43.315,0.598
3,-15.376,-21.484,5.785
2,-42.413,37.393,2.013
7,-25.224,2.947,-4.435
2,-19.232,39.821,2.849
2,14.028,-25.052,1.166
2,10.230,19.428,0.720
2,-36.742,-5.356,5.534
2,2.867,42.983,1.366
2,-25.480,38.901,2.215
4,25.209,-25.522,0.489
2,-9.837,9.616,1.348
2,-14.605,-10.290,3.344
2,49.326,-41.113,-1.186
2,44.560,-19.295,-2.499
2,22.882,-28.258,0.469
4,13.246,-38.910,5.286
2,32.424,21.024,1.814
2,34.919,16.152,0.148
2,5.428,22.224,1.324
4,-5.191,40.145,3.287
2,-2.296,38.324,2.762
4,27.448,16.593,1.822
2,14.291,-41.021,3.816
2,40.916,18.954,-0.331
3,28.513,-18.941,0.489
2,-3.625,36.775,3.172
2,-31.443,-4.512,4.292
2,12.044,6.894,0.599
2,-16.982,-36.510,5.022
4,-32.521,-2.790,5.711
2,24.336,36.458,1.577
2,20.158,48.059,1.939
2,5.782,-15.642,1.443
4,-24.398,-34.996,5.714
2,-45.346,18.253,2.063
2,25.086,-38.341,1.418
2,-27.541,-40.827,4.003
2,-13.420,-46.137,5.948
2,-27.634,26.359,2.151
2,-8.833,13.454,1.095
2,-43.428,-21.082,6.825
4,16.716,-30.306,2.998
2,4.943,-22.898,1.691
2,-45.841,13.928,2.702
4,-33.927,-2.918,5.542
2,-22.884,5.080,1.864
2,31.592,41.267,0.336
2,23.908,34.869,1.525
2,-12.255,-18.483,4.650
2,32.832,3.539,-0.771
2,-10.687,-37.357,5.285
3,-10.656,33.258,3.368
2,-6.570,-5.058,2.326
2,46.782,10.791,-2.378
2,-7.777,39.857,2.872
3,23.807,-0.540,-1.396
4,23.480,0.460,-0.692
2,34.495,-28.893,-1.051
2,39.943,-38.226,-1.111
2,-24.378,-41.064,4.174
2,13.853,-11.711,-0.469
2,9.932,-41.727,4.354
2,15.026,-8.217,-0.659
4,-43.022,-12.093,7.595
2,-14.940,10.135,2.057
2,-21.516,4.812,1.945
2,-6.544,49.187,1.878
2,28.306,-26.790,-0.465
2,32.354,27.845,2.045
2,34.920,-35.314,-0.646
2,-24.432,22.057,2.045
2,-4.985,40.036,2.769
2,-30.053,-15.828,5.971
2,20.683,-18.887,0.302
2,-3.507,-8.078,2.283
2,-43.167,9.462,2.856
2,-41.941,-47.379,2.725
2,-35.430,41.857,1.944
2,-20.182,4.451,2.153
2,-36.854,-6.603,5.528
4,-24.281,39.899,3.200
2,-0.844,-23.616,2.525
2,12.162,27.786,1.604
4,27.928,-11.405,0.279
2,-16.053,39.574,2.846
2,-38.029,36.438,1.964
2,-38.917,-45.584,2.809
2,-7.641,5.182,2.565
2,38.550,40.047,0.393
2,40.804,21.418,-0.279
2,-11.024,-0.310,3.166
2,5.756,40.620,1.942
4,23.818,-27.034,0.694
2,29.999,37.654,0.977
4,3.565,36.130,3.294
2,-11.579,-48.491,6.296
2,-3.959,-0.912,2.729
2,32.879,-12.056,-1.780
2,-38.598,-27.187,5.585
2,-3.996,29.103,3.375
2,16.968,-21.564,0.658
2,-22.141,-45.012,4.369
2,-21.335,-42.095,4.544
2,4.302,-37.082,4.320
2,24.495,36.289,1.519
2,-14.429,14.139,1.451
4,3.482,37.671,3.528
2,45.245,-40.325,-1.601
2,0.081,-45.663,5.964
2,-14.071,9.102,2.027
3,24.169,36.527,2.001
2,30.841,-8.068,-1.591
2,16.194,-16.482,0.091
2,-2.205,-46.518,5.836
2,-29.896,-31.853,5.076
2,14.487,32.184,2.415
4,2.771,35.776,3.487
4,15.391,-21.844,1.757
2,-14.735,39.992,3.032
2,47.951,18.504,-1.929
2,44.138,-25.393,-1.497
2,46.940,43.330,0.626
2,6.516,44.162,1.628
4,-34.288,-11.507,7.531
2,-33.793,-0.242,4.402
2,22.733,10.668,0.737
2,-47.244,-7.076,6.633
2,-29.512,-13.181,6.130
2,-25.261,0.204,2.070
2,-7.969,-11.309,2.685
2,-21.017,-20.303,5.871
7,166.484,103.320,-87.131
2,-42.333,35.978,1.884
2,38.629,-15.359,-1.586
2,-8.621,49.259,2.063
2,-15.570,-10.950,3.510
2,-29.715,-27.622,5.637
2,26.434,0.155,-1.888
2,7.819,18.829,0.579
3,41.882,22.522,-0.075
2,33.696,18.005,1.099
2,-32.903,1.249,3.633
3,-4.142,-17.072,3.049
2,-36.968,-19.526,6.471
2,8.348,43.448,1.994
2,32.979,46.333,0.159
2,31.109,8.115,0.000
2,-26.897,45.717,2.972
3,28.544,-10.207,-0.623
2,-49.059,10.879,3.059
2,14.146,-49.899,4.886
2,46.657,-27.855,-1.782
3,2.719,37.211,3.053
2,19.233,-45.454,3.681
2,-49.827,-46.784,1.435
2,21.838,-21.717,0.350
2,-13.307,-3.104,3.190
2,-8.223,42.481,2.705
2,44.483,-49.914,0.489
2,22.153,0.188,-0.956
2,-45.610,-47.008,2.063
2,-0.056,-35.158,4.107
2,-9.558,18.555,2.679
2,-19.499,41.210,2.955
2,-7.950,30.441,3.209
2,47.750,23.098,-1.282
2,-18.660,16.823,1.903
2,36.977,-15.399,-1.530
2,46.349,47.879,0.828
2,42.614,-2.863,-2.347
2,-16.729,10.993,1.892
2,-11.156,-38.297,5.415
2,15.481,-12.532,-0.769
2,-48.044,49.126,1.876
2,13.438,25.893,1.289
2,31.270,-41.294,0.052
2,-23.561,40.190,2.945
2,-24.917,-30.092,6.103
2,-18.696,-6.013,4.063
4,-42.187,25.819,2.847
2,-14.935,1.170,3.610
4,-16.173,-19.596,5.617
2,-43.312,-31.086,5.082
2,47.716,-49.616,0.469
2,-30.957,8.219,1.902
2,24.772,-39.194,1.722
2,6.584,-49.694,5.500
2,14.348,-11.352,-0.552
2,-6.769,3.046,3.189
2,-21.835,15.462,1.809
2,28.908,-10.857,-0.774
2,-34.744,-4.833,5.254
2,-30.164,35.037,2.529
2,17.851,19.179,1.023
2,-29.903,22.368,1.398
2,21.035,34.642,1.874
2,-5.132,39.697,3.196
2,47.602,11.780,-2.493
2,27.113,-16.466,0.171
2,-42.186,25.261,1.863
3,-41.412,-8.700,6.328
2,-43.330,9.820,3.199
2,14.843,44.436,2.236
3,-4.292,-15.012,3.189
2,-4.123,40.953,2.788
2,35.560,27.215,1.536
2,-24.505,-13.448,5.629
2,49.623,-0.280,-3.520
2,-19.365,7.458,2.056
2,-14.231,1.144,3.305
4,-43.077,-10.239,7.589
2,47.333,-1.473,-3.113
2,25.087,43.577,1.388
2,-26.936,-16.950,6.080
2,-48.310,27.617,2.077
2,-18.251,44.053,3.170
2,-38.393,23.753,0.898
4,3.611,36.754,3.462
3,-16.014,-19.321,5.320
2,-42.355,-9.613,6.449
2,9.270,-12.988,0.388
2,-9.318,-44.694,6.300
2,-33.820,-6.318,5.245
2,0.898,-2.359,2.104
2,-6.240,48.428,1.787
2,-1.083,40.801,2.363
2,-0.751,3.768,2.190
2,-25.363,-3.202,3.233
2,-8.883,39.681,2.999
2,-39.696,19.859,1.579
2,-5.413,29.932,3.565
4,-42.345,-10.565,7.596
2,20.000,17.673,1.353
2,-39.434,22.445,1.196
2,-4.652,49.591,1.607
2,18.539,-22.573,0.360
3,39.665,0.956,-1.655
2,12.639,-12.817,-0.082
2,-14.299,4.573,2.878
2,18.776,27.923,1.478
2,47.634,-45.766,-0.505
4,2.914,26.302,3.206
2,-34.802,29.358,1.786
2,27.892,-11.118,-0.734
2,-26.327,26.546,1.884
2,-44.052,-0.175,6.221
2,-38.065,14.554,1.693
4,-12.276,-15.755,4.427
3,-43.425,24.399,2.577
4,29.408,-8.994,-0.544
2,-11.492,-17.769,4.497
2,13.332,1.669,-0.200
2,-29.438,38.431,2.193
2,13.781,35.048,2.686
2,-42.583,-41.978,2.968
2,-25.285,-6.828,3.913
4,27.912,-18.503,1.080
2,-18.946,-37.285,5.098
2,-14.976,19.819,2.335
2,7.946,45.921,1.395
4,-11.843,-15.023,4.462
2,8.795,41.790,2.084
2,-24.544,-17.831,5.686
3,-17.649,4.783,2.930
2,28.724,34.633,1.340
2,-47.472,-39.532,2.698
2,32.499,-32.173,-0.338
2,-39.700,7.665,3.539
4,18.074,-22.351,2.089
2,-6.170,7.885,1.897
2,48.999,-48.316,0.201
2,-43.616,-10.427,6.945
2,-20.581,-38.086,5.030
3,-42.550,9.935,3.196
2,29.851,18.739,1.628
2,38.787,36.750,0.227
2,-30.531,1.813,2.877
2,-16.942,37.858,2.879
2,13.771,41.569,2.455
4,29.577,-17.523,1.475
2,21.321,48.566,1.929
2,-4.728,27.804,3.337
3,28.173,-12.248,-0.207
4,10.210,-41.170,5.080
2,-6.149,-25.698,4.035
3,22.960,-21.564,0.883
2,-36.655,24.672,0.858
2,-10.600,4.358,2.684
2,18.887,-18.361,0.161
2,19.734,9.542,0.606
2,39.196,37.667,0.327
3,25.377,-12.758,0.164
4,-42.205,23.659,2.712
2,-2.049,-33.813,3.883
4,-5.511,40.315,3.362
4,-24.355,40.654,3.317
2,46.719,-19.129,-2.382
2,38.855,1.079,-1.941
2,-9.359,-29.060,4.356
2,-12.280,-30.712,4.366
2,-29.223,-20.897,6.250
2,7.913,11.907,0.471
2,0.884,-9.584,1.479
2,20.368,-18.429,0.227
2,2.659,-14.086,1.589
2,-29.319,26.917,2.085
2,-42.731,38.279,2.173
3,-42.436,17.151,2.343
2,38.020,15.644,-0.421
2,16.176,6.298,0.322
2,-23.258,34.396,2.736
2,43.949,-15.786,-2.605
2,30.582,36.534,1.221
2,46.131,-42.674,-1.250
3,24.578,35.281,1.968
2,-0.259,-5.692,1.445
2,47.338,30.880,0.272
2,-22.723,39.357,2.919
2,47.418,44.320,0.685
2,46.101,-12.665,-2.404
2,41.167,-5.172,-2.158
2,-39.403,32.737,1.928
2,-24.336,39.334,2.638
2,48.715,11.275,-2.795
2,-34.839,5.076,3.133
2,40.449,-5.941,-2.100
2,41.153,34.418,0.366
2,22.446,-20.025,0.506
2,3.551,-30.029,2.968
4,26.888,-12.090,0.720
2,4.264,-7.956,0.680
2,-4.415,29.410,3.479
3,41.945,22.087,-0.037
2,18.103,32.585,2.066
2,-11.827,-7.468,2.352
2,15.083,20.807,0.715
3,-4.398,39.773,3.317
7,1.928,-11.741,-8.983
2,5.685,46.554,0.989
2,-43.360,-41.002,2.996
2,29.011,24.776,2.609
3,-44.247,25.985,2.773
2,42.357,-27.656,-1.393
2,26.975,-9.880,-0.446
2,30.537,42.041,0.398
2,-1.816,11.585,1.392
2,21.880,-32.499,1.071
4,15.679,-19.173,1.284
2,-12.782,25.606,2.941
2,-0.193,44.901,0.965
4,-44.594,25.829,2.865
2,36.890,20.301,1.052
2,24.459,-44.942,3.000
2,-10.638,32.585,2.997
2,-39.308,-10.394,6.456
2,-26.190,24.915,1.717
4,24.958,-26.578,0.641
3,-10.773,-16.770,3.845
2,-5.144,31.153,3.518
4,-23.087,37.935,3.293
2,-34.672,4.542,3.350
2,38.547,-7.963,-2.200
2,-13.875,14.914,1.457
2,21.541,36.049,1.791
2,-4.123,-24.939,3.567
2,39.974,47.427,0.660
2,37.718,16.444,-0.072
4,15.233,-20.605,2.717
2,-40.974,12.910,1.865
2,5.856,-31.934,3.475
2,40.805,-2.540,-2.109
2,42.136,-19.113,-2.108
2,-35.375,-9.179,5.888
2,-3.283,37.857,2.878
2,43.213,14.814,-1.467
2,-8.677,11.046,1.200
2,24.002,37.761,1.756
4,16.154,-30.197,3.068
3,19.525,-22.203,0.273
4,24.555,-27.201,0.699
4,24.181,-1.169,-0.734
2,-6.700,-17.208,3.184
2,-36.049,14.698,1.533
7,34.032,-43.634,-5.926
2,-46.859,4.219,4.963
2,23.624,-26.719,-0.037
2,-36.386,-17.744,6.714
2,-25.828,-40.115,4.311
2,26.072,2.457,-1.271
4,2.154,26.223,2.944
2,38.335,-26.753,-1.483
2,-17.338,5.824,2.465
2,-8.110,13.822,1.127
4,-43.062,25.727,2.838
2,29.033,-26.301,-0.437
2,-12.048,31.636,3.454
2,7.233,46.206,1.202
4,23.847,36.243,2.242
4,-33.988,-5.352,6.089
2,0.663,-4.833,1.493
2,43.140,-2.652,-2.364
2,20.870,26.079,2.401
2,6.385,-32.869,3.617
2,-37.992,-9.666,6.223
2,-32.768,18.768,1.134
4,-34.669,-11.355,7.179
2,-3.549,19.515,2.250
4,29.316,-9.109,-0.401
2,42.045,-49.633,0.662
2,41.272,27.539,0.462
2,-43.646,11.075,3.079
2,-34.094,-20.261,6.499
2,31.383,42.154,0.431
4,-34.425,-2.929,5.238
4,-5.843,34.987,3.993
2,34.219,-33.716,-0.558
2,44.380,-1.878,-2.320
2,-6.273,-27.064,4.042
4,-4.154,3.485,4.240
2,7.253,6.781,0.714
4,19.826,-21.468,1.399
2,13.054,-1.573,-0.146
2,16.358,-2.814,-0.646
2,28.488,21.824,2.564
2,-34.971,-23.128,6.185
2,-16.958,-38.334,4.987
2,25.514,-28.872,-0.201
2,25.374,-41.998,1.898
2,31.633,-39.332,-0.009
2,18.736,-32.069,1.933
2,37.452,-36.626,-0.832
2,43.324,-19.490,-2.350
2,38.544,-46.320,-0.272
2,37.006,-18.634,-0.961
4,16.560,-30.141,3.102
2,12.971,-22.023,0.775
2,33.671,46.425,0.265
2,23.115,-39.848,2.091
2,-38.487,-39.102,3.337
2,48.486,25.356,-1.194
2,19.485,30.554,1.944
2,16.306,-34.316,2.399
2,-45.057,-23.680,6.168
4,27.830,-12.764,0.480
2,-21.421,-15.008,5.121
2,10.779,25.343,1.130
2,18.088,20.944,1.425
2,16.590,-8.064,-1.005
2,-48.003,-20.593,6.845
2,-6.713,-40.458,6.116
2,-18.890,-43.765,4.604
3,-16.905,4.125,2.911
2,21.512,-14.497,0.026
2,44.208,46.998,0.681
2,24.927,-26.968,-0.227
2,29.092,20.482,2.195
2,-46.644,5.735,4.348
2,-22.200,-14.547,5.078
2,-10.268,33.446,3.298
2,-0.525,39.384,2.696
2,-21.236,-7.778,4.283
2,27.078,26.481,2.315
2,15.670,-13.172,-0.629
2,0.465,7.322,1.264
2,-7.106,16.465,1.905
2,-19.474,-15.884,4.844
3,27.490,-9.184,-0.426
2,-7.085,8.305,1.809
3,40.880,20.947,0.027
3,-14.797,5.071,2.928
2,31.878,35.076,1.279
2,-45.085,16.175,2.303
2,-31.466,-31.613,4.750
2,-10.293,49.207,2.568
2,3.786,-27.076,2.417
2,-1.804,-30.600,3.434
2,-17.334,-15.071,4.260
2,33.706,32.699,1.337
2,-2.231,35.087,3.375
2,-10.540,-26.767,4.607
2,33.327,29.748,1.839
2,43.810,46.498,0.651
3,-14.707,6.314,2.940
2,36.123,20.040,1.079
2,2.907,43.531,1.269
3,-4.478,-15.756,3.328
2,41.139,15.696,-1.040
2,-46.631,-16.895,6.858
3,5.347,-36.083,4.387
4,28.210,-11.751,0.331
4,-5.510,40.356,3.383
2,-34.960,-20.955,6.447
2,17.169,-16.718,0.048
2,-22.502,-41.543,4.433
2,-34.855,35.894,2.244
2,47.710,-27.500,-1.997
7,-45.370,-25.006,-7.849
2,-33.609,19.778,1.154
4,28.233,-13.564,0.298
2,41.822,25.408,0.094
2,-4.220,7.287,2.062
2,42.702,17.446,-1.055
2,-25.486,-28.981,6.059
2,24.536,37.301,1.523
2,-25.548,-33.554,5.363
2,-20.420,29.496,2.981
2,48.513,-35.565,-1.093
2,-27.016,-24.280,6.302
4,2.832,37.985,3.118
3,-33.886,-4.319,5.368
2,6.684,-3.179,1.123
2,-46.884,36.229,2.033
3,-14.718,4.611,2.903
2,-5.120,39.579,3.079
2,9.692,-8.082,0.485
4,18.996,-23.340,1.646
7,16.581,-60.754,-0.212
2,24.266,35.985,1.522
4,-33.212,-3.190,5.397
2,-24.787,1.192,1.849
3,42.134,21.858,-0.299
2,12.247,-11.388,-0.057
2,9.470,-49.537,5.413
2,-9.769,30.770,2.915
4,26.645,-15.852,1.286
2,15.077,-25.932,1.262
2,-30.242,-4.934,4.223
2,-26.268,1.990,1.847
2,-10.264,39.751,3.014
2,-43.526,10.160,3.181
4,-33.601,-4.210,5.910
3,-34.744,-2.960,5.207
2,4.950,-8.174,0.668
3,-43.566,26.239,2.527
2,-1.232,-44.553,5.779
2,-8.684,26.883,3.307
2,7.389,11.341,0.401
2,-35.070,-14.804,6.662
2,-5.488,22.830,2.974
2,-12.189,-47.276,6.042
2,-44.826,-21.811,6.461
3,-10.641,33.273,3.429
2,-32.107,33.267,2.333
2,-22.899,35.339,2.692
2,-6.610,-16.322,3.299
2,28.251,36.332,1.186
2,47.715,9.004,-2.916
2,-24.459,37.195,2.182
2,-35.855,-2.808,4.966
2,29.403,29.210,1.967
7,-38.921,43.729,-6.572
2,-23.117,-12.772,5.061
3,42.526,21.753,-0.305
2,48.266,19.383,-1.831
2,-11.701,-19.753,4.632
2,-9.419,42.034,2.854
2,10.105,41.958,2.152
2,5.409,11.522,0.548
2,14.821,-29.828,2.026
3,-43.105,9.777,3.159
2,-12.479,-5.046,2.866
2,-24.424,38.781,2.612
3,-16.461,5.527,2.942
2,38.913,45.946,0.761
2,46.938,44.954,0.665
2,38.799,35.597,0.457
2,5.785,45.609,1.165
2,24.533,19.147,1.915
2,-29.541,-45.416,4.171
2,27.600,-18.539,0.202
2,46.774,42.711,0.674
2,-28.440,26.816,2.125
2,-31.239,-36.589,4.537
2,4.416,20.229,1.635
2,-35.349,14.628,1.447
3,2.854,26.101,2.497
2,36.646,15.031,-0.335
3,-33.173,-4.147,4.944
2,-6.124,-15.169,3.120
2,48.196,-0.963,-3.328
2,-14.851,40.954,3.186
2,-19.658,-33.878,5.184
4,2.638,26.227,2.893
2,38.319,-41.170,-1.192
4,16.766,-29.618,3.053
2,13.450,-3.508,-0.031
2,8.049,-19.813,1.623
2,-34.311,47.958,2.519
2,40.700,-31.842,-1.434
2,-11.178,46.706,3.144
2,-30.799,-15.498,6.104
2,-34.325,8.830,2.404
2,32.155,28.829,2.061
2,18.154,16.236,0.736
2,-26.784,36.098,2.287
3,-35.251,-16.908,6.773
2,-48.077,-1.374,6.389
4,-5.853,40.414,3.434
4,-5.829,35.554,4.339
2,35.442,-20.820,-0.692
2,-49.630,17.131,2.536
4,-4.567,37.429,3.577
2,9.624,-32.776,3.727
2,-19.208,-21.887,5.588
4,16.000,-30.508,3.073
2,-14.302,0.047,3.311
4,-3.548,34.562,4.282
2,26.375,-6.243,-0.592
4,29.581,-10.560,-0.471
2,44.992,-41.253,-1.487
2,21.223,-25.209,0.356
2,-30.565,-17.641,6.379
2,-10.887,33.074,2.983
2,28.773,-49.043,2.331
2,30.790,42.522,0.445
2,18.714,20.011,1.336
2,-48.103,-21.136,6.809
2,-2.519,-26.555,3.374
2,49.327,7.625,-3.189
2,-7.085,14.255,1.274
2,1.508,19.931,2.183
2,-16.914,-12.613,3.811
2,24.960,35.896,1.577
2,-45.629,43.586,2.440
3,28.976,-9.254,-0.724
2,-43.711,10.194,3.166
2,-27.030,-29.287,5.886
4,29.951,-10.151,-0.647
2,16.600,-24.220,0.912
2,31.857,45.457,0.298
2,-17.783,-28.861,5.758
2,23.436,-26.931,-0.049
4,2.180,35.662,3.180
2,37.959,-31.683,-1.217
2,12.010,33.016,2.331
2,19.732,41.472,2.192
3,19.933,-27.399,0.929
2,36.081,-29.678,-1.199
2,-19.745,49.776,2.801
2,-10.407,33.759,3.228
2,-3.683,-29.593,3.677
2,10.089,-19.993,1.300
2,-9.517,20.983,2.785
2,-12.658,-37.401,5.367
2,24.081,-16.329,0.488
4,27.207,-13.224,0.596
2,7.211,-34.762,4.303
2,-36.281,-15.010,6.795
2,-24.503,45.955,3.140
2,8.446,-26.834,1.512
4,27.470,16.705,2.528
2,-16.297,3.672,2.921
2,18.215,-13.739,-0.833
2,30.693,23.609,2.280
3,29.068,-9.368,-0.613
2,-41.629,43.589,2.232
2,-16.586,32.288,3.105
2,31.805,28.285,2.135
2,-21.139,-23.822,6.144
4,28.313,-13.595,0.580
2,8.838,-14.924,0.942
2,-19.631,19.291,2.329
2,-26.071,26.255,1.962
2,-21.711,-28.359,6.322
2,17.977,-19.793,0.296
2,-14.467,-25.329,5.733
4,24.106,-27.134,0.887
2,11.422,-35.637,3.973
2,-25.182,-39.739,4.401
2,49.237,41.761,0.879
2,1.098,-37.389,4.072
2,10.474,10.152,0.719
2,-44.543,-36.201,3.681
2,6.146,-16.317,1.560
2,-27.682,0.812,1.932
2,0.405,19.113,2.346
4,-12.066,-12.904,4.159
2,37.083,11.810,-0.631
2,20.726,3.335,-0.648
2,-15.545,32.705,3.028
2,-38.187,28.380,1.399
2,36.611,-44.629,-0.533
2,-35.340,-5.272,4.889
2,-30.914,43.518,2.341
2,18.536,17.793,0.941
2,6.034,10.551,0.495
2,24.245,42.190,1.623
2,6.843,-21.449,1.723
2,-25.507,2.793,2.007
2,48.672,-39.758,-1.210
2,-26.491,-35.809,4.967
3,-42.457,10.720,2.913
2,39.104,2.133,-1.764
2,-5.131,39.761,3.261
2,-0.089,-25.187,2.454
2,-18.993,0.274,3.282
2,-41.506,-43.365,3.003
2,-0.778,-4.198,1.674
2,1.315,-43.847,5.602
2,-43.621,-5.136,6.491
2,-17.555,13.024,1.513
2,-40.437,20.086,1.803
2,36.617,-7.006,-2.205
2,40.753,15.134,-1.096
2,-49.955,11.055,2.811
3,27.266,-17.271,0.368
2,16.891,-20.121,0.585
2,-42.040,16.846,2.270
2,-14.770,1.606,3.509
2,-33.610,35.876,2.273
3,-42.908,24.721,2.649
2,45.762,-43.548,-1.079
2,-30.224,41.840,2.249
2,-32.059,12.940,1.255
2,41.684,-44.329,-0.765
2,25.296,-39.939,1.609
2,32.023,-39.763,-0.134
2,-3.232,30.900,3.561
2,-33.213,-0.070,4.152
2,-26.201,-44.623,4.045
2,26.984,-17.879,0.092
2,43.723,21.787,-1.036
4,24.502,-25.828,0.700
2,35.646,9.230,-4.755
3,-5.108,39.880,3.167
3,22.827,-26.489,0.665
2,3.508,-7.856,0.676
2,8.665,-3.237,0.650
2,-37.908,12.058,1.731
2,37.690,-38.898,-0.895
2,-21.446,-30.136,6.114
2,2.686,26.252,2.177
4,19.573,-21.380,1.385
4,-18.998,30.971,5.059
2,-22.762,47.641,3.073
2,-23.157,38.314,2.503
2,-22.680,-46.472,4.526
2,-34.244,-4.363,4.972
2,-24.876,-5.054,3.787
2,4.962,42.783,1.738
2,22.909,-19.625,0.625
2,-26.684,13.320,2.122
2,8.929,28.712,1.739
2,12.332,-45.247,4.514
2,-7.487,-1.397,2.821
2,-12.834,-12.554,2.916
2,22.727,-0.441,-1.593
2,-14.971,13.229,1.425
2,34.840,-27.072,-1.293
2,38.656,0.160,-2.047
2,19.313,24.911,1.817
2,-28.505,26.764,2.093
3,-15.740,5.521,2.925
4,14.068,-20.045,2.303
2,-32.072,17.159,1.297
2,17.944,35.793,2.499
2,17.666,29.076,1.479
2,-27.600,-28.311,5.964
2,-28.044,7.245,1.584
4,28.298,-14.302,0.159
2,33.234,-33.171,-0.467
4,-4.321,36.148,4.056
2,-16.922,27.424,2.969
2,-48.664,31.024,2.704
2,-30.647,-33.241,4.871
2,48.442,26.497,-1.057
3,29.078,-9.721,-0.734
2,32.015,21.927,1.856
2,-9.978,-48.074,6.316
2,-13.013,-47.202,6.006
2,-42.810,-30.231,5.229
2,-18.540,-23.228,5.909
2,-4.677,38.894,2.859
2,-43.497,10.322,3.033
4,23.839,-27.358,0.552
2,-1.635,45.097,1.196
2,-44.430,-43.163,2.878
2,-21.049,-28.342,6.170
3,19.593,-20.335,0.467
2,-47.446,-26.837,5.769
2,-42.721,-1.571,6.186
2,-31.100,1.558,3.110
2,-34.220,-7.458,5.593
2,21.012,-38.760,2.177
2,4.399,-32.839,3.409
2,-5.210,28.951,3.607
2,44.432,-1.295,-2.215
2,30.091,9.104,0.113
2,37.008,-23.756,-1.254
2,-27.180,-15.360,5.733
2,22.017,0.196,-1.051
3,-4.498,37.114,3.564
2,0.717,42.870,1.273
4,-3.112,4.446,3.233
2,48.231,47.997,0.827
2,36.408,23.024,1.429
2,42.005,41.294,0.683
4,-4.291,36.041,4.320
2,22.028,41.583,2.023
2,18.650,-21.538,0.233
2,40.157,-31.521,-1.388
2,-23.206,39.571,2.562
2,36.325,3.416,-1.202
2,44.689,-47.964,0.204
3,-17.899,4.984,2.724
2,29.110,48.853,0.975
2,24.812,37.024,1.632
2,-14.056,12.103,1.383
4,-4.785,35.977,3.951
2,-4.394,30.898,3.616
2,31.434,2.585,-0.966
3,-33.504,-40.830,4.037
2,32.924,-2.361,-1.420
2,16.527,5.806,0.227
3,-42.285,18.875,2.470
4,20.819,-23.481,1.261
2,10.357,-23.969,1.013
4,33.032,12.455,1.304
2,32.328,22.890,1.934
2,-14.690,-19.206,4.809
2,-12.034,-42.525,5.997
3,40.032,0.735,-1.510
2,-44.432,-7.731,6.627
3,24.537,-27.070,0.457
4,2.400,26.386,2.978
4,-34.240,-4.176,5.764
2,12.513,21.247,0.874
2,5.905,44.571,1.448
3,-42.011,10.714,3.062
2,-37.004,-5.289,5.371
2,-34.675,-16.015,6.761
2,29.315,49.910,1.013
2,32.430,7.718,-0.063
2,35.282,8.496,-0.577
2,-9.586,-48.766,6.487
2,-5.255,-16.110,3.018
2,-29.012,-39.484,3.984
2,-20.693,9.738,2.067
2,8.075,-5.423,0.815
2,-23.815,-8.132,4.268
2,-35.888,-23.498,5.952
2,-38.249,11.433,2.110
4,17.082,-30.250,3.071
2,-10.087,47.992,2.635
2,-5.124,-16.083,3.015
2,5.929,15.755,0.811
2,-29.621,-10.954,5.904
2,37.440,33.973,0.865
2,44.942,-39.797,-1.601
2,-39.085,-44.849,2.816
2,-47.287,17.738,2.174
2,-2.384,41.565,2.406
2,23.593,-49.038,4.249
3,-6.102,37.005,3.466
2,17.152,-27.145,1.181
2,11.758,44.923,2.317
2,24.346,-23.155,0.330
2,-8.286,-26.837,4.522
2,-7.505,10.258,1.387
4,-34.658,-39.804,4.491
2,36.541,-35.249,-0.899
2,1.278,26.368,2.540
2,-25.880,1.813,2.016
2,45.310,7.401,-2.799
4,-42.662,-11.535,7.773
2,16.359,-30.231,2.001
2,14.979,-23.102,0.889
3,-16.161,2.166,3.339
4,-43.149,-11.228,7.600
2,-10.341,-17.458,4.077
2,10.537,-33.112,3.635
4,-33.784,-10.294,7.249
2,31.992,10.354,0.111
2,0.695,16.884,1.806
2,-45.228,-37.130,3.387
2,-22.724,28.841,2.510
2,18.777,-13.542,-0.818
3,-24.146,39.383,2.916
2,-27.119,0.193,1.987
4,-34.848,-4.631,5.938
2,28.803,-39.575,0.669
2,14.999,-12.282,-0.651
2,-11.703,-38.688,5.372
4,-4.220,36.994,4.098
2,15.200,-20.710,0.944
3,-16.243,4.128,2.894
2,22.764,-12.723,0.000
2,-7.136,-6.162,2.195
2,22.591,-1.131,-1.502
4,-33.439,-40.760,4.492
4,27.556,-13.459,0.268
2,-8.206,-40.481,6.181
2,-11.834,47.375,3.192
2,17.904,-44.998,3.744
4,-43.988,25.106,2.980
2,-39.497,31.953,1.889
2,6.081,-39.462,4.681
2,15.830,-19.807,0.638
2,24.204,-36.455,1.170
4,26.593,-17.053,1.227
2,12.462,35.652,2.660
4,2.959,26.948,3.357
2,-10.606,38.531,2.910
2,-31.559,-23.922,5.975
2,40.017,-20.131,-1.201
2,-43.528,10.941,2.861
2,31.305,-18.340,-0.078
3,-16.971,5.307,2.855
2,-29.079,8.121,1.662
2,-20.776,42.784,3.094
2,46.598,39.228,0.578
2,-49.620,10.616,3.036
2,-44.517,15.790,2.264
2,-42.630,18.659,2.225
2,-21.776,-10.227,4.743
2,-19.421,44.824,3.214
2,33.734,-9.180,-2.110
2,3.677,-36.545,4.056
2,9.011,2.198,0.050
2,13.872,-39.860,3.902
2,36.807,28.671,1.405
2,-5.040,28.998,3.377
2,-13.997,1.074,3.565
2,46.160,37.369,0.642
2,33.770,27.832,1.821
2,-17.697,-30.809,5.350
4,23.308,0.212,-0.452
2,3.273,11.029,0.919
2,27.719,-42.294,1.284
2,-32.978,-47.179,4.059
2,-4.647,-12.485,2.924
2,36.538,5.668,-0.933
4,3.444,26.190,2.921
2,-34.808,37.123,2.224
2,2.063,47.667,0.640
2,-4.603,-47.329,5.815
2,-22.934,46.592,3.168
2,33.585,-6.337,-1.982
2,-0.962,37.781,3.028
2,-15.197,3.944,2.723
2,-21.158,-26.317,6.284
2,-19.925,25.494,2.930
2,28.623,-28.052,-0.492
2,47.946,-34.462,-1.245
2,-21.103,-47.131,4.903
2,-20.319,-33.969,5.178
4,32.105,16.055,2.289
2,37.971,-30.028,-1.182
3,-4.341,39.356,3.364
2,17.461,21.454,1.173
2,29.475,-28.105,-0.488
2,-32.846,14.011,1.303
4,16.899,-21.408,1.942
2,-40.037,4.198,4.552
2,49.195,14.564,-2.709
4,26.510,-11.820,0.392
2,-38.270,-32.887,4.721
2,49.878,-32.160,-1.871
4,3.269,35.978,3.618
2,-40.341,-36.987,3.483
2,-2.844,21.686,2.603
2,-45.526,45.217,2.545
2,-48.122,1.627,5.596
4,-34.147,-12.630,7.377
2,-18.594,1.102,3.040
2,33.498,-26.665,-1.045
2,15.770,-23.647,0.911
2,-44.342,29.765,2.164
2,9.748,0.097,0.079
4,-41.635,24.440,2.675
2,-40.944,46.940,2.582
2,-14.699,23.340,2.937
2,-36.816,39.525,1.730
2,26.587,36.154,1.274
2,-5.397,-34.026,4.114
2,-45.011,8.497,3.596
2,5.334,12.187,0.496
4,23.498,-0.107,-0.621
2,-35.575,-23.062,6.068
2,-9.746,-1.068,3.098
2,13.567,45.303,2.319
2,15.833,-34.646,2.469
2,45.358,48.482,0.742
4,-24.305,57.295,4.419
2,-3.652,-0.391,2.859
2,8.796,36.732,2.240
2,2.368,-20.628,2.185
2,15.265,-40.003,3.604
2,-34.993,1.522,4.361
2,3.702,45.760,0.902
2,-44.363,-19.474,6.852
2,-39.095,43.553,2.127
2,-22.595,39.430,2.610
2,35.784,34.227,0.653
2,7.822,-39.253,4.743
2,7.452,-32.171,3.405
2,28.673,-36.624,0.579
2,-26.102,1.451,1.933
4,-33.766,-4.285,5.796
2,26.820,-8.788,-0.563
2,-40.331,-33.458,4.582
2,-34.798,41.104,2.045
2,-39.923,-40.336,3.207
4,23.949,-26.421,0.807
4,24.139,-26.970,0.480
2,38.695,43.247,0.762
2,-16.338,-0.133,3.493
2,-26.888,0.820,2.066
2,-13.962,42.213,3.515
2,-2.904,8.228,1.883
2,-13.518,-4.664,3.150
4,24.227,-26.912,0.604
3,23.617,-21.674,0.766
2,-2.242,-14.341,2.476
2,17.030,-42.273,3.491
2,19.669,39.954,2.351
2,-42.299,-11.109,6.817
2,32.851,8.279,-0.045
4,-11.677,-13.565,3.901
4,-33.396,-40.296,4.636
2,-31.702,-19.646,6.646
4,-12.046,-42.017,7.548
2,2.824,26.289,2.231
2,4.586,-11.375,0.555
2,27.583,3.116,-0.785
2,-4.622,29.114,3.381
2,-13.947,23.089,2.768
2,13.277,-43.869,4.231
2,18.025,-17.925,0.168
3,-42.558,24.344,2.470
2,-16.800,1.789,3.532
2,-25.845,-10.324,5.105
4,28.517,-16.904,0.891
2,-6.933,-24.290,4.083
2,-3.297,45.521,1.467
2,-7.776,35.204,3.082
2,45.991,12.326,-2.087
4,21.230,-19.307,0.932
4,-19.285,30.755,4.518
2,-43.419,-49.133,2.438
2,-26.697,0.307,1.988
2,-1.540,47.326,0.901
2,-43.153,9.793,3.093
2,4.756,11.172,0.752
3,2.823,36.865,3.110
2,-6.064,28.960,3.388
4,-3.248,-16.526,3.217
3,-16.422,-19.277,5.199
2,-26.554,-21.582,6.185
2,-24.422,2.114,1.990
2,-3.801,-14.613,2.793
2,45.131,-29.662,-1.655
2,-29.467,0.783,2.659
2,-29.243,26.160,2.165
2,-40.176,-38.848,3.379
2,-15.962,4.393,2.920
2,-17.924,17.106,1.947
2,-14.769,-20.433,5.123
2,15.560,27.560,1.643
2,-29.453,42.001,2.294
2,3.662,6.947,1.187
2,30.115,-6.473,-1.378
2,-2.874,47.178,1.149
3,-5.367,36.093,3.426
4,-4.466,3.699,3.651
2,0.223,-0.704,2.731
2,24.509,11.875,0.837
2,21.257,-38.238,2.043
2,-41.984,-42.962,3.010
2,-27.433,27.871,2.174
2,-21.768,-2.787,3.233
2,-14.710,0.650,3.385
4,23.634,-26.312,0.729
4,29.430,-10.740,-0.524
2,-7.987,25.255,3.423
2,32.006,38.224,0.774
4,29.639,-10.792,-0.520
4,-23.125,39.708,3.100
2,34.091,-19.026,-0.607
2,44.864,-39.178,-1.634
2,33.538,-44.417,0.148
3,25.185,-26.401,0.040
2,2.703,27.049,2.407
2,-5.368,34.695,3.122
2,-29.084,33.682,2.584
2,-27.807,29.450,2.048
2,28.454,22.434,2.638
2,29.687,32.190,1.574
2,-1.838,-32.039,3.732
2,-3.542,-10.893,2.324
4,20.485,-22.740,1.509
2,14.264,-13.348,-0.273
2,6.892,-43.002,5.120
2,0.912,-22.709,2.485
2,-29.602,28.574,2.006
2,-24.237,21.210,2.023
2,35.891,-0.068,-1.843
2,17.935,39.138,2.667
2,-26.683,2.659,1.851
2,21.904,16.608,1.474
2,-23.934,9.654,2.044
2,39.077,2.599,-1.442
2,20.294,-19.660,0.311
3,-16.684,5.541,3.036
2,22.484,-35.409,1.224
2,2.395,-23.687,2.193
2,-5.610,-13.941,3.027
2,5.939,-49.517,5.383
2,-32.040,37.798,2.299
2,-6.276,21.737,2.641
2,44.901,30.445,0.325
2,46.540,-31.785,-1.650
2,-44.413,0.515,6.022
2,-3.386,-7.336,2.239
4,-24.715,39.279,3.231
2,-38.131,34.102,1.932
2,16.306,-32.538,2.400
4,14.545,-21.397,1.455
4,16.446,-30.588,3.172
2,23.933,34.033,1.497
2,-47.602,41.033,2.576
2,-28.953,30.627,2.348
2,-32.299,-43.189,4.109
2,-32.675,0.564,3.727
2,-10.078,32.994,3.169
2,28.585,-18.227,0.249
2,-43.207,13.707,2.229
3,-15.627,-19.475,5.470
2,-14.589,-39.006,5.232
2,-23.874,40.114,2.628
2,-45.518,4.544,4.566
2,-8.160,11.256,1.286
3,16.721,-29.672,2.020
2,44.607,12.520,-1.820
2,-36.486,25.560,1.021
2,34.718,26.046,1.722
2,-1.326,-26.747,2.999
2,-12.269,33.459,2.971
2,-43.095,3.684,4.798
4,19.327,-21.732,1.441
2,-45.338,-2.226,6.408
2,-33.959,28.167,1.760
2,-43.564,18.037,1.848
2,8.320,6.444,0.625
2,-19.503,-34.555,5.164
2,-43.648,39.621,2.240
2,34.329,34.623,0.784
4,23.650,-0.899,-1.040
2,-1.737,43.774,1.626
2,-23.131,44.505,2.980
2,-26.793,26.774,1.892
3,24.021,36.796,2.030
2,17.616,-35.967,2.484
2,-36.420,-28.202,5.459
4,2.782,36.817,3.334
2,-25.196,0.046,1.982
2,46.405,-19.841,-2.240
2,-34.927,-35.182,4.324
2,30.645,-13.374,-1.279
2,34.009,19.084,1.413
2,-43.347,47.533,2.608
2,-16.556,24.331,2.913
4,-4.924,37.073,4.245
2,23.741,29.177,2.050
2,-27.184,8.752,1.793
2,-6.868,-16.560,3.287
2,-45.315,-7.384,6.607
2,18.477,3.708,-0.317
2,-44.260,42.963,2.289
2,-48.395,12.755,2.880
2,-16.020,0.575,3.418
3,14.815,-18.417,1.087
2,-19.142,-6.319,4.153
2,-21.584,31.953,2.963
2,-24.465,1.366,1.957
2,40.083,-8.195,-2.359
2,15.534,-1.108,-0.518
2,12.179,-1.513,-0.054
2,-21.027,-31.732,5.723
2,41.568,-13.957,-2.413
4,3.379,36.813,3.433
2,25.851,-11.702,-0.238
2,40.989,23.936,0.277
2,31.755,-27.867,-0.522
4,3.377,-9.785,2.595
2,27.873,-9.356,-0.680
2,-40.719,45.444,2.394
2,-36.145,-29.754,5.121
2,18.032,35.219,2.445
2,14.973,-35.438,2.900
2,41.009,-17.303,-1.817
2,-9.930,35.813,3.113
4,28.581,-12.732,-0.125
2,-40.176,-20.728,6.248
2,-26.565,-4.559,3.863
2,-36.777,-22.287,6.153
3,3.667,36.250,2.879
2,22.785,-13.351,0.060
2,-24.180,41.792,2.677
3,-5.642,40.480,3.300
2,-6.051,-17.533,3.218
3,-43.409,11.088,3.230
2,-44.651,-39.042,3.073
4,24.746,-25.631,0.468
2,2.880,-28.675,2.747
2,-12.253,11.470,1.189
4,37.764,-0.020,-1.165
2,-37.570,-38.261,3.505
7,-93.473,96.126,-37.714
2,26.105,-29.894,-0.316
2,13.252,-32.825,3.037
4,2.887,25.723,3.303
2,-7.336,-49.571,6.812
2,-47.609,-40.615,2.600
2,45.391,-19.305,-2.366
2,-17.261,-30.366,5.357
2,10.707,29.288,1.809
4,3.678,37.814,3.372
2,-31.525,8.559,1.806
2,-8.984,-31.261,4.174
3,-10.227,33.345,3.364
2,44.815,29.735,0.211
2,23.212,-6.098,-0.928
4,27.731,-15.518,0.533
2,-23.522,40.139,2.579
2,25.851,-17.456,0.467
2,-33.735,23.255,1.130
2,-28.925,-38.903,4.028
2,-31.692,29.777,2.291
2,-42.176,-13.955,6.746
2,2.589,26.605,2.655
2,-8.835,-23.551,4.669
2,-18.847,18.070,2.061
2,-4.955,21.677,2.626
2,2.870,36.005,2.659
2,-46.058,-38.874,2.847
2,34.812,-24.096,-1.179
2,14.874,-43.861,3.994
2,-35.630,-6.621,5.459
4,23.267,-26.780,0.861
2,-5.856,-35.462,4.609
2,-1.306,-40.679,5.106
2,-30.022,25.072,1.639
3,-4.371,-15.832,3.302
2,16.820,-30.664,2.016
4,-32.944,-39.298,4.567
2,31.264,0.023,-1.291
2,37.123,10.885,-0.518
2,-17.398,-33.255,5.161
4,-22.910,39.882,3.261
2,8.577,-8.893,0.450
2,48.787,-19.864,-2.408
2,12.846,40.328,2.463
2,43.369,-49.301,0.548
2,-18.497,-46.467,5.433
2,44.190,23.376,-0.928
2,38.827,15.397,-0.512
2,-7.988,47.534,2.173
2,20.482,-24.589,0.321
4,18.754,-21.631,1.824
2,-18.937,7.956,2.130
2,-31.210,-47.743,4.028
2,-33.370,-13.276,6.500
3,23.758,36.606,1.636
2,-4.076,-19.946,3.211
2,19.804,-47.709,4.183
2,29.023,-27.440,-0.564
2,-7.313,29.134,3.316
2,1.295,27.786,2.440
2,46.466,14.995,-2.360
2,-49.583,-2.088,6.292
2,27.628,-16.924,0.035
2,3.125,26.488,2.135
2,-38.940,-35.275,4.276
2,18.342,37.959,2.677
2,0.922,49.329,0.213
2,37.225,-0.195,-2.205
2,-8.488,23.244,3.228
2,-36.460,-5.000,5.499
2,40.440,36.707,0.542
2,-1.096,46.315,0.977
2,-42.953,19.662,2.093
2,48.917,9.720,-2.920
2,-29.618,3.400,2.495
2,48.719,-28.027,-2.254
2,-38.507,25.940,0.955
7,-44.035,-23.762,-4.445
4,19.577,-21.855,1.225
2,-11.193,17.071,1.934
2,-34.954,-5.120,5.243
2,18.220,-15.872,-0.172
2,13.094,-32.256,2.852
2,-24.166,-15.485,5.365
2,26.849,23.592,2.857
2,23.617,29.718,2.024
2,-4.469,40.316,2.860
4,24.746,-27.471,0.565
2,27.135,-13.260,-0.266
3,18.024,-22.652,0.657
4,-33.188,-11.264,7.288
2,27.248,6.411,0.054
2,11.230,-33.437,3.523
2,40.887,-27.733,-1.136
2,16.783,-7.252,-0.915
2,-9.197,-17.744,3.839
2,4.743,32.752,2.457
2,-6.582,-18.226,3.220
2,38.762,-0.660,-1.950
2,40.591,-37.317,-1.048
2,-14.912,2.201,3.589
2,4.716,30.067,2.175
2,-38.971,4.931,4.227
2,-28.955,-41.500,4.011
2,43.107,29.269,0.261
2,24.434,-37.289,1.312
2,30.506,-3.591,-1.455
2,-28.696,-47.389,3.868
2,-27.517,-41.876,4.034
2,23.955,-32.557,0.581
2,25.178,8.976,0.316
2,27.995,19.837,2.108
2,9.835,-4.508,0.472
2,47.592,39.663,0.814
2,-10.357,18.693,2.538
3,27.084,-17.902,0.829
2,-22.376,-10.463,4.820
2,13.144,-33.524,3.224
2,-23.745,3.935,1.848
2,39.497,-3.890,-2.380
2,20.733,-33.432,1.412
2,-35.959,33.881,1.973
2,22.728,-8.507,-0.623
2,-22.822,-22.537,6.000
4,-11.973,-13.865,3.559
2,-41.549,-49.093,2.672
4,28.426,-16.800,1.006
4,18.606,-17.316,1.183
2,-43.222,-11.837,6.628
2,-19.089,-32.644,5.483
2,35.280,-0.237,-1.640
3,-10.521,33.448,3.393
2,5.009,20.851,1.424
3,-23.797,40.779,3.179
2,23.801,23.515,2.542
2,49.100,-9.512,-2.437
2,-22.908,48.166,3.075
2,-16.994,-1.166,3.545
2,-34.087,18.882,1.270
2,-45.067,32.651,2.262
2,-30.398,10.164,1.514
3,-16.130,5.866,3.027
4,-42.066,-9.684,7.788
7,-102.213,11.865,-41.714
2,39.411,42.497,0.614
2,14.772,35.091,2.857
2,48.191,12.660,-2.444
3,28.070,-8.782,-0.495
4,27.726,-11.900,0.620
2,25.105,48.981,2.013
4,-33.927,-2.951,5.072
2,-10.376,-39.121,5.631
2,18.449,-29.029,1.393
2,-0.278,0.137,2.917
2,27.114,-8.186,-0.503
2,11.838,-34.740,3.851
2,-19.670,31.231,3.159
2,-39.704,28.121,1.540
2,28.393,-8.489,-0.692
2,-46.659,-4.218,6.362
4,28.720,-17.386,0.735
4,-34.283,-39.390,4.461
2,-22.512,9.745,2.189
2,9.350,36.667,2.280
4,27.025,-12.415,0.510
2,-37.611,0.167,5.353
2,-45.425,-33.266,4.759
2,-12.662,-36.057,5.187
2,-7.098,-19.728,3.805
4,-12.249,-15.603,4.365
2,-49.311,30.205,2.505
2,-8.308,-2.283,2.745
2,5.056,-32.354,3.489
2,-49.691,-12.630,6.594
2,-36.366,-34.503,4.386
4,24.817,-26.335,0.683
2,0.163,-14.643,1.978
4,16.581,-29.871,2.578
2,-17.576,-19.209,5.259
4,-4.236,3.512,3.732
2,-30.543,27.900,2.190
4,18.380,-25.776,2.611
2,15.480,-14.422,-0.300
2,29.793,28.428,2.140
4,26.848,-17.865,1.369
2,-31.733,14.716,1.383
7,-16.219,91.292,-3.317
2,-24.157,40.736,2.656
2,25.325,38.883,1.601
2,-47.662,-23.274,6.397
2,24.114,38.967,1.800
2,29.722,0.013,-1.655
2,39.796,1.287,-1.679
2,11.553,23.034,0.874
2,48.786,44.119,0.842
2,-17.838,-2.780,3.583
2,8.357,-23.828,1.433
3,24.545,-25.623,0.246
3,40.695,22.773,0.005
2,-6.512,20.215,2.521
3,23.623,36.109,2.084
2,-36.694,-35.902,4.127
2,21.761,-4.893,-1.216
2,41.758,-45.670,-0.400
2,-42.246,-18.725,6.771
2,32.876,6.151,-0.500
2,3.797,36.477,2.624
2,-26.763,0.344,1.905
2,14.882,-13.714,-0.270
2,-16.428,5.122,2.712
2,-39.888,-6.452,5.778
2,-4.265,35.176,3.153
2,27.033,-17.945,0.433
2,-0.268,-24.600,2.407
3,-17.032,6.150,2.959
2,-25.544,-14.277,5.606
2,-6.144,35.649,3.085
2,14.488,-18.282,0.658
2,-9.783,-46.503,6.219
2,-45.200,0.700,6.045
2,5.261,-12.039,0.469
2,-16.924,-38.877,4.952
3,-42.993,9.627,3.145
4,-4.067,37.548,4.001
2,40.463,44.118,0.894
2,15.490,-24.856,1.216
2,-16.799,1.244,3.357
2,13.611,-18.067,0.824
2,37.742,-27.367,-1.337
2,41.694,-40.123,-1.302
2,-6.421,-14.380,3.080
2,-17.711,35.464,2.843
2,-27.749,21.169,1.511
2,-47.403,-20.123,6.746
2,27.146,-22.273,0.551
2,44.319,-4.284,-2.315
3,-17.535,4.632,2.768
2,-49.107,16.636,2.519
2,38.377,-23.484,-1.193
4,18.503,-25.689,2.568
2,-48.127,35.031,2.389
2,-3.771,-22.723,3.229
2,44.487,9.559,-2.314
3,18.829,-20.719,0.469
4,-34.070,-40.060,4.596
2,12.900,-25.999,0.930
2,22.708,-29.983,0.675
2,48.517,30.359,0.306
2,9.682,-7.401,0.522
4,24.128,-27.966,0.737
2,-29.891,-22.614,6.149
2,5.757,-9.269,0.474
2,26.996,17.484,1.362
2,-11.680,21.409,2.575
2,16.927,6.227,0.200
2,-36.591,27.570,1.252
2,-30.651,-40.922,3.883
2,-9.655,-18.471,3.975
2,-4.633,31.237,3.456
2,-10.310,-12.755,2.926
2,-18.367,-26.830,6.116
3,28.728,-8.088,-0.491
4,-24.186,40.990,3.368
7,37.887,-31.442,-5.633
2,-4.883,45.835,1.621
2,-14.566,0.662,3.469
2,-43.194,26.244,2.201
2,-31.962,47.945,2.811
2,-45.372,31.534,2.457
2,-27.253,24.947,1.904
2,21.119,-37.681,1.939
2,-3.620,-43.045,5.924
2,39.961,-39.271,-1.218
2,34.109,2.014,-1.294
2,3.742,12.331,0.696
2,40.867,-36.840,-1.225
4,-11.538,-41.027,7.459
2,-24.932,33.315,2.207
2,-7.193,-17.815,3.529
2,-15.376,1.062,3.594
2,36.971,-49.466,0.260
3,41.420,21.312,0.077
2,11.275,-30.514,2.674
3,41.651,22.508,-0.121
2,-9.725,33.205,3.238
2,41.496,-9.814,-2.539
4,24.559,-27.364,0.619
2,-7.832,-37.354,5.340
2,47.486,32.618,0.547
2,-6.109,39.621,2.775
2,-43.506,18.258,2.051
3,-35.351,-3.658,5.260
2,15.521,-42.085,3.619
2,37.994,41.302,0.558
2,13.972,-34.027,2.945
2,37.774,6.792,-1.064
2,-4.095,33.933,3.341
2,19.831,47.629,1.853
2,-6.770,23.356,3.255
4,26.352,15.602,2.320
2,-27.279,30.338,2.273
2,10.848,-49.854,5.226
2,-30.264,-46.579,4.095
2,-17.386,16.177,1.818
2,-39.677,33.660,1.956
2,2.109,7.408,1.345
2,-1.409,34.401,3.237
2,23.304,-42.882,2.649
2,-44.740,41.112,2.289
4,18.351,-21.912,1.610
2,13.102,-8.508,-0.122
2,-17.326,49.961,3.070
2,-39.617,36.097,1.940
3,-16.076,5.341,2.892
2,-47.991,44.022,2.213
7,96.218,40.099,-48.339
4,-3.916,35.855,3.827
2,-48.221,48.230,2.026
2,-31.653,-24.465,5.880
2,25.402,22.575,2.622
2,-7.510,12.778,0.998
2,-43.409,-11.060,6.840
4,-18.483,5.492,3.013
2,-2.434,44.445,1.607
2,-44.210,8.423,3.599
3,-35.613,-1.807,5.455
2,46.986,-13.741,-2.478
3,-43.047,11.170,2.983
2,48.519,-42.420,-1.121
3,-5.000,36.453,3.506
2,33.063,11.727,-0.019
2,48.678,47.233,0.820
2,29.958,7.392,0.064
4,2.998,26.653,3.226
2,20.198,27.687,2.062
2,-3.376,5.772,2.493
2,-9.091,21.470,2.875
2,-6.577,-16.460,3.303
2,-33.793,35.290,2.126
7,-74.625,71.841,-32.336
2,39.082,21.716,0.523
2,25.625,-41.406,1.655
3,25.330,-27.154,0.042
2,0.435,6.329,1.412
2,-35.698,-26.180,5.745
4,24.461,36.390,2.098
2,27.690,-30.929,-0.079
2,-43.478,22.559,2.282
2,-26.312,9.291,2.045
2,-26.346,-26.631,6.334
2,5.355,-10.256,0.422
2,43.770,31.330,0.387
2,-2.719,-46.220,5.862
2,-15.822,-21.630,5.429
2,-41.249,10.663,2.684
2,19.260,-47.355,4.124
2,-20.566,-22.099,5.653
2,-29.971,36.314,2.229
2,12.914,-11.280,-0.227
2,33.353,8.519,-0.097
2,-3.761,29.695,3.558
2,-39.836,2.699,5.103
2,-45.790,16.413,2.263
2,-28.549,-10.561,5.624
4,-35.407,-4.572,5.892
2,13.919,16.246,0.546
2,-22.331,-18.743,5.459
2,-41.615,-48.333,2.635
2,-36.477,8.728,2.625
2,40.660,2.776,-1.708
2,5.638,-29.123,2.714
2,-30.957,24.461,1.597
2,38.210,-20.917,-0.873
2,-44.052,9.686,3.243
2,41.167,21.240,-0.265
4,-18.388,30.881,4.653
2,-6.993,22.150,2.895
2,-34.605,22.150,0.846
2,-27.909,-40.160,3.973
2,5.109,-48.165,5.465
2,15.630,-21.072,0.928
2,13.808,-8.543,-0.357
2,-44.152,10.394,2.855
2,-40.623,11.717,2.167
2,4.249,4.288,1.125
2,36.647,17.717,0.648
2,-43.222,18.167,2.163
2,-36.614,-32.498,4.710
2,-33.161,26.563,1.634
4,-4.540,40.560,3.374
2,20.996,45.968,1.700
3,25.303,-27.251,0.112
4,-34.223,-3.847,5.948
2,4.510,4.997,0.952
2,27.542,27.489,2.147
2,-33.308,-6.012,5.089
2,30.738,22.428,2.257
2,40.750,23.142,-0.121
4,-18.448,4.747,2.977
2,47.898,2.360,-3.261
2,1.926,1.668,2.113
2,-35.884,-24.130,5.988
2,-9.922,-43.941,6.354
2,-47.140,-22.273,6.392
2,-32.471,38.413,2.297
2,-14.991,33.226,2.855
2,-20.031,33.707,3.091
2,27.088,41.511,0.973
2,-12.915,-10.036,2.897
2,-25.584,2.278,1.957
2,44.012,-37.969,-1.768
2,-44.982,-23.035,6.302
2,-6.506,46.819,1.701
2,27.357,-8.630,-0.746
3,41.511,21.232,-0.276
2,27.954,1.590,-1.257
2,48.538,24.523,-1.329
2,28.650,-30.357,-0.197
3,41.875,21.083,-0.297
3,3.431,37.248,2.588
2,-28.941,-26.105,5.912
4,-23.483,39.655,3.208
2,-26.702,44.529,2.721
3,-16.187,4.512,2.924
2,2.107,26.273,2.167
3,-10.400,33.214,3.344
2,47.811,43.284,0.723
2,-17.904,-23.764,6.017
2,-5.974,-16.135,3.013
2,-21.210,7.440,1.914
2,14.791,42.610,2.487
2,47.830,8.477,-2.891
2,-21.812,6.057,1.788
2,3.495,43.688,1.355
2,28.844,21.296,2.362
2,-27.437,27.096,1.945
2,25.812,-11.563,-0.246
2,5.823,-16.939,1.621
2,-42.528,-10.695,6.714
2,34.417,-34.321,-0.459
2,-15.461,35.344,2.796
2,23.511,-39.433,2.014
2,-1.201,0.706,2.838
2,8.906,8.759,0.620
2,-16.013,-20.860,5.296
2,-9.223,-46.926,6.291
2,-44.740,31.706,2.233
2,2.104,36.097,2.581
2,38.810,-12.853,-2.241
2,35.365,35.871,0.611
2,-23.848,32.700,2.505
3,-16.466,5.420,2.996
2,-28.898,25.598,2.099
2,-6.613,4.823,2.858
2,35.652,-18.363,-0.935
2,41.141,-44.265,-0.809
2,-31.403,38.899,1.983
4,3.043,36.738,3.265
2,38.723,19.512,0.583
2,38.519,-4.190,-2.396
2,32.202,15.869,0.832
2,45.628,1.886,-2.848
2,29.693,-27.350,-0.532
2,15.054,-9.418,-0.683
2,23.525,34.456,1.535
2,-48.535,-11.026,6.909
3,-10.555,33.258,3.378
2,44.409,40.160,0.621
2,30.270,42.963,0.389
2,-25.461,2.515,1.854
2,-47.864,17.636,2.362
2,-6.211,39.381,3.243
2,37.414,9.363,-0.663
2,-47.990,-21.665,6.749
2,-9.275,24.256,3.361
2,20.217,-45.263,3.468
2,-32.081,-11.178,6.277
2,-26.472,42.399,2.661
2,39.279,27.990,1.011
2,29.508,5.780,-0.324
2,-32.301,-47.114,4.004
2,6.633,10.607,0.467
3,-23.828,38.797,2.959
4,29.305,17.058,2.132
2,-22.756,-30.409,6.112
2,-3.672,-18.704,2.832
2,14.563,-16.411,0.311
2,-26.682,1.286,1.926
3,-10.786,33.222,3.371
2,-7.443,37.454,3.010
2,-9.664,33.162,3.173
2,49.790,15.301,-2.715
2,-15.437,0.532,3.581
2,-11.066,30.280,3.368
2,27.083,-8.452,-0.724
2,-9.817,33.323,3.203
2,-10.190,33.585,2.979
2,26.659,-23.394,0.336
2,-39.132,-34.631,4.500
2,2.371,26.457,2.214
2,13.544,30.586,2.276
4,23.272,-0.920,-0.401
2,-46.599,-46.996,1.723
2,26.060,-22.059,0.476
2,-10.571,36.253,2.960
2,-26.990,25.114,1.886
2,5.065,-3.210,1.244
2,-19.829,-4.892,3.667
2,-4.725,-45.662,5.992
2,16.214,23.375,1.092
2,-40.683,21.026,1.711
2,24.161,-17.702,0.654
3,-16.598,5.718,2.958
2,13.752,24.502,0.969
2,-46.259,7.995,3.884
2,-47.270,47.900,2.255
2,-35.712,-20.801,6.389
4,37.512,0.671,-1.491
2,-17.021,6.359,2.464
2,5.189,-24.456,1.702
2,-46.246,0.544,6.024
2,-36.053,-47.805,3.408
2,-11.261,-43.078,6.241
4,17.181,-30.010,3.171
2,7.050,-27.664,2.121
2,-18.278,10.515,1.951
2,41.982,-16.503,-3.866
2,29.427,48.354,0.918
2,-15.305,5.591,2.809
2,-32.393,42.070,2.028
4,3.403,36.208,3.467
2,36.134,25.138,1.648
3,-15.883,4.462,3.012
2,-30.649,-38.528,4.241
4,-4.242,36.513,3.884
2,-9.714,-13.977,3.020
2,-12.892,-48.226,6.159
2,-46.728,45.187,2.326
2,-2.157,-2.366,2.317
2,-28.501,-36.965,4.496
2,43.886,-18.883,-2.685
2,45.868,-32.807,-1.457
2,44.580,-21.721,-1.991
2,49.537,-48.428,0.260
2,31.776,41.791,0.374
2,-7.032,28.507,3.426
2,-7.290,44.256,2.193
2,47.347,-47.945,0.132
4,-14.601,7.122,2.914
2,-35.868,-40.680,3.713
4,24.933,36.097,2.136
2,-42.255,23.637,1.798
2,9.262,-46.809,4.947
2,21.087,-24.664,0.286
2,-34.498,-26.663,5.568
2,6.972,4.723,0.488
2,-34.485,-0.645,4.703
2,-29.403,12.418,1.721
2,-25.165,0.562,1.983
4,-3.258,3.715,4.299
2,-40.133,-44.864,2.852
2,-18.663,-2.280,3.543
2,-30.994,-18.995,6.680
2,-43.001,9.735,2.892
2,-28.409,27.826,2.114
2,2.317,23.925,2.434
2,7.958,9.556,0.476
4,-43.743,24.799,2.823
2,33.166,42.560,0.624
4,24.834,-26.631,0.585
2,13.989,47.401,1.819
2,22.285,42.932,1.849
2,6.758,48.226,0.967
2,-40.288,49.533,2.734
2,-18.799,-8.507,4.041
2,-6.346,21.201,2.620
3,-41.732,25.280,2.239
2,4.830,-25.341,1.795
3,24.413,-27.568,0.104
2,-27.828,30.006,2.211
2,22.040,-25.361,0.309
2,-19.788,3.812,2.211
2,-34.415,-36.563,4.286
2,-6.763,-28.702,4.211
2,-36.145,37.526,1.919
3,24.643,-26.341,0.044
2,37.955,0.121,-1.957
2,-15.286,-13.152,3.554
2,13.400,-48.194,4.714
2,-28.537,26.556,1.919
2,20.011,36.561,2.272
2,49.650,-23.686,-2.612
2,6.317,45.033,1.340
4,27.674,-16.940,0.719
2,-37.632,18.983,1.080
2,-39.287,-14.604,6.748
2,25.391,4.966,-0.223
2,45.274,8.539,-2.595
2,-9.715,26.642,3.164
2,-5.261,-18.164,3.221
2,-40.082,-23.822,6.047
2,-33.932,-13.430,6.497
2,-24.624,39.673,2.616
2,33.232,16.190,0.601
2,20.628,-40.771,2.578
2,17.938,-7.970,-1.122
3,-24.364,41.279,3.018
3,-16.108,-19.742,5.449
2,37.608,14.702,-0.547
2,23.556,28.203,2.219
2,-45.470,15.262,2.359
2,35.050,-13.465,-1.711
2,6.926,36.121,2.261
2,-35.618,20.368,0.916
2,48.518,39.340,1.087
2,9.271,-24.181,1.380
2,-15.037,-2.881,3.539
2,14.208,-15.051,0.138
2,22.854,25.420,2.559
2,43.456,-27.161,-1.585
3,-34.765,-3.059,5.022
4,-4.154,-16.001,3.338
2,2.664,-6.114,1.000
3,3.258,26.436,2.360
2,-21.563,8.963,2.064
2,22.843,49.464,2.054
2,28.903,-16.937,0.093
4,-5.468,36.735,3.897
2,5.750,-42.247,4.973
2,23.911,-37.097,1.358
2,-16.852,41.034,2.955
2,42.652,-9.111,-2.330
4,-35.114,-2.188,5.606
2,-12.493,-39.529,5.387
2,-46.324,6.290,4.160
2,38.928,9.245,-0.857
3,25.470,-26.762,-0.013
2,-45.653,5.955,4.075
2,-36.006,-2.576,5.115
3,24.195,-25.985,0.482
2,46.535,35.107,0.734
2,31.018,29.448,1.974
2,-20.549,17.820,2.050
2,-19.957,-25.861,6.373
2,-28.685,27.601,1.999
2,23.104,29.163,2.136
4,23.030,0.027,-0.651
2,-3.849,-26.908,3.658
2,-31.279,22.540,1.574
2,24.204,-25.952,0.049
2,46.875,-26.297,-1.836
4,16.828,-31.019,2.936
2,-10.526,33.229,3.035
3,39.290,-0.758,-1.617
3,-15.022,6.386,2.967
2,-1.922,-20.467,2.629
2,-48.080,-19.393,6.855
2,-35.257,17.298,1.343
2,-14.089,2.393,3.066
2,32.937,19.735,1.614
2,42.135,-4.614,-2.008
4,18.914,-20.775,1.089
2,-22.904,11.405,2.444
4,26.046,11.048,1.291
3,40.703,21.334,-0.045
2,-15.585,-49.334,6.340
4,14.649,-21.112,1.684
2,-27.489,-0.154,2.045
4,25.074,-26.845,0.885
2,49.463,45.314,0.918
2,-37.779,27.688,1.245
2,-34.734,45.827,2.208
2,22.977,-1.064,-1.513
2,41.970,14.397,-1.281
2,28.279,-3.457,-1.282
2,1.142,40.835,1.919
2,-6.248,39.554,3.272
3,-34.615,-40.210,3.909
2,-43.375,10.791,2.851
2,20.144,-47.285,4.041
2,-17.884,-44.983,5.154
2,-48.244,-20.041,6.898
2,-9.832,36.757,2.914
4,28.435,-18.236,1.215
4,-42.310,24.303,2.867
2,27.767,-39.326,0.841
2,41.377,-48.828,0.614
3,24.606,-27.349,0.403
2,13.459,-38.676,4.065
2,-10.344,40.618,2.976
2,44.959,38.471,0.487
4,24.266,-25.679,0.475
2,14.487,-4.241,-0.389
2,24.352,37.433,2.038
2,-11.396,-42.085,6.035
2,-28.233,-43.950,4.211
2,-42.353,28.112,2.066
3,23.932,0.300,-1.538
2,-26.353,-2.756,3.187
4,-35.472,-3.505,5.415
2,27.951,22.185,2.707
4,17.267,-30.053,2.883
2,-34.963,-40.262,3.771
2,-49.957,2.125,5.290
2,26.792,-10.200,-0.763
2,-6.665,43.436,2.198
2,49.037,35.116,1.062
2,-11.146,33.331,2.981
2,-32.907,-3.300,4.371
2,-32.196,-21.426,6.541
2,13.893,5.831,0.460
2,37.565,48.799,-0.116
2,22.161,8.951,0.623
2,35.631,-39.808,-0.818
3,-41.936,-11.187,7.123
3,3.381,36.666,2.845
2,44.717,14.632,-1.826
2,-14.943,20.932,2.594
2,34.122,-42.842,-0.182
2,-15.780,12.217,1.517
2,15.953,-2.276,-0.593
2,33.953,43.525,0.530
2,-21.958,-15.486,5.295
2,6.603,20.592,0.863
2,-38.600,20.945,1.187
3,-4.398,-16.238,3.197
2,22.215,-28.170,0.747
2,-24.023,11.259,2.309
2,-17.552,15.414,1.723
2,-44.964,10.645,3.050
2,38.002,-13.571,-1.960
2,29.852,-12.809,-1.167
2,-11.072,-8.665,2.408
2,-28.025,26.493,2.133
2,-28.270,0.826,2.297
2,-4.125,14.691,1.504
2,12.251,-31.609,2.867
2,-2.992,38.786,2.789
2,46.178,25.078,-0.983
2,-47.152,43.800,2.364
2,2.538,-27.113,2.413
2,32.282,15.584,0.799
2,49.045,13.857,-2.731
2,0.714,23.833,2.936
2,40.726,-38.168,-1.102
4,-34.809,-2.332,5.403
2,41.624,-33.006,-1.376
2,-33.579,9.438,2.090
2,49.962,49.067,0.921
2,40.009,34.088,0.562
3,23.409,-27.116,0.283
2,-23.116,-49.434,4.405
2,26.766,-19.708,0.575
2,-22.275,0.482,2.139
2,41.297,-9.026,-2.487
2,-40.650,15.695,1.816
2,31.247,47.324,0.573
2,-44.171,-0.886,6.307
2,-4.185,31.083,3.377
4,-19.289,30.131,4.173
4,23.666,-0.175,-0.623
2,1.257,33.300,2.842
2,-41.179,-8.183,6.245
3,-42.391,49.946,2.641
4,-16.279,3.509,3.549
4,-34.312,-10.443,6.874
2,44.963,-6.117,-2.078
2,-13.094,5.278,2.581
2,-3.556,17.763,1.889
2,-24.075,-14.261,5.483
3,7.308,-35.747,4.525
2,33.467,13.647,-0.099
2,23.704,37.191,1.646
2,-28.084,25.546,2.086
2,45.529,41.580,0.598
2,-5.418,20.451,2.398
2,-6.184,28.302,3.592
2,3.684,36.572,2.691
2,-13.980,-2.322,3.246
2,-46.729,49.122,2.025
2,11.943,-3.322,0.294
2,24.331,37.653,2.102
2,26.605,3.962,-0.597
2,20.323,29.362,2.139
2,26.827,0.587,-1.729
2,22.618,2.030,-1.163
4,-33.275,-2.969,5.820
2,33.179,-0.127,-1.355
2,33.128,4.077,-0.747
2,41.767,-14.475,-2.398
2,15.337,41.135,2.574
2,49.495,-17.632,-2.520
2,14.145,-46.443,4.479
2,40.964,22.519,-0.239
2,-36.647,-7.502,5.633
2,-1.948,-43.576,5.767
2,-29.213,11.302,1.726
2,-14.598,1.615,3.343
2,27.292,19.221,1.905
2,12.601,46.463,1.909
2,-21.306,42.174,3.016
2,-23.007,-28.383,6.327
2,-18.688,13.308,1.662
2,-33.227,7.386,2.231
4,28.542,-17.661,0.876
2,-6.044,-15.709,3.016
3,-4.208,-15.863,3.273
2,-3.563,-38.190,5.066
2,15.386,13.599,0.469
2,40.696,21.803,-0.241
2,40.168,-44.469,-0.777
2,14.016,21.574,0.835
2,-45.958,-26.531,5.745
2,24.136,-19.335,0.579
2,-12.108,-24.123,5.224
2,46.653,31.031,0.201
2,0.584,46.998,0.559
2,17.629,17.430,0.711
2,-6.022,-28.193,4.098
2,-42.481,38.914,2.217
7,-31.654,-14.603,-6.153
2,-24.578,40.446,2.669
2,33.946,23.512,1.659
2,-34.394,-34.247,4.312
3,29.136,-9.044,-0.529
3,-16.064,5.939,3.040
3,-16.107,5.620,2.976
2,31.050,-23.438,-0.626
2,32.990,24.427,2.031
2,42.786,7.436,-2.186
3,37.140,27.446,1.431
2,46.387,-8.636,-2.426
2,-16.011,-35.605,4.945
2,-15.271,-14.830,3.841
2,-9.971,12.227,1.060
2,-7.561,-17.034,3.223
2,8.201,10.068,0.450
4,-23.216,40.256,3.251
2,-33.016,22.271,1.269
4,2.211,37.234,3.528
2,-21.131,-14.538,4.963
2,-6.891,27.247,3.607
2,11.702,-17.081,1.104
2,-23.885,39.388,2.467
2,-34.680,9.239,2.427
4,14.549,-21.490,1.690
2,44.016,18.713,-1.563
4,-33.361,-40.279,4.775
2,-28.433,-34.239,5.191
2,-7.640,44.770,2.264
2,-8.406,-34.428,4.658
2,32.755,43.057,0.446
2,-36.266,-2.006,5.508
2,-1.647,29.922,2.842
2,-49.332,-44.851,1.708
2,3.387,36.941,2.690
2,18.157,33.986,2.326
2,35.474,39.309,0.506
2,43.977,1.368,-2.465
2,-49.747,28.683,2.065
4,-10.505,-14.730,4.227
2,-29.243,15.518,1.624
2,36.871,19.745,0.978
2,48.420,49.245,0.820
2,-16.671,-34.927,4.934
2,-12.800,-38.136,5.361
2,-35.568,-29.444,5.235
2,-36.552,6.212,3.169
2,-44.594,-20.021,6.824
2,-13.612,12.598,1.355
4,16.067,-30.275,2.969
2,-35.048,2.185,4.062
2,35.311,33.458,1.117
2,8.971,-41.155,4.538
2,23.533,-29.047,0.393
2,-32.099,40.781,2.193
3,-42.574,-9.830,7.085
2,37.654,-43.286,-1.078
2,-36.094,-29.062,5.301
2,5.430,43.138,1.719
3,-23.592,40.209,3.341
4,-33.993,-10.476,6.815
2,-47.866,-13.018,6.893
2,-8.014,3.392,2.983
2,-43.283,-37.107,3.382
2,-43.781,10.999,2.986
2,33.335,31.182,1.586
2,-13.512,-44.249,5.806
2,4.438,17.683,1.430
2,48.699,12.917,-2.555
2,22.366,-31.369,0.828
2,-48.736,1.449,5.587
2,19.852,34.727,2.051
2,-32.987,-20.781,6.693
2,-11.369,23.193,2.923
2,-0.235,28.376,2.736
2,-26.653,-7.741,4.405
2,36.457,-47.406,0.108
3,-42.652,9.887,3.154
2,40.545,22.692,-0.013
4,-15.388,-19.259,5.830
2,47.548,19.404,-1.785
2,-25.302,-1.225,2.381
2,-28.607,38.241,2.249
2,-32.827,-13.654,6.470
2,-2.010,3.367,2.339
2,-1.025,21.488,2.349
2,-16.320,-20.585,5.668
2,25.885,-47.512,3.329
2,-27.841,1.442,2.188
2,-42.767,25.440,2.250
3,27.156,-15.874,0.290
2,-4.436,36.383,3.177
2,-16.002,4.597,2.771
2,-3.912,30.076,3.614
2,-42.349,17.270,2.081
4,24.639,36.850,2.162
4,18.415,-22.743,1.607
4,2.992,26.527,2.885
2,30.517,19.019,1.674
2,-37.719,21.924,0.912
2,13.224,12.635,0.536
2,46.158,-2.711,-2.597
2,-31.973,18.480,1.170
2,-22.693,39.506,2.846
2,-27.703,26.336,2.067
2,32.604,-4.992,-1.640
3,-38.554,29.905,1.861
2,39.341,33.474,0.795
2,3.181,-35.960,3.896
2,-11.128,-35.001,5.066
3,-10.883,33.262,3.348
2,-38.194,-3.905,5.761
2,-19.159,10.715,1.986
2,10.467,-22.424,0.931
3,24.525,36.044,1.920
2,-44.942,40.427,2.315
2,30.623,-33.924,0.121
2,-34.054,-39.786,3.801
2,-40.344,47.486,2.554
4,-34.034,-3.895,5.645
2,29.741,-3.105,-1.356
2,-5.637,39.300,3.236
2,-6.156,-14.653,3.054
2,-23.466,-35.733,4.906
2,-21.545,22.536,2.365
2,31.967,26.159,2.294
2,-5.754,43.399,2.045
2,20.255,-10.951,-0.974
2,-11.680,-16.195,3.891
2,49.011,40.893,0.896
2,34.612,-28.314,-1.098
2,40.772,45.682,0.815
2,-48.348,45.115,2.178
2,14.601,-46.012,4.294
2,17.433,-22.817,0.624
2,-19.965,-10.175,4.372
2,40.205,45.410,0.866
4,26.321,-17.938,1.473
2,-40.874,29.562,1.944
2,-13.704,26.876,2.905
2,10.339,38.455,2.331
2,-38.177,41.753,1.938
4,25.069,36.763,2.061
2,-16.666,34.470,2.775
2,13.591,-40.839,3.898
2,-43.582,18.983,1.870
2,-17.639,-32.280,5.161
2,-39.910,-39.458,3.320
2,-32.728,-29.781,5.303
2,29.396,-0.529,-1.564
2,49.987,-1.024,-3.510
2,33.761,-21.534,-0.588
2,-44.058,-22.986,6.400
2,15.871,30.370,1.798
2,47.203,-14.311,-2.419
2,41.213,-17.869,-1.831
2,-44.660,24.375,2.345
2,-14.216,-49.051,6.191
2,-25.113,43.490,2.691
2,-45.277,39.845,2.345
2,-15.178,-20.293,5.692
2,-21.850,37.543,2.375
2,-17.659,1.140,3.181
2,7.867,-29.826,2.550
2,-7.968,-14.164,3.189
2,-45.856,-46.229,2.135
2,8.524,-43.750,4.859
2,-30.348,41.135,2.254
2,36.889,1.563,-1.669
2,-29.568,-17.002,6.097
2,-7.187,13.451,1.019
2,-15.415,-35.418,4.949
2,21.939,-23.322,0.220
3,-17.243,4.619,2.724
2,-21.117,10.377,2.219
2,-24.152,40.614,2.560
2,-22.078,-40.369,4.667
2,-44.562,25.011,2.200
4,24.939,-25.741,0.421
2,-27.706,39.286,2.204
2,-17.976,14.009,1.736
2,-40.521,-41.889,2.926
2,27.328,23.315,2.834
2,38.854,44.930,0.879
2,35.786,-4.277,-2.196
2,-2.473,-1.493,2.626
3,41.968,22.508,0.013
2,-48.825,-35.087,3.987
2,34.912,45.778,0.426
4,-5.012,39.613,3.471
3,24.768,-26.255,-0.032
2,10.409,7.021,0.675
2,-33.696,3.725,3.446
2,-39.059,-1.173,5.868
2,-44.154,9.662,3.033
2,8.369,40.039,2.024
4,-33.824,-2.787,5.577
2,-11.096,11.768,1.149
3,-9.700,33.216,3.379
2,-30.809,33.832,2.540
2,33.469,15.698,0.355
2,-18.377,49.438,2.826
3,24.852,36.398,1.996
2,-35.354,32.568,1.908
2,35.520,-43.078,-0.544
2,-27.229,49.694,3.307
2,-30.981,-22.615,6.319
2,24.395,-26.507,0.044
3,23.709,-27.023,0.344
2,-41.473,-3.722,6.179
2,-30.741,-35.800,4.711
1,-35.158,15.684,1.417
2,41.085,3.464,-1.834
2,-10.819,-30.742,4.325
2,33.337,-15.909,-1.054
2,7.176,36.762,2.210
2,-23.837,48.029,3.211
4,2.563,26.649,2.994
2,30.098,22.898,2.393
2,-35.409,-2.109,5.028
2,-12.254,-45.466,5.899
2,-26.750,1.384,2.064
2,34.327,42.874,0.646
2,15.661,20.884,0.805
3,2.725,37.005,3.148
2,12.798,-9.492,0.018
2,-21.719,-24.976,6.460
2,-16.089,0.640,3.506
2,-37.642,43.176,2.007
2,-17.740,11.523,1.740
3,27.994,-10.490,-0.489
2,4.506,-4.000,1.233
4,-43.159,-11.318,7.770
4,25.981,-11.685,0.515
2,13.613,-1.010,-0.212
2,-27.355,-45.721,4.045
4,32.751,14.729,1.735
2,43.371,48.742,0.492
2,28.027,-27.540,-0.589
2,4.884,-17.942,1.820
2,48.804,48.134,0.880
2,-18.225,-22.343,5.613
2,31.431,31.707,1.712
4,3.084,36.737,3.399
2,-29.318,47.132,3.103
3,27.965,-8.708,-0.524
2,25.041,36.624,1.569
2,34.762,-22.683,-0.836
2,-48.248,-24.950,6.363
2,-4.780,33.953,3.204
4,16.660,-23.515,1.589
2,-8.308,-10.339,2.479
2,21.645,-41.795,2.474
3,-12.074,-15.950,3.986
2,28.074,36.879,1.141
2,-10.895,15.272,1.542
2,8.226,45.231,1.736
2,7.167,40.121,1.976
2,28.479,-32.721,0.030
2,10.931,4.881,0.518
2,16.474,17.312,0.724
2,46.790,27.143,-0.601
2,-1.770,18.932,2.224
2,-24.491,33.690,2.300
2,33.011,10.412,0.058
2,-0.322,48.943,0.186
2,7.708,-23.197,1.457
2,-46.365,-8.845,6.677
4,31.674,16.261,1.698
2,-46.502,20.364,2.177
4,19.502,-22.157,1.499
2,-30.700,-44.436,4.129
4,3.094,36.327,3.343
2,-43.643,9.170,2.845
2,-20.215,19.020,2.248
2,-27.593,15.142,1.887
2,-36.074,19.447,1.083
4,3.338,36.700,3.331
2,-38.541,-2.322,5.805
2,-19.509,15.870,1.768
2,22.371,20.481,2.044
2,-25.887,-26.247,6.416
2,10.363,3.567,0.171
2,-3.396,36.382,3.211
2,41.091,-36.279,-1.288
2,20.106,-46.423,3.768
2,31.518,9.992,0.117
2,-30.480,48.398,2.928
2,15.455,-21.832,0.833
2,2.260,26.857,2.238
2,-48.943,-23.505,6.620
3,-10.068,-15.153,3.560
2,-5.673,29.644,3.377
2,26.450,-47.405,3.196
2,-12.719,34.851,2.973
2,16.129,-37.885,3.288
2,-3.577,38.388,2.886
2,-27.532,-44.539,4.045
4,-5.406,40.166,3.459
2,2.878,-3.063,1.358
3,-44.530,26.628,2.840
2,-25.992,-5.545,3.956
2,-6.180,-15.659,3.260
2,-25.181,29.073,2.226
2,22.519,-32.802,0.862
2,-42.950,26.314,2.246
2,19.557,-39.907,2.498
2,-13.825,1.942,3.347
2,-4.460,30.564,3.505
3,28.841,-9.469,-0.526
4,27.259,-12.690,0.270
2,9.369,0.578,0.039
2,-43.627,10.918,2.667
3,41.001,22.363,0.063
4,-42.146,10.803,3.106
4,23.850,-28.106,0.652
2,23.828,8.858,0.501
2,10.677,47.101,1.700
2,-3.942,-2.059,2.440
2,-46.868,28.311,2.471
3,27.408,-10.743,-0.560
2,-25.512,0.765,1.985
2,-33.992,-39.707,4.058
2,1.089,47.212,0.649
2,-6.527,-33.798,4.256
2,41.979,-13.115,-2.508
2,12.323,-36.695,4.046
4,-35.721,-2.684,5.804
2,3.232,25.850,2.229
2,29.467,-48.544,2.188
2,37.266,-45.507,-0.307
2,-27.586,18.836,1.632
2,-12.782,6.286,2.271
2,-43.339,-1.865,6.313
2,-28.061,8.247,1.614
2,-23.884,39.080,2.598
2,-11.425,3.566,3.096
2,-39.025,6.558,3.777
2,-4.706,-2.731,2.416
2,-6.331,-45.439,6.201
2,-43.067,-2.495,6.269
2,-13.322,32.076,3.404
2,-34.047,-47.501,4.034
4,-43.651,-10.328,7.470
2,47.457,38.865,0.820
3,-49.838,6.318,4.666
2,47.348,24.585,-1.173
2,23.087,38.320,1.850
2,-21.631,-19.294,5.670
2,10.261,35.485,2.398
2,43.671,-29.468,-1.592
2,29.090,-45.306,1.665
2,31.164,-34.407,0.040
3,-15.684,-20.345,5.959
4,-42.510,-11.445,7.726
2,-25.482,-31.702,5.727
4,16.318,-30.841,3.160
2,36.348,-16.801,-0.972
2,-48.482,-41.193,2.460
2,-2.192,45.454,1.281
2,-32.870,-4.799,4.798
2,-16.635,43.195,3.358
2,-35.287,-45.387,3.735
2,-27.698,-20.503,6.247
2,-25.768,11.248,2.104
2,9.157,-4.635,0.526
2,-16.905,9.382,2.253
2,-40.726,-39.242,3.440
2,-1.283,-32.186,3.654
2,-31.020,-30.186,5.043
2,28.405,49.251,0.986
2,46.490,18.376,-1.863
2,3.427,15.291,1.259
2,31.154,-25.103,-0.687
2,4.357,46.876,0.871
2,26.288,18.401,1.488
2,23.860,-12.572,0.097
3,-42.435,10.309,2.904
3,28.353,-48.672,2.578
2,34.404,-25.276,-1.332
2,49.889,-12.954,-2.193
2,-13.413,42.066,3.395
2,-1.533,-15.375,2.245
2,-10.973,-15.774,3.866
2,40.605,-7.740,-2.282
2,48.726,7.741,-3.080
2,-43.096,-29.213,5.430
2,-28.809,25.692,1.917
2,-36.808,-1.909,5.473
2,24.791,6.138,0.361
2,25.351,-19.990,0.595
2,-19.933,-0.212,3.198
2,1.682,11.549,0.968
2,29.059,-12.283,-0.842
2,-15.911,-18.110,4.702
2,38.269,-40.520,-1.098
2,-40.810,-34.676,4.317
3,29.362,-9.965,-0.708
2,47.698,-5.573,-2.613
3,-24.002,40.976,3.177
2,-5.948,10.072,1.460
2,27.074,-11.361,-0.492
2,-9.016,-34.125,4.638
2,-41.165,33.103,1.976
2,-40.918,17.111,1.810
2,13.544,6.596,0.580
2,16.301,41.977,2.367
2,3.263,-16.611,1.647
2,4.473,6.828,1.072
2,-16.290,-10.531,3.829
2,39.682,2.194,-1.994
2,-21.126,18.314,2.095
2,47.767,33.785,0.753
2,-34.963,-2.407,4.942
3,20.974,-18.648,0.804
2,-22.776,-1.958,2.795
2,-27.534,-26.111,6.221
3,26.191,-13.615,0.068
2,10.196,45.966,1.856
2,46.187,26.892,-0.579
2,4.798,-9.930,0.542
2,21.164,41.151,2.230
2,33.560,-4.724,-1.803
2,-1.967,-36.318,4.250
2,-35.746,-2.353,4.891
2,-49.324,-25.395,6.435
2,-35.613,18.884,1.141
2,-23.345,6.820,1.745
2,-21.620,17.717,1.986
2,24.184,7.340,0.426
4,29.670,-10.621,-0.461
4,-33.462,-11.928,7.148
2,5.344,-19.307,1.923
4,-3.952,3.423,4.211
2,35.016,36.370,0.693
2,8.682,-31.434,3.195
2,-29.064,-37.009,4.502
2,31.112,-5.787,-1.714
2,5.427,-24.978,1.591
2,-3.121,-1.379,2.650
2,-10.646,33.606,3.298
2,-10.084,-11.447,2.781
2,-14.956,0.696,3.529
4,25.657,14.670,2.246
2,39.715,19.902,0.200
2,32.085,1.015,-1.276
2,16.868,-17.753,0.239
2,36.843,-12.611,-2.039
2,42.700,-1.168,-2.174
2,10.591,5.895,0.645
2,42.097,-1.264,-2.145
2,-30.658,34.459,2.582
3,41.870,21.073,-0.301
2,-8.022,15.648,1.636
2,-0.053,24.177,3.067
4,1.635,-10.763,2.726
4,29.749,-8.607,-0.561
3,-33.874,-39.924,4.359
2,42.461,13.193,-1.341
2,-2.554,35.767,3.238
2,-39.179,16.269,1.766
3,40.781,23.066,0.062
2,-16.543,-19.437,4.979
2,-8.116,-42.099,6.302
2,2.616,27.009,2.146
2,29.429,-38.530,0.341
2,40.701,22.536,-0.175
2,30.258,-17.323,-0.147
2,-4.680,30.995,3.455
4,29.832,-16.666,1.092
2,27.255,-9.431,-0.451
7,-5.046,-40.738,-9.403
2,9.599,-30.704,2.798
2,40.855,-34.058,-1.220
3,-12.911,-15.922,3.879
3,-35.782,-2.604,5.594
2,-5.809,39.397,3.110
2,-49.917,11.740,2.659
2,-35.313,-32.583,4.611
2,14.060,20.421,0.666
2,25.927,3.418,-0.882
4,14.360,-20.215,2.429
4,18.041,-18.034,1.298
2,16.949,43.506,2.118
2,6.470,33.816,2.451
2,-38.084,-26.851,5.578
2,-42.220,18.288,2.257
2,6.082,14.640,0.613
2,-21.680,-1.362,2.779
2,-32.700,6.886,2.409
2,-29.779,27.039,2.078
2,33.146,-42.588,0.103
2,-22.973,1.365,1.823
2,-15.880,33.968,2.855
2,46.808,-40.574,-1.298
3,23.690,-27.424,0.066
4,-41.938,24.440,2.479
2,19.393,-42.679,3.206
2,-42.652,-0.062,6.059
2,3.089,36.509,2.567
2,-28.986,-21.576,6.163
2,-10.446,26.797,3.129
2,-4.855,30.297,3.598
4,-11.467,-13.845,3.605
2,44.708,-49.265,0.339
2,16.119,32.761,2.289
2,-28.642,17.350,1.552
2,-6.014,3.757,2.994
2,-37.509,-9.385,6.023
2,-41.225,-34.234,4.248
4,-35.872,-2.230,5.648
2,28.244,9.565,-0.035
2,41.164,21.524,-0.296
2,-4.821,40.265,2.771
4,-33.847,-40.389,4.412
2,-32.679,-49.953,3.953
2,-5.503,41.027,2.762
3,41.603,21.483,0.069
2,-32.157,-44.134,4.081
2,-10.995,37.814,2.804
2,-40.790,-25.045,5.754
4,3.385,36.796,3.390
2,45.210,14.299,-1.860
2,-27.610,27.711,2.175
2,25.780,46.012,1.230
2,49.914,-20.675,-2.656
2,46.966,30.030,0.218
2,47.966,10.110,-2.714
3,-10.241,33.043,3.389
2,19.787,37.049,2.344
2,-46.376,-16.196,6.760
2,-39.777,1.619,5.458
2,-29.387,32.235,2.580
2,-10.846,32.775,3.284
2,-13.648,1.022,3.380
2,-28.643,25.613,2.218
4,-33.707,-5.156,5.509
2,11.098,27.315,1.447
2,20.263,31.571,2.044
2,25.316,2.500,-1.383
2,-13.814,-22.100,5.230
2,2.161,26.657,2.135
3,-24.888,39.543,2.820
2,29.379,17.124,1.432
2,24.904,-25.950,-0.175
2,1.874,12.226,0.949
2,-8.216,-23.048,4.389
2,-17.477,-7.994,3.855
2,-46.749,-6.584,6.579
2,43.749,-8.842,-2.146
2,12.065,-36.177,3.957
2,-24.678,-46.780,4.302
2,-17.178,-28.794,5.636
2,19.078,-16.937,0.080
2,-48.333,40.460,2.535
4,19.444,-21.777,1.700
3,-35.888,-3.018,5.292
3,24.395,36.201,1.881
2,36.111,37.996,0.271
2,-48.651,29.384,2.510
4,30.259,-10.884,-0.442
2,-29.022,-0.790,2.881
4,24.860,37.028,2.078
2,-22.719,-16.465,5.252
2,-19.429,-29.443,5.852
2,43.409,-43.342,-1.109
2,-4.340,-28.404,3.751
2,46.160,-1.286,-2.707
2,-35.034,-5.959,5.337
2,39.969,-16.115,-1.668
2,46.523,48.411,0.825
3,38.858,-0.457,-1.544
2,-48.178,29.658,2.633
3,-16.362,5.418,2.949
3,42.471,22.573,-0.181
2,0.781,27.530,2.509
2,-5.494,-33.199,4.088
2,-46.408,-29.791,5.423
2,-33.104,36.128,2.291
2,10.914,-7.876,0.354
2,-36.957,41.686,1.880
2,19.469,33.265,2.066
2,17.870,18.096,0.852
2,-35.352,-4.817,4.992
2,-43.536,0.751,5.997
2,-30.357,28.810,2.166
3,-16.799,5.991,2.996
2,42.410,41.761,0.642
2,-11.311,-18.617,4.531
2,10.292,31.185,2.130
2,-43.618,-38.433,3.299
4,-23.017,39.569,3.384
2,17.099,-10.275,-0.886
2,28.113,-18.910,0.279
2,22.514,-0.929,-1.552
2,-34.698,-30.596,5.045
2,26.819,-30.054,-0.385
2,0.471,1.148,2.562
2,-40.814,-12.539,6.863
2,15.450,-32.587,2.544
2,-24.931,32.105,2.242
2,42.394,23.022,-0.304
2,-17.933,-9.410,4.161
2,-6.948,-46.503,6.113
2,-23.834,1.790,2.006
3,-10.707,33.318,3.445
2,19.264,37.557,2.473
2,-45.158,34.362,2.261
2,26.556,-2.796,-1.341
2,37.575,19.861,0.909
2,23.399,21.809,2.342
2,-3.758,44.633,1.619
2,-31.017,-6.471,4.718
2,31.727,8.264,0.049
2,-4.800,29.159,3.455
2,19.045,-22.105,0.198
3,-13.400,2.616,3.591
2,32.199,-8.533,-1.913
2,-45.120,-18.988,6.728
2,27.158,-9.855,-0.496
2,-6.135,-15.964,3.160
2,-11.517,-15.946,3.572
2,-28.700,11.934,1.847
2,-16.856,15.368,1.738
2,-31.773,44.664,2.500
2,2.275,26.769,2.543
4,-42.945,-10.678,7.763
2,-14.044,20.175,2.246
2,-43.237,23.976,2.291
2,-17.874,23.825,2.761
2,35.958,24.431,1.731
2,-48.334,25.524,1.942
2,-11.822,-22.410,4.823
4,24.020,-0.861,-0.978
2,8.829,0.585,0.181
2,14.510,9.100,0.617
2,2.047,-39.123,4.390
2,27.732,-8.012,-0.771
3,-15.675,-45.968,5.760
2,-27.693,-30.724,5.805
2,-9.327,35.308,3.094
3,-4.654,-13.767,3.284
2,29.531,-30.178,-0.262
2,45.578,37.963,0.608
2,-5.135,30.699,3.610
2,5.130,-16.279,1.532
2,-21.201,40.303,2.853
2,46.956,19.542,-1.807
2,45.832,-8.820,-2.306
2,-22.582,45.952,3.134
7,42.640,30.238,-10.528
2,22.187,3.648,-0.651
2,-24.754,-28.080,6.272
2,6.195,-40.114,4.815
2,-40.297,44.208,2.090
2,-46.500,20.991,2.050
2,-10.453,-20.330,4.485
2,16.538,-17.274,0.231
2,-47.017,1.889,5.553
2,-41.207,-3.161,6.113
2,15.591,32.483,2.175
2,35.840,-6.012,-2.202
2,11.418,-34.071,3.770
4,-22.701,40.172,3.207
2,18.931,36.733,2.533
4,28.213,-15.247,1.099
2,-33.157,-4.050,4.664
2,38.932,28.982,1.236
3,-4.152,-15.108,3.022
2,-4.554,-17.471,3.034
2,-40.470,12.238,1.931
2,18.412,13.316,0.757
2,12.105,-22.955,0.775
2,39.231,-47.734,0.091
2,7.770,28.806,1.599
2,14.290,42.813,2.484
2,-14.001,39.537,2.990
2,-2.837,-2.705,2.126
2,19.709,49.368,2.048
2,26.167,-17.009,0.243
2,-33.819,8.008,2.387
2,-40.734,-36.602,3.578
2,27.017,19.929,2.083
2,48.503,28.346,-0.503
2,-45.195,-19.897,6.697
2,6.057,9.932,0.498
3,-17.715,-21.110,5.884
2,-49.328,11.364,2.863
3,25.440,-18.584,0.896
3,-42.187,18.732,2.385
2,24.145,-18.668,0.596
2,48.962,-6.091,-2.950
2,-43.583,11.241,3.054
2,-33.723,-40.121,3.730
3,25.003,36.644,1.881
2,44.977,19.343,-1.598
2,-26.574,-7.207,4.281
2,15.462,23.244,0.957
3,14.650,-21.335,1.413
2,-40.711,-40.926,3.097
2,-43.269,-42.049,2.900
2,20.261,-4.457,-1.052
3,23.880,-26.879,0.206
2,30.487,48.743,0.992
3,28.577,-10.197,-0.513
2,24.567,-26.378,-0.117
2,36.822,-31.148,-1.299
2,41.643,2.904,-1.917
2,30.619,8.893,0.054
2,28.310,48.700,1.011
2,8.629,-0.524,0.473
4,12.870,-41.754,5.249
4,21.053,-17.505,2.159
2,-39.003,-13.018,6.779
2,-41.103,-26.718,5.662
2,-40.484,-5.442,5.840
2,-15.588,1.787,3.421
2,20.874,-28.046,0.885
3,-3.344,40.305,3.194
2,26.954,-12.955,-0.191
3,-12.244,-41.313,5.935
4,19.502,-20.883,1.625
2,-20.829,-16.979,5.329
2,-35.474,-42.651,3.753
2,-0.346,1.845,2.666
2,-28.432,-4.022,3.756
2,29.126,-8.458,-0.972
2,-19.152,-46.204,5.179
2,-9.582,24.732,3.418
2,34.394,-3.735,-1.717
2,-10.319,-13.951,2.967
2,-38.974,-8.211,5.839
2,5.566,34.734,2.398
2,-22.106,-47.882,4.701
2,-5.855,41.047,2.964
3,-16.131,5.600,3.031
2,17.024,14.864,0.571
2,-0.357,-40.729,4.920
4,2.322,-10.792,2.389
2,-5.892,-14.898,3.251
2,34.820,13.859,-0.296
7,11.733,-39.095,-6.283
4,-5.680,35.745,4.245
2,-32.976,29.831,2.162
2,47.645,29.879,0.142
2,15.231,-31.481,2.521
2,-33.858,-48.678,3.864
2,-30.750,17.603,1.284
4,-35.852,-2.337,5.563
2,7.115,32.377,2.243
2,-17.295,4.295,2.649
2,-44.113,24.694,2.366
2,-27.523,27.946,1.999
2,18.849,-8.930,-1.226
4,24.548,-27.134,0.538
4,9.869,88.956,1.276
2,-14.082,-44.458,5.600
3,27.787,-9.492,-0.545
2,29.156,-44.650,1.490
2,35.472,-17.706,-0.892
2,-24.550,16.580,1.911
4,25.514,-26.860,0.503
2,-10.070,-32.233,4.396
4,-42.888,-9.979,7.555
2,-41.645,-17.339,6.897
4,-34.206,-11.141,7.287
2,43.486,26.047,-0.390
2,-11.132,47.323,3.018
2,-29.493,-3.703,3.783
4,-43.447,24.040,2.782
2,-42.671,27.681,2.119
2,0.109,-49.979,5.677
2,-34.479,-44.637,4.023
2,41.093,22.205,-0.302
2,-15.746,39.115,2.839
2,16.951,31.245,1.801
2,29.028,-17.164,0.083
4,2.685,26.621,2.932
3,-10.123,33.025,3.386
2,-42.560,-11.762,6.701
2,-43.158,37.322,2.093
2,-3.231,4.233,2.601
2,-42.556,9.114,3.024
2,-47.332,-11.774,6.897
2,-16.528,-44.567,5.191
2,14.089,-14.174,-0.110
4,3.579,36.704,3.345
3,27.939,-9.560,-0.541
2,-43.445,-25.690,5.955
2,-25.344,-43.501,4.144
2,31.469,23.148,2.171
2,-6.794,-9.110,2.326
4,-6.473,36.593,3.843
2,34.558,-6.105,-2.138
2,45.402,-0.275,-2.549
2,33.776,-32.821,-0.607
2,1.535,8.143,1.257
2,-47.863,31.681,2.687
2,3.666,42.667,1.619
2,-19.365,34.237,2.981
2,-2.268,12.029,1.360
2,-17.042,3.680,2.724
2,-24.319,-30.667,6.043
4,27.440,-17.260,1.102
2,-11.891,-35.048,5.035
2,35.818,2.678,-1.360
2,-2.952,-44.565,5.980
3,-44.279,26.593,2.868
2,44.342,7.367,-2.646
2,27.269,-44.475,2.016
2,0.328,7.875,1.218
2,-49.798,16.561,2.509
2,-20.149,14.427,1.663
2,5.196,-35.116,4.029
2,2.303,26.316,2.334
2,-17.435,-18.632,5.050
2,-3.713,30.273,3.554
2,47.348,-16.412,-2.447
2,-4.553,29.333,3.640
2,-43.572,-34.742,3.916
3,-17.081,3.343,2.938
4,-44.028,25.221,2.785
2,-12.915,-23.514,5.309
2,-32.068,28.694,2.160
2,32.568,-49.374,1.418
2,24.907,27.986,1.988
3,-13.880,-12.022,3.117
2,-21.633,49.654,2.850
2,33.091,17.991,1.143
2,27.034,-12.897,-0.257
2,41.922,-32.457,-1.301
3,-10.135,32.907,3.384
2,20.087,-29.893,1.211
2,-27.618,26.568,2.108
2,-22.273,21.444,2.190
3,18.792,-25.853,1.103
2,-23.671,26.052,2.273
2,13.341,5.721,0.511
2,-2.756,39.809,2.735
2,-16.607,-20.207,5.585
2,-36.835,-44.821,3.277
2,23.568,-26.444,-0.045
2,6.389,-2.638,1.071
2,30.674,47.972,0.819
2,40.938,-21.456,-1.460
2,44.399,-39.645,-1.628
2,-19.918,29.704,3.065
2,14.360,49.826,1.652
2,30.287,30.831,1.736
2,-34.269,35.690,2.235
2,-14.813,1.390,3.489
2,-5.323,30.386,3.577
2,39.261,9.965,-1.027
3,-4.994,41.110,3.217
4,27.508,-12.408,0.707
2,7.405,-3.585,0.986
2,-0.698,-37.636,4.127
2,48.965,-2.985,-3.290
2,-5.340,28.720,3.519
2,7.669,-48.614,5.387
2,-47.008,-0.560,6.351
2,13.292,-15.273,0.452
2,15.902,15.139,0.431
2,-18.251,-29.133,5.743
2,45.288,35.690,0.577
2,26.111,-43.675,2.199
2,3.395,43.160,1.466
2,-19.891,-45.876,4.846
2,1.972,41.935,1.587
2,-4.819,29.237,3.604
3,40.349,-0.364,-1.715
2,-14.268,4.900,2.691
2,-11.233,-6.643,2.375
2,4.533,49.280,0.497
2,-19.241,-30.924,5.673
2,-49.174,28.041,2.072
2,-12.299,48.303,3.011
3,27.244,-10.097,-0.502
2,37.756,-16.381,-1.264
2,34.007,-10.985,-1.941
2,-29.545,21.695,1.348
2,-9.445,-25.825,4.620
2,-3.544,29.221,3.495
2,36.386,33.990,0.704
2,-37.164,32.604,1.899
4,19.333,-22.337,2.147
4,-12.239,-41.393,7.185
2,-17.612,24.744,2.963
2,49.406,19.836,-1.933
2,16.054,-7.047,-0.881
2,26.327,-38.857,1.247
2,-39.619,40.379,1.922
2,10.414,-34.163,3.954
2,-15.223,-26.772,5.592
2,38.686,41.762,0.555
2,42.812,39.282,0.537
2,5.487,-22.969,1.675
2,1.499,-22.655,2.382
2,3.746,46.506,0.834
4,-24.170,39.201,3.215
2,8.844,-39.977,4.645
2,37.058,-22.911,-0.884
2,-7.825,33.555,3.011
2,21.407,38.815,2.069
2,30.607,47.267,0.722
4,20.243,-18.932,1.143
2,-9.161,-13.825,2.994
2,-7.288,-47.892,6.529
2,-24.432,1.427,2.012
2,-7.065,-14.487,3.277
2,-43.142,-10.504,6.694
2,15.596,45.905,2.032
2,1.556,-20.636,2.250
2,10.880,10.508,0.673
2,25.325,-36.182,0.972
4,-42.855,26.091,2.894
2,27.288,-9.975,-0.765
2,-12.388,-15.869,3.603
2,-46.524,35.684,2.169
2,16.111,24.707,1.123
2,-17.658,-38.132,4.938
4,-41.944,-10.934,7.802
2,-27.199,-18.734,6.211
2,32.891,12.130,-0.120
2,-40.563,33.266,1.973
2,11.199,23.496,0.928
3,-25.473,39.077,2.819
2,-47.124,32.423,2.451
2,49.916,-11.689,-2.214
2,-15.440,0.341,3.506
2,-14.100,1.266,3.329
2,35.802,-22.241,-0.828
3,25.076,36.939,1.778
2,4.728,38.975,1.960
2,-49.277,35.227,2.255
2,12.596,32.132,2.475
2,-44.731,-0.677,6.286
2,-0.895,-6.822,1.652
2,-3.358,29.537,3.278
3,26.170,-16.332,0.953
2,-39.645,-35.610,4.121
2,49.302,-19.197,-2.484
2,-49.734,-38.256,2.694
2,9.214,-23.164,1.276
2,-23.994,-28.223,6.361
2,-47.619,32.870,2.525
2,9.256,20.285,0.751
2,-42.756,-35.855,3.726
2,-5.355,40.212,2.749
2,21.862,-29.964,0.860
2,-4.534,39.154,2.810
2,36.963,-11.005,-2.294
4,27.769,-11.617,0.727
3,-4.261,-15.827,3.019
3,23.542,-27.643,0.193
2,23.643,-37.807,1.619
2,-22.228,2.666,2.044
2,44.922,-19.913,-2.363
4,15.888,-19.619,1.336
2,17.363,14.270,0.549
2,-19.770,5.033,2.189
2,2.229,-19.593,2.059
2,34.369,29.528,1.769
2,18.568,48.531,2.137
2,-2.913,-18.782,2.839
2,28.101,-18.645,0.190
2,49.974,45.471,0.943
2,-2.955,-35.449,4.197
4,28.338,-13.775,0.444
2,1.633,-10.793,1.372
3,2.393,35.537,3.122
3,27.655,-47.152,2.757
2,15.397,22.058,0.994
4,26.715,-16.976,0.898
2,27.564,-6.486,-0.763
4,17.945,-30.677,3.005
3,16.869,-30.347,2.131
2,34.356,28.516,1.726
2,-38.849,-11.155,6.661
2,-5.550,31.146,3.513
2,-32.894,-39.547,3.873
2,5.397,19.448,1.192
2,41.152,-4.623,-2.177
2,40.623,-48.824,0.617
2,-8.364,-0.271,3.005
2,3.601,15.889,1.394
2,-3.628,28.891,3.583
2,-16.873,-10.033,3.940
4,-34.225,-40.048,4.448
2,40.489,21.190,-0.156
1,-4.526,39.932,3.107
2,34.314,-33.121,-0.681
2,21.984,-6.394,-1.122
2,23.172,27.259,2.372
2,11.097,-37.165,4.252
2,-15.543,5.091,2.822
2,31.578,36.578,1.274
2,23.426,-34.703,1.066
2,7.332,14.474,0.561
2,-40.189,-16.364,6.865
3,23.303,-26.493,0.363
2,-8.294,-6.078,2.245
2,-26.696,27.302,2.142
2,-7.891,-49.840,6.827
4,-42.284,-9.415,7.782
2,14.429,-35.589,3.253
2,-4.946,-49.993,6.265
2,20.250,42.240,2.133
2,24.893,-41.556,1.896
2,-5.752,-17.549,3.021
2,-42.825,-36.743,3.516
2,-43.758,10.942,3.108
2,19.978,12.939,1.110
2,-29.834,30.502,2.192
2,-22.265,-8.158,4.454
2,-41.646,30.830,2.115
3,2.684,35.320,3.104
2,7.466,45.314,1.484
2,14.418,43.485,2.475
2,23.359,-25.099,0.042
2,-1.327,-19.354,2.428
4,16.429,-30.170,2.894
3,-49.804,-11.949,6.683
2,-49.973,48.812,1.460
2,47.397,-44.636,-0.722
2,27.512,-28.166,-0.529
2,-4.295,-44.886,5.960
2,27.236,-16.595,0.098
2,6.763,-9.423,0.435
4,29.482,-16.707,1.273
2,-39.892,41.662,1.976
2,16.867,-47.702,4.152
2,-49.722,-25.004,6.546
2,-5.752,40.670,2.827
2,-9.421,15.217,1.754
2,-23.350,41.580,2.775
2,38.162,-43.557,-1.083
2,-4.373,-49.909,5.992
2,-4.461,30.529,3.383
4,2.458,26.241,3.113
2,-39.252,40.805,1.909
2,-35.431,-9.936,6.094
2,14.363,23.717,0.992
4,26.425,-18.142,1.340
4,-3.398,3.528,3.620
2,7.126,-11.780,0.296
2,-21.336,37.039,2.655
2,45.786,47.315,0.842
2,2.244,-1.579,1.928
2,27.768,-7.310,-0.742
2,-16.228,-0.860,3.586
4,-3.541,-13.799,3.275
2,14.254,0.014,-0.422
2,-1.579,20.707,2.378
2,-16.357,36.464,2.854
2,43.650,28.917,0.186
2,-15.345,-1.107,3.586
4,18.134,-30.373,3.193
2,46.115,4.457,-3.027
2,-44.065,6.431,3.919
4,-42.667,-11.307,7.882
2,27.090,-8.250,-0.565
3,28.904,-16.775,0.199
2,30.278,-28.749,-0.352
2,-14.794,2.742,3.306
2,44.581,32.540,0.443
2,-3.722,26.483,3.286
2,1.624,22.662,2.429
3,-16.774,-19.753,5.449
2,-3.380,48.415,1.264
2,43.927,45.291,0.775
2,46.361,-21.173,-2.227
2,-10.637,32.830,2.972
2,-43.776,28.412,2.303
2,46.569,-35.484,-1.352
4,20.461,-21.724,1.508
2,49.053,-48.941,0.393
2,-37.811,25.645,0.848
2,-23.482,31.024,2.705
2,-14.527,-18.168,4.514
4,-5.201,36.140,3.924
2,-40.108,-49.914,2.759
2,-20.719,-2.406,3.227
2,9.695,47.385,1.465
2,-6.307,-38.902,5.785
2,-18.622,-42.909,4.679
2,20.331,4.342,-0.309
2,-10.236,-7.135,2.203
2,-17.668,-27.775,6.007
4,42.302,22.052,0.073
2,-16.415,-29.669,5.277
2,37.224,-6.134,-2.473
2,-8.999,-34.661,4.712
2,-37.550,-40.393,3.644
2,1.702,46.385,0.709
2,36.756,46.111,0.689
2,-23.860,49.896,3.498
2,-44.003,-30.377,5.242
3,-16.380,-20.637,5.829
2,-26.367,4.529,1.972
2,-12.046,14.975,1.437
2,-4.727,29.984,3.535
2,19.305,-44.789,3.543
2,37.440,43.252,0.676
2,-11.191,33.078,3.203
2,-36.864,-8.924,5.935
2,6.906,8.932,0.543
2,7.599,-40.880,4.697
2,-3.171,-44.070,6.049
2,25.390,18.801,1.745
2,-7.951,1.649,3.298
4,-33.586,-5.180,5.753
2,-0.722,-25.508,2.593
2,-49.645,-29.848,5.575
2,-27.243,-23.065,6.076
4,-42.924,-10.937,7.706
2,27.388,-49.942,3.024
3,-16.096,4.782,2.969
2,42.498,16.936,-1.064
2,-1.524,1.949,2.559
2,32.457,-41.508,0.063
2,41.671,4.421,-2.005
2,-1.334,11.007,1.460
2,-43.905,9.604,3.169
4,28.476,-13.154,-0.147
2,-0.465,2.408,2.487
2,-31.337,40.878,2.116
2,-23.517,-30.103,6.140
2,9.367,-21.479,1.080
2,-10.753,34.622,2.971
2,47.071,31.416,0.229
3,-33.692,-3.168,4.902
2,23.720,11.957,0.747
2,-36.467,-4.464,5.417
2,13.308,42.046,2.435
2,-25.798,26.059,2.066
4,-24.483,39.184,3.201
2,-35.022,-1.477,4.926
2,-4.426,-31.520,3.831
2,-47.296,-1.013,6.339
2,49.764,27.677,-0.879
2,-6.741,-15.089,3.303
2,-45.985,39.866,2.372
2,-15.666,-21.557,5.683
3,-12.765,-16.553,4.209
4,-24.296,39.959,3.099
2,-35.239,-43.833,3.921
2,48.201,7.410,-3.068
2,18.982,-4.280,-0.819
2,37.495,26.855,1.333
2,-1.929,39.372,2.641
2,6.667,-31.025,3.086
2,-12.568,6.793,2.058
2,-34.352,49.001,2.809
4,29.794,-8.054,-0.587
4,42.397,21.453,0.009
2,-26.301,21.517,1.502
3,-15.369,6.336,2.943
2,2.790,-42.324,5.142
2,-10.434,33.289,3.006
4,27.854,-12.471,0.615
2,18.574,-38.041,2.269
2,38.413,-22.474,-1.051
4,14.406,-19.988,2.523
4,-24.914,39.804,3.245
2,-41.326,-31.975,4.843
3,5.487,-37.292,4.623
2,-46.811,34.496,2.409
7,-21.368,6.281,-6.034
3,-24.164,39.819,3.074
2,-46.482,-41.725,2.472
2,-16.409,3.114,3.002
2,-8.191,27.982,3.338
2,-31.141,3.642,2.867
2,46.478,46.917,0.771
2,-35.344,23.077,0.881
4,-33.878,-4.359,5.578
2,26.339,-48.131,3.397
2,33.352,36.405,1.009
2,-20.979,-0.539,2.848
2,-13.050,-0.249,3.316
2,2.299,31.773,2.736
2,10.352,-7.623,0.444
2,39.946,20.496,0.141
2,-28.389,-22.492,6.073
2,-3.337,-22.051,2.995
2,-17.328,42.953,3.297
2,29.846,-18.562,0.175
2,12.123,17.331,0.556
2,36.268,40.615,0.727
3,-24.464,-35.430,5.293
2,-12.096,8.736,1.744
2,-14.424,-21.010,5.206
2,-9.539,-7.233,2.236
2,40.373,-16.959,-1.624
2,-39.751,35.558,1.927
3,16.651,-30.018,2.002
2,19.992,32.053,2.020
2,47.782,-43.478,-1.018
2,35.926,-1.211,-1.815
2,42.689,33.717,0.497
2,-20.970,-46.536,4.771
2,-22.598,39.765,3.079
4,-5.599,40.306,3.550
2,9.541,-36.519,4.409
2,41.891,-17.933,-2.125
3,-5.788,40.898,3.178
2,-28.785,-9.010,5.305
2,-9.345,-45.375,6.287
2,-36.818,30.440,1.717
2,24.861,-36.632,1.207
2,42.078,26.879,0.106
2,-45.399,-22.399,6.298
3,3.682,36.644,2.900
2,-16.436,-13.896,3.938
2,-49.701,-37.407,2.882
2,-45.023,6.938,3.924
2,16.973,-37.251,2.875
2,-38.484,35.760,1.889
4,-11.136,-41.608,7.306
2,-45.374,-17.593,6.899
2,48.564,3.172,-3.425
2,-29.545,-49.878,4.055
4,-35.103,-2.066,5.537
3,-5.227,-16.387,3.295
4,28.698,-15.513,0.855
2,8.743,16.760,0.534
2,20.756,-43.737,3.112
2,-16.768,30.001,3.185
2,32.836,23.567,1.957
4,20.656,-17.641,2.017
2,-1.147,48.525,0.534
2,35.705,41.628,0.837
2,-10.627,33.228,2.965
2,-19.449,-22.946,5.850
2,-10.910,-22.060,4.585
2,18.934,-46.885,3.906
2,24.890,-0.374,-2.202
4,-3.687,35.246,3.877
2,22.193,-15.750,0.360
4,-34.087,-10.555,7.386
2,31.208,-37.677,0.153
2,24.269,-5.895,-0.679
2,25.462,15.184,0.987
2,-40.683,-23.418,6.211
2,20.345,-38.502,2.149
3,24.497,-27.979,0.261
2,37.381,4.014,-1.225
4,2.608,26.268,2.926
2,-29.795,-13.934,6.018
2,-48.074,38.351,2.368
2,5.270,18.869,1.232
2,2.907,-46.314,5.889
4,-41.551,-10.863,7.720
2,-47.555,-2.432,6.443
2,-26.437,-25.923,6.374
3,43.428,10.188,-1.803
2,-48.772,-25.373,6.340
2,43.040,-28.176,-1.539
2,-40.953,7.807,3.639
2,-13.568,-0.501,3.382
2,-5.278,31.250,3.545
4,24.575,-26.730,0.647
2,-19.495,8.574,1.890
4,-25.173,39.627,3.150
2,-12.749,17.451,1.841
2,-5.592,37.159,3.115
2,-33.824,-12.323,6.535
2,-0.552,-15.195,2.067
2,10.622,-5.307,0.439
2,-3.790,31.408,3.307
2,48.843,-39.201,-1.280
2,18.826,7.004,0.478
2,46.763,-45.159,-0.564
2,17.609,12.136,0.567
2,-40.386,42.519,2.087
2,25.527,-43.500,2.306
2,-47.789,1.198,5.715
2,-9.911,-34.074,4.695
2,24.480,40.376,1.648
2,38.226,-3.673,-2.382
4,3.533,26.511,3.097
2,-16.033,-20.553,5.416
2,23.488,-0.917,-1.599
2,-28.758,29.827,2.121
2,-19.018,16.312,1.801
2,-32.102,27.062,1.982
2,43.002,-1.644,-2.296
2,-18.709,33.497,3.070
4,40.037,-0.501,-1.375
2,10.630,45.646,1.948
2,-5.269,-10.416,2.471
2,-23.588,-26.992,6.453
2,20.273,7.278,0.344
2,-1.587,-5.177,1.669
2,25.016,16.532,1.270
2,21.927,48.370,1.920
4,3.453,26.178,2.729
2,-39.087,20.178,1.448
2,-15.196,0.922,3.503
2,-26.560,16.589,1.771
2,-21.680,-39.629,4.857
2,47.197,-46.811,-0.268
4,26.733,-18.086,1.323
2,-27.075,6.024,1.598
2,42.327,-19.615,-2.030
2,-5.230,24.840,3.389
2,-6.901,-13.255,3.110
4,3.055,36.427,3.189
2,42.951,-32.967,-1.421
2,-9.054,1.625,3.223
2,-42.180,-5.583,6.207
2,48.772,-32.226,-1.809
2,-43.499,7.471,3.779
2,-15.012,-42.489,5.166
2,-29.119,43.680,2.648
2,12.177,-46.340,4.575
2,-20.219,36.858,2.774
2,-4.166,28.906,3.545
2,16.253,43.713,2.191
2,38.272,-39.010,-0.948
4,-35.111,-4.914,6.099
3,-4.462,4.642,3.072
2,-21.392,44.704,3.046
4,18.948,-20.776,0.843
2,45.811,19.319,-1.721
2,-13.613,-45.612,5.855
2,-20.289,38.589,2.649
2,13.327,34.298,2.593
2,23.367,40.581,1.744
2,8.413,-18.492,1.605
2,8.896,39.867,2.041
2,43.959,42.758,0.677
2,-24.327,-4.934,3.652
2,-41.090,-41.888,3.014
2,-41.951,-27.803,5.664
2,-2.603,1.272,2.765
2,46.032,33.809,0.580
2,-28.203,23.174,1.283
2,-4.181,-26.420,3.657
2,-30.445,1.001,2.959
2,-25.418,-11.114,5.415
2,-38.642,41.446,1.975
2,-16.382,-43.342,4.982
2,16.826,-6.577,-0.902
2,19.491,26.302,1.892
3,27.371,-15.736,0.159
2,-46.246,22.071,1.920
2,2.814,26.629,2.151
2,40.388,23.348,0.251
2,-24.295,38.671,2.566
2,11.965,-20.463,1.132
2,7.935,-12.511,0.351
2,1.237,42.179,1.490
2,-7.590,4.564,2.717
3,2.894,37.820,2.904
2,35.990,21.056,1.181
2,-5.250,22.159,2.676
2,-25.211,39.362,2.589
3,-24.972,-34.368,5.593
2,-4.025,35.606,3.237
2,2.528,-26.197,2.244
2,-27.072,-4.371,3.848
2,30.965,17.320,1.229
2,-3.107,49.420,1.247
2,2.790,27.091,2.168
3,-42.538,24.088,2.473
2,-42.060,-7.938,6.383
2,-32.413,30.915,2.314
2,-20.574,-37.256,5.130
4,-24.710,-34.483,6.204
2,16.911,47.241,1.906
2,42.316,-47.374,0.238
2,17.042,-35.215,2.462
2,-12.985,-13.069,3.031
4,-33.273,-40.637,4.392
4,-42.328,-9.852,7.602
3,-24.318,39.366,2.792
4,-43.094,-10.389,7.843
2,-20.819,37.420,2.724
2,-10.412,9.628,1.414
2,-9.175,2.941,3.165
2,-22.237,-27.475,6.264
2,-43.850,27.760,2.311
2,38.887,32.689,1.073
2,42.744,12.708,-1.333
2,24.300,-14.903,0.303
2,-49.685,-4.564,6.465
2,-40.547,1.168,5.689
4,2.412,26.285,3.260
2,-46.500,37.825,2.204
2,1.198,13.397,1.049
2,33.923,29.076,1.761
2,-41.524,18.264,1.847
3,27.440,-9.916,-0.438
2,-42.058,-36.909,3.536
2,-1.457,-13.112,2.233
7,-34.806,-10.088,-7.521
4,18.324,-16.797,1.210
2,37.566,-26.073,-1.591
2,-25.929,-3.651,3.430
2,23.779,37.055,1.627
2,1.815,37.040,3.085
2,-6.922,37.744,2.953
2,-34.755,-32.837,4.574
2,-20.622,33.222,3.066
2,19.074,21.305,1.774
2,39.596,11.445,-0.966
2,-32.663,15.979,1.426
2,-31.426,-12.819,6.502
2,-46.938,39.728,2.541
2,-42.221,27.344,2.026
4,-42.170,26.270,2.591
2,-32.851,37.950,2.339
2,42.663,-26.036,-1.389
2,28.283,-37.904,0.639
2,-27.897,32.682,2.425
2,17.393,30.252,1.662
2,49.058,25.131,-1.347
2,-19.956,-17.282,5.357
2,-2.114,25.931,3.093
2,-34.798,44.274,1.969
2,3.123,24.778,2.157
2,-4.850,29.250,3.570
4,24.691,-26.332,0.575
2,12.456,-18.671,1.229
2,5.963,6.038,0.700
2,-31.668,-49.896,4.156
2,-4.368,39.066,2.847
2,15.003,5.491,0.423
2,27.880,-17.615,0.147
2,22.602,-29.458,0.646
2,-46.631,-26.958,5.786
2,44.596,-8.794,-2.216
2,-25.917,-41.635,4.226
2,7.613,-40.189,4.745
2,41.230,0.504,-1.928
2,4.284,15.685,1.183
2,32.602,15.108,0.481
3,27.852,-47.657,2.783
2,1.197,-11.524,1.534
2,1.462,35.054,2.756
4,18.770,-25.731,2.736
2,-13.964,-3.847,3.370
4,-36.210,-4.376,5.958
2,41.054,-3.062,-2.215
2,29.486,-16.288,-0.297
2,47.161,39.335,0.682
2,-30.107,18.030,1.291
2,-5.914,-29.040,4.053
2,21.531,-12.658,-0.391
2,0.282,-44.737,5.872
2,-21.451,21.002,2.240
2,-27.828,28.851,2.044
2,3.457,-15.705,1.478
3,23.980,35.911,2.028
2,26.120,45.231,1.166
3,-42.264,10.315,3.040
2,24.288,46.322,1.661
4,20.260,-21.389,1.379
4,-23.073,39.779,3.137
2,29.133,-36.921,0.508
2,-19.652,-35.377,5.141
2,-32.907,-5.636,4.929
4,15.689,-19.898,1.376
2,9.583,15.895,0.663
4,-33.568,-11.884,7.187
2,9.052,14.542,0.583
3,-42.936,10.379,3.064
2,24.159,-0.608,-1.916
2,16.950,-11.362,-0.887
2,3.353,16.913,1.614
2,-11.660,-41.782,5.880
2,-20.809,-40.223,4.905
2,20.797,-36.202,1.822
2,-2.252,29.887,3.016
2,-23.216,40.668,2.621
2,-47.775,20.472,1.947
2,-7.055,-15.083,3.090
4,18.310,-18.589,1.242
2,-29.035,49.869,3.195
2,-46.082,38.374,2.223
2,-36.650,-4.720,5.519
2,-0.830,47.876,0.599
3,38.737,2.151,-1.432
2,-45.624,-1.576,6.317
2,-20.871,-41.061,4.828
2,13.308,-47.660,4.669
2,-0.812,49.982,0.278
4,27.913,-11.214,0.493
2,37.504,40.152,0.354
2,44.860,-3.437,-2.387
2,-28.967,27.425,2.073
4,-5.453,36.756,3.748
2,10.434,-47.132,4.956
3,28.393,-8.752,-0.467
2,-14.996,1.645,3.411
2,49.222,11.552,-2.822
2,38.907,-14.103,-1.880
2,-6.815,-15.811,3.246
2,-42.812,24.536,2.083
4,24.849,36.920,2.137
2,-37.450,23.380,0.945
2,16.363,-11.910,-0.833
2,29.678,17.886,1.505
2,14.686,19.881,0.588
2,-4.054,40.446,2.755
2,34.803,5.728,-0.624
2,-44.531,9.543,3.034
2,24.270,36.825,1.514
2,-21.188,-24.703,6.316
2,-19.705,-19.046,5.662
2,-4.670,29.357,3.578
2,48.678,-16.235,-2.260
2,-42.686,-49.174,2.546
2,-29.903,48.507,3.003
2,17.280,-16.117,-0.124
4,-24.620,40.376,3.209
2,20.948,9.273,0.557
4,-5.728,35.253,3.788
2,-9.734,11.131,1.183
4,-18.725,31.043,4.075
2,-27.649,27.828,1.960
2,43.362,-26.542,-1.373
4,-27.043,24.648,2.113
7,-27.201,-36.489,-7.210
2,39.423,19.268,0.281
2,33.497,-7.678,-2.070
2,36.599,-20.538,-0.672
2,49.753,2.881,-3.325
4,29.670,-10.279,-0.474
2,34.118,-11.699,-1.781
2,-19.856,-31.186,5.728
2,-14.820,-27.840,5.169
2,-14.607,2.595,3.029
2,-16.929,-32.146,5.074
3,-10.426,32.646,3.335
2,-40.073,-11.614,6.810
2,-18.227,-4.222,3.595
2,46.081,-48.258,0.078
4,29.021,-16.723,1.128
2,-46.264,-49.304,2.019
2,40.565,27.216,0.555
2,24.796,-21.309,0.542
2,-33.256,-43.504,4.076
4,-24.226,39.233,3.238
2,37.064,-13.719,-1.821
2,-16.652,-14.606,4.120
2,-34.297,5.097,3.063
2,6.514,17.007,0.545
2,-38.290,15.407,1.751
2,35.560,25.375,1.718
4,22.462,-0.678,-0.387
2,-45.667,-30.978,5.389
2,-47.042,6.295,4.203
2,-0.176,13.722,1.124
2,-27.914,27.115,2.125
2,6.425,12.500,0.184
2,-29.088,26.969,2.025
2,16.075,-43.901,3.915
2,-35.347,-4.562,4.961
4,-43.328,-11.905,7.530
2,15.204,-24.182,1.041
2,11.620,-46.563,4.681
2,-12.922,-17.090,4.355
3,14.338,-21.502,1.360
2,-28.189,26.635,2.169
2,-33.765,10.709,1.844
2,-37.426,34.240,1.816
2,-18.383,42.440,3.212
2,32.986,-0.633,-1.364
2,-39.941,4.853,4.411
2,-11.616,35.800,3.001
4,19.930,-22.310,1.361
4,29.400,-10.872,-0.416
2,-29.652,-25.268,5.956
2,-42.319,-23.171,6.347
2,-19.366,-28.743,5.953
4,-18.248,30.211,5.317
2,5.216,49.637,0.563
2,-26.097,9.820,2.082
2,18.090,-4.470,-0.803
2,-0.464,8.469,1.295
2,-18.061,27.850,3.184
4,18.218,-25.645,2.607
2,48.538,-16.847,-2.358
4,2.439,26.354,3.181
4,25.682,-27.189,0.415
4,24.829,36.791,2.113
4,-11.540,-13.395,4.258
2,28.430,-12.642,-0.627
2,0.601,42.294,1.396
2,-3.737,-35.410,4.242
2,28.506,-10.750,-0.774
4,-5.586,41.226,3.552
2,-37.202,8.347,2.850
2,-27.632,4.532,2.106
2,-42.574,-2.277,6.178
2,-6.060,37.230,3.193
2,35.751,-28.875,-1.179
2,-34.071,-15.821,6.826
4,1.810,36.568,3.344
2,-25.209,40.104,2.561
2,45.435,-2.647,-2.441
4,-17.499,5.660,2.997
4,-35.618,-2.177,5.882
2,24.354,0.688,-1.898
4,25.944,11.521,1.366
2,-23.946,2.449,1.839
2,22.271,-10.021,-0.548
2,11.491,-16.505,1.074
2,-12.790,-24.487,5.486
2,-46.171,-26.010,5.784
2,38.703,-49.941,0.346
4,24.889,-26.152,0.687
2,-42.334,-14.775,6.891
2,-3.629,35.475,3.516
2,-26.058,45.476,2.997
2,-6.147,39.670,3.218
2,16.927,34.286,2.623
2,39.037,-33.720,-1.272
2,48.589,-25.509,-2.379
2,-24.270,42.858,2.762
2,-30.731,-10.170,5.977
4,-23.889,39.411,3.245
2,-42.225,10.015,2.841
2,-20.903,-18.519,5.508
2,25.791,38.221,1.422
4,44.168,-14.258,-2.475
3,23.907,36.023,2.024
2,4.545,-33.541,3.631
2,31.956,39.629,0.581
2,7.614,27.773,1.692
2,-4.055,-8.244,2.387
2,43.124,21.874,-0.904
4,-5.615,40.608,3.336
2,-4.263,28.688,3.408
3,-22.258,40.133,2.973
2,21.349,17.642,1.476
2,20.613,42.733,2.069
2,24.620,4.091,-0.594
2,14.749,-23.645,0.941
2,-3.499,23.847,2.951
2,-22.503,-25.404,6.450
2,34.342,-2.843,-1.680
2,38.170,-29.249,-1.137
2,-38.503,-1.367,5.761
2,-30.423,-16.682,6.165
2,28.107,-8.776,-0.583
2,-36.034,29.001,1.668
2,33.098,-18.274,-0.455
2,42.406,-7.154,-2.208
2,14.852,-17.575,0.462
2,1.380,-44.440,5.752
2,-42.761,-27.128,5.643
3,13.653,-39.516,4.273
2,24.172,30.103,1.928
2,9.059,-6.845,0.661
2,36.436,10.944,-0.502
2,14.273,-37.243,3.624
2,-2.618,28.030,3.085
2,-43.594,36.848,2.135
4,23.945,-28.379,0.652
2,18.567,-6.321,-1.096
2,26.947,-34.161,0.164
2,14.696,-31.935,2.681
2,-33.701,-12.281,6.590
4,-5.006,39.342,3.520
2,-4.821,-16.179,2.954
2,45.681,-20.261,-2.313
3,-23.655,39.595,2.981
2,20.765,-9.483,-0.815
2,-32.453,-38.890,4.015
2,-23.229,-22.899,6.071
2,-42.408,34.789,1.846
2,29.694,-19.623,0.092
2,16.352,43.101,2.235
7,-30.991,33.214,-6.096
2,-4.859,29.318,3.574
2,36.366,14.434,-0.376
2,-10.467,-14.732,3.209
2,-40.967,-48.994,2.702
4,25.846,-13.727,0.481
2,21.954,-39.570,2.160
2,46.329,13.564,-2.173
2,26.386,26.858,2.232
2,32.204,-28.242,-0.653
2,-20.314,30.422,3.146
4,24.454,36.028,2.227
2,-40.562,-0.728,6.072
3,-23.585,38.377,3.063
2,14.163,-45.410,4.271
4,-16.889,7.627,2.949
2,-9.507,33.004,3.169
3,-4.059,-15.598,3.035
2,-19.827,12.084,1.909
4,-4.542,39.487,3.516
2,-12.641,10.558,1.496
2,-43.130,45.515,2.327
2,43.325,-34.032,-1.470
2,-15.716,4.523,2.893
2,33.461,-9.946,-2.052
2,-18.064,46.423,3.087
2,-28.188,-14.592,5.807
4,2.752,36.995,3.196
2,-39.882,6.942,3.802
2,48.001,24.366,-1.293
2,-28.808,-18.980,6.345
2,14.981,41.894,2.472
7,9.903,29.764,-10.106
2,-5.373,-45.653,6.044
2,-49.065,-31.969,5.177
3,41.111,21.637,-0.007
2,32.850,-31.753,-0.465
2,6.710,5.314,0.646
3,-34.500,-39.833,3.910
2,-7.099,-5.605,2.309
2,-23.392,2.421,1.992
2,13.594,39.600,2.581
2,14.946,-41.538,3.751
2,18.797,12.925,0.913
2,42.808,-43.784,-0.958
2,-14.675,-44.128,5.498
4,23.644,-26.637,0.677
2,48.506,-44.162,-1.039
4,-5.595,40.576,3.348
4,27.913,-16.219,1.267
2,25.839,-12.194,-0.175
2,26.538,-17.148,0.101
3,-43.094,10.980,3.094
2,47.527,47.609,0.772
4,2.536,26.344,3.261
2,45.745,-33.556,-1.459
2,-34.748,-31.965,4.751
2,-10.250,33.692,3.285
2,-16.318,-1.576,3.625
2,-35.076,-2.864,4.865
2,44.418,-45.903,-0.293
2,16.722,-15.264,-0.289
2,-23.374,-21.633,5.911
3,28.123,-10.503,-0.548
2,11.454,-44.845,4.583
2,-36.293,-16.060,6.773
2,-44.091,9.829,3.148
2,-43.104,-8.158,6.523
2,4.971,38.474,2.053
2,-3.981,25.691,3.107
7,15.221,30.142,-93.426
2,5.896,18.248,0.870
2,-0.901,-24.151,2.517
3,-34.785,-2.668,5.178
4,18.475,-20.627,1.355
2,31.524,-3.532,-1.518
2,32.254,-19.584,-0.414
2,-15.744,-24.956,5.959
2,-20.004,16.192,1.873
2,47.130,-24.891,-1.881
4,-4.480,40.150,3.420
2,-10.470,-33.909,4.817
2,-14.232,-20.148,4.991
2,20.716,14.659,1.239
2,48.091,38.034,0.968
2,-34.227,-4.515,4.882
2,-8.888,-40.706,6.075
2,9.010,-2.633,0.470
2,-8.295,-25.532,4.478
2,-13.135,29.861,3.583
2,-27.934,-41.473,3.998
2,24.694,36.174,1.522
2,-21.724,-29.209,6.227
2,-48.002,21.941,1.799
2,47.852,-21.284,-2.339
2,-27.199,3.934,2.200
2,-1.115,11.654,1.304
2,-41.110,5.024,4.283
4,28.328,-18.587,0.701
2,-8.025,-48.380,6.638
2,47.148,7.237,-2.966
2,-10.583,33.218,3.223
2,-7.006,-16.744,3.019
2,-36.565,14.557,1.622
3,24.130,-27.886,0.450
2,-14.074,2.962,3.447
3,-10.762,33.263,3.366
2,39.890,16.766,-0.519
2,-47.374,-25.129,6.133
2,45.734,13.331,-2.066
2,17.086,-31.710,2.255
2,-35.052,31.397,1.892
2,39.338,35.887,0.413
2,-16.295,2.005,3.341
2,-14.246,-30.610,4.769
2,17.501,23.484,1.362
2,2.880,-1.693,1.810
2,26.392,-16.577,0.244
2,-23.292,40.060,2.677
2,-2.613,42.599,2.157
2,-39.662,31.298,1.940
2,-46.636,32.793,2.404
2,47.698,31.752,0.409
4,15.954,-30.280,3.004
2,18.965,-35.521,1.942
3,2.473,36.471,3.032
2,43.338,-25.966,-1.351
3,-5.135,40.987,2.966
2,-21.997,34.905,2.915
2,24.301,-29.826,0.163
2,14.132,14.849,0.448
2,-40.189,14.956,1.721
4,-42.011,-9.629,7.243
3,-7.327,-17.183,3.526
2,-29.493,-39.082,4.060
2,-20.841,22.746,2.481
2,8.083,-24.740,1.518
4,28.009,-17.134,0.824
2,5.970,47.114,0.945
7,-115.626,77.631,-95.032
2,-27.627,-13.701,5.771
2,23.845,6.316,0.312
4,27.793,-18.111,0.653
2,-47.277,1.420,5.640
3,2.219,35.903,3.320
2,39.407,6.940,-1.417
2,-3.938,29.855,3.579
2,0.958,1.818,2.403
2,22.906,-18.132,0.588
2,-2.999,-11.368,2.332
4,24.654,-25.758,0.873
3,3.002,26.628,2.508
2,26.429,-41.620,1.571
2,24.407,36.287,1.549
3,-11.999,-41.030,5.945
2,47.125,38.112,0.772
2,-10.411,-2.951,2.686
4,3.035,26.515,3.164
2,-24.249,27.527,2.193
2,18.994,19.174,1.260
2,37.991,-16.911,-1.149
2,-37.062,44.661,2.067
2,-18.237,-21.321,5.505
2,-18.787,47.005,3.084
4,30.729,9.646,0.794
4,27.472,-16.488,1.222
2,-5.470,-6.596,2.172
2,32.697,11.376,0.044
3,24.032,-0.183,-1.538
2,25.510,-21.892,0.498
2,-23.596,-13.170,5.269
2,3.911,36.116,2.561
2,-47.387,8.697,3.793
4,-34.199,-40.892,4.458
2,25.377,15.717,1.033
2,38.143,-12.951,-2.156
2,-11.706,-38.090,5.351
2,-3.978,30.580,3.472
2,6.371,-48.123,5.322
2,49.474,0.252,-3.409
2,-1.126,-8.221,1.951
2,-11.947,-48.100,6.233
2,10.395,34.674,2.350
2,-38.889,16.757,1.782
2,-12.887,1.108,3.382
2,-13.062,8.751,1.936
2,32.582,38.624,0.682
2,-41.277,11.486,2.409
4,-15.988,-19.406,5.880
3,-33.380,-39.835,4.288
2,-38.613,2.936,4.770
2,37.736,39.505,0.284
4,-24.943,38.939,3.307
2,11.306,-2.100,0.123
2,31.050,24.390,2.377
2,-48.983,42.737,2.391
2,20.054,10.035,0.730
2,-10.225,15.557,1.785
4,-33.305,-11.348,6.945
2,19.749,29.157,2.040
2,23.132,-0.352,-1.513
2,49.625,-4.708,-3.227
2,48.797,4.490,-3.227
2,44.901,-9.897,-2.266
4,24.770,-27.363,0.520
4,28.929,-16.808,1.145
4,28.299,-13.292,0.573
2,28.984,-9.161,-0.886
2,18.039,-10.097,-1.060
2,-11.886,-17.715,4.318
2,-22.543,29.387,2.627
2,-7.149,-16.332,3.051
2,42.674,-7.700,-2.249
2,47.597,28.841,-0.109
2,28.538,30.725,1.688
2,-8.579,11.942,1.030
2,2.914,26.294,2.174
2,31.769,5.002,-0.475
2,21.453,35.078,1.856
2,28.615,33.544,1.435
2,-23.572,-2.887,3.040
2,-36.508,-4.463,5.720
4,-42.539,-11.189,7.529
2,-23.174,-43.313,4.106
2,-32.992,34.697,2.050
2,-9.690,33.125,3.198
3,-4.049,-15.932,3.126
3,-4.816,-15.575,3.057
2,17.098,11.265,0.530
2,31.878,-30.141,-0.517
2,48.363,-29.271,-2.025
2,-14.205,-33.740,4.865
2,-14.758,1.345,3.308
2,-4.346,29.674,3.588
2,0.511,-27.149,2.762
2,-32.131,-32.038,4.712
2,-42.041,-3.898,6.182
2,4.145,-28.843,2.761
2,-27.575,-47.166,3.981
2,40.557,7.602,-1.616
2,17.724,-38.327,2.669
3,-41.946,10.585,3.091
3,-10.109,32.773,3.353
2,14.972,1.647,-0.145
2,-7.227,33.318,2.918
2,29.044,25.407,2.589
2,-15.664,45.429,3.399
2,19.207,19.673,1.366
2,-11.848,-31.839,4.403
2,-18.925,-11.480,4.261
2,14.078,-5.431,-0.484
2,-38.898,-31.002,4.954
2,13.760,-7.779,-0.407
2,15.446,-7.338,-0.835
2,48.300,33.981,0.804
3,13.709,-39.836,4.242
2,-41.491,-13.391,6.751
2,3.746,0.567,1.547
2,-5.508,-21.733,3.799
2,-27.369,26.898,2.077
2,-37.777,47.067,2.453
2,-31.022,6.953,2.164
2,45.084,45.937,0.763
2,28.153,-43.757,1.378
2,10.788,0.016,0.155
2,-0.457,14.187,1.180
2,41.141,40.033,0.425
2,-41.562,38.509,2.109
2,-25.800,25.999,2.114
2,29.982,-34.758,0.199
2,-3.611,-25.484,3.405
3,-21.916,-32.877,5.632
2,11.389,-27.681,1.626
2,28.540,35.843,1.246
3,-15.176,4.240,2.952
2,27.317,-16.961,0.164
2,-43.387,-11.553,6.784
2,-17.022,-30.874,5.143
2,-32.609,-44.454,4.098
2,-43.817,10.285,3.227
2,-19.691,-24.462,6.321
2,-15.225,0.968,3.405
2,26.351,22.744,2.739
2,-1.274,-31.437,3.491
2,4.656,-27.751,2.524
2,-2.828,-39.706,5.277
2,25.963,-37.547,1.092
2,-46.603,-35.444,3.972
2,-1.431,-10.019,2.317
2,43.264,-3.193,-2.344
4,17.789,-30.144,3.001
2,18.550,10.821,0.735
2,1.890,36.510,2.718
3,-5.673,36.443,3.530
3,28.925,-10.427,-0.593
2,41.892,-34.328,-1.408
2,46.907,12.289,-2.238
2,-33.437,-32.599,4.587
2,-41.090,20.023,1.910
2,5.404,-23.897,1.701
4,18.470,-19.723,1.268
2,30.735,32.784,1.677
2,8.367,36.131,2.206
2,-9.628,1.738,3.296
2,2.277,-42.659,5.273
2,-28.189,25.115,2.037
2,-14.801,-5.150,3.496
2,-26.296,35.803,2.341
2,15.736,-36.072,2.813
4,24.953,35.920,2.235
2,45.623,11.497,-2.175
2,46.119,36.002,0.655
2,-16.896,-17.572,4.827
2,41.458,-23.723,-1.448
2,-43.847,9.328,3.072
3,-3.328,3.580,3.080
2,-21.360,-33.879,5.099
2,-44.216,-9.670,6.610
2,-28.910,40.137,2.192
2,30.117,36.153,1.196
4,23.721,-0.135,-0.591
3,-33.362,-40.173,4.566
2,-21.378,3.889,2.116
4,2.465,26.009,3.092
2,46.802,-16.469,-2.536
3,9.571,-38.178,4.604
2,-9.163,46.462,2.555
2,-25.395,17.628,1.850
2,-8.484,-12.004,2.894
2,5.338,14.493,0.640
2,38.254,6.156,-1.254
2,-39.858,-37.464,3.447
2,-47.234,10.664,3.389
2,-43.235,-34.191,4.100
3,49.830,38.005,1.463
2,33.078,-13.972,-1.504
2,24.149,15.674,1.308
2,49.285,8.950,-3.096
3,21.579,-49.833,4.673
2,-46.788,-49.937,1.984
4,18.481,-25.387,2.512
2,-32.675,-11.799,6.471
2,-36.313,11.902,1.748
2,-48.612,46.015,2.193
2,33.169,32.948,1.348
4,38.447,-0.962,-1.238
2,28.455,-29.829,-0.299
2,-35.187,3.159,3.829
2,-17.263,-20.932,5.729
4,27.852,-15.958,1.109
2,6.287,-11.005,0.296
2,-3.782,10.156,1.566
2,-10.806,32.957,3.002
2,39.362,46.510,0.816
2,-0.422,-27.727,2.933
2,18.050,-21.106,0.364
4,25.554,14.079,2.319
2,-4.211,28.936,3.389
2,19.124,1.708,-0.801
3,14.798,-18.293,0.842
2,-31.969,-23.114,6.133
4,1.886,36.710,3.216
7,42.579,33.226,-6.929
2,-44.225,26.032,2.445
2,-17.115,3.534,2.857
2,0.807,-13.435,1.741
2,49.981,-35.707,-1.056
4,-23.974,39.507,3.246
2,-39.920,-9.047,6.136
2,-36.988,-18.215,6.680
2,0.900,-7.221,1.265
2,-14.945,9.049,2.127
2,7.748,36.204,2.254
7,26.440,10.811,-10.540
2,-11.033,-23.517,4.991
2,37.406,-14.134,-1.802
2,-45.572,39.167,2.321
2,6.550,34.651,2.343
4,25.547,12.818,2.294
2,36.024,-4.758,-2.316
2,18.175,29.243,1.543
2,42.324,42.411,0.641
2,-15.939,-22.472,5.465
2,-24.230,-41.792,4.180
2,-20.194,48.813,2.782
2,-31.942,-25.185,5.754
2,43.240,35.521,0.386
2,37.567,-36.003,-0.888
3,-4.803,40.398,2.939
2,39.571,26.078,0.938
2,-26.493,-16.187,5.826
2,-11.347,-35.587,5.090
2,-48.485,37.917,2.200
2,-15.250,-20.012,5.376
2,36.898,-38.308,-0.793
2,25.306,36.595,1.388
2,33.092,1.894,-1.082
2,-6.755,-49.602,6.783
2,4.021,-2.503,1.346
2,-47.602,-18.929,6.914
2,19.989,35.453,2.094
2,23.203,-24.142,0.154
2,43.727,48.011,0.526
2,-33.832,-43.160,3.991
2,47.530,22.605,-1.246
2,-48.182,-2.222,6.415
4,28.955,-17.592,1.233
4,-3.603,-14.170,3.285
2,39.882,-17.288,-1.445
2,-34.042,-46.695,3.987
4,3.060,26.725,3.423
2,-11.532,-16.982,3.862
2,8.568,-16.517,1.472
2,49.231,15.309,-2.639
2,44.840,1.828,-2.645
4,31.507,16.520,1.771
4,-34.551,-39.942,4.465
2,9.545,32.463,2.371
2,49.019,-42.123,-1.144
2,49.967,41.674,1.003
2,27.550,-11.005,-0.668
4,-18.482,29.938,4.753
2,-4.934,29.451,3.504
2,33.857,20.921,1.760
2,-18.361,29.308,3.371
2,16.466,-25.379,1.068
2,31.350,28.675,2.093
2,48.106,15.033,-2.568
2,-41.659,-20.727,6.435
2,-43.487,11.068,3.232
2,-40.553,23.966,1.226
2,45.945,-15.952,-2.602
2,-21.874,-23.891,6.303
2,34.904,29.842,1.700
2,-28.136,25.833,2.194
2,4.607,41.174,1.840
2,30.833,-49.638,1.743
4,-42.808,-12.193,7.426
2,-16.696,22.320,2.811
4,-33.631,-10.119,7.325
2,-39.698,-1.584,6.033
2,35.488,13.938,-0.319
2,5.739,19.896,1.042
3,-5.332,39.554,3.299
2,-41.586,22.432,1.819
2,-44.354,9.523,3.010
4,28.311,-16.729,1.400
2,24.722,-34.612,0.724
2,6.067,21.566,1.074
2,0.798,-10.178,1.550
2,49.581,12.558,-2.904
2,15.646,-45.416,4.082
2,-30.189,-40.194,4.000
2,-2.672,-2.034,2.415
2,-2.513,37.098,2.956
2,-34.947,-4.926,4.882
2,5.185,18.268,1.248
3,-42.634,10.680,3.074
2,43.772,-33.094,-1.441
2,-1.765,41.994,2.092
2,-6.995,-15.004,3.142
4,28.516,-16.629,0.669
2,26.604,-16.559,0.201
2,-37.305,-4.453,5.482
2,7.841,41.388,2.023
2,25.099,37.904,1.573
2,49.910,-38.060,-1.062
2,-10.141,-49.472,6.567
3,41.161,22.576,-0.084
7,-27.814,23.262,-6.029
4,-3.639,41.255,3.186
2,-34.960,-9.578,5.905
2,30.912,-16.680,-0.419
4,0.836,-8.899,2.754
2,34.700,22.539,1.701
2,-40.397,22.737,1.364
3,-16.929,4.729,3.011
2,-43.286,-47.271,2.569
4,26.195,-13.225,0.671
2,-23.706,40.139,2.836
2,-26.568,46.861,3.083
2,-44.951,15.038,2.390
2,-17.941,-38.734,4.905
2,-11.910,2.350,3.388
2,10.784,-18.298,1.482
3,-4.573,36.200,3.647
2,-33.852,48.386,2.676
2,40.853,-31.035,-1.399
2,-46.328,27.411,2.335
2,12.479,-34.742,3.691
2,12.282,-44.332,4.390
4,16.513,-23.324,1.595
4,-5.144,35.459,4.127
4,3.104,26.992,2.870
2,-13.971,-3.221,3.264
2,-42.129,38.421,2.187
2,-41.037,-7.088,6.156
2,-1.922,0.838,2.785
2,22.975,41.282,1.833
3,-42.019,18.854,2.143
3,24.830,36.434,1.947
2,-31.750,25.862,1.836
4,28.412,-14.057,0.516
2,-15.366,-20.462,5.468
2,1.338,-32.127,3.332
2,-15.842,8.596,2.225
2,-5.161,-31.515,4.008
2,34.076,-37.438,-0.354
2,18.018,-3.348,-0.722
2,17.904,3.047,-0.535
2,-28.972,-28.012,5.744
3,-4.430,-14.224,3.248
2,-22.933,2.763,1.978
2,32.272,-46.390,1.057
2,37.513,-0.706,-2.232
2,19.554,-32.354,1.733
2,-24.682,1.059,1.982
2,-3.093,-12.366,2.428
2,16.691,-16.159,-0.070
2,-43.940,10.799,2.845
2,-0.452,35.129,2.877
2,47.300,33.253,0.666
3,-23.995,38.721,2.870
2,23.410,-0.655,-1.529
2,34.421,-2.067,-1.651
2,37.933,48.348,0.155
2,-39.595,29.274,1.736
2,15.200,17.200,0.600
2,-13.723,34.884,2.809
2,22.337,24.169,2.443
4,33.016,13.667,0.742
2,-36.762,28.970,1.517
2,-46.711,-14.571,6.780
2,25.636,44.104,1.211
2,-12.990,-5.609,2.756
4,27.710,-16.710,1.247
2,43.950,-1.545,-2.206
2,36.078,43.592,0.736
2,-44.467,35.024,2.081
2,6.550,24.412,1.009
2,31.220,1.637,-1.255
2,-23.710,-40.581,4.352
4,23.560,-26.751,0.714
2,33.425,3.190,-0.974
2,-7.998,-24.030,4.388
3,-6.726,-17.437,3.254
2,-26.026,-39.133,4.252
2,-13.651,-19.901,4.869
2,48.877,12.151,-2.688
2,29.749,-25.081,-0.415
2,13.512,-7.216,-0.357
2,24.376,-12.882,0.134
2,-5.033,39.543,2.970
2,-11.449,-27.536,4.500
4,30.007,-11.128,-0.475
2,-28.688,8.596,1.621
2,-9.932,-42.129,6.153
2,-22.411,-34.157,5.140
2,-25.923,44.814,2.891
2,-15.163,-19.927,4.991
2,23.074,-2.362,-1.401
2,-44.031,-16.557,6.934
2,14.547,-36.163,3.391
2,-43.523,10.448,2.844
4,33.110,13.204,0.643
3,-44.181,24.561,2.759
2,-10.775,20.853,2.700
2,-8.582,17.357,2.248
2,-10.372,-1.024,3.081
2,0.413,-28.307,2.943
2,-24.937,7.244,1.728
2,-16.658,-20.067,5.527
2,-35.187,-2.874,4.883
2,1.624,-29.284,2.695
2,-44.129,10.526,2.856
2,22.144,-20.919,0.446
2,-35.981,-3.074,4.948
2,-47.666,28.024,2.308
2,22.120,-43.678,2.900
2,4.905,-40.589,4.866
4,33.015,12.455,0.580
2,22.543,1.088,-1.283
2,6.619,6.759,0.679
2,-34.311,15.524,1.452
2,-46.269,-3.231,6.485
4,-41.780,24.942,2.757
2,23.193,-36.956,1.537
2,-33.123,-2.437,4.347
4,-41.646,-10.794,7.926
2,42.124,37.467,0.619
2,37.374,12.677,-0.802
2,10.867,44.229,2.252
2,-29.707,-1.417,3.180
2,-5.623,15.566,1.546
2,-7.645,34.550,3.036
2,48.175,-14.671,-2.400
2,-12.667,-35.378,5.067
2,-16.751,-41.676,4.851
2,18.851,-0.748,-0.840
4,3.019,35.562,3.194
2,-0.805,34.713,2.960
2,25.546,-46.975,3.347
2,32.177,37.298,1.046
3,-23.521,38.328,2.900
2,-42.853,-27.971,5.667
4,40.165,0.509,-1.289
2,48.398,8.302,-2.936
2,19.970,38.202,2.508
2,35.626,19.374,1.131
2,-12.277,-29.817,4.527
2,-21.907,23.728,2.414
2,-9.467,-19.890,4.204
2,-20.175,23.851,2.684
2,-2.466,38.950,2.778
2,14.908,13.856,0.421
3,-17.829,4.487,2.829
2,-37.025,-20.184,6.482
2,-47.605,-10.849,6.906
2,49.190,39.813,1.024
2,22.606,-14.389,0.072
3,-5.026,39.632,3.353
2,-47.708,-22.373,6.504
2,-5.678,-17.447,3.034
4,-41.684,18.272,2.420
3,-41.818,-11.400,7.066
2,-26.199,25.591,1.887
2,-33.440,-40.746,3.901
2,-4.352,34.440,3.327
4,26.008,15.116,1.588
2,37.529,13.284,-0.703
2,-4.833,39.450,2.767
2,-38.537,48.456,2.606
2,2.324,26.392,2.174
2,47.007,2.928,-3.179
2,1.902,-14.919,1.767
2,-49.034,-5.403,6.530
2,-2.862,42.067,2.416
2,30.460,34.036,1.413
2,-48.610,-14.557,6.761
2,46.137,-0.108,-2.918
2,48.857,-0.014,-3.285
4,-33.611,-12.369,7.394
2,21.646,8.091,0.552
2,-49.680,-34.280,4.088
2,-3.292,-24.724,3.200
3,-24.527,40.477,3.031
4,25.165,36.305,2.337
4,-5.975,34.948,3.980
2,10.394,48.749,1.261
2,21.187,14.249,1.246
2,19.378,-2.676,-0.962
2,4.515,-39.191,4.492
2,-6.716,24.798,3.615
2,-23.931,2.353,1.839
2,27.561,-48.515,2.907
2,16.043,-17.072,0.252
2,2.213,-33.759,3.515
2,-28.773,-49.189,3.932
2,11.962,-25.995,0.993
2,-11.298,8.767,1.593
2,-15.338,4.150,2.762
2,3.663,31.616,2.576
2,-8.408,-47.938,6.542
4,-25.089,-35.781,6.395
3,-41.998,-10.649,7.118
4,23.686,-27.018,0.515
2,-20.785,-15.581,5.237
2,-37.814,17.038,1.627
2,-22.225,-24.338,6.460
2,-18.594,-7.352,3.978
2,-45.314,48.936,2.289
2,-15.812,-19.588,5.213
2,-17.257,-36.983,4.970
2,-30.555,24.959,1.663
2,3.124,-13.688,1.445
2,27.230,-39.507,1.041
3,24.644,-26.565,0.257
2,-17.273,0.359,3.419
7,7.407,-37.564,-3.912
2,-43.187,43.901,2.383
2,16.610,-4.903,-0.724
2,37.085,30.075,1.572
2,40.063,-36.996,-1.150
2,-45.070,-18.255,6.815
2,41.485,-30.951,-1.318
2,9.687,22.846,0.799
2,-14.480,0.683,3.508
2,-47.434,23.951,1.898
2,1.478,27.093,2.368
2,-2.004,-17.662,2.478
4,-43.094,-11.140,7.762
2,45.807,-46.246,-0.224
2,-32.906,-22.641,6.288
4,-16.942,7.627,2.950
2,46.454,3.160,-3.099
2,-11.716,12.091,0.961
2,-4.331,-14.381,2.887
2,20.614,49.089,1.925
2,26.744,-35.568,0.565
2,12.403,-28.220,1.639
4,-34.651,-3.297,5.507
2,1.375,47.975,0.571
2,-9.824,34.984,3.062
2,38.290,8.683,-0.823
2,-22.614,-13.139,5.014
2,-1.964,-6.447,1.883
2,-13.437,20.072,2.285
3,-10.079,32.983,3.302
2,-32.576,13.478,1.339
4,0.798,-8.976,2.273
4,27.615,-17.120,1.108
2,36.324,22.035,1.406
4,-25.082,-35.797,5.893
2,13.810,-37.558,3.786
3,-16.084,6.956,2.939
2,-47.745,-15.787,6.775
2,30.218,-1.303,-1.384
2,-18.162,21.232,2.429
2,-17.371,14.275,1.629
2,-44.144,9.632,3.070
2,17.926,-27.430,1.185
2,-27.887,-37.829,4.253
2,-9.881,-23.437,4.869
2,17.038,2.455,-0.387
4,27.205,-16.003,1.273
2,22.201,-24.713,0.224
2,26.083,-47.006,3.200
2,16.705,-13.674,-0.713
4,27.221,9.934,1.609
2,-6.369,41.922,2.351
3,-16.763,-19.959,5.739
2,-14.061,1.471,3.317
2,11.432,22.356,0.872
2,-21.584,39.907,2.789
2,-30.642,-11.931,6.308
2,38.460,43.779,0.824
2,-27.328,2.549,2.300
2,-4.843,30.517,3.382
3,25.041,-27.043,0.031
2,-5.081,-7.388,2.280
4,24.322,36.558,2.130
2,-16.547,-20.179,5.504
2,39.401,-42.406,-1.203
2,31.479,19.437,1.670
2,13.230,16.915,0.481
2,4.856,-8.754,0.628
2,-9.840,37.446,2.895
2,48.960,30.990,0.474
2,-5.808,-14.637,3.110
2,-12.346,-3.877,3.252
2,40.174,26.151,0.756
2,43.092,-3.914,-2.178
2,-44.987,33.650,2.196
2,-49.838,-24.009,6.713
4,-43.035,25.998,2.908
4,16.199,-30.143,3.055
2,11.206,-8.678,0.318
2,44.249,25.612,-0.644
2,28.429,41.788,0.474
2,-18.520,39.029,2.864
2,-15.726,46.757,3.294
2,46.689,-13.196,-2.470
2,41.407,-40.618,-1.246
2,-11.629,13.658,1.052
2,-38.644,-4.702,5.739
2,8.978,-13.583,0.468
2,-32.076,35.955,2.322
2,-43.818,-40.143,3.100
2,18.216,47.403,1.832
2,-8.576,44.134,2.690
2,-45.964,-48.719,2.019
2,40.243,39.358,0.303
2,-9.113,11.987,0.986
2,26.454,-32.798,0.174
2,-16.788,2.610,2.971
3,14.695,-18.478,1.023
2,20.264,45.539,1.612
2,12.910,6.089,0.590
2,10.594,-43.594,4.404
2,-10.893,35.697,3.066
2,15.325,-33.948,2.535
4,2.900,26.960,3.331
3,-5.715,40.000,3.140
2,-4.572,10.607,1.540
4,-43.052,25.908,2.935
2,33.916,16.133,0.353
3,-4.912,40.463,3.173
4,23.148,0.551,-0.842
4,3.600,25.989,2.655
2,5.229,-29.511,2.812
2,35.941,-13.470,-1.890
2,-38.533,27.666,1.311
2,-4.396,30.419,3.461
2,-34.717,-3.835,4.953
1,26.027,-49.749,3.664
2,46.834,-11.513,-2.453
2,-10.834,33.043,2.972
2,8.230,38.939,1.928
2,42.196,-6.586,-2.040
3,16.237,-30.736,2.132
2,24.692,-46.979,3.532
2,-9.556,2.506,3.232
2,-42.054,-38.973,3.386
3,-35.657,-3.610,5.621
2,-28.347,25.953,2.065
2,-5.997,-14.341,3.179
2,-42.472,-10.982,6.809
2,-14.045,32.001,3.315
2,-34.310,4.000,3.489
2,22.440,9.467,0.708
2,-23.545,40.114,3.070
2,-37.494,-47.010,3.190
2,-20.355,-4.732,3.600
2,-43.829,22.049,2.262
2,3.348,23.742,2.029
2,-20.899,-8.966,4.334
2,-22.295,-16.798,5.242
2,8.531,49.993,0.827
2,-46.432,-42.821,2.505
2,-45.078,35.946,2.003
2,-4.051,-33.467,3.877
2,38.902,17.319,-0.009
2,20.123,-23.085,0.283
2,21.039,-45.608,3.559
2,48.049,-24.414,-2.275
2,2.643,26.403,2.137
2,-33.327,-21.908,6.527
2,-14.989,-3.501,3.489
2,-23.949,34.153,2.479
2,-1.936,-39.948,5.131
2,45.572,-44.697,-0.655
2,-48.369,-30.049,5.391
2,-4.338,-27.788,3.694
2,49.085,-22.705,-2.487
2,-10.728,-28.799,4.353
2,-43.053,-33.121,4.333
2,-38.213,43.115,2.013
4,18.860,-18.518,1.355
2,-42.135,24.737,2.256
2,-27.143,20.396,1.688
2,43.257,-9.674,-2.342
2,-5.023,5.779,2.618
2,1.199,-18.201,2.139
2,-47.855,37.067,2.046
2,-29.368,-15.420,5.863
2,1.757,45.735,0.803
4,24.418,36.188,2.257
2,-26.559,45.149,2.875
2,-43.411,10.222,2.979
2,20.404,-45.952,3.632
2,13.701,44.447,2.507
2,38.676,-49.372,0.329
2,-14.647,43.507,3.604
2,7.250,-44.365,5.058
2,-6.190,-2.512,2.617
2,33.817,-34.193,-0.419
2,-45.052,-10.050,6.692
2,-2.855,-13.513,2.543
2,8.714,1.119,0.156
4,16.954,-30.734,2.580
2,46.108,-9.423,-2.404
2,47.848,-3.093,-3.074
2,-42.775,-7.387,6.479
2,-20.925,8.538,1.957
4,16.426,-30.271,3.003
2,32.907,-7.771,-2.137
2,35.119,-36.240,-0.686
2,-5.197,29.822,3.605
3,-43.728,25.075,2.449
2,-29.050,-24.736,6.086
2,39.481,-37.078,-1.183
3,-15.154,3.776,2.972
2,-43.856,10.752,3.152
2,37.731,-6.353,-2.450
2,12.907,13.997,0.329
2,34.406,37.332,0.718
2,-6.147,-15.913,3.308
2,-29.931,43.243,2.433
4,2.911,36.210,3.441
2,-29.482,35.984,2.283
2,2.052,13.950,1.075
3,41.973,22.345,-0.092
2,39.596,45.267,0.845
3,-33.895,-5.378,5.470
2,16.386,7.527,0.467
2,-17.016,-5.701,3.793
2,-47.321,-29.488,5.428
2,-9.839,39.317,2.969
2,11.077,14.681,0.571
2,39.955,43.914,0.876
2,8.458,7.643,0.648
4,27.673,-16.969,1.080
2,-29.966,25.610,1.975
2,-8.000,39.346,2.987
2,5.142,26.883,1.660
2,-39.909,-41.369,3.084
2,33.352,9.988,0.067
2,32.958,47.102,0.310
2,13.246,33.504,2.540
2,-22.402,42.952,2.837
2,-26.418,-12.819,5.682
7,10.478,-23.607,-9.776
2,44.285,21.728,-1.128
2,44.135,-22.558,-1.797
2,-22.533,-33.449,5.377
2,-4.141,-25.884,3.544
4,-12.475,-15.981,4.318
2,-20.536,-49.358,5.006
4,20.632,-19.831,0.929
2,-33.522,34.262,2.068
2,-31.037,39.875,2.088
2,13.325,-12.439,-0.268
4,-4.167,34.819,4.012
2,-45.063,-40.462,2.877
7,37.058,39.494,-9.104
2,-34.373,28.702,1.754
2,24.052,-10.646,0.016
2,-24.284,37.823,2.251
2,-8.356,-35.846,4.908
2,-17.864,-48.246,5.765
2,-46.593,-21.283,6.542
2,31.407,16.436,1.065
4,-17.492,7.574,2.953
2,36.063,-46.953,0.039
2,-43.372,4.365,4.497
2,-42.584,-43.240,2.962
2,42.157,38.567,0.534
2,-19.158,27.548,3.198
3,28.805,-9.441,-0.570
2,-13.153,38.436,2.987
2,16.910,21.583,1.055
2,41.730,-37.933,-1.234
2,16.054,-31.977,2.369
4,-3.752,40.751,3.259
2,-7.600,-28.076,4.387
4,-12.827,-14.858,4.326
2,-46.942,-33.533,4.812
2,46.774,26.574,-0.809
2,-24.295,39.410,2.626
7,35.809,-29.016,-6.912
2,-6.927,-15.079,3.249
2,40.818,48.152,0.485
2,11.104,21.591,0.868
2,17.902,-22.559,0.479
2,11.103,1.643,-0.119
2,30.605,45.668,0.442
2,-19.127,-1.992,3.537
2,-41.004,-6.321,5.976
1,43.766,11.156,-1.823
2,-23.453,32.178,2.606
2,-21.281,2.269,2.409
2,1.337,34.069,2.890
2,36.277,-11.270,-2.271
2,-11.559,19.873,2.513
2,-12.750,30.453,3.551
2,14.132,-22.768,0.817
2,46.403,-43.239,-1.133
2,-14.983,0.292,3.339
2,48.187,-22.231,-2.350
2,20.002,15.644,1.201
2,27.457,-26.820,-0.556
4,28.098,-15.674,0.748
2,-11.605,9.868,1.569
2,-26.829,37.592,2.231
2,-20.402,25.030,2.705
2,-48.999,36.009,2.093
4,-33.785,-2.986,5.969
3,-16.314,3.830,3.016
2,-42.427,9.597,2.979
2,-28.217,26.613,2.003
2,-23.588,3.114,1.991
2,38.905,1.760,-1.634
2,-48.232,-47.918,1.598
2,6.949,-16.514,1.574
3,-42.132,10.417,2.861
3,-14.848,6.306,2.929
2,-1.342,-16.591,2.340
2,27.715,24.547,2.824
2,-2.828,-15.261,2.522
7,14.125,-6.259,-5.879
3,-42.768,25.036,2.244
2,-34.272,-39.966,3.757
2,-38.375,31.838,1.800
2,20.559,-6.150,-1.038
3,15.324,-18.716,0.986
2,31.088,48.354,0.812
3,-42.473,19.814,2.356
4,26.973,-16.961,1.289
4,-33.892,-40.362,4.368
2,-5.482,24.090,3.241
4,28.977,-17.468,0.811
2,-42.925,-11.974,6.741
7,11.483,-30.600,-8.091
3,-4.493,-14.888,3.325
2,40.209,-30.894,-1.380
2,18.711,32.597,1.950
2,34.013,31.603,1.497
2,31.697,30.403,1.783
2,-20.350,-44.350,4.586
2,-25.540,0.721,2.024
2,-41.483,48.497,2.710
2,-29.099,-42.037,4.045
3,-5.543,40.197,3.259
2,11.968,-15.661,0.882
3,-5.582,40.523,2.896
2,-49.304,49.646,1.441
2,-37.556,-20.010,6.465
2,-27.786,-11.048,5.660
2,-22.148,-30.513,6.090
2,1.873,31.302,2.713
2,-14.812,42.472,3.570
3,23.194,0.158,-1.162
2,31.852,-45.990,1.134
2,8.620,13.905,0.521
2,-23.309,-4.207,3.468
2,15.873,40.940,2.504
2,-29.285,36.801,2.176
3,17.582,-29.963,2.017
3,23.654,-28.112,0.322
2,-45.926,17.270,2.133
2,13.197,-27.613,1.442
2,46.482,12.904,-2.136
2,5.856,-40.571,4.768
2,30.470,6.931,-0.046
2,35.990,-26.426,-1.357
2,26.901,5.134,-0.262
2,-49.639,-0.789,5.948
4,22.701,-0.370,-0.590
2,-25.444,16.607,1.885
2,-33.502,-40.015,4.193
2,-3.493,30.631,3.612
2,-5.506,-36.707,5.087
2,32.163,4.598,-0.584
1,12.954,2.738,-0.042
4,-42.240,25.380,2.941
4,23.181,-0.879,-0.649
2,-21.874,21.938,2.217
2,-17.022,-20.976,5.602
2,36.284,35.383,0.514
2,-15.049,34.100,2.776
3,-43.394,24.569,2.529
2,42.798,44.670,0.731
4,24.495,-27.410,0.479
2,-43.710,18.472,2.232
2,9.897,-5.367,0.540
4,42.027,21.828,0.093
2,-20.383,-45.506,4.630
2,41.747,-34.844,-1.442
2,-24.627,31.605,2.353
2,-41.987,2.257,5.401
2,46.833,6.281,-3.079
2,-31.788,3.403,3.075
2,13.834,-38.149,3.885
2,-41.227,-18.217,6.837
2,37.005,3.630,-1.225
2,46.470,-49.769,0.544
2,20.307,-26.945,0.737
2,2.632,26.069,2.153
2,-33.297,-40.629,3.727
2,-3.589,29.019,3.448
2,-12.440,49.854,2.814
3,15.941,-24.332,1.439
2,26.647,-16.806,0.180
2,23.537,-27.533,-0.064
2,-13.083,-48.921,6.235
2,32.810,15.089,0.442
2,39.105,-14.812,-1.796
2,-16.046,1.899,3.329
3,28.708,-8.391,-0.613
3,-33.420,-4.648,4.956
2,24.902,-45.589,3.034
2,8.270,-38.311,4.548
2,-43.354,38.648,2.220
2,41.533,5.316,-2.143
2,23.544,-0.961,-1.518
2,-37.598,-5.492,5.422
2,17.620,-11.367,-0.917
2,-15.605,33.307,2.899
2,16.233,0.481,-0.475
2,5.041,-28.261,2.577
2,45.559,6.855,-2.916
2,15.539,4.177,0.336
2,14.724,-1.573,-0.321
2,9.343,49.734,0.929
2,-24.247,39.020,2.683
2,-43.156,12.057,2.333
2,15.286,36.629,2.821
2,-12.527,-36.840,5.362
2,-30.156,37.400,2.219
2,-33.709,-12.814,6.560
2,1.152,-33.733,3.663
2,-8.333,44.684,2.531
2,36.595,-24.117,-1.346
4,25.967,-12.797,0.635
4,24.442,36.164,2.130
2,15.962,33.468,2.519
2,-15.154,1.960,3.365
2,27.301,35.406,1.397
2,36.295,-38.997,-0.770
2,-22.274,48.162,2.955
2,-31.828,-39.961,3.851
2,-39.623,48.924,2.721
2,-45.035,-14.332,6.878
2,0.613,-10.924,1.625
2,15.796,2.828,0.076
2,-11.070,-9.251,2.398
3,-41.843,10.703,3.120
2,41.277,42.415,0.757
3,-14.667,4.839,2.967
2,7.796,-11.241,0.204
2,-15.994,23.485,2.935
2,-11.586,-17.316,4.236
2,-24.336,-31.548,5.860
2,1.026,19.677,2.216
2,47.856,11.031,-2.681
2,-35.868,2.259,4.236
2,-25.028,22.129,1.782
2,1.765,26.106,2.537
2,-18.241,8.830,2.113
2,-14.281,8.357,2.178
2,-20.192,23.039,2.555
2,-45.378,-11.271,6.780
2,41.551,-10.719,-2.557
3,32.558,15.435,0.651
2,-13.528,47.864,3.079
2,-23.272,9.543,2.039
2,40.801,8.797,-1.277
2,-23.306,23.215,2.302
2,-14.025,-6.622,2.959
3,-23.140,40.311,2.915
2,-30.022,39.324,2.118
2,-33.226,43.274,2.058
4,26.385,-11.816,0.495
2,8.812,15.733,0.604
2,-27.490,30.955,2.409
2,-45.871,-0.086,6.252
2,7.336,-6.796,0.660
2,27.277,-9.538,-0.464
2,5.777,13.515,0.504
2,14.174,41.065,2.469
2,-26.248,2.267,1.917
2,-24.520,-9.830,4.711
2,-37.804,20.877,0.944
2,-5.962,-49.994,6.881
2,6.904,16.602,0.524
2,-28.099,-29.531,5.838
2,-2.898,-36.698,4.531
2,18.094,26.419,1.585
4,-2.806,36.814,4.066
2,19.033,27.425,1.628
2,15.487,-49.035,4.518
2,-42.600,18.356,1.946
4,-22.849,40.589,3.200
2,-2.460,14.285,1.449
2,47.413,-39.247,-1.379
2,-49.995,-1.565,6.171
2,-8.182,-47.377,6.452
3,-16.604,4.833,3.051
3,-10.387,32.505,3.329
4,2.690,36.958,3.473
2,-3.497,28.356,3.195
2,29.686,-28.683,-0.387
2,35.623,-44.577,-0.342
2,3.512,-13.266,1.241
2,-34.560,-4.442,4.997
2,45.098,-44.005,-0.912
3,-10.705,33.242,3.437
2,-28.636,26.358,1.912
4,-34.529,-2.732,5.584
2,-34.541,-4.635,4.888
2,-14.227,1.327,3.578
2,-19.606,17.945,2.001
2,18.944,-34.856,1.996
2,35.099,-31.549,-0.967
2,38.716,-13.432,-2.014
2,-0.882,38.758,2.817
2,-24.951,-28.880,6.203
2,-24.028,39.124,2.560
4,20.488,-18.040,2.034
2,-23.404,38.907,2.589
2,-38.837,37.016,1.976
4,18.308,-21.868,1.502
2,-17.222,32.282,3.119
2,8.084,-7.354,0.669
2,-43.316,24.181,2.226
2,-11.399,15.552,1.646
2,-36.632,-4.571,5.675
2,-12.750,-47.679,6.096
2,-48.139,28.988,2.432
2,8.170,-45.349,4.858
3,-42.170,10.187,2.996
2,4.271,-28.205,2.576
2,-26.536,1.079,1.951
3,-43.051,25.743,2.578
4,0.919,-10.205,3.044
2,-15.132,-43.447,5.256
2,5.202,45.849,1.026
2,-45.076,-38.600,3.024
2,33.631,12.486,-0.106
2,-38.132,-29.161,5.198
2,-15.478,0.364,3.468
2,34.972,-27.709,-1.237
2,-42.857,25.539,2.196
2,-5.766,-14.358,3.026
2,-32.630,-12.977,6.586
2,-15.594,41.515,3.150
2,-11.190,32.792,3.253
3,-17.607,4.707,2.729
2,-11.909,35.271,3.054
2,-38.671,-28.657,5.319
2,-3.691,20.216,2.368
2,-43.336,49.047,2.634
2,41.479,45.514,0.750
2,-31.257,-2.490,3.630
2,24.249,37.361,1.936
2,24.060,35.868,1.581
2,-17.928,29.736,3.314
2,-49.986,41.808,2.594
2,38.109,36.053,0.332
2,37.069,-34.606,-0.977
2,-31.017,44.088,2.489
3,-10.632,32.976,3.378
2,48.943,32.959,0.579
4,-15.352,3.182,3.613
4,-4.874,40.816,3.349
2,32.306,-17.537,-0.497
2,0.839,41.808,1.568
2,4.292,-40.462,4.816
2,7.342,-39.694,4.786
4,-24.596,40.205,3.273
2,7.352,0.279,0.594
2,35.396,48.373,0.139
3,24.847,35.556,1.951
4,28.619,9.524,0.707
2,-20.710,20.132,2.323
2,-11.227,-37.530,5.319
2,-43.978,7.812,3.626
2,25.689,-46.263,3.051
2,38.097,15.021,-0.518
2,-24.773,7.850,1.843
2,35.134,20.558,1.443
2,-19.007,30.395,3.300
4,28.026,-12.006,0.733
2,0.240,-28.858,2.930
2,27.757,20.386,2.189
2,26.724,28.397,1.975
2,-42.697,-10.179,6.828
2,-47.745,24.992,1.961
2,31.371,44.762,0.310
2,17.920,15.352,0.627
2,-32.468,44.313,2.330
2,-35.613,-4.050,4.889
2,-9.393,38.671,3.042
2,19.334,4.324,-0.256
2,-41.788,45.287,2.286
2,32.456,31.557,1.594
2,47.084,-8.029,-2.470
2,-35.354,-39.321,3.738
2,6.797,14.546,0.569
2,21.470,20.136,1.914
2,-33.452,18.726,1.294
2,27.613,21.659,2.634
3,38.031,-0.072,-1.746
2,0.015,9.763,1.203
4,-3.802,40.618,3.309
2,-11.692,6.013,2.225
2,31.336,-4.843,-1.607
2,-35.532,1.514,4.449
2,8.961,-28.450,1.942
2,44.724,-32.404,-1.540
2,-16.018,6.218,2.852
2,-19.849,2.072,2.560
2,1.180,4.988,1.660
2,41.089,44.139,0.809
2,-38.481,-22.299,6.127
2,-16.875,-25.090,6.172
2,-2.174,29.086,3.009
2,30.715,-26.118,-0.560
4,-42.881,-10.609,7.436
2,28.349,-2.852,-1.347
4,27.310,-17.151,1.507
2,1.205,-39.706,4.553
2,22.405,-39.240,2.102
2,10.812,-1.836,0.144
2,16.340,21.829,1.060
2,42.959,0.697,-2.129
2,49.788,13.542,-2.865
2,-49.477,35.746,2.134
3,28.335,-8.780,-0.599
2,-10.033,32.884,3.037
2,-30.466,-3.922,3.946
2,-27.983,26.317,2.187
2,-20.744,-33.547,5.209
2,-13.963,1.295,3.537
2,35.685,14.519,-0.305
2,-31.714,42.119,2.091
2,-20.388,-3.838,3.440
2,48.174,-36.286,-1.100
2,37.026,-47.240,-0.013
2,22.174,23.659,2.332
2,12.157,3.890,0.185
2,-15.989,5.910,2.935
2,-4.156,29.065,3.527
2,-30.179,21.089,1.408
4,27.603,-16.834,0.988
2,12.997,-20.971,0.909
2,25.781,36.150,1.395
2,1.830,38.499,2.419
2,-36.863,23.539,1.001
2,43.217,15.902,-1.325
2,9.723,-46.428,4.836
2,47.996,47.255,0.761
2,-20.420,43.938,3.163
2,34.784,25.243,1.824
2,-14.018,44.311,3.676
2,8.294,2.194,0.223
2,46.658,28.485,-0.060
2,23.780,38.296,1.801
4,42.492,1.206,-2.185
2,41.954,-22.450,-1.626
2,43.520,-31.483,-1.542
2,-4.187,15.275,1.569
4,41.857,21.952,0.085
3,9.514,-39.853,4.645
2,-20.891,6.994,1.966
2,-14.803,49.550,3.138
2,-35.792,-17.245,6.696
4,32.229,10.873,0.845
3,42.337,21.304,-0.286
2,-29.103,27.780,2.003
3,-43.308,10.945,3.190
2,39.535,13.432,-0.864
2,7.994,15.150,0.522
2,46.346,-7.215,-2.294
2,-26.965,31.447,2.493
3,-14.969,5.815,3.010
2,-49.964,-18.512,7.178
4,-24.304,40.785,3.127
3,-17.287,2.766,2.923
2,-25.679,-6.326,4.021
2,16.667,38.030,2.700
2,-13.324,0.897,3.534
2,36.550,-13.201,-1.927
2,-49.011,41.931,2.536
2,-44.593,30.303,2.198
2,21.764,-27.493,0.692
4,49.992,37.222,1.633
2,-8.445,-21.678,4.342
2,39.421,-2.588,-2.204
2,28.950,45.256,0.532
2,25.731,-13.848,0.016
2,-23.356,28.477,2.416
2,35.783,2.142,-1.498
2,-47.857,-29.329,5.454
2,-42.843,10.633,2.888
4,28.113,-12.091,0.214
2,-4.653,13.296,1.377
4,-33.596,-11.320,7.411
2,30.716,5.281,-0.370
2,-37.533,-36.750,3.739
2,-19.702,43.593,3.251
2,-38.147,-30.466,4.999
2,-48.941,22.052,1.748
2,4.485,36.926,2.360
4,-43.613,25.289,2.759
4,19.314,-22.277,1.427
4,15.957,-30.836,2.843
2,-5.196,-48.197,6.126
2,-25.012,21.416,1.907
2,-2.346,-39.108,4.918
2,-39.405,2.132,5.243
2,-11.562,48.410,2.898
2,-23.917,23.491,2.076
2,0.104,-1.242,2.676
3,40.637,0.952,-1.503
2,39.478,47.220,0.676
2,-25.192,-27.422,6.354
2,20.457,49.979,2.067
2,-30.601,-23.026,6.252
7,-80.262,-5.480,-89.371
2,14.341,-10.051,-0.504
2,8.797,-45.777,4.816
3,-10.848,32.991,3.315
2,48.771,-41.140,-1.229
2,1.067,-6.272,1.114
4,26.556,10.510,1.860
2,25.940,-11.993,-0.236
4,21.178,-17.943,1.869
2,-10.718,33.047,2.989
4,24.944,-26.303,0.835
2,5.561,-2.840,1.223
2,-45.543,-47.655,1.990
2,14.818,-34.397,2.661
4,2.143,26.717,2.788
2,-28.795,-16.459,5.929
3,25.918,-40.625,1.501
2,-48.748,7.109,4.196
2,4.556,-31.680,3.246
2,-29.526,1.909,2.537
4,23.174,-21.257,2.188
2,-7.886,49.537,2.009
4,2.970,36.398,3.423
2,17.976,24.677,1.620
4,2.964,26.544,3.302
2,-23.996,-4.361,3.495
4,28.685,-13.169,0.513
2,-36.881,26.964,1.163
2,-15.986,32.249,3.135
4,-41.883,24.259,2.788
2,-19.477,-11.252,4.314
2,26.829,-8.145,-0.566
2,36.197,19.496,1.042
2,8.720,-25.839,1.476
2,-28.948,19.679,1.532
4,-42.351,-10.234,7.353
2,41.758,24.603,0.037
2,35.997,3.911,-1.145
2,8.276,30.203,1.844
2,-11.155,13.140,0.981
2,-5.377,-37.970,5.551
2,2.436,40.596,1.811
4,17.589,-20.464,1.506
2,41.981,28.558,0.318
2,-27.247,3.355,2.320
2,-45.479,-16.146,6.817
2,-43.355,25.200,2.253
2,25.774,40.643,1.357
4,-41.798,-11.284,7.587
4,3.025,-10.388,2.528
2,-29.074,-43.063,4.149
2,-15.199,-17.688,4.445
2,37.151,49.635,-0.449
3,-34.135,49.908,3.156
4,3.549,36.884,3.286
4,18.396,-23.670,1.587
2,13.745,-15.797,0.461
4,16.439,-19.748,1.528
4,26.631,-11.902,0.559
2,1.636,7.021,1.424
2,-7.814,-8.726,2.318
2,-43.704,10.207,3.162
2,40.107,-13.910,-2.172
2,-12.121,27.315,3.003
2,46.900,-34.504,-1.171
2,11.155,-24.447,0.881
2,-15.455,2.494,3.515
2,27.287,-8.417,-0.427
2,19.062,-30.419,1.417
2,7.297,-5.389,0.915
2,46.898,9.817,-2.719
2,-42.975,18.764,2.055
2,-23.938,39.634,2.646
2,-16.200,17.204,1.919
2,-19.205,-48.483,5.359
3,-14.359,6.407,2.816
2,17.943,25.317,1.549
2,21.904,35.424,1.759
2,-47.662,-9.917,6.838
4,26.837,-18.275,0.976
2,20.184,1.077,-0.747
2,-0.886,-31.014,3.313
2,41.549,41.690,0.640
2,-44.870,-41.058,2.921
2,37.645,-17.504,-0.968
2,11.742,-29.274,2.081
2,0.227,-48.192,5.816
2,-28.897,-4.995,4.158
2,-47.912,-39.968,2.637
2,-42.034,-38.274,3.453
2,13.410,-19.650,0.912
2,-6.920,-31.844,4.197
2,39.574,-0.912,-2.006
3,-23.735,40.951,3.181
4,17.026,-31.443,3.013
2,-25.486,15.495,1.930
2,-11.080,3.096,3.201
3,-4.668,-13.879,3.137
4,-43.271,25.758,2.938
2,-47.959,-6.468,6.685
2,40.427,-12.571,-2.633
2,22.793,44.845,1.728
3,23.323,0.559,-1.190
2,-4.409,40.519,2.772
2,23.299,-4.720,-0.978
4,26.545,-14.192,0.677
2,-27.383,25.375,2.143
2,-31.831,-43.674,4.075
2,0.617,13.412,1.003
4,2.808,37.578,3.199
2,-33.356,-10.775,6.505
2,-3.157,30.384,3.521
2,-21.177,45.431,3.076
2,45.239,-27.591,-1.768
2,-28.252,26.107,1.882
2,-22.960,-31.010,5.981
2,6.864,-4.541,1.085
2,-46.308,-43.448,2.526
2,-17.069,22.822,2.720
3,-16.446,5.078,2.832
2,31.894,-23.967,-0.681
2,42.628,27.209,0.094
2,-37.850,-18.472,6.656
2,-28.127,14.783,1.900
2,-26.768,-11.619,5.677
2,-28.918,9.125,1.707
2,-38.175,49.392,2.738
2,6.127,7.234,0.790
7,14.271,3.488,-5.290
2,-29.124,-12.777,6.110
2,25.258,-11.098,0.094
3,-5.047,39.882,3.340
2,-3.793,-8.962,2.386
2,-24.002,-3.532,3.228
2,-35.047,-13.784,6.440
2,-35.588,-4.538,5.357
2,46.844,20.820,-1.504
2,-5.358,29.174,3.521
3,2.235,37.349,2.911
2,22.094,-18.647,0.524
4,3.292,26.391,3.344
2,36.919,-26.734,-1.468
4,28.123,9.666,0.688
2,-30.230,-5.537,4.454
2,2.367,-49.076,5.842
2,-22.775,-36.041,4.918
2,-17.484,-24.315,6.119
2,33.906,-47.806,0.956
4,-33.611,-40.688,4.576
2,-24.948,48.051,3.452
2,-21.207,-7.139,4.275
2,-1.610,-48.569,5.688
4,26.928,-17.068,1.516
4,24.668,49.993,2.179
3,-23.231,38.709,2.948
4,-33.742,-5.082,6.004
2,-45.177,19.693,2.111
2,-3.700,34.540,3.395
3,-42.815,17.913,2.442
2,27.005,-45.958,2.613
2,-5.578,-19.301,3.540
4,-19.195,5.203,2.851
2,-24.490,0.121,1.863
2,-45.820,14.812,2.451
4,2.894,25.984,3.137
4,22.465,-21.267,2.438
2,44.906,-28.808,-1.799
2,21.178,49.288,1.997
2,-30.110,-17.217,6.182
2,10.826,37.885,2.475
2,-8.259,28.683,3.309
2,-47.816,11.618,3.163
4,17.676,-30.369,2.866
2,37.110,-13.182,-1.894
2,48.291,-15.798,-2.314
2,9.517,-10.068,0.140
2,-20.297,-38.957,4.915
2,29.382,-35.772,0.478
2,24.242,18.660,1.854
3,-17.529,4.807,2.880
2,-5.287,35.173,3.405
2,21.174,37.211,2.159
2,3.047,26.967,2.371
2,-15.832,47.731,3.250
2,-17.585,-0.077,3.373
2,-43.787,10.158,3.099
2,-8.208,36.366,3.054
2,33.537,0.297,-1.361
3,-10.606,32.813,3.406
2,-0.525,11.202,1.308
2,-42.325,8.608,3.189
2,24.531,-6.783,-0.507
2,-1.119,-0.990,2.708
2,-29.686,25.870,2.199
2,11.485,18.912,0.767
2,24.787,-6.205,-0.530
2,40.729,48.872,0.327
2,21.635,-18.345,0.653
3,-3.894,40.786,2.996
2,-15.475,4.497,2.788
2,14.195,-38.684,3.824
3,-5.072,39.705,3.447
4,-3.502,-16.592,3.287
2,45.116,31.021,0.366
4,27.098,16.506,1.729
2,-4.508,30.681,3.507
2,-14.393,2.593,3.508
2,45.758,-49.165,0.329
2,-11.562,36.927,3.021
2,-3.727,-41.155,5.762
2,-27.714,9.690,1.796
2,-41.655,47.084,2.594
2,-13.426,-24.697,5.645
2,18.192,20.138,1.289
2,-36.438,5.449,3.358
2,-26.627,7.100,1.546
2,20.293,46.114,1.660
2,-16.578,1.524,3.573
2,-39.876,-8.493,6.033
2,0.534,25.262,3.076
4,3.079,37.364,3.374
3,-42.955,9.461,3.210
4,22.601,-25.084,1.099
2,15.391,24.169,0.965
2,-20.581,49.277,2.770
4,-12.095,-15.620,4.315
2,-32.865,45.612,2.499
2,-32.007,7.478,2.052
2,6.948,49.162,0.834
2,-41.413,-38.055,3.457
2,-43.392,-6.868,6.484
2,20.230,-1.442,-1.031
2,-20.411,8.703,1.881
4,2.595,26.618,3.180
3,-6.000,40.025,3.261
2,7.590,1.514,0.337
2,-3.742,30.194,3.543
7,27.758,13.405,-7.607
2,41.157,-49.995,0.596
2,13.064,27.398,1.484
2,-13.614,45.767,3.459
2,-15.086,41.913,3.372
2,-2.375,-32.362,3.752
2,-26.223,0.111,1.986
2,34.722,-41.056,-0.478
2,-19.873,27.231,3.018
2,-11.152,-19.389,4.520
2,8.242,-33.526,3.970
2,20.749,-20.444,0.411
3,-23.256,39.687,3.072
2,-24.650,45.435,3.043
2,2.869,-35.367,3.811
2,23.582,42.131,1.782
2,32.796,22.625,1.747
2,49.768,17.420,-2.275
2,4.726,-44.122,5.481
3,-16.528,-20.113,5.846
3,-16.260,-19.749,5.619
2,-28.981,-17.972,6.209
2,-0.950,-18.063,2.349
4,32.551,11.062,0.821
3,23.726,-27.864,0.408
2,36.722,-32.395,-1.118
3,-42.070,10.805,2.959
2,1.948,49.947,0.311
2,8.329,-11.303,0.159
4,-4.806,36.435,4.228
2,46.251,7.218,-2.928
2,30.688,-19.889,-0.086
2,-23.190,39.383,2.575
4,-36.199,-4.119,5.715
2,-4.843,30.076,3.532
2,46.916,-37.586,-1.516
2,-39.832,-7.821,6.013
2,24.212,37.421,2.172
4,26.947,-12.036,0.590
3,-16.564,-20.706,5.810
4,2.869,26.286,3.208
2,-5.049,-43.666,5.978
2,32.699,2.379,-0.946
2,10.971,-16.152,1.220
2,11.864,12.635,0.494
2,-30.446,-36.936,4.541
4,-34.387,-40.200,4.641
2,-40.468,28.969,1.807
2,-18.553,8.331,2.097
2,-3.180,-24.139,3.047
2,45.945,-40.559,-1.500
2,20.456,-27.603,0.852
2,2.411,-40.351,4.648
2,-9.859,-42.873,6.363
3,-5.928,39.868,3.314
2,-6.595,-14.913,3.027
2,-5.523,41.026,2.802
2,-46.177,-24.676,6.007
2,-16.674,4.943,2.738
2,37.076,-21.143,-0.738
4,-34.265,-40.079,4.268
2,-31.296,16.025,1.572
2,47.920,16.264,-2.413
2,-46.801,-28.046,5.543
2,-6.108,22.672,2.864
2,-25.606,-22.285,6.107
2,37.478,2.532,-1.536
2,15.068,-40.851,3.624
2,-21.680,29.135,2.744
3,27.409,-9.075,-0.478
2,1.749,15.309,1.266
2,19.556,-29.445,1.189
2,32.688,-43.887,0.390
2,47.140,3.735,-3.152
2,-47.191,-15.359,6.686
2,-46.834,19.029,2.075
2,-16.533,-15.358,4.192
2,-21.232,6.165,1.944
2,-29.007,-47.926,3.923
2,42.283,-14.013,-2.397
2,33.107,21.095,1.777
4,26.814,10.329,1.019
4,24.576,-27.129,0.488
2,35.393,-5.443,-2.160
2,15.829,-30.640,2.147
2,-40.853,18.505,1.908
2,27.094,-5.372,-0.770
2,-33.716,-21.260,6.621
2,-42.294,-11.524,6.726
2,18.207,-17.249,0.048
2,28.616,44.832,0.573
2,-10.092,4.654,2.647
2,47.441,48.942,0.771
2,-7.998,26.172,3.513
2,18.961,-20.054,0.408
2,-25.252,0.433,1.839
2,-33.179,-24.292,6.006
2,30.135,-24.231,-0.494
2,1.282,15.014,1.245
4,93.445,-8.230,1.579
2,-42.420,9.238,3.076
2,49.983,-23.234,-2.645
4,17.050,-30.264,2.846
2,45.873,35.447,0.681
4,29.449,-16.838,0.621
2,48.054,-4.107,-3.126
2,20.420,-16.689,0.057
2,44.552,-20.654,-2.368
4,-33.509,-39.661,4.670
4,25.236,36.545,2.112
2,29.429,42.035,0.338
2,-40.862,-47.020,2.685
2,12.345,-33.136,3.208
2,24.689,37.129,2.020
2,21.698,15.640,1.550
2,-21.556,-44.828,4.370
2,-39.372,-5.329,5.798
2,-9.175,33.134,2.955
2,45.229,-38.703,-1.611
2,-27.464,-2.878,3.299
2,35.651,40.712,0.837
2,-4.074,3.398,2.868
2,13.884,-12.734,-0.400
2,-34.108,-40.829,3.791
2,-3.930,29.877,3.524
2,-30.034,-7.740,5.172
3,27.704,-17.970,0.730
2,44.092,20.757,-1.184
2,36.423,38.872,0.302
2,10.551,-17.604,1.447
3,49.907,-30.602,-2.096
2,-43.668,9.653,2.855
3,18.541,-24.629,1.172
2,40.224,10.422,-1.091
2,-5.882,-20.880,3.744
2,32.518,-21.789,-0.298
2,3.572,-28.540,2.677
2,21.509,-10.269,-0.601
2,-49.539,34.670,2.453
2,-26.813,-42.899,4.043
2,-49.883,15.372,2.515
4,-42.649,25.762,2.611
2,-34.361,-9.811,5.925
2,28.971,5.863,-0.184
2,42.085,7.772,-1.882
4,17.740,-30.172,2.457
7,-83.465,13.822,1.862
2,12.012,-27.012,1.271
2,-26.823,-30.576,5.865
2,7.916,-9.249,0.442
2,-12.935,-15.836,3.581
2,40.303,-2.276,-2.041
4,15.458,-30.725,2.763
4,27.942,-12.422,0.643
2,-17.101,-40.163,4.839
2,2.392,45.663,0.892
2,5.075,43.605,1.699
2,-19.961,9.933,2.081
2,10.867,-42.407,4.243
2,19.936,-15.673,-0.154
2,37.975,46.818,0.641
2,24.011,-39.051,1.831
2,24.409,33.045,1.475
4,-33.847,-4.104,5.502
2,25.408,-39.069,1.588
4,-42.297,-10.791,7.733
2,23.642,-26.031,0.090
2,23.269,46.634,1.679
2,-34.707,3.540,3.671
2,-35.038,13.540,1.447
2,8.684,-27.541,1.622
2,-2.556,28.575,3.123
4,-34.549,-12.040,7.424
2,29.200,5.168,-0.395
2,36.913,25.465,1.610
2,-36.441,24.074,0.944
2,-19.236,38.149,2.844
4,-25.095,-35.782,6.415
4,42.166,21.263,0.024
2,-41.657,-6.790,6.245
4,19.390,-20.876,1.684
2,25.482,-42.874,2.116
2,-29.661,-7.257,4.980
3,-13.555,-15.915,4.151
2,-18.854,-34.178,5.387
2,27.841,35.121,1.309
2,-39.718,41.132,1.933
2,-4.109,5.587,2.515
2,-44.063,-13.040,6.764
2,-36.948,-46.890,3.206
3,41.659,22.632,0.021
3,-42.487,20.166,2.449
2,41.435,-39.609,-1.316
2,3.896,48.084,0.608
3,29.629,-10.158,-0.598
3,21.622,-21.745,0.808
2,31.019,-6.437,-1.748
2,11.606,3.645,0.123
4,19.357,-21.200,2.046
4,18.426,-17.693,1.409
2,33.137,26.368,2.016
2,-49.851,-19.090,7.139
4,3.415,-9.553,2.486
2,-47.411,45.987,2.280
4,2.530,25.784,3.057
2,2.360,-28.073,2.718
2,41.054,-37.650,-1.090
2,-4.649,9.643,1.605
2,-3.574,-27.883,3.705
2,31.399,-20.181,-0.307
2,45.713,-13.126,-2.475
2,-6.735,2.277,3.311
2,29.789,17.327,1.485
2,-33.336,-13.884,6.407
2,-5.881,40.579,2.870
2,-33.463,32.468,2.112
2,-3.165,26.987,3.366
2,17.194,22.168,1.138
2,18.505,-9.702,-1.191
2,-25.938,-6.909,4.131
2,-25.027,20.834,1.952
4,-5.398,35.898,3.905
2,25.581,-35.656,0.852
2,14.850,-11.708,-0.711
2,-49.577,4.404,4.989
2,24.130,-27.327,-0.033
2,19.706,46.011,1.615
2,-26.539,-38.801,4.263
2,-49.622,-44.260,1.614
2,-39.373,35.153,1.899
3,19.116,-49.552,4.909
2,10.722,23.782,0.960
2,1.864,0.307,2.217
2,-30.090,-33.504,4.988
2,33.503,2.642,-1.053
4,17.969,-22.603,1.045
3,-42.794,18.851,2.448
2,-45.575,-18.530,6.747
2,21.271,49.843,2.067
2,-23.662,-0.533,2.037
2,45.172,28.506,-0.003
2,-43.911,-47.166,2.506
2,3.947,-15.943,1.536
2,4.034,-33.368,3.493
2,7.656,-28.246,2.189
4,16.668,-30.647,2.837
3,-25.146,39.410,2.928
2,-36.485,2.382,4.510
2,6.872,-29.472,2.459
2,16.037,-18.479,0.392
2,17.931,-5.500,-0.919
2,-11.799,-4.107,3.008
4,-33.764,-9.900,7.292
2,33.489,45.310,0.337
2,6.032,4.981,0.686
2,-17.650,-13.466,4.133
2,-28.313,-41.945,4.005
2,-37.409,-25.818,5.636
3,-34.836,-10.848,6.503
2,-44.294,40.617,2.303
2,18.767,34.140,2.265
2,28.785,-2.439,-1.321
2,-10.445,41.327,3.078
2,35.451,16.938,0.336
2,-19.548,25.101,2.886
2,16.002,12.685,0.620
2,41.752,11.465,-1.252
2,-26.946,-8.276,4.749
2,27.565,9.793,0.128
2,20.259,20.060,1.649
2,47.099,-49.993,0.656
4,-10.089,-15.303,4.387
2,-41.900,-26.558,5.649
2,47.076,-49.320,0.485
2,14.635,-45.008,4.085
3,28.647,-9.419,-0.487
4,39.929,-0.076,-1.205
2,4.888,19.633,1.507
2,26.124,-9.786,-0.285
2,22.898,29.687,2.082
2,-16.253,4.042,2.801
2,23.923,16.702,1.549
2,31.535,-38.163,0.067
2,17.436,-19.330,0.405
2,41.420,17.499,-0.787
2,38.941,-36.949,-1.182
2,24.591,9.691,0.358
3,29.595,-8.585,-0.705
2,8.768,20.999,0.804
2,-14.258,-15.785,3.949
4,30.101,9.511,1.604
2,-23.038,-26.900,6.404
2,26.762,-16.729,0.102
2,26.543,-2.068,-1.552
2,-26.553,-15.598,5.836
2,-9.862,0.476,3.267
2,-39.490,-2.736,5.905
7,15.465,21.080,-9.434
4,-12.325,-14.985,4.342
2,-13.750,5.368,2.577
2,27.216,-18.066,0.277
2,7.770,-13.027,0.432
4,-34.644,-3.439,5.506
2,23.657,-26.083,-0.054
4,2.652,-8.271,2.213
2,-4.113,27.691,3.350
2,8.164,14.281,0.525
2,-28.587,33.106,2.609
2,-13.957,38.941,2.838
2,2.921,36.950,2.569
2,-15.431,-0.196,3.518
2,-9.383,34.569,3.013
2,-37.234,-28.015,5.528
2,24.835,-15.912,0.451
3,-34.607,-4.975,5.762
4,-34.521,-40.299,4.646
2,48.265,-26.678,-2.165
2,-10.804,15.886,1.713
2,-24.159,-7.634,4.135
2,-49.484,41.535,2.614
2,-44.073,10.571,2.929
2,10.783,26.415,1.278
2,48.343,21.155,-1.562
3,-12.251,-41.812,6.086
3,29.051,26.029,2.448
2,49.687,-22.663,-2.604
3,-34.185,-3.186,4.866
2,27.391,-9.890,-0.650
2,-41.173,10.115,2.827
4,18.588,-20.774,1.840
2,45.493,-22.896,-1.870
2,-5.359,29.711,3.387
2,33.483,-33.653,-0.447
2,-27.778,27.394,2.081
2,16.557,-40.648,3.313
3,-5.025,40.412,2.871
2,-15.548,-3.279,3.669
2,-4.928,-21.764,3.611
3,40.694,22.901,0.159
2,-31.214,7.642,2.008
2,16.135,-41.121,3.502
2,35.628,0.403,-1.807
2,1.511,-33.231,3.530
2,17.241,-12.366,-0.954
2,46.659,33.916,0.766
2,9.385,43.029,2.189
2,19.989,-37.788,1.923
2,-22.872,17.541,1.841
2,-2.367,26.703,3.247
2,-23.819,46.337,3.225
2,-6.599,31.678,2.933
2,-18.489,7.085,2.159
2,-27.835,42.172,2.365
2,-46.913,-32.213,5.242
2,-39.823,-18.936,6.494
2,-15.228,-20.996,5.298
4,-33.287,-11.322,7.375
2,13.611,-26.571,1.198
2,-12.236,-41.050,5.509
2,24.793,37.040,1.624
2,47.653,-0.920,-3.170
2,-5.410,16.871,1.862
2,49.329,-6.918,-3.027
2,-35.058,10.054,2.197
2,-47.426,-32.473,5.084
2,12.713,-4.300,0.083
2,-15.844,1.601,3.449
2,-29.075,25.234,1.902
2,19.412,-40.457,2.613
2,-36.815,-8.164,5.729
2,-35.413,9.069,2.496
4,29.971,16.996,2.075
2,-29.887,-16.489,6.003
2,-41.345,25.292,1.620
2,-47.757,-1.881,6.383
3,29.201,-9.625,-0.507
2,28.837,3.719,-0.690
2,-10.133,5.201,2.467
2,-35.455,48.660,2.601
2,14.182,-30.315,2.305
2,21.499,11.101,1.006
3,-5.388,36.011,3.604
2,10.243,47.527,1.577
2,-0.704,-21.360,2.582
2,27.003,21.403,2.567
4,30.848,16.816,2.665
2,-43.551,10.247,3.174
2,31.533,-22.585,-0.429
2,33.851,-43.490,-0.075
2,-26.576,32.156,2.410
3,-14.998,6.991,2.955
2,0.170,-32.210,3.355
2,0.691,8.811,1.174
2,34.132,-40.447,-0.382
2,31.756,42.666,0.440
2,-18.420,-48.594,5.671
2,-44.594,5.380,4.144
2,-7.100,40.587,2.805
2,-13.623,-34.800,4.909
2,-28.886,28.017,2.151
2,1.002,45.469,0.794
2,-27.406,25.896,2.083
3,1.807,26.360,2.867
2,11.217,-14.052,0.496
3,26.495,-14.500,0.322
2,-41.697,-25.275,6.007
4,-19.258,30.077,4.078
4,18.414,-17.125,1.017
2,-38.851,15.762,1.703
2,-49.691,-18.040,7.147
2,0.944,29.951,2.618
2,45.961,16.090,-2.252
2,-26.284,40.643,2.386
2,-5.736,-39.656,5.893
2,20.483,17.307,1.437
2,8.732,20.461,0.803
2,23.753,36.596,1.516
2,-26.039,-47.913,4.203
2,1.487,4.119,1.781
2,39.285,-4.384,-2.353
2,-49.673,-14.946,6.851
2,36.568,-4.672,-2.424
3,41.398,21.037,0.040
2,4.975,7.106,0.967
2,-16.083,-18.844,4.834
2,-28.962,-17.137,6.095
2,16.843,16.239,0.558
2,18.940,-4.913,-0.833
2,-5.985,-14.237,3.139
2,-10.883,24.679,3.064
2,-45.898,-23.107,6.231
2,-24.238,8.044,1.772
2,-40.821,-32.686,4.680
3,-6.042,36.452,3.519
2,-11.909,-11.746,2.799
4,18.487,-17.392,1.357
2,44.838,-33.810,-1.554
2,-22.362,-21.374,5.839
2,-12.823,3.502,3.133
2,-15.154,-38.984,5.261
4,19.946,-20.430,1.130
4,24.748,36.766,2.076
2,0.580,-43.792,5.696
4,-18.495,30.942,5.268
2,-48.111,-32.635,4.993
2,-2.670,-30.671,3.572
4,-25.136,39.047,3.363
2,-32.449,-14.319,6.424
2,42.416,-20.785,-1.796
3,-42.517,9.885,3.007
2,-37.527,4.279,4.186
2,-45.473,-4.852,6.418
2,7.536,-12.143,0.298
2,30.151,20.930,2.152
2,11.902,-7.904,0.264
2,42.964,9.477,-1.827
3,29.073,-9.793,-0.472
3,-10.933,33.060,3.466
2,-0.011,20.539,2.276
2,-2.619,-24.781,3.000
2,28.529,18.438,1.760
2,-37.376,-26.455,5.633
2,-48.009,-46.636,1.612
4,-41.532,10.864,3.169
2,-12.145,-21.362,4.779
2,-11.650,7.534,1.771
4,-34.587,-3.221,5.607
2,-32.120,5.814,2.645
7,5.470,37.075,-5.710
2,-7.545,-9.220,2.352
2,-40.935,-13.211,6.754
2,-24.359,17.084,1.913
2,3.568,14.752,1.141
2,6.054,-21.327,1.699
2,-24.835,9.325,2.054
2,46.151,28.812,-0.013
2,-23.751,1.414,1.871
4,-42.753,-12.467,7.467
2,49.075,-4.756,-3.140
2,-0.379,-17.963,2.326
2,-3.760,21.326,2.575
2,-13.248,40.302,3.186
2,-22.146,-36.017,5.031
2,-49.942,-41.319,2.079
2,-24.573,-47.475,4.201
2,-6.199,25.401,3.701
2,-10.621,-39.967,5.622
4,40.549,-0.724,-1.336
2,-6.454,-3.703,2.496
2,-31.107,-37.797,4.272
2,-2.783,-48.911,5.778
2,9.912,18.505,0.736
4,28.524,-17.397,0.880
2,-13.724,13.981,1.396
3,-43.971,48.713,2.654
2,33.838,11.003,0.014
2,-48.144,0.619,5.912
2,2.513,36.183,2.592
2,-41.430,-15.660,6.952
2,41.087,0.479,-1.933
2,17.200,-44.890,3.906
2,-36.796,46.270,2.408
2,21.387,-28.479,0.899
2,-45.296,32.108,2.359
2,-43.808,-19.476,6.841
2,16.246,3.196,-0.026
3,-41.913,25.591,2.251
2,-1.983,14.807,1.536
2,35.455,23.980,1.666
2,-46.424,47.831,2.340
3,-23.368,40.308,3.168
4,25.660,12.113,2.226
2,-11.288,-7.388,2.255
2,6.283,-8.852,0.413
3,-4.320,38.901,3.309
2,27.656,18.260,1.707
2,8.388,-12.828,0.334
2,-45.848,-27.211,5.734
2,-9.089,47.545,2.413
2,28.412,8.079,-0.013
2,14.527,8.337,0.569
2,34.899,37.030,0.655
2,-36.071,-12.818,6.601
2,40.028,40.593,0.461
2,14.847,49.135,1.763
2,-4.937,28.942,3.395
2,16.108,-38.462,3.254
2,-42.872,18.290,1.893
2,2.824,21.328,2.127
2,-19.189,1.277,2.849
2,41.711,-4.965,-2.121
2,-19.107,-41.334,4.794
2,-47.823,-47.174,1.581
4,26.110,-12.985,0.546
2,-10.195,33.543,3.278
2,-22.225,-42.989,4.210
2,-33.653,-37.642,4.085
2,38.256,25.567,1.458
2,-40.549,23.374,1.248
2,-32.989,-40.224,3.783
2,43.902,-19.566,-2.492
2,-26.628,20.149,1.752
2,-28.801,31.470,2.502
3,-4.030,-14.476,3.177
2,28.798,28.420,1.971
2,-46.929,41.744,2.443
2,3.923,35.548,2.674
2,-12.041,-21.905,4.798
2,23.036,-28.820,0.557
3,24.457,37.670,2.145
2,19.024,3.698,-0.341
2,-14.187,-39.395,5.216
2,3.000,26.686,2.182
2,-22.293,-2.597,3.102
2,11.787,14.108,0.451
2,-31.634,-39.079,4.046
2,-43.899,32.142,1.960
2,-36.920,-17.635,6.808
2,-19.972,-49.951,5.329
2,-21.929,7.501,1.747
2,27.361,-9.031,-0.618
2,36.814,21.459,1.153
2,33.449,-29.255,-0.872
2,-43.127,42.092,2.376
2,-27.470,48.321,3.372
2,26.488,7.833,0.045
2,23.838,-35.484,1.085
2,28.491,49.835,1.020
3,27.093,-13.991,-0.257
2,2.252,36.236,2.595
2,22.866,48.752,2.022
2,-0.726,-35.547,3.971
2,29.564,-42.641,0.907
4,-34.259,-12.074,7.405
2,23.872,-26.500,0.068
2,26.386,10.881,0.507
4,-42.064,-10.770,7.752
2,2.562,35.798,2.658
2,-13.809,-1.103,3.323
2,-17.399,48.764,3.193
2,31.522,-30.862,-0.395
2,43.934,-43.076,-1.138
2,-26.702,48.209,3.468
4,25.956,-12.967,0.825
2,-4.520,31.360,3.375
3,-14.867,4.423,3.013
4,-12.287,-41.467,6.467
2,5.922,30.268,2.058
4,-33.976,-4.176,5.799
2,23.066,20.792,2.125
2,15.143,-10.136,-0.694
2,-42.213,-37.706,3.481
2,-10.751,1.110,3.338
2,48.743,27.249,-0.820
2,29.854,30.259,1.797
2,-24.131,-47.103,4.342
2,-27.321,28.156,1.882
2,-6.625,-44.797,6.247
3,41.327,20.919,0.049
2,-13.430,-41.623,5.442
2,24.767,35.975,1.418
2,40.502,22.346,-0.150
2,-35.902,-21.612,6.393
2,-24.165,-38.320,4.650
2,47.275,28.408,-0.198
2,-29.722,37.869,2.201
2,11.114,33.068,2.415
2,17.638,-26.575,1.140
2,-10.272,33.035,2.995
2,43.663,-47.917,0.195
2,-12.067,41.940,3.328
2,16.702,8.731,0.520
2,7.499,-24.614,1.552
2,-37.151,8.945,2.627
2,-34.355,-42.175,3.785
4,-34.675,-3.056,5.359
2,12.187,40.605,2.390
2,-4.481,-2.042,2.517
2,-24.691,-11.632,5.406
2,16.335,2.404,-0.219
3,-33.075,-11.230,6.842
2,-38.396,39.475,1.764
2,-33.536,-36.467,4.307
2,-45.621,-41.271,2.803
2,-22.588,16.712,1.854
4,23.678,-26.388,0.664
2,-39.375,-27.774,5.482
2,-33.331,14.262,1.345
2,40.327,-45.357,-0.555
4,22.230,-21.737,1.067
2,-7.246,17.355,2.188
2,45.248,-22.382,-1.953
2,-42.955,43.382,2.367
2,-12.387,4.769,2.739
2,7.428,25.301,1.179
2,-16.083,35.869,2.832
3,-15.038,6.169,3.005
3,-42.323,18.293,2.492
3,-6.598,39.406,3.303
4,24.794,-26.440,0.550
2,47.930,-23.834,-2.256
2,-26.587,14.772,1.925
2,13.650,5.097,0.392
2,-39.428,34.531,1.889
2,-8.522,-24.331,4.602
2,8.515,-25.321,1.460
2,-36.449,10.836,2.096
2,41.118,36.844,0.496
2,18.905,45.588,1.705
2,-5.608,39.531,2.881
2,20.090,14.803,1.080
2,24.697,14.566,1.071
2,-43.487,10.416,3.120
2,46.042,-39.350,-1.519
2,-39.057,25.614,0.933
2,43.884,47.483,0.601
4,-4.808,35.713,4.290
2,5.541,37.951,2.114
2,3.778,-12.102,0.912
2,-30.570,46.689,2.846
2,-7.843,-6.954,2.259
2,-9.435,37.943,2.975
3,-10.222,33.300,3.427
2,-44.217,-32.816,4.695
2,22.217,-3.043,-1.375
4,2.990,26.510,2.947
2,-46.221,23.883,1.942
2,3.603,-1.100,1.655
2,42.777,-19.323,-2.242
2,-36.738,1.838,4.735
2,26.325,-15.821,0.038
3,-10.054,32.558,3.427
4,-34.838,-2.598,5.849
2,-31.369,-32.962,4.751
2,3.389,22.837,2.094
2,-47.952,12.257,3.067
2,0.867,-41.166,4.985
3,-5.349,-15.031,3.303
3,41.464,22.494,-0.145
2,29.972,-11.907,-1.226
1,29.973,26.091,2.390
2,-9.572,3.610,3.015
2,43.173,14.199,-1.520
2,-29.289,25.194,1.988
2,10.173,11.489,0.660
2,-20.595,31.947,3.006
2,-48.707,-11.964,6.704
2,-0.682,0.569,2.847
2,0.697,31.422,2.774
2,28.334,20.387,2.167
2,-30.714,22.434,1.439
2,-48.500,10.574,3.318
2,48.082,45.947,0.816
3,-5.311,41.013,2.989
2,-0.116,27.675,2.782
3,28.476,-10.870,-0.561
2,-18.446,-49.254,5.830
4,-34.612,-2.814,5.860
2,-15.603,-47.233,6.037
4,16.107,-19.379,1.367
3,-3.626,35.174,3.670
2,14.769,-32.490,2.734
2,3.493,-38.682,4.434
2,25.420,1.972,-1.520
2,-18.362,-9.738,4.119
2,9.379,33.900,2.250
2,2.178,35.761,2.579
2,-25.742,-9.526,4.805
2,-41.772,3.859,4.639
2,-33.869,-12.864,6.546
2,3.244,13.838,0.850
3,-16.832,5.815,3.017
2,3.499,36.908,2.712
2,-14.983,1.259,3.378
2,-28.097,-47.422,3.881
2,-23.822,40.106,2.564
2,25.536,14.363,0.904
2,18.962,-19.467,0.338
2,-26.587,-28.931,5.838
2,29.892,23.977,2.483
2,-8.506,24.748,3.390
3,-43.063,11.125,3.028
2,-41.009,15.249,1.845
2,23.974,31.005,1.771
2,-48.919,-36.191,3.374
2,-49.805,25.697,1.692
2,23.950,18.181,1.800
2,10.006,30.718,2.029
2,-29.957,12.159,1.565
2,-37.295,-24.201,5.993
2,1.241,16.718,1.664
2,-24.302,0.568,1.939
2,12.274,34.892,2.549
2,-29.253,27.352,2.000
2,21.585,-8.271,-0.889
3,-43.189,10.826,3.128
2,10.486,-41.836,4.273
4,24.833,-26.248,0.537
2,32.436,-21.224,-0.287
2,-24.095,33.192,2.416
2,-10.894,-43.967,6.233
2,47.740,-1.836,-3.252
2,-30.782,-21.834,6.584
2,20.869,19.984,1.741
4,28.599,-16.237,1.149
4,-43.174,-11.279,7.930
2,44.114,30.113,0.209
2,3.755,-12.714,1.024
2,37.455,-7.627,-2.187
2,-13.906,-47.145,6.054
2,-37.009,-37.794,3.599
2,9.411,-6.349,0.753
2,-27.280,5.522,1.694
2,-41.600,19.644,1.940
2,-12.537,48.890,2.989
3,-15.850,-19.466,5.307
2,15.707,47.748,1.947
2,29.271,-6.996,-1.064
3,-42.522,-9.983,6.884
2,-37.235,42.742,1.939
3,-3.622,36.200,3.634
2,44.102,37.069,0.398
2,5.899,3.542,0.645
3,-34.509,-40.353,4.085
2,-44.905,4.560,4.527
2,23.606,24.169,2.598
2,29.180,-18.621,0.294
2,38.804,25.300,1.289
2,35.907,12.696,-0.463
2,-41.811,18.971,2.071
2,-42.278,-28.292,5.619
2,-45.961,-42.003,2.598
2,-17.387,24.081,2.946
2,5.883,12.530,0.309
2,-31.593,14.083,1.381
2,-35.163,-33.611,4.387
2,27.375,-9.646,-0.483
2,44.237,-6.217,-2.016
2,-34.967,-28.775,5.364
2,-8.209,-43.438,6.365
3,25.151,35.565,1.937
2,-44.947,-26.154,5.760
2,-36.827,-10.871,6.446
2,20.259,-29.185,1.073
2,-36.330,-48.703,3.385
2,-28.573,26.662,1.991
2,31.210,-39.986,-0.016
2,-33.713,-25.854,5.748
2,-0.681,18.665,2.327
2,-27.718,42.809,2.535
2,41.563,-47.080,0.139
2,-27.260,28.758,2.028
2,-11.488,-49.946,6.489
4,-25.026,39.212,3.032
2,35.838,22.438,1.474
2,-4.521,41.100,2.815
2,-16.613,42.653,3.304
2,-44.245,-42.621,2.877
4,23.251,-1.102,-0.685
2,42.963,-20.535,-2.018
3,25.677,-11.613,0.317
2,-16.186,10.577,1.997
2,29.039,-21.296,0.102
2,49.760,6.031,-3.102
2,40.783,-10.978,-2.614
2,-21.677,-8.696,4.399
2,-21.304,43.092,3.025
2,-26.737,47.437,3.270
2,21.423,23.681,2.293
3,28.923,-9.439,-0.556
3,29.405,-8.920,-0.761
2,-33.939,24.889,1.160
2,-38.314,2.272,5.023
2,2.706,30.932,2.739
2,-15.431,1.658,3.547
2,36.350,9.364,-0.584
2,-28.784,20.701,1.533
2,-40.409,-35.646,4.047
2,8.494,26.532,1.443
2,-49.794,39.442,2.353
2,-6.031,7.259,2.196
2,-17.803,28.515,3.234
2,22.714,-26.874,0.530
2,-44.094,4.936,4.380
2,-49.917,-47.384,1.430
2,13.776,-49.228,4.814
2,21.478,-18.442,0.595
2,-39.786,39.279,1.866
2,34.143,33.221,1.254
2,-8.608,47.807,2.289
2,-42.636,-10.646,6.698
2,47.364,35.451,0.817
2,-14.110,-37.076,5.029
2,46.700,41.389,0.618
2,-25.606,25.213,1.951
4,-11.174,-41.759,7.756
2,-12.284,12.049,1.050
2,-31.273,-14.942,6.098
2,45.343,35.130,0.582
2,-25.210,0.500,2.035
2,26.921,-8.186,-0.526
4,20.140,-21.957,1.377
2,24.404,-8.440,-0.232
2,-29.309,13.443,1.732
2,-33.524,1.901,3.765
2,-1.265,-42.031,5.564
2,-39.942,-15.542,6.858
2,-21.771,34.363,2.946
2,-1.722,26.296,3.101
3,28.153,-18.657,0.620
2,27.821,44.422,0.783
2,14.809,-14.824,-0.085
4,20.070,-23.552,1.563
2,29.992,48.315,0.939
2,-32.835,-38.261,4.062
2,23.538,23.044,2.425
4,1.989,36.730,3.365
2,40.164,3.888,-1.742
3,-33.441,-40.177,4.655
2,37.493,-28.455,-1.122
2,-21.197,37.934,2.612
2,-31.262,0.869,3.134
2,-39.519,12.681,1.830
2,-8.306,-31.998,4.283
3,-4.346,-16.815,3.127
2,22.077,-19.626,0.537
2,-38.658,-13.577,6.717
2,-2.463,27.430,3.145
2,21.929,-17.954,0.431
2,-49.655,2.784,5.251
2,42.282,-14.672,-2.386
2,-5.658,-15.079,3.353
2,32.182,32.806,1.501
2,-45.024,12.407,2.830
4,-36.037,-4.541,5.675
3,39.657,-0.171,-1.714
2,45.258,5.082,-2.901
2,-43.303,-35.673,3.759
3,23.200,-26.846,0.207
2,40.669,44.844,0.850
2,-15.491,5.499,2.905
2,47.400,-6.066,-2.462
3,-4.628,-16.918,3.117
2,40.269,-42.152,-1.156
2,35.414,11.501,-0.385
4,-11.919,-14.358,4.396
2,-4.686,29.140,3.577
3,-33.693,-13.068,6.856
4,-24.261,40.107,3.113
2,14.126,-33.161,2.870
2,47.140,22.170,-1.209
2,25.735,6.599,0.217
4,3.082,27.070,3.043
2,-35.828,-5.096,5.604
2,-34.842,40.312,2.084
2,11.376,-42.026,4.197
2,-18.809,3.973,2.343
2,-4.661,37.374,3.108
2,-27.079,26.003,1.993
2,-47.781,-35.840,3.718
2,-32.814,36.795,2.283
2,17.061,-20.858,0.579
2,34.294,-14.850,-1.453
2,-42.768,-20.867,6.743
3,-4.467,35.727,3.616
2,10.224,-25.456,1.142
2,-6.447,1.705,3.450
2,-21.664,3.421,2.164
2,-28.763,14.801,1.756
2,15.605,-39.348,3.433
2,-21.394,6.797,1.888
4,16.560,-31.090,3.023
4,28.087,-16.097,1.159
2,-22.130,11.776,2.287
2,26.212,23.554,2.873
2,-20.601,-17.516,5.351
2,-46.614,-22.559,6.273
2,-29.164,-40.751,3.973
3,14.900,2.334,-0.020
4,-34.191,-12.358,7.372
2,29.531,26.660,2.293
4,-35.458,-3.369,5.664
2,-29.065,-19.456,6.369
2,43.295,49.977,0.526
2,43.774,-8.085,-2.050
2,-47.306,-16.420,6.821
2,-49.793,37.779,2.038
2,2.404,36.294,2.706
2,-40.985,-5.654,5.951
4,-4.454,36.841,3.769
2,-12.789,37.179,3.007
2,-40.586,8.519,3.376
4,-3.757,36.598,3.719
3,-42.189,-11.301,7.143
2,19.948,46.964,1.772
2,-28.049,25.556,1.919
2,6.813,31.198,2.125
2,-38.391,12.303,1.741
2,-7.446,47.592,1.982
2,-12.175,-48.694,6.273
2,-8.707,-44.863,6.267
2,14.342,7.218,0.553
4,27.536,-16.288,0.579
2,-44.274,9.486,3.069
2,16.115,26.788,1.373
2,7.093,-22.683,1.605
2,47.584,41.835,0.644
2,3.305,-45.928,5.865
2,21.915,-48.726,4.225
2,-10.023,32.998,2.963
4,-23.371,37.882,3.220
3,-16.795,5.423,2.819
2,-15.889,-0.035,3.310
2,-34.737,39.617,2.069
2,44.046,28.150,0.058
2,-43.196,-29.770,5.309
2,15.441,-1.907,-0.474
4,32.591,11.106,1.542
2,16.405,46.863,1.857
2,-16.803,42.062,3.181
2,24.324,-9.467,-0.074
2,17.167,33.364,2.368
2,-15.607,48.371,3.195
2,-9.261,14.003,1.234
2,-5.785,-17.754,3.369
2,-7.199,46.260,2.010
2,12.007,46.339,1.990
2,-28.215,25.598,2.010
2,25.083,23.338,2.676
2,9.664,-13.674,0.546
2,-16.944,-44.017,4.990
2,40.067,27.540,0.752
2,-34.710,-21.981,6.487
4,15.121,-24.173,2.622
2,-25.237,-1.758,2.661
4,-33.657,-5.890,5.763
2,23.271,-8.920,-0.493
4,-35.556,-3.615,5.819
2,4.600,39.567,1.962
2,-11.056,7.096,1.774
2,-6.278,23.637,3.280
2,-46.811,11.788,3.153
3,-42.754,10.922,3.111
2,-42.013,9.647,2.877
2,38.874,48.945,0.133
2,-25.743,41.804,2.715
2,-24.788,40.905,2.589
2,19.796,-38.674,2.263
2,-43.204,6.852,3.860
2,8.150,18.321,0.576
2,11.529,28.632,1.718
2,45.269,27.197,-0.351
2,-24.308,32.071,2.458
2,-30.183,-12.791,6.284
2,-14.374,-1.077,3.415
2,-34.603,-3.275,4.865
2,-37.927,-35.639,4.169
2,-3.455,-21.480,3.061
2,-11.806,6.894,2.001
2,-0.089,-46.593,6.087
4,-25.149,38.770,3.023
2,35.835,11.923,-0.434
2,-12.267,24.215,2.944
2,-12.781,42.741,3.464
2,7.880,17.800,0.479
2,25.201,26.492,2.412
2,-36.380,-3.531,4.864
2,28.639,-10.491,-0.723
2,-48.598,20.584,2.017
2,1.342,-40.718,4.824
2,-11.689,-16.988,4.126
2,-7.612,-30.645,4.255
2,-32.133,-40.752,3.761
2,1.847,0.943,2.192
2,41.971,32.656,0.681
2,41.294,-32.278,-1.349
2,10.609,-1.326,0.156
2,-2.854,-22.524,2.858
4,-4.586,40.617,3.467
2,-13.825,20.915,2.490
2,27.172,-10.494,-0.757
4,-3.975,36.615,3.765
2,-27.242,44.831,2.764
2,-28.504,-1.210,2.941
2,-37.674,39.579,1.757
3,13.871,3.797,0.194
2,31.223,-24.062,-0.656
2,32.139,44.839,0.285
2,16.050,-48.652,4.343
2,-14.229,27.115,2.908
2,-43.677,10.244,3.214
2,47.024,-41.731,-1.284
2,4.322,27.944,1.974
4,-43.114,-10.605,7.539
2,5.576,0.582,0.940
2,-31.858,2.135,3.266
2,27.597,-11.778,-0.463
2,-41.416,41.381,2.101
2,-32.297,-26.112,5.686
2,27.098,-11.695,-0.155
2,0.823,-20.416,2.308
2,-27.298,42.111,2.477
2,-48.341,-13.575,6.902
2,-21.187,-8.362,4.315
2,-46.602,-29.228,5.509
2,21.040,-39.419,2.345
2,4.803,33.737,2.433
2,-21.504,46.119,3.041
2,-44.563,-9.256,6.592
2,9.198,-37.048,4.465
2,-16.960,43.813,3.242
2,-23.246,-10.201,4.822
4,-42.366,24.886,2.781
2,-30.854,-12.568,6.381
2,36.790,18.361,0.800
2,34.918,-2.396,-1.719
2,5.063,-39.246,4.519
4,15.353,-21.137,1.557
2,-43.002,36.029,1.912
2,-28.239,25.524,1.518
2,-41.659,34.921,1.941
2,45.759,29.283,0.049
2,-26.013,-15.824,5.782
4,-4.490,40.644,3.360
2,-16.822,-46.040,5.610
2,39.812,-41.636,-1.234
4,-43.707,-10.913,7.578
2,-35.272,14.096,1.420
2,-39.301,21.881,1.232
2,30.626,-17.828,-0.060
2,18.657,22.814,1.721
3,-42.851,10.128,3.128
4,-32.701,-2.431,5.912
2,35.373,-42.246,-0.448
2,7.477,49.073,0.816
2,12.832,-47.412,4.671
2,-22.417,-42.192,4.367
2,26.787,-36.352,0.771
2,38.513,-0.576,-1.982
4,29.599,9.334,0.893
7,-48.023,161.803,-56.277
2,-0.577,20.658,2.304
2,-0.832,-37.041,4.118
2,-16.149,-42.603,5.036
2,6.471,-31.607,3.405
2,17.053,1.522,-0.527
2,28.137,-10.624,-0.657
2,-39.391,-47.284,2.841
2,-0.165,22.472,2.615
3,24.299,-26.366,0.600
2,34.179,-22.594,-0.766
4,23.650,-26.938,0.664
2,-9.970,38.450,2.984
2,11.930,-6.801,0.116
3,-43.061,19.069,2.339
2,46.807,37.316,0.636
2,-11.571,28.107,3.214
4,-22.733,39.981,3.342
2,6.140,-42.668,5.142
2,37.655,-42.710,-1.036
2,-12.403,29.777,3.654
2,-9.751,14.380,1.360
2,-15.903,19.319,2.257
2,28.010,-12.974,-0.571
2,-10.204,32.875,3.106
2,0.222,29.227,2.627
3,-18.617,31.015,3.701
4,-34.415,-39.565,4.814
2,13.169,-10.334,-0.190
2,-0.255,19.239,2.405
3,38.348,37.501,0.216
2,-16.419,33.734,2.900
2,28.677,-11.094,-0.819
2,-28.202,2.705,2.421
4,-4.489,36.465,4.308
2,-5.159,-9.810,2.431
2,13.039,-15.810,0.652
2,-13.955,1.737,3.314
2,36.092,-21.214,-0.665
2,0.486,45.840,0.783
2,29.167,47.876,0.947
2,19.576,6.118,0.177
2,13.840,-4.871,-0.480
4,-42.273,24.065,2.647
2,-3.113,32.986,3.462
2,6.482,32.788,2.449
2,-38.835,-2.877,5.762
2,-48.373,-24.169,6.369
3,-10.133,32.786,3.361
4,19.569,-23.051,1.576
2,20.332,9.330,0.636
2,12.289,-21.763,0.760
2,-24.044,-16.842,5.426
7,17.848,51.220,-105.542
2,-25.663,-5.086,3.873
7,-48.694,57.785,-0.703
2,-33.240,-11.647,6.497
2,-42.581,42.118,2.334
2,44.259,36.404,0.414
4,-35.896,-3.765,5.953
2,-4.473,40.867,2.847
2,36.270,16.768,0.249
2,-45.818,28.135,2.363
4,3.458,36.812,3.361
2,-44.643,-13.305,6.833
2,14.457,-4.869,-0.484
2,-29.334,-16.337,5.920
2,3.823,19.049,1.756
4,25.683,12.195,1.516
2,-14.914,-30.924,4.818
4,-35.241,-4.586,5.758
2,-10.723,-20.804,4.496
2,-1.545,46.672,1.011
2,19.591,3.804,-0.463
2,34.751,-3.299,-1.743
4,28.197,-13.756,0.373
2,41.736,9.927,-1.295
4,27.433,-11.365,0.413
2,-38.274,-19.842,6.502
2,-17.326,-16.023,4.335
3,29.395,-9.316,-0.712
2,-43.160,9.913,3.192
2,-48.500,-17.897,6.973
2,3.197,-10.433,0.861
2,45.643,-41.898,-1.390
2,-17.468,-31.444,5.194
2,36.125,-45.192,-0.381
2,-43.093,9.245,2.859
4,18.175,-22.663,2.081
4,2.763,25.989,3.034
2,42.567,26.593,-0.042
4,29.708,9.356,1.613
2,16.216,-44.661,3.963
2,9.376,-31.428,3.062
2,-44.044,-32.137,4.915
2,13.351,-40.075,3.930
2,39.676,32.494,0.959
2,-29.025,26.333,1.918
2,-36.419,-40.349,3.732
2,12.008,25.535,1.155
2,-4.331,29.593,3.378
2,-29.321,-12.258,6.087
2,-36.718,-25.477,5.773
3,-5.840,31.312,3.520
2,-42.612,-10.803,6.695
2,-27.639,-23.438,6.051
2,8.053,20.419,0.813
4,-19.337,30.338,5.233
2,-18.163,-43.481,4.757
2,-34.692,11.558,1.691
2,-15.676,-24.345,5.781
2,-38.807,46.686,2.543
2,41.257,22.173,-0.298
2,36.571,-2.648,-2.123
2,-13.033,-4.987,2.996
3,29.086,-10.534,-0.500
2,5.512,-49.082,5.372
2,8.943,-4.077,0.619
7,-48.539,26.223,-3.915
2,-11.695,44.715,3.499
3,24.412,36.629,1.941
2,-3.039,2.006,2.824
2,27.744,-37.029,0.780
2,-8.424,-24.973,4.456
2,19.784,-49.498,4.778
3,24.712,-26.416,-0.020
2,42.029,-2.189,-2.217
2,-37.483,-19.305,6.539
2,33.556,49.371,0.428
2,47.978,48.708,0.815
3,-42.889,9.343,3.154
2,1.199,-0.950,2.418
2,30.866,-11.617,-1.510
2,22.311,26.126,2.521
2,28.912,-6.397,-1.092
3,41.654,23.122,-0.032
2,5.268,36.244,2.509
2,-26.039,37.823,2.162
2,-40.088,39.735,1.864
4,-33.362,-13.546,7.126
2,41.190,2.168,-1.852
2,-42.214,17.820,1.946
2,21.933,-17.646,0.631
2,-12.937,-15.561,3.572
2,-28.410,26.606,2.172
4,28.603,-16.684,0.452
2,-37.449,-33.603,4.761
2,49.855,3.772,-3.344
2,-31.124,36.617,2.177
4,-33.941,-4.480,5.762
2,7.445,4.396,0.457
2,16.784,-27.689,1.291
3,29.249,-11.068,-0.589
2,-14.656,45.086,3.509
2,24.495,-11.120,0.130
4,42.355,-15.657,-2.435
2,-31.854,-18.807,6.828
2,45.217,-43.451,-1.058
2,-17.891,-40.168,4.750
4,-34.691,-3.191,5.930
2,42.340,-8.297,-2.324
2,23.382,-31.100,0.618
2,22.380,-38.026,1.834
2,-33.157,-19.134,6.799
3,-3.773,-15.505,3.220
2,-5.673,-3.626,2.373
3,-23.622,39.561,3.009
2,48.802,32.133,0.570
2,44.261,-35.533,-1.479
2,21.228,-23.051,0.202
2,42.156,40.656,0.705
2,-28.790,27.791,2.108
2,-47.676,32.201,2.589
4,27.476,-17.164,1.117
2,-49.309,-13.284,6.652
4,-3.269,36.873,4.184
2,22.788,14.098,1.332
2,-46.652,33.379,2.419
4,11.160,-38.432,5.706
2,-26.384,17.482,1.829
2,-20.026,-4.254,3.539
2,-11.918,-17.038,4.046
2,-14.758,0.753,3.312
4,23.982,-27.130,0.569
2,-28.300,-27.562,5.951
2,-24.011,40.359,2.564
2,-28.425,48.626,3.134
2,29.871,-25.927,-0.505
3,42.366,21.947,-0.306
2,19.954,-23.845,0.456
2,-24.342,39.306,2.599
3,22.064,-21.855,0.847
2,33.741,-31.848,-0.694
2,-44.483,-38.118,3.149
2,33.320,39.789,0.608
2,12.611,-44.781,4.396
2,-5.442,-15.432,3.292
4,22.834,-0.596,-0.919
2,-7.053,-15.326,3.251
2,-8.709,41.839,2.873
2,-39.659,-36.146,3.909
2,-10.977,-32.648,4.514
2,-40.913,-16.769,6.886
2,-49.020,-15.033,6.818
2,1.528,40.190,2.092
2,-32.765,-10.211,6.161
2,-27.936,-38.744,4.074
3,-42.919,18.703,2.554
2,-43.752,23.992,2.187
4,2.894,35.971,3.360
2,-48.475,-31.994,5.151
2,-6.109,-46.743,6.113
4,37.471,0.147,-1.383
4,20.590,-23.044,1.511
2,-6.751,-34.856,4.642
2,-24.567,12.207,2.269
2,15.509,41.733,2.531
2,-43.512,10.276,3.163
4,-11.117,-14.887,4.558
2,17.742,-43.650,3.709
2,48.066,-41.927,-1.270
2,44.045,-20.888,-2.162
2,-34.609,-39.538,3.751
2,-38.773,-15.917,6.775
3,6.750,-37.740,4.639
2,-8.785,46.965,2.490
2,38.714,-1.111,-2.091
3,40.920,21.798,0.093
2,-17.626,-36.581,4.942
3,-42.078,9.912,3.074
2,-18.466,0.141,3.416
2,34.270,-29.863,-0.843
2,-22.067,33.889,2.991
2,-4.185,39.704,2.755
2,24.630,37.214,1.810
2,43.472,7.675,-2.328
2,15.698,18.663,0.562
2,38.384,-19.691,-0.906
2,-24.193,24.329,2.148
2,42.147,48.077,0.486
2,-30.753,8.772,1.741
2,-43.623,3.325,4.972
2,-8.243,3.940,2.879
2,-33.995,-34.954,4.393
2,44.528,30.878,0.342
2,14.306,-21.104,0.965
2,4.038,1.469,1.485
2,-45.913,30.394,2.584
2,24.258,-25.754,-0.069
2,19.765,7.841,0.470
2,36.290,-19.640,-0.798
2,-7.352,-3.123,2.542
2,-34.252,36.289,2.293
2,-6.061,34.007,3.175
2,-6.445,-41.612,6.089
3,40.805,22.747,-0.027
2,49.342,-15.786,-2.273
2,21.230,-18.768,0.360
2,-34.621,-5.005,5.201
2,17.686,40.612,2.368
2,-27.457,-10.453,5.522
2,10.776,47.714,1.566
2,-22.329,-5.890,3.961
2,48.912,-45.163,-0.662
2,-32.440,-17.525,6.722
2,46.401,8.405,-2.839
2,47.469,40.186,0.665
2,-27.567,-21.842,6.151
2,-4.172,39.695,2.744
2,-33.489,-39.453,4.271
4,32.392,15.299,1.363
2,19.462,43.360,1.736
2,-46.832,21.615,1.955
2,-46.525,-20.524,6.574
2,-10.664,33.149,2.998
2,36.895,4.482,-1.103
2,24.653,-22.595,0.468
2,-33.362,-40.613,3.712
3,2.970,25.947,2.535
3,39.220,0.015,-1.851
2,-29.644,-33.161,5.054
4,-42.763,-11.726,7.943
3,-24.220,41.089,3.020
2,-31.577,-16.227,6.341
2,-2.966,43.636,1.797
2,-36.186,9.465,2.433
2,37.206,9.971,-0.620
4,26.126,-12.600,0.643
2,-46.345,-34.862,4.263
2,27.342,37.114,1.210
2,-38.374,1.325,5.306
2,-0.646,5.495,1.828
2,-5.751,-31.731,4.149
2,22.743,15.682,1.525
2,-31.959,-46.325,4.089
2,-49.491,-1.327,6.141
2,-28.599,-37.911,4.214
2,-25.632,-32.662,5.549
2,-10.965,7.902,1.716
2,3.795,-19.254,1.898
2,34.872,19.872,1.385
2,36.922,-0.645,-2.144
2,-27.949,33.624,2.603
2,6.930,49.923,0.774
2,-10.228,18.043,2.379
2,46.077,44.908,0.666
2,47.719,-37.432,-1.298
2,-14.960,0.535,3.406
2,-24.165,-0.412,2.007
2,35.662,9.016,-0.581
2,24.624,-27.176,-0.046
3,18.760,-25.171,1.145
2,3.266,8.205,1.102
2,-42.395,-16.118,6.991
2,24.592,0.106,-2.088
2,-37.598,7.101,3.299
2,44.789,-35.781,-1.561
2,32.513,4.180,-0.658
2,24.201,-47.987,3.863
2,41.480,8.667,-1.469
2,3.493,36.106,2.620
2,24.475,-30.437,0.121
2,-34.778,-28.022,5.503
2,22.977,42.247,1.923
2,5.286,-17.565,1.760
4,16.945,-23.042,1.420
2,-41.739,-15.125,6.867
4,2.424,37.022,3.221
2,-42.802,42.844,2.371
2,26.990,27.428,2.157
2,-3.627,34.206,3.261
2,-18.778,35.580,2.940
2,0.989,24.805,2.967
2,-49.916,-44.920,1.569
2,-27.304,43.276,2.590
2,29.285,37.174,1.078
2,20.647,-30.896,1.228
2,9.589,43.581,2.325
2,-31.625,-40.458,3.684
2,-16.767,16.387,1.825
2,-20.974,-1.269,3.004
2,-49.390,25.161,1.716
2,-4.903,41.085,2.756
2,-38.240,40.015,1.815
2,-34.250,-40.026,3.772
2,9.266,-29.075,2.216
2,-15.360,-21.312,5.533
2,4.060,39.317,2.042
4,31.428,16.349,2.477
2,27.509,-10.144,-0.554
2,32.115,-34.181,-0.176
2,27.965,27.055,2.259
4,28.549,-16.443,0.985
2,28.869,-10.752,-0.756
2,45.536,4.271,-2.976
2,-17.696,44.900,3.131
4,-19.073,29.932,4.733
2,34.015,-38.021,-0.331
2,-17.261,49.384,3.205
2,-15.324,2.709,3.438
7,49.836,-33.204,-6.599
2,45.421,33.783,0.497
2,-34.957,-37.920,3.982
2,15.769,-5.690,-0.782
2,15.834,-43.340,3.849
2,49.316,-12.982,-2.246
4,-25.058,-34.375,6.441
4,-3.658,36.505,3.665
4,-15.442,-19.583,5.741
4,25.379,-26.971,0.686
2,47.640,6.157,-3.084
2,-6.906,-10.493,2.572
2,-4.226,30.427,3.533
2,11.915,-19.033,1.208
2,10.419,14.856,0.629
2,36.073,26.382,1.518
4,18.269,-22.017,1.919
2,38.835,-15.952,-1.560
2,-25.031,-37.269,4.726
2,-36.187,-6.406,5.493
3,-42.404,9.731,3.208
3,-34.351,-11.427,6.819
2,-12.613,-17.735,4.441
2,13.632,9.864,0.538
2,-16.712,-21.753,5.539
2,-3.652,27.303,3.360
2,-15.301,19.209,2.191
2,2.390,-35.863,3.956
2,7.983,-25.487,1.522
4,24.411,35.919,2.252
2,-9.756,-32.691,4.513
2,11.727,-11.513,-0.039
2,-40.757,9.699,2.961
2,2.853,26.066,2.137
2,-30.663,-14.566,6.103
2,25.187,-7.188,-0.380
3,40.907,-0.178,-1.565
2,-28.281,-19.738,6.357
2,14.713,12.126,0.584
2,32.066,-31.679,-0.280
2,14.236,-48.229,4.587
2,-25.105,1.762,2.037
2,-1.982,-45.814,5.849
2,13.615,13.297,0.403
2,-30.627,32.051,2.387
2,30.717,-46.732,1.622
2,-12.199,37.981,2.942
2,29.559,47.194,0.887
2,36.771,0.459,-1.985
2,-12.685,-42.910,5.933
4,-14.858,-20.136,5.868
2,-5.430,1.837,3.225
4,2.938,27.080,2.804
2,-19.571,14.353,1.691
2,-8.494,-10.978,2.566
2,24.830,37.129,1.534
2,23.845,21.461,2.213
2,-4.269,31.948,3.229
2,24.824,29.094,1.849
2,-20.704,21.574,2.458
2,16.465,-29.757,1.697
2,16.115,8.613,0.471
2,-7.637,43.757,2.364
4,15.484,-21.578,1.446
2,12.546,37.867,2.947
2,-49.822,-25.876,6.423
2,-34.349,-39.895,3.738
2,-14.714,-7.748,3.262
2,-29.963,-12.293,6.199
3,23.997,-27.833,0.368
3,29.867,-47.543,2.056
2,-8.131,20.628,2.739
2,10.930,30.857,2.247
2,40.487,34.460,0.409
2,26.110,30.802,1.744
4,-33.966,-39.868,4.646
4,-43.182,-11.407,7.549
2,-19.407,33.559,3.128
2,42.458,-24.689,-1.442
2,-40.117,-35.114,4.282
3,28.695,-10.447,-0.444
3,23.546,-26.486,0.237
2,9.759,-5.931,0.656
2,-27.502,-17.033,6.080
3,29.006,-9.332,-0.617
2,2.613,47.488,0.685
2,-15.758,2.434,3.460
2,0.935,3.517,1.981
2,-24.910,34.365,2.024
2,27.751,25.857,2.493
2,-30.476,43.166,2.346
4,-33.918,-40.433,4.489
2,-48.112,-28.698,5.526
2,6.939,25.761,1.177
2,-4.325,36.498,3.104
2,31.297,45.687,0.395
2,-34.145,-12.669,6.844
2,30.977,-36.640,0.176
2,5.499,-21.549,1.778
2,-1.638,35.686,3.160
2,-18.002,-8.236,3.900
2,-45.857,22.473,1.957
2,5.509,37.322,2.130
2,-14.918,37.944,2.857
2,17.965,-44.378,3.703
2,40.740,12.536,-1.135
3,42.393,22.025,-0.305
3,-4.459,40.114,3.325
4,-42.743,25.979,2.645
2,-4.556,8.031,1.812
2,48.063,17.457,-2.214
2,37.823,40.786,0.526
3,-5.564,40.131,3.287
2,38.907,-21.250,-1.024
2,2.878,-2.445,1.537
7,-24.211,-3.229,-8.406
2,-24.699,-6.259,3.744
2,-15.444,14.047,1.415
2,37.001,30.803,1.732
2,-0.262,28.957,2.725
4,-10.563,-15.901,4.210
3,40.180,1.387,-1.431
2,-34.790,12.574,1.468
4,42.381,22.258,0.034
2,30.122,32.703,1.628
2,-15.688,46.179,3.357
2,-44.748,9.341,3.404
2,1.110,36.642,2.744
2,-19.204,-35.065,5.206
2,-34.640,-3.648,4.941
4,16.353,-30.177,3.062
2,-12.812,-43.791,6.149
2,15.201,-4.420,-0.511
2,19.732,42.550,2.009
2,11.654,-18.123,1.234
2,-0.401,-9.339,1.901
2,-6.272,-24.549,3.996
2,6.704,10.004,0.486
2,-25.959,15.008,2.035
2,-8.695,-43.731,6.392
2,-6.613,37.293,3.133
4,20.635,-23.098,1.489
2,-17.746,19.062,2.349
2,23.007,-37.848,1.718
2,47.957,28.084,-0.463
2,-16.464,2.905,2.982
2,-0.942,-18.642,2.305
2,-49.435,7.397,4.214
2,40.303,11.635,-1.066
2,-6.891,-32.398,4.256
2,-19.123,-16.317,4.826
4,-33.651,-3.554,5.435
2,-19.601,-5.507,3.819
2,-46.613,-19.334,6.822
2,-23.636,2.448,1.914
4,-24.597,39.417,3.135
2,28.120,-11.425,-0.591
2,-16.508,-30.696,5.052
2,27.117,-9.159,-0.724
2,-1.058,10.538,1.411
2,-6.591,-11.710,2.914
2,5.625,-41.582,4.927
3,27.753,-8.339,-0.657
2,-12.698,12.799,1.061
2,-22.097,31.253,2.903
2,26.981,-18.094,0.149
2,-0.625,42.812,1.562
2,-28.681,46.436,3.096
2,-41.855,49.906,2.635
3,-9.680,33.221,3.392
2,-30.777,-14.012,6.223
2,21.219,24.273,2.418
2,-44.313,-44.454,2.856
2,3.259,-43.403,5.594
2,-43.217,9.886,2.944
2,0.084,15.690,1.587
2,5.055,-48.719,5.436
2,-7.051,-14.217,3.195
2,-27.383,25.964,2.184
2,-48.134,26.914,2.005
2,2.404,35.238,2.751
2,34.093,0.204,-1.400
2,3.803,-44.655,5.689
2,-48.935,32.710,2.646
4,2.971,26.604,3.340
2,-36.230,7.175,2.848
2,15.941,45.184,2.154
4,16.117,-21.382,1.838
2,-31.791,-10.609,6.180
2,28.952,-16.972,0.096
2,-43.323,-4.000,6.427
2,47.556,-12.071,-2.218
2,8.134,-26.050,1.520
4,26.515,-13.510,0.463
2,-43.917,10.049,3.167
2,-2.515,4.204,2.459
2,-13.258,49.269,2.878
2,10.003,1.623,-0.051
2,-32.811,10.538,1.741
4,25.416,36.686,2.029
2,-0.177,-28.441,3.036
2,48.776,49.929,0.877
3,-16.785,5.446,2.855
2,-8.419,19.287,2.583
3,27.599,-10.280,-0.484
2,-29.605,26.035,1.883
2,-2.501,-16.915,2.515
3,-5.214,-16.947,3.315
2,-18.023,-28.231,5.924
2,-37.206,-46.133,3.094
4,2.511,37.244,3.440
2,-5.283,-16.447,3.251
2,15.691,49.992,2.045
2,41.368,20.025,-0.484
2,-23.898,41.174,2.978
4,-5.977,41.467,3.331
2,-5.855,-48.048,6.353
2,12.653,-41.576,4.018
2,-28.973,-43.947,4.293
2,-20.656,4.759,2.086
2,37.417,0.443,-2.105
3,2.214,36.603,3.406
4,24.376,-26.143,0.561
2,-6.988,18.224,2.378
2,28.979,-49.895,2.154
2,44.314,4.760,-2.631
2,-30.112,-26.668,5.785
2,-21.495,48.604,2.848
3,24.463,-27.012,0.456
2,39.746,16.179,-0.599
2,-47.471,17.103,2.330
2,-36.054,-37.550,3.847
2,26.586,-14.958,-0.065
2,-3.848,30.126,3.534
2,2.573,27.072,2.161
2,38.823,-27.560,-1.251
2,-2.506,30.446,3.096
2,35.664,21.502,1.404
2,27.885,-17.470,0.093
2,-40.841,-4.528,5.976
2,-48.649,35.460,2.225
2,-24.554,0.984,1.996
2,-27.557,35.518,2.404
2,-6.983,-15.145,3.058
2,-20.418,47.461,2.890
2,-7.693,19.053,2.557
2,-4.631,29.436,3.585
2,9.655,11.900,0.688
2,-6.241,40.119,2.780
2,27.994,-17.690,0.092
2,12.686,-35.295,3.647
2,-8.693,16.701,2.064
2,-18.693,-44.386,4.822
4,-33.671,-5.239,6.012
2,16.633,22.457,1.113
2,-26.163,34.978,2.341
2,17.119,-26.265,1.137
4,-22.757,40.076,3.325
2,19.129,28.904,1.822
2,30.668,-40.002,0.225
4,-42.129,11.230,3.068
2,33.611,-17.863,-0.530
2,-36.259,-25.968,5.796
4,16.085,-30.582,3.232
2,-33.468,-15.003,6.580
2,39.582,-33.809,-1.254
2,-2.900,-47.082,5.847
2,-4.162,30.586,3.257
2,-26.927,-2.641,3.165
2,-16.749,-21.105,5.456
2,-26.326,-6.111,4.204
4,-5.067,36.804,3.807
2,-23.855,2.467,1.868
2,39.801,-41.022,-1.247
2,-11.024,-41.210,5.779
2,29.155,-35.229,0.361
2,-7.490,7.181,2.098
2,21.076,-8.861,-0.929
4,-18.279,30.750,4.739
4,-43.110,-12.002,7.451
3,-43.271,11.219,3.099
2,-21.769,9.534,2.224
4,30.145,17.106,2.776
2,-47.061,9.290,3.650
2,-31.902,21.267,1.454
2,-34.054,-39.903,3.793
4,-25.314,-34.366,5.643
2,-39.435,-46.192,2.835
2,4.208,-38.574,4.463
2,17.391,-40.786,3.174
2,11.016,30.270,2.087
2,49.581,-42.051,-1.171
2,31.136,-40.767,-0.014
4,22.535,-0.486,-0.723
2,34.249,25.355,1.799
2,-49.933,32.628,2.762
2,11.298,25.582,1.167
2,-45.060,-1.451,6.348
4,-32.965,-39.291,4.663
2,28.709,32.904,1.464
2,-35.456,9.641,2.375
2,15.099,29.991,1.948
2,-47.381,-34.689,4.283
2,-46.517,31.286,2.628
2,6.767,-40.198,4.822
3,22.101,-49.703,4.605
2,-15.449,1.622,3.460
4,24.812,-26.332,0.692
2,26.912,-31.763,-0.020
2,38.104,-14.302,-1.831
2,-48.433,18.333,2.253
4,10.245,-39.170,5.928
2,-31.320,-45.836,4.122
2,27.024,-13.932,-0.253
2,19.998,26.092,2.121
2,-9.298,40.182,2.958
2,46.419,21.846,-1.350
2,-17.671,-12.838,4.066
2,39.800,-47.938,0.205
2,-10.626,33.485,3.287
4,-41.279,18.877,2.414
2,22.586,-21.923,0.418
2,-36.054,-2.542,4.900
2,-7.967,-3.164,2.533
2,-11.494,-21.985,4.744
2,36.301,-39.983,-0.866
2,46.613,16.691,-2.203
4,24.810,36.873,2.159
2,29.342,1.732,-1.241
2,27.799,27.963,2.032
3,22.917,-0.020,-1.132
2,-38.983,-37.048,3.618
2,24.355,40.952,1.644
2,43.642,-40.048,-1.678
2,21.202,-21.458,0.346
2,-22.392,-11.699,4.889
2,42.048,-43.838,-0.809
2,-44.171,12.056,2.648
4,-35.273,-1.944,5.694
2,-2.680,29.517,3.141
2,-16.467,-38.099,5.072
4,26.640,-13.524,0.264
2,48.662,17.472,-2.296
2,-17.480,-39.071,4.860
2,27.534,47.345,1.176
4,-42.324,-9.847,7.322
2,-0.279,32.714,2.878
2,34.934,38.524,0.520
2,-1.774,-0.093,2.929
2,40.308,-14.940,-2.015
3,24.842,36.899,1.831
2,40.676,-16.220,-1.856
2,-6.644,-48.115,6.591
2,45.233,-45.214,-0.448
2,-4.972,-22.496,3.560
2,43.768,-37.088,-1.629
4,26.015,15.287,2.351
2,-28.759,-31.021,5.500
3,-3.761,40.611,3.177
2,-11.607,-30.732,4.379
2,-37.581,-35.033,4.420
2,7.385,35.317,2.278
2,23.691,4.807,-0.249
2,20.586,-7.134,-0.967
4,24.975,-25.736,0.523
2,-15.624,13.063,1.399
2,-4.462,30.461,3.482
4,-34.622,-3.013,5.373
2,-16.709,-30.164,5.218
2,35.151,-22.108,-0.853
2,21.150,5.049,-0.017
3,1.689,37.010,3.294
2,0.841,10.116,1.107
3,-12.569,-14.856,3.908
2,-26.895,27.787,2.017
2,-34.766,-3.066,4.876
2,21.368,-7.025,-1.001
2,26.332,20.090,2.093
2,34.877,34.637,0.757
4,25.100,36.230,2.192
2,-43.924,1.920,5.625
2,-18.050,-27.372,6.082
2,42.977,-29.829,-1.551
2,-3.865,29.976,3.392
2,-10.858,-19.931,4.491
2,30.652,-10.094,-1.346
2,-5.548,30.649,3.536
2,-14.888,-46.520,5.956
2,9.019,16.254,0.551
2,-5.165,28.182,3.431
2,-14.692,28.234,2.919
2,-23.701,-18.828,5.503
3,-4.345,-14.219,3.117
3,-4.729,-15.834,3.170
2,6.651,-41.560,4.797
2,-5.729,47.748,1.682
2,-5.658,39.294,2.744
2,-18.553,28.784,3.317
2,-25.782,0.117,1.849
2,26.043,19.044,1.752
2,-6.492,-17.380,3.131
2,43.286,46.085,0.616
2,46.575,6.760,-3.021
2,8.852,-49.854,5.645
2,4.609,-46.420,5.598
3,25.810,-13.646,0.024
2,8.010,-20.403,1.643
3,10.093,-39.744,4.635
2,-13.586,0.234,3.375
2,-0.323,33.621,2.856
2,-24.914,-2.226,2.800
2,-15.039,1.903,3.628
2,-25.485,42.993,2.714
2,48.618,37.758,1.187
2,-32.143,-11.739,6.369
2,-31.707,-6.093,4.785
2,-37.860,-16.965,6.780
2,43.000,41.704,0.605
2,-42.919,18.206,2.356
2,45.282,13.764,-1.898
2,-17.514,39.299,2.896
2,-0.386,31.751,2.845
2,43.012,32.515,-4.363
2,10.184,21.677,0.833
1,7.682,-38.223,4.550
2,-45.698,-45.702,2.332
2,-11.086,-1.102,3.060
2,-42.511,-44.318,2.999
2,12.730,14.589,0.334
2,-2.006,5.660,2.188
2,-2.377,8.362,1.868
2,14.531,19.133,0.503
2,15.123,19.065,0.536
2,23.470,-1.189,-1.596
2,-7.826,-34.678,4.713
2,23.202,37.780,1.783
2,0.839,-30.582,2.898
2,-28.000,26.741,2.118
2,10.624,29.859,1.960
2,-19.024,-22.508,5.665
2,-26.382,34.282,2.375
2,19.046,39.245,2.590
2,20.024,32.966,2.031
2,-8.230,1.076,3.253
2,-29.374,-2.884,3.611
2,-7.511,11.236,1.313
2,-13.742,30.073,3.486
2,30.008,29.187,1.996
2,39.397,-5.331,-2.345
2,-43.871,10.048,3.140
4,-11.032,-14.917,4.425
2,29.032,-36.214,0.512
2,42.515,-37.985,-1.427
4,30.300,-16.755,1.241
2,44.151,-48.980,0.317
2,-42.972,-49.686,2.457
3,23.661,36.462,1.962
2,26.551,-13.322,-0.251
2,4.247,19.640,1.764
3,-10.065,32.494,3.349
2,-8.989,-5.412,2.324
3,-15.172,6.599,2.845
2,-42.291,-17.882,6.966
2,-19.736,24.468,2.760
2,-39.649,23.639,1.009
3,-10.754,33.216,3.336
2,12.148,28.346,1.708
2,-47.537,44.329,2.267
2,33.782,28.373,1.785
2,-23.944,-19.624,5.633
3,24.145,-26.439,0.561
2,-15.546,-42.312,5.104
2,22.900,-0.960,-1.557
2,-29.792,-4.337,3.986
4,-23.213,39.635,3.258
2,-43.026,19.079,1.902
2,-4.902,14.816,1.414
2,42.052,-46.838,0.074
2,-25.952,31.064,2.315
2,18.319,-33.423,2.038
2,-5.770,-8.803,2.354
2,15.976,36.616,2.807
2,22.687,-36.155,1.363
2,48.345,23.802,-1.366
2,-9.757,-16.324,3.707
3,-23.696,40.705,3.208
2,-34.427,-12.001,6.606
2,39.935,5.537,-1.912
2,-40.165,36.283,2.107
4,-27.458,24.045,2.106
3,42.168,21.135,-0.303
2,-46.891,-30.152,5.361
2,-28.388,30.699,2.364
2,5.158,-0.314,1.261
2,-24.790,-42.645,4.226
2,-48.635,-47.320,1.577
2,-42.694,9.966,3.018
2,43.231,-47.222,0.122
2,34.212,-19.556,-0.719
4,21.307,-24.117,1.082
2,29.977,9.398,0.165
2,-44.476,-11.774,6.670
2,32.020,-13.259,-1.524
2,-15.345,5.678,2.872
2,-23.669,42.014,2.693
2,46.914,48.036,0.811
3,-5.128,39.436,3.401
2,47.171,15.469,-2.515
2,-36.546,-2.376,5.471
2,6.366,-5.527,1.037
2,-31.521,46.679,2.712
2,-24.161,26.851,2.310
2,47.443,-15.455,-2.458
2,-33.705,24.022,1.161
2,-10.464,33.081,2.962
4,26.352,-12.655,0.435
2,34.019,-49.935,1.034
2,27.992,39.503,0.747
2,0.468,-38.822,4.321
3,9.637,-38.846,4.682
2,14.919,46.660,2.025
2,-27.542,0.669,2.091
2,-7.440,-13.037,3.146
4,27.706,-11.486,0.553
3,41.045,21.422,0.083
2,-37.281,31.500,1.736
2,-27.012,35.512,2.429
2,-44.865,39.146,2.271
2,18.431,-30.334,1.591
2,38.338,-39.629,-1.059
2,-27.912,-22.733,5.999
2,-25.266,33.956,2.167
2,-43.162,35.507,1.948
2,9.560,-42.843,4.450
2,-26.036,1.754,2.029
2,-49.222,37.777,2.063
2,-18.874,4.531,2.282
2,3.044,-23.893,1.992
2,15.891,17.102,0.689
4,2.557,26.576,3.098
2,38.786,-28.336,-1.190
4,2.393,36.151,3.493
2,-10.904,32.840,3.251
2,-27.042,0.666,1.993
2,4.839,-47.692,5.600
4,-35.737,-2.035,5.721
2,-18.473,40.055,2.893
4,18.063,-21.799,1.894
3,27.900,-11.659,-0.218
2,-16.205,-40.110,4.985
4,27.795,-17.958,0.833
2,8.428,37.741,2.070
2,9.147,45.724,1.852
2,-2.785,-17.403,2.637
2,-26.532,20.936,1.634
2,41.465,-36.779,-1.236
2,-7.001,31.186,3.053
3,28.679,-10.556,-0.533
4,-5.654,41.243,3.143
2,-42.595,-11.918,6.849
3,24.446,36.076,2.037
4,23.978,-27.867,0.574
4,-34.649,-12.248,7.197
2,-16.428,0.906,3.481
2,-28.609,-2.210,3.325
2,15.024,32.719,2.339
2,44.206,26.987,-0.226
2,34.390,20.575,1.662
2,2.736,-43.858,5.765
4,12.196,-42.074,4.850
2,14.149,13.028,0.534
2,-23.997,39.230,2.657
2,22.600,-5.052,-1.150
2,-35.789,8.568,2.654
2,28.487,-16.717,-0.068
2,37.122,39.307,0.288
4,-14.604,7.057,2.993
2,23.300,-2.873,-1.273
2,-4.031,29.908,3.515
2,1.050,20.982,2.320
4,32.981,13.900,1.507
2,36.282,4.455,-1.074
2,-38.692,32.410,1.902
4,22.510,-0.250,-0.843
2,29.368,36.387,1.119
2,-9.474,-3.471,2.547
2,-3.782,20.772,2.492
2,-5.216,-20.775,3.608
2,-42.272,-41.079,3.043
3,-10.443,32.933,3.361
2,-46.896,-10.326,6.908
2,1.981,-49.744,5.710
2,0.230,11.130,1.233
4,-4.719,37.196,3.852
2,-35.378,-38.259,3.873
2,-4.532,30.817,3.612
2,-15.376,1.569,3.611
2,6.274,-44.816,5.303
2,36.578,3.969,-1.124
2,28.482,45.527,0.691
2,-25.831,-1.728,2.732
2,12.902,46.905,1.821
4,3.270,36.296,3.309
4,-34.265,-40.113,4.645
2,8.044,-11.950,0.281
2,-25.294,-0.019,1.558
2,18.073,43.096,1.945
2,-4.373,2.686,2.974
2,-47.657,16.492,2.401
3,-15.766,5.928,2.951
2,-22.620,13.936,2.037
3,-43.916,25.458,2.359
2,-31.124,41.740,2.109
2,18.525,30.326,1.767
2,42.496,-45.682,-0.432
2,-48.517,48.806,1.845
2,-28.186,-13.649,5.881
2,-15.524,10.216,2.034
2,-17.278,-22.300,5.625
2,3.010,-37.825,4.203
2,-23.630,38.837,2.642
3,-17.497,4.832,2.974
2,-5.132,9.892,1.562
2,23.662,43.136,1.710
2,-43.388,10.266,2.947
4,32.283,15.693,1.509
2,30.894,-42.050,0.482
2,8.409,8.993,0.586
2,-15.579,-19.967,5.471
2,47.781,22.125,-1.323
2,-6.844,-43.053,6.249
2,-9.493,8.519,1.506
4,-27.457,24.164,2.109
2,4.303,-1.676,1.443
2,-47.144,26.175,2.202
2,-37.712,-22.086,6.111
2,19.525,25.413,1.866
2,-3.974,46.803,1.467
2,12.004,12.009,0.559
2,-25.486,-30.411,6.048
2,-9.207,36.841,2.944
2,-43.923,10.884,3.160
2,-1.534,-1.361,2.605
2,-29.899,-30.006,5.331
2,-1.558,31.963,3.203
2,38.812,-43.521,-1.085
2,-45.743,-3.968,6.511
2,-31.641,-6.628,4.858
2,29.980,8.096,0.022
4,-4.183,35.956,3.784
2,3.645,45.188,1.021
2,-0.375,49.552,0.090
2,-0.380,36.759,3.013
3,27.669,-11.796,-0.179
2,-17.587,-6.801,3.879
2,34.346,-35.332,-0.494
2,2.348,-9.179,0.920
2,10.098,5.652,0.554
2,38.653,-20.303,-0.944
2,-10.479,33.288,3.279
2,-3.587,30.412,3.592
2,4.644,19.037,1.614
2,-15.400,27.960,2.918
2,-13.323,6.166,2.397
2,-15.170,26.096,2.745
2,-5.893,46.766,1.607
2,13.606,-17.446,0.703
2,-25.130,-19.260,5.716
2,-12.703,-15.363,3.615
4,-42.763,24.485,3.028
2,18.186,-11.364,-1.030
2,-3.570,43.742,1.752
2,39.925,-12.827,-2.400
4,38.871,0.031,-1.298
2,-14.606,31.170,3.294
2,40.338,-33.577,-1.249
4,-33.950,-4.895,5.591
2,41.230,-34.461,-1.246
2,-4.820,35.553,3.188
2,12.744,7.431,0.591
2,34.996,-43.195,-0.456
2,-33.318,-45.455,4.046
2,-49.157,-8.682,6.796
2,36.832,-28.230,-1.178
2,5.524,44.092,1.588
4,22.995,-0.014,-0.504
2,15.972,-30.388,2.059
3,-24.071,38.844,3.091
4,18.372,-21.586,1.739
2,-4.031,28.619,3.501
2,15.405,-24.536,1.097
2,48.228,33.422,0.733
2,-44.936,1.776,5.579
3,40.178,0.295,-1.763
2,23.040,-21.497,0.409
2,22.498,0.361,-1.233
2,29.974,41.109,0.251
2,30.662,-38.016,0.212
2,-4.772,38.914,3.187
3,-33.730,-3.337,4.876
4,23.916,-26.170,0.938
3,-42.060,10.404,3.027
2,10.274,-27.559,1.586
2,-4.838,-0.798,2.927
2,2.084,-47.896,6.004
4,28.169,-13.772,0.219
4,-34.253,-12.813,7.330
4,-34.272,-40.040,4.687
2,45.322,2.864,-2.785
2,43.844,7.103,-2.551
2,-45.801,-35.027,4.099
2,44.400,6.662,-2.779
2,-4.249,39.289,3.249
2,-19.948,-2.390,3.315
3,27.627,-11.242,-0.234
2,26.096,-26.295,-0.387
2,4.153,41.623,1.854
4,-33.845,-39.753,4.661
2,-15.934,6.135,2.806
3,-5.339,-16.987,3.328
3,-16.501,6.693,2.733
2,-33.309,-11.241,6.335
2,15.543,-36.619,3.033
2,13.113,-23.828,0.807
3,-4.839,36.719,3.489
2,-45.603,-43.654,2.680
4,-33.407,-40.485,4.680
2,28.411,39.099,0.716
7,29.529,26.687,-3.996
2,22.237,-48.161,4.021
2,-46.608,2.489,5.477
2,48.276,-34.940,-1.242
2,41.843,22.983,-0.269
2,42.512,-42.650,-1.077
2,-30.576,25.737,1.846
3,-3.852,-15.087,3.014
2,19.983,44.967,1.710
2,-5.308,30.097,3.643
4,25.300,-27.007,0.823
2,-6.913,0.779,3.238
3,41.374,21.966,-0.057
2,21.150,32.383,2.092
2,-20.447,8.152,1.914
2,28.946,-16.432,-0.227
2,-23.017,-47.067,4.553
2,13.297,-36.415,3.767
2,11.732,-44.303,4.449
2,11.572,-22.999,0.788
2,49.537,-28.074,-2.430
2,1.870,-23.892,2.246
7,-13.679,49.455,-5.505
2,-45.703,8.443,3.682
2,-42.891,16.352,2.060
2,-28.538,26.843,1.980
2,23.868,20.402,2.000
2,0.127,36.112,2.908
2,-14.965,-12.412,3.359
2,-47.080,-47.698,1.726
2,3.213,42.375,1.605
2,15.126,-22.431,0.851
2,38.611,10.112,-0.850
2,21.132,-30.440,0.989
2,-32.277,-30.102,5.148
2,-22.574,36.869,2.547
7,35.048,17.556,-8.037
2,-42.399,45.476,2.343
2,-27.287,6.534,1.535
2,39.262,-32.962,-1.263
2,37.358,-9.374,-2.038
2,13.623,-29.732,2.120
2,-49.250,-49.935,1.159
2,-37.123,-45.577,3.194
2,22.519,-41.916,2.487
2,4.138,-22.219,1.839
2,-2.912,7.599,1.999
2,7.841,-27.590,1.908
3,24.146,35.977,2.011
2,10.624,-38.704,4.434
2,-18.460,-19.228,5.551
4,-10.608,-14.110,3.566
2,-37.172,2.293,4.808
2,9.704,15.313,0.631
2,-34.211,-4.084,4.792
2,16.641,-18.431,0.323
2,8.965,-30.938,2.927
3,14.864,-18.310,0.933
2,-24.151,-2.899,3.050
4,3.247,26.344,3.175
2,24.326,22.075,2.264
2,48.200,30.823,0.400
2,41.302,-11.438,-2.665
2,-39.754,30.740,1.908
2,34.347,-27.545,-1.181
4,-28.079,24.703,2.197
2,8.821,-32.629,3.593
4,3.243,36.739,3.283
4,-9.917,-15.129,4.185
2,15.493,-17.324,0.343
2,-4.844,-18.538,3.137
2,-31.610,-27.636,5.487
2,-32.340,15.517,1.384
2,-17.179,-46.683,5.761
2,24.816,-46.139,3.198
2,-31.968,46.067,2.686
2,-45.339,-27.623,5.724
2,6.874,-40.802,4.825
2,-32.456,27.468,1.991
2,19.904,19.646,1.566
2,-14.100,15.806,1.598
2,-15.977,34.644,2.808
2,-4.661,29.382,3.478
4,-42.392,-10.761,7.669
4,27.645,-12.106,0.465
2,-16.885,3.265,2.868
2,-27.847,27.790,2.175
2,-30.048,13.531,1.599
3,-16.450,5.271,2.952
2,36.887,32.908,1.244
4,-4.507,37.461,4.181
2,-3.795,0.613,3.019
2,25.551,-1.098,-1.940
2,30.545,-20.941,-0.075
2,21.917,3.172,-0.759
2,-26.920,41.692,2.471
2,18.345,-48.983,4.566
4,29.802,-8.415,-0.511
3,25.695,-11.733,0.319
2,-22.805,28.308,2.423
2,-42.006,16.120,1.971
2,-46.795,-38.716,2.786
2,-0.432,48.416,0.365
4,-32.891,-12.018,7.301
2,-13.530,2.451,3.535
2,17.849,0.014,-0.767
2,32.999,-25.151,-0.804
2,49.908,21.465,-1.704
2,-19.679,-18.486,5.563
2,-9.531,13.521,1.119
2,-3.831,28.690,3.620
2,18.226,-41.775,3.139
2,25.528,30.914,1.631
2,-23.062,-18.004,5.489
4,25.468,36.645,2.075
2,29.013,8.452,-0.028
2,4.303,44.036,1.483
2,-6.612,-16.032,3.024
2,-18.718,43.257,3.326
2,33.482,14.985,0.163
2,4.975,-49.464,5.491
3,25.013,36.810,1.910
3,-9.691,33.127,3.305
2,33.841,-38.717,-0.262
4,-19.340,5.329,2.763
3,-4.964,40.516,3.201
2,-2.537,-27.722,3.551
2,-5.167,-35.499,4.506
4,2.274,26.615,3.066
2,-5.893,-5.425,2.235
2,44.364,38.571,0.500
2,2.424,-15.504,1.705
2,-42.499,-37.242,3.478
2,11.156,44.786,2.237
2,-14.673,-22.438,5.428
2,-35.504,4.653,3.436
2,-42.714,-34.407,4.012
2,-47.485,36.267,2.101
2,-0.109,18.654,2.487
2,-10.968,3.876,2.899
4,17.654,-21.303,1.827
2,23.156,-17.589,0.535
2,27.733,36.188,1.223
2,-25.697,3.747,1.944
2,-30.781,21.516,1.441
2,-4.974,-41.292,5.843
2,-16.131,-48.758,6.219
3,-24.246,40.430,3.100
2,12.093,-4.737,0.130
2,8.411,12.563,0.519
2,21.318,-34.651,1.274
2,-14.938,1.940,3.614
4,-11.264,-14.022,4.321
2,8.843,23.888,0.981
2,12.974,-17.520,0.819
2,-48.192,-4.912,6.465
2,-46.543,29.572,2.560
2,-21.809,-37.661,4.941
3,-24.219,39.884,3.015
2,20.167,-35.082,1.770
2,17.276,19.927,1.060
2,26.834,38.937,1.040
2,-22.207,-36.802,4.947
4,-33.280,-11.951,7.318
3,41.690,21.506,0.053
2,46.633,36.460,0.597
4,2.581,25.801,2.981
2,-26.884,-49.670,4.042
2,-12.781,11.372,1.259
2,-5.478,18.897,2.240
2,-26.537,-36.732,4.897
2,42.632,-4.393,-2.134
2,-27.770,-5.947,4.417
4,-34.312,-40.858,4.383
2,-16.877,-45.488,5.435
2,4.248,-23.877,1.780
3,29.359,-47.885,2.295
2,-46.643,45.923,2.418
2,-29.851,0.097,2.773
2,-8.871,2.491,3.188
7,-46.517,5.812,-4.326
4,23.345,-26.887,0.469
2,-4.263,30.494,3.495
3,-17.950,5.411,2.728
4,-3.887,35.482,3.905
2,49.458,33.965,0.848
2,35.345,-48.264,0.603
2,-43.263,49.694,2.647
2,-22.200,45.265,3.029
2,-19.697,-10.748,4.406
2,43.362,-14.284,-2.397
2,-3.619,36.191,3.196
2,25.578,9.648,0.347
3,-5.093,31.080,3.626
2,-48.288,4.873,4.845
2,-10.296,-44.410,6.295
2,43.917,-29.995,-1.535
2,-43.742,26.276,2.192
2,-12.623,-46.651,5.946
2,-22.963,39.568,2.582
2,28.385,-25.282,-0.303
2,11.041,-9.798,0.130
3,-42.305,10.158,3.203
2,-24.490,10.726,2.110
2,-22.734,-44.559,4.220
2,18.342,42.591,2.008
2,-26.879,-44.549,3.982
2,-34.523,18.129,1.288
2,-9.746,23.190,3.093
4,28.669,-18.521,1.342
2,32.656,39.222,0.621
2,11.819,-31.271,2.934
2,36.777,-1.799,-2.058
4,26.531,-13.732,0.583
2,-12.206,-10.895,2.684
2,-39.665,-0.154,5.929
2,28.015,-31.489,0.007
4,24.807,-26.596,0.720
3,-10.264,33.798,3.324
2,-42.875,46.211,2.392
4,-24.435,-35.239,6.200
2,-21.574,7.903,1.865
4,16.927,-30.367,2.686
2,35.837,47.876,0.219
2,9.174,-7.665,0.611
2,-21.882,-21.718,5.799
2,20.746,-13.580,-0.402
2,22.158,-47.332,3.865
4,28.122,-18.945,0.872
4,25.461,-12.459,0.391
2,39.567,-14.530,-1.910
4,-11.898,-13.302,4.127
2,-25.365,4.221,1.829
2,34.645,-43.717,-0.362
2,-13.123,-38.640,5.291
2,27.574,41.202,0.849
2,43.261,-10.542,-2.525
2,-26.910,-26.684,6.276
2,2.693,26.047,2.260
2,38.314,3.174,-1.467
2,-33.100,-41.208,3.789
2,30.367,-22.771,-0.352
2,-23.242,39.711,2.676
4,27.808,-11.681,0.721
2,23.094,23.747,2.510
4,26.024,-15.657,1.189
2,-13.302,37.395,2.994
2,-9.248,-24.433,4.857
2,22.494,33.617,1.697
2,-2.154,-41.328,5.566
2,-38.628,-6.923,5.678
2,-14.542,-3.196,3.360
2,33.862,-23.852,-1.052
2,41.764,-28.036,-1.191
2,-33.163,2.311,3.491
2,-21.394,-19.787,5.805
2,15.115,-8.787,-0.732
2,8.069,-17.619,1.595
2,-27.637,25.489,1.648
2,-21.628,-46.407,4.630
2,3.060,49.375,0.310
2,-43.983,34.600,1.916
2,32.330,0.054,-1.334
2,24.280,37.252,1.690
2,-4.250,-9.827,2.376
2,37.348,-30.168,-1.186
2,39.979,-0.404,-2.005
2,-21.067,10.949,2.261
2,21.095,-31.838,1.266
4,16.937,-29.948,2.940
2,28.051,42.292,0.521
2,28.132,-25.773,-0.473
2,0.055,-43.617,5.711
2,25.025,3.129,-1.212
2,23.593,20.959,2.173
2,5.761,35.617,2.484
2,34.375,-41.543,-0.225
2,28.869,35.240,1.215
3,-16.696,6.101,2.981
2,1.699,30.604,2.754
2,12.736,-31.245,2.712
3,29.252,-47.185,2.243
2,38.259,-15.993,-1.446
2,-34.827,42.255,1.973
2,-9.679,-38.766,5.739
4,26.451,-11.715,0.554
4,30.316,16.986,2.014
2,1.092,29.399,2.610
2,-4.363,-47.914,5.875
2,18.807,-17.405,0.101
4,29.367,17.124,2.833
2,10.040,22.248,0.814
2,22.724,-25.561,0.208
2,-12.058,3.635,3.103
2,-33.026,43.815,2.158
4,27.207,-11.394,0.524
3,-17.083,6.649,2.800
2,35.281,30.958,1.523
2,43.164,-49.982,0.627
2,-14.179,2.913,3.501
2,33.503,-2.659,-1.540
2,49.924,-47.793,0.170
2,-28.824,35.720,2.277
2,-22.030,11.171,2.341
2,39.102,24.306,1.057
2,-5.795,-47.446,6.186
2,-17.093,-13.251,3.926
2,-24.239,34.654,2.300
2,18.688,-46.269,3.788
2,9.200,-45.412,4.640
2,-23.385,-7.246,4.212
2,-31.391,-0.401,3.378
2,-4.171,35.747,3.117
2,9.817,-44.640,4.622
2,37.745,21.541,0.988
2,-33.491,-28.664,5.543
4,3.126,26.127,3.273
2,-34.562,-4.529,4.996
2,-6.680,-21.746,4.133
2,23.189,12.185,0.795
2,-43.652,-13.488,6.795
2,40.150,-5.494,-2.114
4,-34.094,-12.215,7.061
4,3.503,37.332,3.231
2,-6.370,-9.521,2.429
2,35.696,-8.618,-2.146
2,-7.116,49.726,1.954
2,4.275,20.797,1.717
2,21.475,42.965,1.910
3,29.443,-10.719,-0.546
2,39.766,0.200,-1.971
4,-11.282,-41.170,6.955
2,-36.862,-35.041,4.306
2,13.182,22.073,1.021
2,7.199,8.476,0.615
3,2.929,26.080,2.655
2,-44.915,16.729,2.199
2,-6.776,-3.189,2.584
2,-15.157,1.795,3.535
2,32.993,-32.469,-0.482
2,-14.759,-29.029,5.021
2,28.154,-15.398,-0.586
2,3.641,-34.262,3.471
2,-34.787,8.327,2.538
2,25.210,-27.710,-0.251
2,33.816,29.968,1.800
2,-35.170,32.002,1.912
2,-5.559,36.513,3.103
2,28.137,46.336,0.921
4,17.760,-21.434,2.003
2,-48.750,-3.330,6.403
2,-49.466,48.424,1.739
2,-15.065,34.951,2.727
2,19.057,-36.053,1.971
2,22.427,35.566,1.675
4,2.400,36.234,3.349
2,47.467,-36.714,-1.275
2,26.949,-9.152,-0.560
2,32.101,-30.795,-0.438
2,1.842,-35.527,3.984
2,-25.101,-21.799,6.054
2,40.054,-15.413,-1.858
2,10.419,-8.674,0.311
3,-33.659,-2.919,4.864
2,-4.302,-22.432,3.394
2,27.526,-12.428,-0.442
2,43.946,19.382,-1.421
2,-20.669,39.093,2.584
2,-17.443,31.440,3.255
2,40.945,11.245,-1.137
2,27.747,9.575,0.054
2,33.824,-41.982,-0.032
2,-11.830,29.914,3.536
2,-47.534,-0.151,6.230
4,-43.634,25.286,2.913
2,-3.523,-19.441,3.051
2,-18.154,-18.661,5.345
2,-27.392,21.574,1.442
2,-20.841,-4.448,3.546
2,-26.332,2.868,2.160
2,-42.354,-36.392,3.668
2,-28.990,-4.197,3.881
2,3.647,-41.691,5.029
2,29.545,46.644,0.840
2,13.539,-49.806,5.036
2,-17.207,26.426,2.885
2,30.678,44.767,0.336
2,-15.237,31.690,3.187
3,24.745,-27.159,0.214
2,42.721,0.201,-2.087
2,37.494,32.805,1.140
2,34.807,48.135,0.301
2,-10.994,33.206,3.222
3,-16.453,3.974,3.019
7,-23.129,-26.466,-6.555
2,24.511,-25.988,-0.045
2,22.893,-23.533,0.170
2,28.530,-28.990,-0.472
2,-15.846,5.888,2.908
2,-19.030,-26.394,6.250
4,-34.110,-39.527,4.445
2,-14.200,-32.923,4.866
2,12.465,48.211,1.448
2,-25.091,37.215,2.133
2,26.059,-5.270,-0.796
2,31.414,-45.643,1.135
3,25.923,-11.425,0.266
2,-24.466,-35.858,4.872
4,25.723,11.800,1.451
2,25.345,11.592,0.805
4,-24.474,39.801,3.172
4,-19.149,29.992,4.689
3,28.208,-8.744,-0.471
2,11.104,21.033,0.853
4,16.633,-23.341,1.731
2,26.107,19.587,1.974
2,19.919,17.043,1.336
2,23.691,-27.664,0.077
2,32.350,40.353,0.482
2,11.840,44.357,2.457
2,47.344,27.691,-0.467
2,-13.721,36.947,3.016
2,-8.878,37.947,3.007
2,-33.989,-40.417,3.722
2,-23.640,1.918,2.012
2,-34.462,-5.408,4.867
2,0.087,-26.647,2.792
4,14.998,-20.454,2.738
4,-43.077,-11.182,7.244
2,-44.154,44.481,2.320
2,-17.742,-29.487,5.537
2,-20.461,-7.561,4.135
2,16.973,-33.064,2.280
4,-33.608,-3.833,5.624
2,35.540,19.974,1.206
2,-32.408,-2.163,4.134
2,21.188,4.336,-0.268
2,11.467,-39.362,4.423
2,-18.914,-13.594,4.409
2,26.047,49.696,1.839
2,-30.751,16.186,1.498
2,48.250,9.651,-2.826
2,-9.765,33.105,3.026
2,32.696,-15.160,-1.265
2,31.553,-41.805,0.244
4,24.186,-26.916,0.731
2,-39.512,-34.197,4.539
2,35.495,-45.108,-0.190
2,29.142,-25.114,-0.379
2,8.831,31.559,2.034
4,23.399,-26.410,0.563
2,-19.816,-41.821,4.829
2,-38.414,10.369,2.539
2,-44.648,-45.733,2.564
2,12.554,20.051,0.757
4,-3.647,35.360,4.414
2,-35.472,-12.711,6.588
2,-16.154,-36.712,5.065
2,-28.557,13.207,1.853
2,1.288,-23.176,2.387
2,-48.785,-13.108,6.791
2,7.970,2.731,0.333
2,8.709,-22.828,1.259
2,-16.890,38.412,2.905
2,-5.835,-10.814,2.714
2,-0.502,22.013,2.466
2,27.005,-18.265,0.176
2,33.318,38.967,0.623
2,2.920,8.637,1.050
2,-45.361,-25.720,5.832
2,21.720,-3.713,-1.356
2,5.314,-49.891,5.454
2,28.713,31.814,1.397
2,39.962,-28.359,-1.077
2,-28.551,48.081,3.109
2,43.665,27.091,-0.152
2,-12.866,-22.190,5.047
2,-10.989,33.135,2.966
2,-12.543,8.149,1.840
2,11.927,36.855,2.792
2,-18.742,48.871,2.883
2,-21.585,-36.343,5.070
2,26.718,-38.215,1.100
2,-40.564,19.495,1.855
3,19.444,-31.351,1.720
2,6.053,-26.446,1.931
2,40.112,32.097,0.911
2,10.174,-6.290,0.567
2,40.660,13.067,-1.117
2,0.953,-42.552,5.408
2,-39.470,-22.285,6.238
4,-33.940,-40.303,4.728
2,4.690,-4.892,1.149
2,39.286,47.887,0.554
2,-41.540,31.490,2.082
2,40.797,21.419,-0.258
2,27.669,29.485,1.796
2,-40.527,25.167,1.224
4,-5.815,41.464,2.989
2,14.510,-48.900,4.635
2,-11.273,0.929,3.316
2,-39.958,-32.721,4.741
2,-27.713,5.193,1.908
2,-0.112,46.797,0.556
3,-42.766,10.721,3.041
2,-29.620,-6.049,4.686
2,27.277,-24.451,-0.109
2,-23.519,-37.264,4.673
2,24.231,13.725,1.104
2,-43.531,9.735,2.907
2,-43.253,-18.430,6.935
2,28.552,-18.593,0.093
2,36.949,-26.028,-1.592
3,27.708,-10.849,-0.565
4,14.071,-21.966,1.470
2,29.882,48.974,0.961
2,-28.274,27.420,2.028
2,16.994,29.528,1.643
2,7.691,-49.326,5.558
2,31.327,-14.731,-1.202
2,-16.900,-47.311,5.778
2,38.507,10.709,-0.880
2,-36.640,18.072,1.261
2,34.831,31.788,1.457
4,-42.486,-10.215,7.860
2,44.270,-32.828,-1.471
2,15.285,12.293,0.646
2,30.295,-36.875,0.266
2,29.581,23.286,2.512
2,12.073,1.601,-0.198
2,0.165,14.242,1.156
2,9.150,44.699,2.158
2,13.650,-1.971,-0.161
2,-17.592,7.864,2.260
4,3.370,37.620,3.017
4,26.678,-11.897,0.680
4,2.639,26.623,3.357
4,15.677,-30.630,2.723
4,32.875,14.366,0.880
4,17.411,-30.434,3.082
2,15.062,-29.122,1.773
2,41.077,-16.676,-1.915
3,-23.761,40.327,3.176
4,-43.291,24.259,2.762
2,-15.656,-20.302,5.341
2,-27.113,-10.928,5.585
2,35.406,5.752,-0.689
2,-36.686,26.194,1.111
2,46.752,-48.655,0.249
3,-4.449,40.558,3.253
2,-3.391,-48.585,5.890
4,27.740,-17.933,0.826
2,-17.189,36.257,2.907
2,-6.402,-14.198,3.220
2,-16.079,-26.030,5.890
4,18.245,-23.101,1.439
2,-35.339,-8.626,5.866
2,3.165,20.394,1.841
2,-43.907,10.819,3.110
2,-43.408,44.807,2.297
2,34.876,-11.748,-1.850
2,30.551,-34.506,0.113
2,-23.669,40.278,2.893
2,-9.019,28.257,3.247
2,-19.365,23.822,2.695
2,45.824,25.501,-0.863
4,24.644,-26.414,0.767
4,19.733,-23.386,1.674
3,-16.054,6.178,2.937
2,-44.140,24.514,2.352
2,29.314,2.385,-1.092
2,-42.436,-42.611,2.987
4,27.306,-17.097,0.945
2,-3.283,29.155,3.462
2,27.938,-24.003,-0.039
2,46.584,-21.864,-2.156
2,2.352,38.687,2.457
4,-33.648,-11.951,7.443
2,10.476,49.353,1.195
2,-41.238,28.608,2.059
2,23.039,-26.674,0.391
3,41.652,21.497,-0.281
2,3.169,-6.439,0.905
2,44.446,8.962,-2.428
2,29.698,-26.437,-0.530
2,-27.008,-28.546,5.906
2,-47.371,-46.882,1.597
3,-16.535,5.612,2.945
3,-13.601,-15.736,3.854
2,28.720,-34.845,0.242
2,45.832,-19.677,-2.309
4,-16.239,2.961,3.579
2,-3.395,-39.984,5.541
2,27.388,-9.933,-0.768
3,-4.667,35.555,3.540
4,1.980,26.404,2.828
2,39.882,-1.477,-2.045
2,-25.981,10.506,2.095
2,-35.582,-2.433,4.907
2,13.907,34.340,2.674
2,-42.905,9.550,2.848
2,-3.730,31.086,3.574
2,-31.140,32.316,2.330
2,-36.455,0.552,4.932
2,1.155,23.319,2.756
2,25.612,40.096,1.439
2,-42.464,8.039,3.486
2,-2.777,-45.451,5.833
2,44.714,-14.304,-2.592
2,-27.077,0.542,1.935
2,-28.571,25.868,1.985
2,-5.337,29.749,3.570
2,16.802,-43.549,3.730
2,40.724,1.539,-1.834
3,41.748,21.418,-0.001
2,20.984,-48.199,4.179
2,32.532,-14.539,-1.355
2,25.245,1.443,-1.667
2,-7.765,17.492,2.332
2,-49.772,29.712,2.305
2,40.602,-1.030,-1.921
2,32.707,-27.872,-0.737
2,3.833,-31.481,2.991
2,32.957,37.489,0.862
2,-45.207,37.878,2.280
2,21.958,-35.539,1.355
2,-7.442,25.325,3.532
3,-5.068,-15.699,3.267
2,23.718,-16.948,0.504
2,23.538,39.227,1.909
2,35.379,-6.727,-2.094
2,-16.169,3.660,2.928
2,2.136,36.598,2.995
2,-29.466,-31.327,5.163
2,-48.612,-45.999,1.676
2,45.978,1.186,-2.914
2,-25.805,-4.514,3.787
4,-3.885,34.807,3.917
2,19.657,45.424,1.666
2,-35.253,-13.253,6.506
2,37.518,-12.532,-2.181
2,-1.460,-11.509,2.156
2,-23.871,-35.308,4.985
2,-22.060,-35.381,5.042
2,27.248,25.172,2.566
2,34.329,-15.555,-1.212
2,21.401,22.470,2.110
4,-24.327,40.274,3.327
2,20.661,-32.507,1.426
2,-1.406,3.663,2.252
2,-49.298,-17.608,7.030
2,-0.871,27.438,2.961
2,39.471,-35.993,-1.189
2,24.851,-17.051,0.513
4,-35.242,-4.792,5.883
2,7.891,-29.253,2.360
2,-19.628,-38.885,4.998
2,42.623,38.162,0.550
2,26.487,-23.946,0.067
2,-14.759,-31.577,4.792
2,-33.077,-36.775,4.197
2,-39.252,-33.673,4.561
2,-12.287,34.294,2.930
2,3.315,-31.114,2.853
2,45.077,6.600,-2.867
2,4.606,-41.333,5.037
2,46.357,11.883,-2.205
2,3.945,47.270,0.769
2,-12.893,15.679,1.518
2,10.355,-31.182,2.999
2,41.448,-47.628,0.340
2,-14.717,4.825,2.742
2,8.925,-20.760,1.471
2,-32.844,11.630,1.422
2,25.679,0.755,-1.893
7,-0.276,19.916,-4.003
2,-24.868,4.432,1.694
2,37.256,-2.540,-2.151
2,49.834,-3.201,-3.465
2,46.743,38.624,0.723
2,-17.760,47.160,3.100
2,-26.984,-22.088,6.129
2,-46.771,-1.113,6.343
2,45.477,-45.802,-0.301
4,-4.428,37.259,3.990
2,0.768,-16.433,2.125
2,18.701,-14.540,-0.647
2,-33.797,-3.935,4.898
2,44.065,-34.996,-1.467
2,4.226,-16.552,1.634
2,-34.091,46.556,2.441
2,40.560,-28.650,-1.010
2,-7.540,22.941,3.240
2,25.966,-33.633,0.253
2,-9.287,-28.375,4.396
4,-11.448,-41.067,7.550
2,-10.515,13.278,0.994
2,25.599,23.587,2.775
3,17.407,-30.235,2.003
2,10.246,26.742,1.415
2,48.945,-4.109,-3.153
2,-33.992,-15.214,6.711
4,26.526,-16.530,0.985
3,-5.495,-15.134,3.342
2,-0.431,20.057,2.293
2,7.965,-6.086,0.731
4,28.120,-16.933,1.419
2,13.570,18.967,0.541
2,9.688,48.011,1.269
2,3.880,13.315,0.762
2,-22.199,-39.797,4.721
2,-36.156,12.428,1.590
3,-15.782,4.629,3.049
4,2.654,27.041,3.136
2,-35.730,-15.071,6.706
3,-17.075,-19.656,5.443
2,24.850,18.423,1.702
4,27.595,-18.995,1.091
2,27.015,18.149,1.552
4,24.120,-25.728,0.536
3,-11.637,-14.435,3.630
3,-22.905,40.295,3.218
2,-18.209,24.785,2.941
2,-30.036,4.347,2.544
2,-10.266,33.386,3.281
3,42.274,22.386,0.043
7,41.800,-40.493,-8.430
2,26.529,-18.485,0.565
2,43.348,42.995,0.640
2,-11.597,-5.041,2.668
2,-26.016,28.498,2.168
2,26.488,-40.915,1.293
2,-15.857,36.981,2.819
3,29.513,-10.765,-0.629
2,1.546,-2.306,1.921
2,21.607,-22.618,0.287
2,-9.783,7.071,1.953
2,-27.469,40.903,2.275
2,-4.419,31.370,3.194
2,-8.390,39.965,2.954
2,-25.021,-14.853,5.501
2,-6.387,-15.168,3.374
4,16.632,-30.722,2.790
2,-28.675,-12.004,5.912
2,-32.853,28.750,2.013
3,7.085,-37.173,4.599
1,14.259,2.567,-0.074
2,-18.700,-44.939,4.990
2,0.276,-8.833,1.662
2,-14.321,-28.124,5.041
2,2.385,0.987,2.003
2,3.107,35.878,2.683
2,3.805,-49.542,5.678
2,-27.286,26.406,2.140
2,25.882,7.866,0.216
2,-28.793,-9.793,5.551
2,32.692,-26.334,-0.849
2,7.731,-2.245,0.752
2,-6.854,35.245,3.056
2,-38.639,33.087,1.900
2,-6.172,39.678,3.103
2,11.149,-31.595,3.070
4,-11.988,-41.075,7.001
2,-20.139,9.378,1.955
2,-5.746,40.910,2.805
4,-32.646,-11.893,7.223
2,-49.303,15.446,2.524
3,-42.902,10.896,3.199
2,5.527,-28.586,2.597
3,-16.983,5.339,2.864
2,-6.578,34.191,3.091
2,37.243,-39.275,-0.841
2,-1.409,47.908,0.766
2,-27.961,27.097,2.038
2,-47.054,-30.845,5.317
2,46.054,-37.059,-1.437
2,-25.994,27.871,2.042
4,27.693,-18.701,0.987
3,-4.684,-16.618,3.055
2,-22.697,40.339,2.595
2,40.544,20.581,-0.187
2,-28.386,29.408,2.051
4,28.596,-17.520,1.052
4,-23.995,39.301,3.319
2,-26.884,23.939,1.485
2,5.253,-4.361,1.217
2,-47.462,-28.251,5.562
2,2.398,7.932,1.145
2,-34.589,31.068,1.880
2,23.625,-40.014,2.055
3,-4.388,39.858,3.400
4,-4.483,40.109,3.388
3,27.400,-14.253,-0.192
2,-26.848,41.058,2.421
2,45.508,20.516,-1.480
2,-3.489,25.979,3.202
3,-33.345,-40.751,4.243
2,8.887,10.048,0.585
2,16.464,-6.074,-0.846
2,9.610,35.162,2.330
2,-46.044,-47.891,1.940
3,-42.819,17.904,2.435
3,24.381,36.253,2.000
2,-4.310,15.881,1.654
2,40.009,-37.634,-1.110
2,-34.904,21.446,0.814
2,-32.985,31.354,2.346
2,-12.995,45.456,3.573
2,41.879,-26.884,-1.354
2,-34.814,-38.466,3.889
2,-5.961,38.996,3.173
2,-34.280,-33.624,4.391
2,7.037,-43.778,5.213
4,16.452,-29.852,2.850
2,49.666,18.212,-2.297
2,-39.117,5.561,4.053
3,28.456,-8.742,-0.520
2,-35.246,7.850,2.644
2,-37.159,24.157,0.830
2,0.833,17.678,1.997
2,6.969,-20.085,1.756
2,28.511,-11.042,-0.760
2,-44.260,49.914,2.570
2,-8.463,25.552,3.419
4,-5.289,36.125,4.187
2,-4.220,46.274,1.580
2,2.001,-17.915,2.001
2,47.989,-28.652,-1.996
2,46.750,35.791,0.642
2,37.701,-2.950,-2.274
2,42.684,-40.648,-1.314
2,-49.801,-21.487,7.090
2,-47.525,39.528,2.467
2,-43.111,9.617,2.888
2,-38.802,40.336,1.872
2,27.933,31.173,1.498
2,39.973,28.202,0.869
2,-27.610,26.689,1.990
2,-12.215,25.166,3.034
2,6.323,43.186,1.756
2,-7.838,-21.670,4.189
2,-43.478,10.754,3.248
2,12.450,8.094,0.585
2,2.220,26.544,2.189
4,24.240,-0.890,-0.858
2,25.863,-31.958,-0.005
2,41.029,-14.836,-2.248
2,-25.779,0.502,2.004
3,-5.614,-18.750,3.523
2,-23.342,38.961,2.705
2,-19.429,34.778,2.891
2,14.829,9.626,0.573
4,-24.950,39.943,3.062
2,-20.514,2.419,2.460
2,-5.791,-14.158,3.171
3,-23.792,40.739,3.216
2,13.047,15.020,0.379
2,-18.285,30.340,3.402
2,-33.331,-35.564,4.466
2,-38.772,21.683,1.110
2,-28.170,-16.264,5.976
2,-41.069,30.283,1.958
4,2.981,36.009,3.440
2,-25.808,1.658,2.005
2,-37.937,35.719,1.890
2,22.149,-24.107,0.207
2,26.533,-16.830,0.183
2,39.919,0.780,-1.987
2,19.305,-3.509,-0.996
2,-28.539,5.532,2.034
2,28.866,-9.076,-0.774
2,2.083,16.244,1.418
2,-28.252,-35.079,5.134
2,36.851,-45.114,-0.466
2,-7.204,-5.007,2.302
3,-43.192,-11.576,7.121
2,-33.315,-30.083,5.296
2,0.813,-33.223,3.638
2,27.174,-11.765,-0.229
2,30.234,39.320,0.626
2,18.652,-44.592,3.560
2,-34.828,36.468,2.205
2,24.309,-19.941,0.528
2,-4.992,-27.529,3.755
2,18.568,18.530,0.970
2,-37.364,-44.717,3.161
2,-42.832,18.012,2.346
2,-12.285,7.494,1.906
2,-28.497,45.134,2.824
2,-2.627,-21.014,2.791
2,-24.021,-34.365,5.162
2,-14.776,0.743,3.580
2,30.365,-43.322,0.874
2,-4.300,23.051,2.907
2,-33.369,-48.390,3.952
2,-40.270,-23.051,6.222
2,20.064,-28.326,0.993
2,7.390,-30.069,2.718
2,-42.547,17.772,1.852
2,25.762,43.361,1.104
2,19.565,-12.228,-1.019
4,25.279,36.543,2.084
2,21.341,-43.179,2.847
4,39.077,1.526,-1.356
2,-23.785,36.087,2.269
2,2.959,-29.284,2.909
2,-42.505,15.860,2.113
2,-14.784,1.441,3.573
2,-28.299,-45.026,4.090
3,24.839,-26.080,0.236
2,-40.721,25.900,1.423
2,17.978,8.322,0.392
2,-49.688,-47.961,1.429
2,-24.882,-0.308,1.985
2,-15.097,4.882,2.722
2,-0.545,-36.257,4.069
2,21.575,-36.077,1.661
2,8.629,17.964,0.606
2,4.151,27.318,1.946
2,-26.610,-49.129,4.035
2,34.417,-4.649,-1.818
3,41.868,22.693,-0.152
2,-15.580,-0.197,3.621
2,-9.888,33.297,2.993
4,-34.327,-12.444,7.537
2,-49.911,19.756,2.174
2,-26.759,23.281,1.393
2,-44.572,-29.370,5.377
2,14.274,25.139,1.185
2,11.202,39.351,2.528
2,-5.540,29.492,3.543
2,3.387,4.341,1.331
2,-4.741,45.240,1.486
2,-45.887,-23.853,6.146
2,-26.129,2.411,2.027
4,-5.415,34.953,4.008
2,-48.916,24.885,1.726
2,15.723,39.083,2.546
4,-24.445,40.193,3.185
2,2.245,32.545,2.816
2,-5.062,40.360,2.821
4,2.500,36.529,3.185
1,-18.327,2.045,2.730
2,-33.823,7.430,2.402
2,-30.828,-25.380,5.742
2,2.764,35.773,2.642
2,-8.225,40.892,2.858
3,-15.924,4.904,2.988
2,-35.088,-22.459,6.319
4,2.954,26.846,3.231
2,6.915,1.703,0.450
2,-42.457,17.940,1.859
2,-3.592,30.953,3.466
2,47.850,34.840,0.945
2,-6.072,39.542,3.162
2,26.450,21.482,2.486
2,9.163,3.364,0.127
2,-12.765,-11.034,2.774
2,-13.025,-39.635,5.305
2,40.447,37.900,0.426
2,33.108,-1.801,-1.488
2,-49.216,29.486,2.374
2,14.002,32.475,2.526
3,28.534,-48.147,2.561
2,30.459,24.491,2.386
2,44.765,-7.322,-2.062
2,-17.702,30.918,3.278
2,3.609,27.155,1.958
2,-39.215,-6.832,5.706
2,5.646,-29.932,2.880
2,-35.305,34.328,1.974
4,-4.643,36.051,3.666
2,-11.837,49.175,2.858
2,-34.514,-14.962,6.626
2,23.864,-25.857,-0.017
4,24.679,35.787,2.081
2,34.064,-10.451,-2.054
2,-5.051,-5.150,2.079
2,44.878,23.586,-1.041
2,47.470,0.370,-3.172
2,-15.063,17.965,1.963
4,18.102,-30.569,3.074
2,-13.096,31.429,3.483
4,-18.970,5.005,3.027
2,-36.491,-45.355,3.408
2,-8.066,22.715,3.210
2,39.809,-35.254,-1.312
2,-42.737,9.293,2.970
4,25.309,-26.577,0.660
2,17.339,-27.886,1.230
2,0.658,16.156,1.598
2,-44.226,23.254,2.251
2,15.910,2.030,-0.198
2,18.295,0.580,-0.789
2,-13.111,-6.139,2.649
2,-40.538,48.460,2.497
2,37.338,22.038,1.136
2,-33.423,-27.060,5.657
2,-40.060,-2.676,6.098
2,-13.777,-7.113,2.866
2,-32.866,-35.256,4.496
2,-10.133,21.702,2.838
2,37.290,-21.830,-0.701
2,27.754,-10.670,-0.737
2,-40.418,13.732,1.773
2,-13.850,-25.351,5.602
2,-49.839,5.683,4.872
4,22.185,-24.919,1.220
2,-37.915,-27.821,5.574
4,23.170,0.218,-0.630
2,-11.962,-46.462,6.006
2,32.280,-38.192,-0.037
4,18.847,-22.018,1.576
2,39.988,-46.457,-0.125
2,34.638,21.784,1.779
2,-27.751,-9.862,5.303
2,-36.429,-44.243,3.451
4,31.370,9.977,1.568
2,47.784,-9.220,-2.615
2,-31.066,-18.444,6.668
2,35.168,-32.105,-0.942
2,-2.164,-28.281,3.437
2,-23.897,1.572,2.023
2,23.429,14.941,1.365
2,22.307,-49.092,4.346
2,-0.146,17.660,1.975
2,-35.406,24.007,0.938
2,35.455,-0.933,-1.687
2,47.740,3.069,-3.325
2,34.304,-7.813,-2.002
2,-4.095,37.321,3.102
2,36.689,47.196,0.463
2,4.353,-5.778,1.081
2,-43.973,25.657,2.344
2,-7.029,-15.387,3.066
2,19.961,-7.601,-1.055
2,-25.570,9.523,2.043
2,29.711,24.542,2.577
2,-3.884,30.009,3.575
2,31.352,37.900,0.977
2,16.656,-45.000,3.963
2,13.134,11.000,0.578
2,-16.172,25.066,2.874
3,-4.712,-15.428,3.306
2,-4.526,30.841,3.536
2,2.334,-13.078,1.438
2,-43.824,-26.337,5.878
2,-40.849,-1.206,6.048
2,-10.117,-10.598,2.512
2,25.168,32.923,1.290
2,-30.345,-31.494,4.919
2,-34.419,30.414,1.868
2,-3.255,-4.437,1.962
2,46.787,-4.092,-2.710
2,-48.549,-46.542,1.633
2,44.517,-40.185,-1.612
2,42.799,43.752,0.772
3,-22.923,40.576,3.100
4,26.072,-13.364,0.529
2,-2.384,-28.860,3.507
2,22.538,0.356,-1.565
2,25.151,41.765,1.347
2,-49.497,-45.499,1.587
2,-38.832,-32.518,4.714
2,-26.955,-41.425,4.113
2,33.530,18.617,1.407
2,-37.099,43.355,1.904
2,0.745,-1.618,2.380
2,17.407,31.688,1.825
2,-36.432,-3.802,5.239
2,13.978,26.088,1.426
2,-5.227,39.530,2.786
2,31.728,27.739,2.166
2,-32.030,6.781,2.281
2,46.192,-5.578,-2.440
2,-47.608,15.093,2.582
2,32.109,49.929,0.757
2,-20.904,-45.923,4.649
2,-16.166,5.433,2.799
2,43.000,22.473,-0.702
2,43.019,-37.020,-1.504
2,4.102,40.965,1.815
2,-6.442,32.216,2.912
2,1.764,-12.700,1.588
2,-26.161,-48.601,4.080
2,38.148,-45.577,-0.395
2,4.841,-1.275,1.363
2,-36.905,12.402,1.587
2,15.676,39.844,2.495
2,20.592,6.229,0.232
4,-23.283,38.254,3.089
2,-40.273,-10.825,6.684
2,-35.775,-22.391,6.254
2,29.476,-8.913,-1.084
2,39.228,0.323,-2.006
3,32.809,4.685,-0.479
4,-17.086,7.074,2.898
4,-43.322,-10.398,7.533
2,25.183,-45.122,2.851
2,-3.000,-7.832,2.186
4,-18.249,5.434,2.909
3,-17.751,6.078,2.723
2,-12.814,0.655,3.531
2,34.443,-38.592,-0.440
2,-25.007,23.392,2.029
2,-10.279,-43.361,6.354
2,-40.632,-44.607,2.927
2,26.449,-34.467,0.280
2,-35.026,-2.527,4.877
7,-24.920,-0.164,-5.883
2,11.921,15.834,0.383
2,-26.995,-27.863,6.036
2,3.745,-16.877,1.707
2,48.439,32.668,0.559
2,-24.266,39.606,2.657
2,-21.238,-16.403,5.229
4,-34.625,-11.878,7.595
2,-41.117,7.263,3.759
2,45.445,-35.260,-1.472
2,12.649,23.699,0.889
2,-34.678,7.779,2.593
3,-9.756,33.281,3.293
2,1.372,-49.960,5.602
2,3.723,-26.445,2.292
4,28.227,-18.346,1.150
2,-10.858,17.745,2.234
2,27.462,-43.923,1.811
4,2.452,26.653,3.327
2,-13.472,15.562,1.472
2,-42.038,25.151,2.211
2,45.427,19.971,-1.577
2,-16.525,1.107,3.302
2,-26.193,-12.122,5.718
2,-24.362,4.603,1.715
2,5.837,-47.945,5.387
3,-42.924,10.802,3.188
2,-4.788,30.675,3.408
2,-18.546,25.705,3.155
2,1.029,6.404,1.437
2,12.188,-10.855,-0.042
2,-21.601,-32.434,5.708
2,-39.863,-14.421,6.705
3,2.759,27.042,2.590
4,27.458,-13.586,0.654
2,-47.616,-13.659,6.944
2,4.598,29.166,2.140
2,36.866,41.727,0.705
2,20.455,38.902,2.335
2,-26.936,2.857,1.969
2,-7.092,-27.693,4.310
2,-11.433,34.918,2.990
4,-10.908,-15.984,4.451
2,-2.110,-5.793,1.872
2,20.489,-40.077,2.431
2,4.318,3.319,1.136
2,-23.407,40.385,2.741
4,22.776,-1.333,-0.938
4,-11.954,-15.102,4.217
2,22.932,-48.356,4.117
2,8.708,-37.916,4.476
2,-43.871,45.373,2.308
2,22.945,37.240,1.728
2,31.056,-26.566,-0.504
2,-3.967,29.961,3.606
2,44.557,47.529,0.654
2,36.801,22.431,1.296
2,-14.638,-11.333,3.239
2,-47.311,-35.299,3.951
2,-22.165,22.490,2.292
4,3.072,26.957,2.946
2,13.524,35.598,2.671
2,-45.207,48.103,2.435
2,41.474,18.565,-0.617
2,45.937,6.464,-2.926
3,24.606,-27.221,0.437
2,43.182,34.829,0.459
7,113.493,-20.754,-25.029
2,-40.581,-26.331,5.708
2,-42.214,24.839,2.184
2,4.694,37.483,2.174
2,22.954,7.525,0.556
2,-33.473,-40.192,4.193
2,-14.588,14.834,1.518
2,-39.007,-48.884,3.031
2,-31.357,-3.693,4.071
2,-48.665,22.565,1.769
2,-11.725,34.383,2.944
2,28.608,-13.213,-0.806
4,-11.265,-14.670,4.347
2,3.948,-4.850,1.171
2,-36.021,39.706,1.870
2,-12.050,-37.474,5.432
2,27.190,-23.162,0.278
2,48.481,36.301,1.129
2,9.982,-16.464,1.302
2,12.679,29.369,1.993
2,10.327,48.207,1.387
2,22.073,31.890,2.128
2,-26.498,28.136,2.190
2,9.067,-8.280,0.520
2,-20.110,-30.428,5.782
2,-29.635,18.817,1.372
2,-40.388,26.688,1.543
2,40.147,46.236,0.759
2,4.781,-36.191,4.145
2,27.673,49.431,1.212
2,-46.269,44.217,2.438
7,17.099,-40.399,-6.126
2,-14.943,-4.098,3.519
2,-27.278,27.976,2.025
2,3.710,28.389,2.199
2,-28.447,6.881,1.650
2,-32.636,20.268,1.238
3,-9.452,33.196,3.373
2,-17.533,21.035,2.571
7,-81.071,35.670,-0.551
2,26.670,10.415,0.429
3,-17.885,4.584,2.764
2,-16.825,0.921,3.393
2,-22.899,39.600,3.068
4,20.640,-19.237,0.943
2,-34.359,-16.563,6.782
2,36.798,-4.071,-2.392
2,44.664,2.455,-2.690
2,38.865,-0.019,-1.957
4,2.791,25.663,3.392
2,43.675,-6.281,-1.992
2,-41.791,8.397,3.357
2,-4.792,4.267,2.779
3,16.538,-30.988,2.444
2,28.826,-20.318,0.116
2,31.852,26.860,2.250
4,25.766,-15.502,1.403
2,7.970,35.447,2.215
2,27.408,46.646,1.087
2,-2.649,33.859,3.377
4,16.894,-30.986,2.678
2,-15.500,35.922,2.803
2,36.654,20.803,1.052
2,-33.752,-22.239,6.460
2,24.094,-5.361,-0.758
2,30.338,-8.350,-1.428
2,48.877,46.274,0.902
4,-4.825,40.436,3.366
2,-14.109,-47.810,6.059
2,-18.960,-10.208,4.171
2,-25.200,0.947,1.872
2,1.265,0.044,2.461
2,-10.693,-24.818,5.090
4,-13.161,-14.999,4.252
2,-47.055,-49.353,1.898
2,-29.301,-8.047,5.167
2,-47.208,20.290,2.073
3,2.230,-8.083,1.216
2,-17.780,-49.014,5.990
7,48.209,-30.227,-8.899
2,40.268,-36.077,-1.214
2,-26.003,-17.430,5.912
2,47.878,-16.209,-2.400
2,-32.644,-23.960,5.987
2,-45.316,-24.680,5.952
2,-31.738,28.137,2.203
2,-18.370,48.265,3.004
2,-17.645,-17.199,4.938
2,6.554,-24.799,1.469
2,26.655,1.178,-1.681
2,-16.617,-39.556,4.951
4,-34.989,-4.121,5.872
2,-39.994,37.426,2.076
2,-1.539,-5.871,1.645
3,28.357,-9.786,-0.463
2,-20.360,0.998,2.787
2,29.696,-21.713,-0.120
2,5.461,-25.948,1.874
2,-49.722,22.301,1.755
2,-17.149,46.349,3.142
3,-17.404,-19.433,5.638
2,-30.885,-46.642,4.046
4,-42.369,25.126,2.980
2,-14.903,1.552,3.530
2,49.192,7.064,-3.204
2,-2.998,9.544,1.681
2,-39.894,34.173,1.959
2,23.662,-42.347,2.435
2,29.029,-29.751,-0.248
4,24.876,36.138,2.150
4,2.656,35.707,3.367
4,27.827,-13.690,0.210
2,-42.567,1.750,5.677
2,13.737,8.712,0.661
2,37.259,38.134,0.111
2,-16.066,4.532,2.842
2,-6.139,36.302,3.079
2,-47.097,-1.580,6.356
2,-29.398,42.981,2.406
3,18.832,-26.035,1.158
2,45.914,-44.106,-0.923
2,38.577,-29.960,-1.162
2,26.680,-12.549,-0.255
2,-3.453,37.059,3.008
2,22.201,16.102,1.546
3,-5.006,-15.729,3.316
3,-28.169,25.025,2.173
2,14.993,-16.052,0.083
2,42.738,-10.686,-2.455
2,-47.390,49.775,1.694
2,-4.569,30.601,3.379
2,-9.898,33.051,2.990
2,-17.909,48.572,2.984
2,37.998,10.948,-0.698
3,-15.859,2.661,3.305
2,44.742,36.655,0.494
2,41.194,21.199,-0.304
2,-46.392,35.155,2.203
2,28.571,-8.756,-0.807
2,25.885,-28.457,-0.347
2,0.774,14.550,1.227
2,36.780,-17.982,-1.003
2,31.504,22.218,2.049
2,-27.157,25.261,1.911
2,-18.141,12.980,1.616
2,-33.411,30.200,2.093
2,-40.445,-48.753,2.697
2,-47.322,-13.211,6.906
2,-32.850,-10.860,6.593
4,27.614,-18.328,1.106
2,28.393,5.140,-0.293
2,40.765,27.774,0.590
2,39.154,-47.179,0.033
2,-10.287,-34.990,4.996
2,-16.349,41.326,2.998
4,-34.173,-12.135,7.365
2,-37.227,36.902,1.903
3,25.719,-15.232,0.647
2,-13.753,25.871,2.868
2,-14.780,-26.012,5.539
2,38.907,27.601,1.084
2,-25.111,14.073,2.146
3,6.706,-34.542,4.321
3,-23.791,38.591,2.933
3,-44.501,25.812,2.494
2,49.254,-21.079,-2.509
2,-30.918,-20.131,6.552
4,-34.859,-4.339,5.558
2,29.134,-13.028,-0.940
3,-16.137,5.566,3.032
2,-7.644,-47.213,6.392
4,-34.608,-39.843,4.612
4,-42.943,-10.345,7.358
2,-30.164,-20.188,6.447
2,34.818,2.929,-1.189
2,18.585,1.651,-0.869
4,23.252,-26.915,0.801
2,-5.900,4.782,2.782
2,29.738,43.322,0.331
2,13.369,40.138,2.511
4,-3.802,40.331,3.373
2,-31.409,9.258,1.630
2,-0.022,25.349,3.223
4,-25.099,39.560,3.101
2,49.795,40.694,1.033
4,22.180,-21.519,2.339
2,-12.604,-1.887,3.158
2,-18.990,8.946,2.020
4,24.849,-25.326,0.387
2,-43.702,45.917,2.443
2,-17.929,2.413,2.778
4,-42.250,25.791,2.880
2,-28.884,24.083,1.387
2,-30.627,3.104,2.687
4,18.482,-18.288,1.318
2,20.058,2.735,-0.655
2,19.470,27.057,1.793
2,32.327,-9.486,-1.767
2,-36.509,-3.609,5.238
2,-3.479,30.746,3.576
2,19.199,31.520,1.866
2,-12.316,-23.566,5.246
7,28.279,-41.101,-9.955
2,-44.612,-14.697,6.868
2,2.302,-0.017,2.113
3,-41.971,10.567,3.027
4,24.263,-26.559,0.753
2,13.526,-34.536,3.235
2,3.375,4.894,1.329
2,-5.256,-16.301,3.214
2,-0.866,-46.410,5.959
2,46.904,-15.327,-2.471
2,-7.559,-31.873,4.208
2,45.547,-14.680,-2.523
2,-16.656,3.660,2.727
2,2.182,-25.730,2.242
2,-19.392,29.984,3.229
3,-10.430,33.017,3.401
2,46.497,43.984,0.584
3,-41.925,18.474,2.192
2,21.224,-47.492,3.931
2,-45.914,-40.575,2.802
4,-42.242,-9.824,7.999
2,23.609,-26.517,0.021
2,-1.846,10.369,1.493
2,-14.573,32.768,2.979
2,-16.109,20.965,2.720
2,33.353,6.501,-0.392
2,37.232,24.587,1.511
2,43.535,18.011,-1.397
3,24.471,36.242,1.717
2,-48.530,-32.983,4.810
2,13.812,-35.762,3.546
3,-4.857,-14.576,3.077
2,-6.882,7.268,2.203
2,-5.020,26.022,3.451
2,20.293,-13.882,-0.397
2,36.599,-30.411,-1.193
4,-4.909,35.672,3.893
2,1.920,-46.540,6.105
2,2.802,28.837,2.453
2,48.190,29.849,0.135
4,-43.321,18.587,2.488
2,-21.952,39.443,2.620
2,-42.579,-9.776,6.694
2,-26.570,-45.034,3.947
4,17.061,-31.352,3.215
2,-31.546,-15.523,6.160
2,24.461,18.012,1.696
2,-34.796,27.444,1.535
4,20.125,-22.526,1.482
3,16.125,-30.197,2.421
2,6.154,29.608,1.984
2,-6.664,19.695,2.533
2,-25.005,2.622,2.082
2,25.209,-10.505,-0.050
2,-28.867,27.952,2.194
2,-28.773,41.706,2.289
2,16.360,49.517,2.043
2,49.500,-21.623,-2.595
2,-35.322,38.377,2.036
2,2.171,27.903,2.263
2,-7.402,7.783,1.971
2,3.752,26.276,1.918
2,-44.543,-30.805,5.209
2,-25.878,-18.650,5.920
3,-10.461,33.812,3.335
4,-4.132,40.216,3.310
2,6.305,8.946,0.524
2,13.775,-48.620,4.722
2,38.820,-5.887,-2.438
2,-20.955,-3.895,3.549
2,-22.756,-35.287,4.988
2,-4.651,8.978,1.611
2,7.611,16.011,0.522
2,-19.796,1.118,2.880
2,-13.246,-46.689,5.990
1,7.907,-37.738,4.477
2,7.761,25.751,1.190
2,23.481,17.049,1.649
2,30.786,19.554,1.877
2,24.387,21.319,2.219
4,-16.448,-20.171,5.932
3,40.585,21.917,-0.074
2,-11.748,-33.102,4.676
2,-4.048,30.029,3.576
2,-34.769,48.293,2.555
3,85.864,24.955,0.564
2,45.322,-32.329,-1.527
2,23.222,-26.564,-0.046
3,27.800,-9.618,-0.554
3,-23.634,40.266,3.228
2,-15.197,-20.429,5.632
2,-42.134,-27.272,5.652
3,40.884,21.079,-0.068
3,3.441,36.301,2.686
2,-18.235,-33.305,5.355
2,-13.304,4.420,2.855
2,18.594,-5.435,-0.920
2,18.496,-10.664,-1.078
2,38.398,-28.760,-1.146
2,-23.999,2.689,1.847
2,0.155,8.399,1.190
4,33.161,13.221,1.367
2,1.746,-39.775,4.609
2,43.156,-6.954,-2.079
2,7.518,44.272,1.737
4,16.957,-30.087,2.834
2,-14.671,9.661,2.015
4,23.447,-26.758,0.525
2,-48.446,32.465,2.508
4,16.821,-23.589,1.633
2,25.964,1.298,-1.684
2,24.162,13.083,0.985
2,38.920,7.361,-1.124
2,32.297,-39.211,-0.048
2,20.599,5.185,0.030
4,-34.726,-40.537,4.315
2,29.814,-2.503,-1.339
4,29.393,-7.543,-0.570
2,-34.131,16.686,1.441
2,36.054,13.881,-0.412
2,-36.920,20.532,0.812
2,-16.835,-18.719,4.879
2,-31.942,-28.083,5.453
2,-38.671,-37.723,3.362
2,1.971,-22.172,2.275
2,-46.522,24.352,1.931
2,-27.147,34.200,2.449
2,29.608,-3.638,-1.320
3,27.593,-14.167,-0.240
2,14.604,37.847,2.620
2,31.695,24.212,2.307
2,-2.504,15.183,1.518
2,-9.744,-17.672,3.979
2,-7.342,-26.247,4.372
2,37.622,10.327,-0.666
2,-1.892,36.906,3.049
2,-3.052,15.759,1.530
2,19.151,48.443,2.032
2,45.474,26.102,-0.682
2,-38.096,38.178,1.642
2,6.749,7.651,0.585
2,4.263,-12.908,0.901
4,12.723,-38.516,6.026
2,4.496,15.157,1.032
2,3.801,18.009,1.762
2,3.694,-27.806,2.576
4,1.993,36.978,3.523
4,17.156,-30.928,2.965
4,-5.926,36.811,3.944
2,42.628,35.009,0.404
2,-19.168,-38.508,4.994
4,42.092,21.080,0.038
2,-35.399,29.986,1.752
3,24.181,-26.598,0.532
2,23.038,22.603,2.335
2,-5.433,29.326,3.393
2,-13.289,-25.231,5.505
2,2.891,-9.154,0.768
2,43.023,23.651,-0.485
4,-33.421,-39.432,4.668
2,-26.300,1.893,2.005
2,12.658,-38.157,4.257
2,-7.159,-42.271,6.273
2,-11.415,5.395,2.413
2,34.226,-44.295,-0.190
2,11.081,35.330,2.513
2,-44.034,-49.211,2.309
2,35.797,-25.840,-1.345
2,22.025,-0.479,-1.126
2,-42.846,-31.443,4.868
2,-18.211,44.692,3.140
2,10.811,20.565,0.877
2,-39.207,47.170,2.592
4,-43.312,-11.669,7.718
2,-25.598,-7.335,4.085
2,-9.536,12.581,0.977
2,-24.373,2.910,1.852
2,22.909,-27.589,0.417
2,15.654,-28.735,1.578
2,29.797,-43.488,1.129
2,8.516,-40.639,4.604
2,15.492,-11.139,-0.777
2,26.842,-16.144,0.147
2,-23.804,31.637,2.621
2,-30.284,24.074,1.449
2,-29.542,-4.960,4.116
2,-9.872,40.178,2.949
2,-10.297,28.780,3.167
2,43.058,-25.453,-1.433
4,42.349,22.094,0.174
4,9.961,-39.967,5.020
2,26.367,44.209,0.984
2,-24.417,39.177,2.721
2,46.765,-38.913,-1.539
2,34.815,-37.796,-0.458
2,25.519,12.840,0.876
2,-42.771,24.463,2.198
2,-34.110,13.997,1.382
2,-25.994,32.589,2.349
2,32.965,36.778,0.984
4,27.754,-16.295,0.971
2,9.755,20.587,0.845
2,32.944,-35.411,-0.369
3,-14.885,2.862,3.302
2,-14.650,-16.492,4.136
2,-36.435,44.462,2.047
2,18.720,16.994,0.976
2,45.633,-30.515,-1.576
2,8.952,19.758,0.675
4,23.709,-28.065,0.705
2,-16.833,-0.566,3.467
2,2.380,26.933,2.138
2,-3.613,30.877,3.241
2,-7.361,11.934,1.141
2,31.737,-4.227,-1.540
2,2.774,32.196,2.739
2,-46.479,3.714,5.050
2,-31.173,-43.889,4.065
2,-13.836,-31.859,4.656
2,-49.510,3.554,5.171
2,12.830,49.106,1.305
2,40.770,39.622,0.367
2,-1.733,-14.520,2.396
2,38.907,8.413,-0.941
2,33.780,0.887,-1.312
2,26.626,-16.214,0.135
2,-25.774,0.592,1.843
3,-34.995,-11.485,6.702
2,38.674,31.668,1.369
2,41.676,49.575,0.332
2,-11.934,-35.618,5.088
3,-34.282,-5.378,5.216
2,-39.461,16.763,1.765
4,24.292,-26.124,0.694
3,6.103,-36.999,4.676
2,-14.798,1.040,3.444
2,-39.113,-44.111,2.886
3,24.884,36.388,2.027
2,-22.605,39.822,2.712
2,2.503,36.366,2.968
2,10.111,-19.433,1.404
2,-23.486,25.528,2.354
2,1.202,-27.327,2.656
2,47.808,-22.812,-2.237
4,27.532,9.752,1.569
2,24.228,-28.069,-0.020
2,29.359,-1.515,-1.432
4,27.761,-16.336,1.361
2,-28.005,5.725,1.793
4,24.548,35.687,2.105
2,-32.264,47.210,2.665
2,48.640,-41.746,-1.222
2,12.179,-29.947,2.333
2,27.858,45.828,0.825
4,-25.352,-34.375,5.645
2,-39.013,-22.759,6.215
2,2.514,35.743,2.605
2,-19.240,25.785,3.111
2,-35.643,-33.216,4.496
2,2.161,35.888,2.881
2,-22.894,-18.542,5.451
2,5.010,44.366,1.453
2,-27.408,-3.798,3.681
2,-34.577,-27.396,5.499
2,36.605,-9.030,-2.147
2,31.694,-1.568,-1.284
2,22.315,-0.180,-1.507
2,-25.606,-13.223,5.728
2,32.992,-11.271,-1.947
2,45.936,34.551,0.648
2,-20.545,-32.240,5.530
7,-38.142,-22.038,-3.961
2,29.499,-14.809,-0.737
2,-43.424,11.144,2.863
4,3.431,26.361,2.966
2,-11.074,19.558,2.560
4,3.574,26.021,3.172
2,31.406,39.301,0.587
2,35.395,45.530,0.541
2,49.168,16.808,-2.434
4,-14.774,-20.593,5.922
2,-29.287,-47.424,3.952
2,44.738,22.571,-1.188
2,48.250,-47.808,0.091
4,-34.124,-40.498,4.676
2,29.228,33.725,1.446
2,35.625,-11.134,-2.155
2,-4.169,-23.449,3.319
2,7.189,-41.522,4.725
2,-12.353,-8.266,2.570
2,-42.085,-39.816,3.250
4,29.411,-17.256,1.222
4,28.046,-16.218,1.205
2,9.901,49.173,1.112
2,-13.583,-42.240,5.492
2,2.225,-45.797,6.030
2,-6.796,-17.229,3.215
4,-3.752,36.681,4.239
3,-4.348,-14.707,3.022
3,25.268,36.695,1.761
2,-41.065,17.937,1.874
2,24.974,-29.343,-0.127
2,39.337,-6.027,-2.279
2,-4.490,38.805,2.822
2,25.522,-22.676,0.411
2,9.895,-14.782,0.836
2,-3.021,19.796,2.302
2,-26.919,-5.793,4.259
4,-16.134,-19.755,5.889
2,5.516,-3.815,1.196
2,36.161,28.798,1.496
2,-3.277,30.742,3.508
2,8.471,-30.175,2.595
4,28.166,-16.906,1.515
2,-28.153,-31.485,5.714
2,-3.903,24.259,3.099
4,23.497,0.045,-0.790
2,34.962,-47.801,0.620
2,-16.878,47.618,3.105
4,27.666,-11.273,0.355
2,-9.716,33.129,3.194
2,34.598,-47.161,0.672
2,38.702,4.671,-1.517
2,-37.229,10.106,2.313
2,-49.024,-43.669,1.806
2,49.430,-43.760,-1.135
2,-9.995,-22.858,4.764
4,-35.793,-3.190,5.819
2,-29.030,-8.524,5.223
4,-9.719,-15.335,4.326
2,28.493,-26.281,-0.436
2,41.482,49.033,0.327
2,-8.042,-12.626,3.093
2,2.472,48.839,0.341
4,14.415,-21.744,1.638
2,41.188,25.000,0.386
4,24.017,-28.005,0.585
2,31.791,9.313,0.136
2,18.756,-32.809,1.924
2,-2.387,19.465,2.280
2,39.292,-17.220,-1.348
2,21.647,-21.151,0.433
2,-6.038,-15.692,3.238
2,18.661,15.673,0.674
2,-23.120,27.468,2.348
2,4.753,42.221,1.789
2,-48.382,-12.493,6.866
4,-42.724,24.366,2.901
2,-16.187,4.086,2.722
3,2.618,25.891,2.540
2,39.036,-26.502,-1.553
2,-11.676,-12.496,2.772
2,-47.758,-24.534,6.323
2,47.543,-4.312,-2.958
2,-25.778,-2.786,3.077
2,-9.369,29.583,3.076
2,1.026,39.452,2.414
2,22.045,-28.707,0.843
4,-42.580,-11.482,7.881
4,38.849,-1.902,-1.396
2,39.196,37.118,0.337
2,27.177,32.382,1.324
4,-34.392,-40.213,4.652
3,40.728,-0.500,-1.707
4,-23.932,39.532,3.136
2,-34.086,-29.479,5.339
2,-35.944,-0.073,4.712
2,32.512,16.411,0.828
2,-45.799,-10.777,6.753
2,11.551,-9.212,0.194
2,-48.520,2.014,5.520
2,8.235,-20.913,1.517
4,1.557,-10.723,2.604
2,9.546,25.860,1.249
2,-46.689,-26.251,5.818
2,-20.587,39.718,2.682
2,-42.962,17.400,1.900
2,-10.489,2.579,3.279
4,26.013,-12.901,0.598
2,-6.259,-16.158,3.201
2,28.542,-10.119,-0.774
2,22.691,-20.948,0.504
3,-10.886,-14.629,3.617
2,-12.108,40.601,3.172
2,-33.150,10.953,1.664
2,-3.646,-13.827,2.696
2,-6.230,2.797,3.260
2,-3.969,30.663,3.590
2,-10.731,-47.798,6.277
2,-17.503,37.779,2.932
2,-9.741,48.468,2.506
2,8.252,8.432,0.646
4,28.902,-15.015,1.069
2,-26.649,-13.937,5.660
2,-5.414,29.173,3.408
3,-43.651,24.988,2.751
3,2.470,35.562,3.124
3,-10.330,33.558,3.398
2,42.225,10.470,-1.386
2,3.834,36.159,2.667
2,-4.981,39.100,3.099
7,-9.265,-86.894,3.084
2,-16.859,-2.869,3.589
2,-27.045,17.223,1.747
3,27.949,-8.488,-0.428
3,-4.026,-15.625,3.015
2,44.307,-33.384,-1.484
2,-4.271,30.981,3.383
2,-1.501,-13.912,2.250
2,11.638,-2.767,0.275
2,38.399,-33.289,-1.202
4,-18.693,31.038,4.072
4,-3.905,40.184,3.329
2,-14.265,7.187,2.323
2,31.334,5.789,-0.364
2,-27.476,0.562,2.012
2,-32.973,4.101,3.237
2,26.732,-21.130,0.532
2,24.777,46.944,1.640
2,-36.362,-26.503,5.729
4,21.376,-17.713,1.991
2,-10.352,-36.499,5.289
3,24.933,-49.339,4.155
4,27.299,-14.001,0.329
2,-17.830,20.359,2.393
2,16.329,39.636,2.497
3,-36.520,-9.446,6.058
2,10.074,-36.300,4.383
2,28.309,-0.416,-1.743
2,-6.435,-38.230,5.661
2,30.330,-48.140,2.001
3,-9.446,33.182,3.331
2,-28.557,26.681,2.176
2,41.514,9.301,-1.310
3,-16.404,-19.687,5.540
2,33.774,-36.993,-0.380
2,-18.254,33.136,3.094
2,34.745,-33.464,-0.695
2,-10.195,32.956,3.183
2,45.860,-28.431,-1.838
3,-16.643,4.898,2.921
4,3.195,26.635,2.983
2,-10.231,33.733,3.254
2,7.020,-28.953,2.382
2,46.163,15.504,-2.297
2,30.723,20.492,2.039
2,45.788,5.544,-2.982
2,-36.874,38.627,1.693
2,11.076,-48.351,5.019
4,24.394,-25.910,0.814
3,-9.927,33.206,3.376
4,-44.082,26.438,3.060
2,-3.217,-19.996,3.001
2,14.792,0.422,-0.338
2,-48.572,15.346,2.543
2,-5.400,29.739,3.561
3,-42.099,24.529,2.229
2,12.501,-15.389,0.671
4,27.536,-12.662,0.393
2,-9.768,33.391,3.017
4,18.108,-30.590,2.965
2,-36.134,24.902,1.022
4,-5.822,41.606,3.337
2,46.030,40.430,0.628
2,24.017,-47.363,3.713
2,-10.426,29.820,3.210
2,-37.629,-22.654,6.021
2,-1.146,22.280,2.564
4,2.874,36.057,3.378
2,-7.592,16.928,2.119
3,22.606,-0.817,-1.218
4,3.060,25.967,3.280
2,-30.579,-13.209,6.279
2,34.362,-48.281,0.920
2,34.522,36.155,0.845
2,25.438,-16.063,0.291
2,-3.478,30.134,3.533
2,-4.953,22.915,2.931
4,-4.980,35.388,4.017
2,14.001,0.951,-0.293
4,22.493,-0.328,-0.683
2,46.127,-14.681,-2.493
4,2.490,36.415,3.352
2,-24.792,49.596,3.725
2,29.753,9.457,0.174
2,49.013,42.313,0.744
2,-6.725,-22.992,4.043
2,-13.451,2.640,3.195
2,38.151,45.039,0.773
3,-10.669,33.257,3.363
2,-42.590,33.825,1.832
2,-15.706,-20.327,5.767
2,24.800,10.700,0.542
2,-37.921,-46.592,3.154
2,-33.397,-39.949,3.714
3,28.340,-16.542,0.142
2,-46.435,40.366,2.558
2,-37.398,-1.429,5.559
2,-27.923,-4.441,3.849
4,-43.163,25.990,3.131
2,-21.454,-0.787,2.717
2,-46.063,-49.981,2.028
2,9.263,-33.927,4.149
3,-10.141,33.423,3.396
4,18.371,-26.519,2.469
3,24.850,-27.460,-0.060
2,38.625,5.753,-1.412
2,-8.981,-10.636,2.472
3,-44.229,26.333,2.804
2,-15.222,-9.400,3.576
2,-43.161,18.639,2.372
4,-33.076,-2.753,5.620
2,-42.230,-40.350,3.132
2,30.351,31.722,1.675
2,38.781,-5.176,-2.404
2,6.007,-8.198,0.491
4,2.377,26.644,3.074
2,2.806,25.819,2.169
4,24.508,35.857,2.131
2,18.150,21.946,1.491
2,-3.106,11.049,1.331
3,2.728,26.767,2.621
2,-14.261,0.155,3.302
4,20.479,-21.478,1.167
2,25.155,-32.023,0.189
2,23.245,-29.504,0.534
2,19.653,7.274,0.401
2,-39.749,38.103,1.983
2,-3.854,28.337,3.478
2,-30.819,-35.082,4.738
2,41.128,-12.534,-2.634
2,28.157,-19.780,0.275
2,0.601,20.259,2.225
2,37.635,8.865,-0.699
2,-4.226,-36.293,4.645
2,47.674,37.315,0.817
2,31.064,36.252,1.296
2,46.273,49.983,0.783
2,15.991,-36.999,3.078
2,-40.510,-25.741,5.744
2,-37.532,-30.126,5.044
2,-3.744,29.790,3.456
2,-12.741,37.720,2.942
2,-49.371,-0.281,5.823
3,12.718,-34.115,3.507
2,-24.892,32.639,2.184
2,49.320,-49.427,0.589
2,-38.607,37.691,1.841
4,2.752,-8.297,1.935
2,-47.952,10.884,3.235
2,-9.568,-15.714,3.459
2,-22.077,-49.748,4.640
2,-47.885,19.188,2.130
4,3.571,26.294,2.962
2,-33.434,-34.956,4.448
7,15.388,-41.421,-7.740
2,-30.108,47.227,2.990
2,33.712,25.320,1.932
4,-34.679,-3.111,6.004
4,24.901,-26.667,0.724
2,-1.496,-23.994,2.724
2,38.146,38.556,0.191
4,28.079,-16.967,1.425
2,-16.187,41.990,3.268
2,-16.764,16.931,1.840
3,41.173,-0.493,-1.782
2,-49.945,48.115,1.731
2,-38.922,31.845,1.800
2,27.333,-10.560,-0.751
2,33.176,28.262,1.864
2,-45.998,-2.139,6.362
3,-3.948,38.883,3.169
2,-24.859,-3.393,3.258
2,-30.237,14.863,1.569
2,-20.680,7.664,1.944
2,-13.241,24.724,2.933
2,-28.567,-40.732,3.899
4,-35.207,-4.362,5.655
2,-19.774,-6.550,4.151
2,-4.868,35.997,3.137
2,-49.853,1.582,5.329
2,20.164,-33.454,1.597
2,-18.791,-18.118,5.420
2,5.218,39.204,1.980
2,-33.117,-44.730,4.070
4,-4.829,36.644,4.059
2,44.431,19.616,-1.454
2,-48.457,-34.409,4.281
2,46.284,24.387,-1.075
2,19.141,-11.877,-1.098
2,-4.343,-16.406,3.042
2,29.659,-45.222,1.565
2,-14.411,-42.599,5.329
2,-16.622,23.255,2.811
4,-34.731,-11.620,7.437
2,-32.817,-16.096,6.555
4,-4.695,40.843,3.416
2,-11.731,3.003,3.253
2,39.306,-21.651,-1.136
2,25.031,-9.621,-0.079
2,44.305,-5.583,-2.103
2,-28.482,4.331,2.201
3,-4.706,-14.442,3.041
4,24.209,-26.168,0.770
2,49.059,26.619,-0.988
2,36.535,-33.139,-1.025
2,12.820,-42.291,4.042
4,20.414,-18.871,0.790
2,-40.264,-36.275,3.770
2,-30.122,-14.367,6.061
2,1.016,-20.935,2.385
2,18.429,-7.558,-1.101
2,-17.110,7.126,2.311
2,-14.778,5.694,2.702
2,-43.125,24.347,2.191
2,7.564,-26.079,1.575
2,-42.166,-34.284,3.987
3,27.851,-16.428,0.125
3,-33.430,-10.961,6.630
4,25.734,-18.605,1.163
2,10.975,-10.792,-0.038
2,-1.871,-7.659,2.087
3,28.353,-10.436,-0.572
2,-18.173,-6.127,4.017
2,17.977,-3.891,-0.688
2,-4.518,-13.521,2.947
2,32.701,-33.950,-0.351
2,-15.138,29.391,3.107
2,24.977,-24.047,-0.020
4,23.898,-27.021,0.763
2,46.102,-6.111,-2.278
4,-5.506,36.827,4.213
2,8.346,19.710,0.714
2,39.528,27.128,0.964
2,-27.966,31.459,2.499
2,42.353,6.914,-2.245
2,36.207,-6.520,-2.248
2,4.596,-18.474,1.860
2,7.367,-9.391,0.402
2,-26.798,30.095,2.299
2,44.722,35.678,0.471
3,41.924,22.022,-0.054
2,-3.837,2.703,2.830
2,-27.951,-21.210,6.196
2,-37.402,27.106,1.103
2,-30.495,39.937,2.051
2,8.325,27.512,1.668
2,-27.568,16.336,1.749
2,-39.944,-21.595,6.325
2,18.812,-12.375,-1.166
3,28.577,-10.044,-0.402
2,-37.983,-45.877,3.083
2,28.762,-10.034,-0.714
2,33.776,-13.656,-1.548
2,-28.689,-7.317,4.853
2,-22.987,6.080,1.830
2,-44.998,-29.007,5.415
2,-14.320,49.316,3.028
2,38.599,-24.783,-1.549
2,31.914,-47.098,1.315
2,-44.743,41.742,2.280
2,34.386,45.526,0.421
2,-22.272,46.832,3.036
2,-22.255,-38.062,4.869
2,-21.106,-10.409,4.637
2,35.368,42.436,0.753
2,-40.908,-43.105,2.948
2,-49.549,-15.659,6.867
2,25.468,27.819,1.985
2,-19.838,39.731,2.749
4,0.719,-9.274,3.265
2,7.714,8.754,0.622
4,18.044,-25.681,2.589
2,-15.052,-23.202,5.509
2,-4.866,15.502,1.625
2,-23.455,39.478,3.080
2,-43.490,16.102,2.249
3,-4.423,39.627,3.396
2,-8.020,34.168,3.008
2,-27.589,7.932,1.607
2,32.928,11.712,-0.056
2,-45.930,33.015,2.344
2,-7.966,-33.194,4.419
2,-43.969,15.723,2.288
2,-35.880,10.322,2.250
2,20.104,3.646,-0.507
2,11.021,3.886,0.207
2,17.976,11.346,0.660
2,23.839,-15.805,0.428
2,-14.931,-33.159,4.807
3,-17.219,4.503,2.876
2,20.282,22.152,1.982
2,-8.024,44.234,2.431
2,41.456,21.928,-0.296
2,-1.193,16.549,1.808
2,-15.369,-26.050,5.737
2,39.124,-9.246,-2.471
2,-1.848,20.091,2.315
2,45.866,-24.385,-4.703
4,23.591,0.658,-0.759
2,39.002,-36.373,-1.175
2,-29.645,12.990,1.646
2,-8.693,-33.630,4.591
2,-10.266,21.016,2.740
2,23.778,36.865,1.516
2,2.749,22.182,2.273
2,-40.007,-24.757,5.825
4,28.953,-13.801,0.660
2,45.452,-42.768,-1.258
2,9.646,5.165,0.437
3,24.301,-26.080,0.336
2,-10.215,33.385,3.110
2,29.430,-9.600,-1.024
2,-25.362,-40.872,4.258
3,-5.587,-16.468,3.331
4,-43.493,18.455,2.548
3,16.390,-30.126,2.084
2,-37.658,13.401,1.520
4,17.081,-22.544,1.646
2,-4.403,29.731,3.408
2,49.657,26.358,-1.089
2,-40.160,38.511,1.972
2,-46.367,44.788,2.391
2,41.557,27.074,0.248
2,-45.804,42.669,2.264
2,41.606,34.772,0.427
2,30.792,17.969,1.375
4,-43.034,-11.253,7.710
3,-4.325,-17.245,3.112
2,6.543,-32.290,3.520
2,-10.586,-38.198,5.464
2,9.833,-34.764,4.276
2,-37.515,6.046,3.456
2,18.991,-38.670,2.342
2,31.439,24.775,2.354
2,-7.027,-14.806,3.229
2,40.827,-23.822,-1.322
2,11.276,7.797,0.599
2,-30.633,49.553,3.160
2,-27.538,-35.920,4.940
2,45.395,-11.078,-2.386
2,22.790,16.467,1.512
2,-26.189,44.335,2.749
4,2.739,25.751,2.872
3,3.350,26.496,2.132
2,-25.879,-8.356,4.471
2,6.983,-7.554,0.550
2,41.195,21.205,-0.280
2,-10.038,3.982,2.924
3,26.448,-17.744,0.406
2,-39.940,-1.106,5.960
2,38.897,2.203,-1.576
3,2.655,-0.502,1.957
2,-38.495,3.714,4.504
4,25.341,-27.349,0.481
2,-47.455,38.816,2.405
2,19.190,9.613,0.526
2,34.497,-45.207,0.006
2,-34.279,-5.949,5.339
2,14.142,42.033,2.490
2,38.365,-37.847,-1.084
2,48.589,2.516,-3.392
2,-10.377,33.573,3.001
2,6.838,38.106,2.108
2,-9.886,32.820,3.253
2,49.278,47.824,0.878
2,32.295,-22.765,-0.536
2,7.100,-28.281,2.331
2,-29.568,22.845,1.382
2,28.063,37.615,1.082
2,-38.756,22.538,1.027
4,16.248,-30.563,2.878
2,-42.526,-6.303,6.400
2,-3.184,28.537,3.603
2,15.512,38.456,2.603
2,49.502,30.508,0.393
4,41.839,21.358,0.051
2,-34.969,-34.482,4.354
2,-49.486,31.553,2.634
2,-0.391,-16.864,2.324
2,-47.135,-21.510,6.567
2,-23.854,-15.983,5.297
3,-35.143,-2.786,5.059
2,33.831,-41.053,-0.228
2,-21.200,-5.473,3.801
2,-43.407,9.723,2.883
2,-44.904,6.243,3.942
2,-25.340,-42.865,4.216
2,18.615,9.300,0.465
2,5.045,17.637,1.212
2,41.894,21.277,-0.544
3,-41.811,18.232,2.085
2,-36.983,-39.127,3.556
2,5.324,-20.857,1.886
2,-16.306,17.830,1.978
2,-13.553,-22.912,5.299
2,-48.979,38.851,2.328
2,-37.252,-17.171,6.785
2,48.584,-37.716,-1.191
2,-16.852,-41.116,4.803
2,-36.952,-44.088,3.271
2,-11.799,9.240,1.684
2,29.752,-36.948,0.369
2,30.154,23.480,2.379
3,2.216,35.666,3.072
2,-14.920,1.694,3.314
2,39.878,35.396,0.478
2,2.378,26.206,2.166
2,25.743,22.076,2.492
2,-6.491,-35.492,4.750
2,37.254,-46.072,-0.180
4,16.598,-29.933,3.125
2,26.012,-11.475,-0.059
4,17.076,-30.652,3.109
3,49.914,22.498,-1.457
4,22.895,-1.511,-0.727
2,-5.269,49.219,1.740
2,38.953,3.666,-1.631
2,44.255,-11.743,-2.463
2,-23.984,38.973,2.589
2,-43.841,-31.006,5.166
4,24.642,-27.128,0.860
2,-44.185,48.030,2.540
2,-30.164,-19.609,6.459
2,-5.323,-16.566,3.078
2,-27.676,20.145,1.620
2,-43.010,10.702,2.960
2,-0.584,34.226,2.916
2,47.837,20.854,-1.498
2,14.081,-10.705,-0.414
2,-1.522,43.107,1.697
2,-17.790,-33.881,5.216
3,26.969,-13.486,0.160
4,2.605,26.310,3.167
2,33.227,-37.605,-0.291
2,-20.391,10.954,2.072
2,24.157,-27.066,-0.009
4,30.188,-16.837,0.916
4,-42.501,-9.335,7.904
2,-28.407,-36.070,4.889
2,20.589,-34.128,1.508
2,25.000,36.865,1.514
4,-35.124,-4.518,5.675
2,1.833,36.736,2.918
4,-34.208,-12.253,7.234
2,0.535,21.960,2.449
2,-6.695,-15.100,3.157
2,-4.596,-26.799,3.713
2,-19.877,-35.872,5.133
2,43.870,-36.079,-1.527
2,42.013,-10.315,-2.454
2,4.497,8.550,0.803
2,-44.066,-18.190,6.890
2,-32.412,-48.706,4.014
3,41.108,21.566,0.014
2,36.406,-25.866,-1.502
1,29.554,-49.352,2.057
2,31.433,-47.833,1.597
2,48.956,-21.932,-2.432
2,10.955,-30.967,2.903
2,-49.761,40.283,2.577
2,18.507,-6.893,-1.076
4,23.184,-0.948,-0.682
2,-41.767,42.895,2.263
2,-31.417,18.525,1.217
4,-33.500,-40.430,4.541
2,22.164,-0.304,-1.570
2,5.731,26.869,1.564
2,-21.880,25.336,2.478
2,-49.928,-6.778,6.798
4,-16.840,6.870,2.948
4,-43.147,-10.332,7.881
2,-36.262,1.502,4.638
2,-22.440,-37.347,4.828
2,-36.192,-4.344,4.916
2,46.201,-36.479,-1.521
2,37.484,22.881,1.130
2,19.557,-48.264,4.385
2,-44.079,10.084,3.150
2,-26.595,-39.545,4.199
2,13.332,1.011,-0.256
4,24.212,-0.562,-1.207
2,44.821,48.714,0.586
2,27.994,-8.583,-0.762
2,-32.335,36.514,2.292
2,20.592,23.277,2.072
2,33.595,26.013,1.882
2,-29.548,-26.288,5.842
2,45.011,34.545,0.477
2,-27.035,1.804,1.841
4,25.062,-26.530,0.711
2,-7.570,-19.338,3.818
2,1.116,-49.395,5.708
2,-39.995,-26.058,5.721
2,-31.284,23.283,1.602
3,2.698,26.078,2.737
4,20.756,-18.879,0.893
2,-5.897,42.831,2.122
2,46.729,0.610,-3.085
2,25.732,-20.721,0.520
2,2.502,36.531,2.570
2,35.796,-33.538,-0.943
2,18.440,49.283,2.330
2,14.919,37.172,2.689
2,-5.070,35.474,3.164
2,33.070,-2.976,-1.438
2,46.099,-27.232,-1.672
2,-10.038,27.767,3.204
2,2.684,-47.002,5.987
3,-34.407,-12.207,6.741
2,-1.060,-11.941,2.119
4,-43.175,-11.034,7.618
4,-42.847,-10.731,7.737
2,-14.228,27.781,2.932
2,-42.012,47.652,2.614
4,25.358,13.172,1.598
2,25.993,28.059,1.982
2,-30.706,18.577,1.375
2,-10.541,11.082,1.295
2,-12.929,18.863,2.188
2,8.381,-34.131,4.206
2,1.567,-6.628,1.080
2,-47.914,33.654,2.520
2,9.842,38.906,2.276
3,27.621,-12.089,-0.168
2,-33.779,4.963,3.102
2,-42.609,20.937,2.019
2,-48.095,8.133,3.851
2,24.466,37.738,1.831
2,-10.943,-13.604,3.013
2,-45.507,-49.977,2.112
2,7.158,-25.267,1.569
2,9.847,-41.195,4.494
2,-38.186,46.200,2.481
2,10.121,49.956,1.009
4,24.776,36.951,2.328
2,-3.176,-45.862,5.840
2,16.529,-36.945,2.917
2,-4.278,19.361,2.231
2,-45.128,-16.572,6.868
2,27.204,-10.843,-0.582
2,-46.382,19.620,2.130
2,33.834,36.039,0.879
2,-24.203,2.880,1.984
2,-5.737,35.659,3.108
3,-4.622,-15.932,3.291
3,-4.170,-16.066,3.290
4,22.455,-0.833,-0.741
2,-25.310,-23.766,6.397
4,-25.373,-35.746,5.985
3,-14.635,2.595,3.348
2,-2.561,22.928,2.764
3,40.819,22.758,-0.001
2,44.945,18.333,-1.750
4,2.978,36.189,3.238
2,10.203,8.856,0.614
3,40.818,22.762,-0.095
2,-6.235,46.325,1.796
2,-49.776,-43.696,1.570
2,11.658,45.921,2.089
4,28.478,-18.047,1.362
4,-33.632,-12.193,7.463
2,31.259,-17.481,-0.242
4,2.356,26.661,3.161
2,3.232,-18.065,1.728
2,37.196,45.244,0.579
2,46.552,37.825,0.676
2,-33.107,33.809,2.159
2,-49.916,27.981,1.942
2,-12.677,-6.478,2.415
4,10.405,-41.426,4.971
4,-10.046,-15.001,3.933
3,40.904,21.609,-0.024
3,2.473,35.371,3.121
2,48.781,-2.449,-3.364
2,-34.526,-34.817,4.357
2,1.683,-9.800,1.225
2,27.967,21.042,2.382
2,-10.105,33.577,2.987
4,3.432,26.392,3.172
2,36.814,-28.949,-1.222
2,-41.818,13.061,1.939
2,1.207,-22.172,2.461
2,22.343,47.578,1.925
2,-3.247,44.378,1.725
2,-34.334,-39.864,3.721
2,38.508,-34.997,-1.174
2,43.192,31.426,0.515
3,24.663,-26.600,0.183
2,-22.505,40.945,2.889
4,-35.576,-2.146,5.476
2,24.575,-27.105,-0.048
4,18.095,-23.732,1.399
2,-34.660,-29.576,5.282
2,11.107,15.277,0.549
2,-40.166,-32.176,4.828
3,-10.188,32.689,3.380
2,-3.870,29.322,3.581
2,2.595,36.444,2.899
2,-46.756,25.676,2.111
2,-11.115,-36.183,5.259
2,23.013,-1.137,-1.211
2,12.715,1.046,-0.293
2,31.573,-35.105,-0.096
2,42.557,35.960,0.508
2,-26.886,29.230,2.127
2,-10.160,-1.609,2.963
2,39.264,2.220,-1.573
2,-30.125,23.017,1.409
2,24.357,37.397,1.869
2,38.577,45.460,0.785
2,-5.776,-9.423,2.480
3,25.252,-26.323,-0.049
2,-27.052,1.798,1.840
3,-33.976,-11.549,7.062
4,-42.411,-11.517,7.870
2,43.129,-4.844,-2.120
4,16.732,-22.742,1.744
2,-21.465,-42.794,4.372
2,20.913,29.907,2.201
2,-34.839,-3.611,4.856
2,-35.300,-7.933,5.781
2,-6.385,-6.327,2.170
2,18.870,14.055,0.814
2,-11.567,-21.378,4.649
2,-13.859,6.035,2.553
2,-10.966,23.642,3.071
2,-42.965,-43.864,3.008
2,27.975,-9.049,-0.744
2,-37.278,-35.534,4.197
4,-33.490,-11.481,7.290
2,-11.017,-16.271,3.737
2,-21.894,29.809,2.741
2,28.167,-21.430,0.314
2,-14.886,2.118,3.477
4,11.702,-38.329,6.338
2,40.658,40.547,0.438
2,-20.708,11.705,2.044
2,19.436,-15.441,-0.275
2,5.428,21.386,1.275
2,9.116,46.394,1.577
2,-4.912,0.915,3.226
4,-34.193,-12.093,7.544
3,28.265,-10.236,-0.467
4,28.600,17.000,2.750
2,40.436,18.602,-0.239
2,38.746,-3.206,-2.321
2,-11.714,-43.538,6.186
2,-36.814,11.294,1.999
2,-46.467,1.669,5.616
2,34.295,-6.902,-2.159
2,-4.044,28.964,3.491
4,2.619,26.135,3.092
2,-2.249,17.232,1.805
2,36.273,-16.225,-1.161
2,-23.348,-19.515,5.464
2,-14.438,2.881,3.408
2,-46.184,-21.828,6.326
2,-14.530,1.838,3.434
2,-44.905,-49.622,2.301
2,-5.094,39.264,2.744
2,3.809,-45.744,5.770
2,-32.821,17.199,1.299
2,-27.052,-16.038,5.877
2,28.287,-1.395,-1.477
4,-5.767,40.115,3.430
3,-4.522,39.884,3.382
2,38.421,32.956,1.037
2,-43.169,18.235,1.937
2,-8.067,37.781,3.025
2,43.189,36.975,0.373
2,26.806,-13.449,-0.254
2,14.279,17.723,0.556
2,17.497,-21.823,0.492
2,-39.148,-18.049,6.780
2,45.216,0.869,-2.661
2,17.304,36.279,2.735
2,5.948,-46.065,5.203
2,-4.731,12.413,1.273
3,-42.961,26.236,2.468
3,27.485,-17.717,0.607
2,-43.199,25.288,2.230
2,-9.736,33.419,3.136
2,-11.555,25.718,3.046
2,-11.235,-34.003,4.902
2,44.571,26.071,-0.534
2,-8.919,6.977,2.007
2,-33.212,-30.853,5.049
2,23.303,17.993,1.676
2,49.434,-23.142,-2.527
2,-33.803,-18.066,6.724
1,30.611,27.311,2.233
2,25.810,30.319,1.771
4,-34.787,-2.913,5.861
2,40.447,43.433,0.870
2,-13.862,1.684,3.191
2,-16.276,47.353,3.131
2,-12.937,-26.361,5.050
2,34.317,12.152,-0.240
2,16.419,13.286,0.477
2,42.190,-40.390,-1.294
2,-41.700,-42.355,3.007
2,43.390,40.681,0.658
4,2.409,26.177,3.250
2,37.657,4.957,-1.196
2,-12.271,3.104,3.302
4,-35.439,-2.405,5.988
2,-36.304,22.660,0.820
2,43.208,-39.609,-1.600
2,-46.078,-9.862,6.803
4,3.360,37.730,2.977
4,-43.634,-11.072,7.724
2,-4.216,-48.473,5.987
2,-37.180,42.196,1.871
2,-15.268,11.333,1.816
1,37.402,-29.005,-1.185
2,45.405,1.381,-2.805
2,-25.566,23.551,1.830
2,-24.404,-8.845,4.421
2,-43.190,-0.040,6.110
2,-35.773,46.521,2.333
2,17.411,25.952,1.405
2,-49.450,16.010,2.515
2,-25.019,-35.853,4.890
2,-49.146,-8.045,6.841
2,-27.450,32.366,2.458
2,-17.270,18.118,2.096
2,-23.230,3.201,1.971
2,-18.503,-45.744,5.255
2,24.001,36.424,1.604
2,-3.911,35.438,3.154
3,-42.663,17.554,2.389
2,41.945,45.794,0.699
2,2.804,-23.263,2.162
2,-3.894,30.724,3.402
2,14.019,11.875,0.596
2,4.337,25.733,1.822
2,-4.103,-37.544,5.143
2,-41.520,-36.759,3.609
2,-2.973,21.034,2.559
2,-6.782,32.947,2.891
2,-16.603,-3.390,3.619
2,-39.407,-21.169,6.193
4,16.439,-20.090,1.231
2,27.763,-17.432,0.092
2,-33.379,13.546,1.275
2,26.288,22.191,2.595
2,44.984,-1.605,-2.319
2,3.158,48.804,0.393
4,-3.955,36.574,4.254
3,3.077,25.748,2.320
3,23.120,-49.950,4.530
2,25.875,-32.545,0.205
2,-36.344,-19.253,6.462
2,21.604,26.522,2.413
4,3.525,36.163,3.329
2,-32.965,-12.628,6.661
2,16.356,-29.128,1.520
2,-11.514,39.596,3.082
2,49.083,36.848,1.346
2,28.114,-2.335,-1.370
2,18.364,29.752,1.615
2,-43.251,18.470,1.848
2,-7.059,-35.316,4.788
2,19.760,21.336,1.873
7,-43.043,117.755,-89.457
4,-36.035,-3.901,5.723
2,-8.286,5.303,2.509
2,-16.027,42.971,3.453
2,-24.905,2.595,1.871
2,4.239,-8.693,0.616
2,-48.039,15.467,2.559
3,-24.520,39.344,2.976
2,27.221,1.745,-1.394
4,-4.842,39.415,3.288
2,25.222,47.776,1.854
2,-14.103,10.051,1.875
2,-24.366,15.424,2.035
2,-38.883,-0.195,5.698
2,-11.591,-45.493,5.952
2,-41.381,-47.278,2.752
3,11.678,21.117,0.937
2,-16.719,-20.848,5.196
2,-4.306,30.512,3.617
2,40.448,23.004,0.023
2,20.575,45.024,1.662
2,16.446,41.237,2.368
2,4.198,24.911,1.852
2,-30.324,-30.873,5.004
2,22.315,39.252,1.922
2,1.681,39.147,2.295
4,-4.446,36.475,4.058
2,-35.902,-11.182,6.453
2,20.912,41.744,2.221
2,7.323,-1.125,0.781
2,46.451,-4.525,-2.663
4,39.381,-0.773,-1.285
2,-46.145,-18.364,6.876
3,26.771,-12.082,0.160
2,-37.614,-32.565,4.731
2,4.016,40.292,1.838
2,15.820,19.961,0.841
4,-3.581,-16.726,3.368
2,46.244,-47.434,-0.118
3,28.131,-8.571,-0.434
2,-22.505,39.739,3.030
2,-33.616,-40.170,4.225
2,41.605,6.810,-2.033
2,45.199,-46.408,-0.134
2,-25.801,22.968,1.690
2,26.763,-24.788,-0.145
2,-5.046,37.117,3.123
2,-47.575,3.701,5.061
2,9.329,-48.145,5.195
2,-7.268,-21.850,4.099
2,-10.348,33.033,2.990
2,-14.808,-6.285,3.394
2,30.777,6.448,-0.231
2,-25.374,41.399,2.674
3,-15.339,-21.152,5.982
2,-35.902,30.329,1.699
4,-34.903,-2.820,5.635
2,6.307,46.694,1.035
3,-42.698,19.599,2.329
2,48.783,8.742,-3.004
3,40.758,1.488,-1.408
2,-14.723,1.290,3.303
2,-32.124,10.577,1.613
3,28.854,-9.375,-0.559
2,-41.718,-18.428,6.858
2,-26.289,-32.936,5.390
2,-49.052,-48.083,1.430
2,-2.487,-4.532,1.888
2,10.409,-30.456,2.668
2,-45.645,35.523,2.109
2,12.737,30.495,2.352
2,23.792,-26.519,0.032
2,13.049,-46.894,4.607
2,-45.025,29.982,2.297
2,-24.954,-34.339,5.125
2,-35.686,-17.778,6.680
2,45.302,-7.169,-2.163
3,-33.674,-5.697,5.236
4,11.843,-42.084,5.716
4,2.675,35.727,3.255
2,28.919,9.432,0.031
2,-43.308,-11.200,6.722
2,34.069,49.011,0.326
2,33.181,-9.031,-1.957
4,-43.025,24.712,2.900
4,-11.409,-41.067,6.932
2,-42.990,-23.521,6.294
3,-4.564,-14.580,3.061
2,1.139,-42.036,5.254
2,-37.778,-11.595,6.734
2,-23.766,-37.883,4.654
2,25.950,-2.926,-1.348
2,2.649,-6.796,0.918
4,-15.301,-21.251,5.992
4,27.575,-17.877,1.336
2,-18.768,-3.942,3.625
4,-43.696,-10.705,7.762
3,25.350,36.922,1.963
3,23.418,-26.289,0.197
2,24.355,44.757,1.638
2,-27.962,-11.885,5.800
2,48.481,13.870,-2.531
2,30.156,27.696,2.231
2,-43.158,-10.306,6.887
2,-4.526,-37.107,5.059
2,34.394,44.332,0.530
2,-26.491,-5.211,4.012
2,47.297,-8.676,-2.593
2,2.535,-34.868,3.698
4,22.454,-0.566,-0.600
3,-14.660,4.463,2.945
2,10.690,-33.642,3.701
2,-36.393,-3.396,4.941
3,24.011,-26.927,0.349
4,-18.504,30.946,5.019
2,-11.155,33.305,3.259
2,26.540,48.048,1.446
2,37.482,37.217,-0.080
4,2.352,26.667,3.102
3,-9.880,33.399,3.287
3,-5.217,-14.753,3.273
4,-5.700,36.382,3.955
2,-43.504,-49.802,2.417
2,34.630,-39.974,-0.545
2,10.817,-28.598,1.971
2,37.598,-1.413,-2.076
2,1.567,-42.726,5.268
2,-39.340,-6.219,5.797
4,27.958,-12.160,0.379
2,7.467,-8.062,0.534
4,26.644,-12.849,0.386
2,-43.256,-22.817,6.427
2,-49.728,-3.132,6.416
2,-17.306,-35.970,5.035
3,-16.997,4.773,3.001
2,-38.069,-42.626,3.260
2,-10.560,33.670,3.143
4,2.899,26.449,2.793
2,-7.849,8.538,1.648
2,-5.289,-40.845,5.860
2,20.626,16.749,1.477
2,38.856,36.157,0.278
2,-5.136,39.842,3.200
2,6.398,-3.828,1.141
4,27.219,16.371,2.436
4,27.187,-13.868,0.659
2,-4.329,2.098,3.001
3,2.068,36.457,3.199
4,23.677,-27.106,0.692
2,37.602,36.287,0.257
4,-42.258,-9.413,7.672
2,41.270,19.402,-0.470
2,-38.908,-21.533,6.205
2,35.714,-14.480,-1.728
4,-11.190,-16.137,4.313
2,-15.371,0.780,3.484
2,-2.074,-38.600,4.802
2,-26.342,2.948,1.841
2,-11.451,31.164,3.418
2,19.527,28.524,1.854
2,-13.249,14.550,1.434
3,23.831,-27.137,0.050
2,31.480,10.105,0.128
2,19.462,-30.795,1.556
4,18.843,-17.996,1.148
2,7.221,24.314,1.038
2,44.593,-34.599,-1.525
2,10.368,1.106,-0.027
2,13.850,-19.257,0.758
2,-25.365,-11.850,5.661
3,27.756,-8.330,-0.494
2,38.407,-47.413,-0.054
2,5.305,4.736,0.784
2,28.320,6.949,0.072
2,18.932,1.203,-0.807
4,-42.891,-10.546,7.551
2,49.788,11.351,-2.888
2,-49.922,30.535,2.498
2,-23.059,39.274,3.103
2,7.301,-47.444,5.217
2,-26.727,10.074,2.065
2,35.530,-49.135,0.481
4,42.584,21.471,-0.300
4,-35.118,-11.976,7.153
2,34.294,6.857,-0.404
3,29.072,-9.239,-0.665
4,-33.129,-39.605,4.852
2,29.571,16.987,1.441
2,-47.248,43.266,2.366
2,-29.316,16.076,1.554
2,34.067,2.810,-1.207
2,-42.012,31.977,2.119
2,21.391,-32.779,1.188
2,31.872,-5.836,-1.735
2,-23.922,-11.405,5.066
2,-11.456,43.305,3.414
2,-47.967,-41.030,2.603
7,-8.495,20.835,-7.153
4,27.712,-13.803,0.429
2,-49.233,-46.532,1.555
2,-14.529,-40.793,5.278
2,-35.111,26.441,1.422
2,-16.565,1.277,3.579
2,21.545,-26.772,0.676
2,35.234,-43.971,-0.378
2,8.950,-23.663,1.371
2,39.551,-30.298,-1.269
2,41.015,-47.161,0.182
2,44.588,-43.099,-1.143
4,39.034,-0.564,-1.481
2,-45.315,-46.534,2.248
2,42.506,1.001,-4.003
2,24.850,-25.950,-0.052
2,20.547,34.363,1.914
2,-46.068,49.753,2.016
2,-42.569,9.602,2.855
2,3.621,-48.653,5.666
2,43.182,-38.602,-1.642
3,28.678,-9.496,-0.570
2,-43.831,-3.700,6.481
2,-35.869,-47.113,3.387
2,3.069,-34.574,3.499
2,-48.634,46.917,2.180
2,-11.419,-8.048,2.343
2,-14.597,0.638,3.431
2,33.631,-19.659,-0.629
2,-5.866,2.157,3.314
3,-16.546,7.295,2.796
2,6.433,48.888,0.862
2,-5.154,-46.901,5.979
2,4.299,-47.009,5.679
2,23.308,35.395,1.556
2,1.056,37.490,2.738
2,2.416,12.623,0.878
2,39.617,15.591,-0.655
2,22.056,25.128,2.629
3,-10.067,33.443,3.300
4,24.498,-26.964,0.669
2,9.846,-42.351,4.287
2,-15.648,-0.049,3.303
2,-37.737,4.773,3.988
2,-6.606,-34.336,4.390
4,23.908,-27.337,0.780
2,-24.613,-6.810,3.845
4,32.805,11.738,1.391
2,-4.016,39.568,2.834
2,-14.946,-49.964,6.333
2,30.070,-32.419,-0.109
3,23.733,0.322,-1.387
2,18.409,-16.662,-0.030
2,-8.137,-44.789,6.227
2,-23.294,39.486,2.915
2,-41.365,-41.397,3.059
2,-38.798,9.461,2.862
2,40.616,5.502,-2.092
2,2.949,14.776,1.208
4,16.907,-29.819,3.140
2,-2.895,-16.266,2.476
2,35.700,28.514,1.515
2,0.369,11.957,1.083
4,-12.829,-15.503,4.418
2,-14.385,-13.825,3.407
2,-28.690,25.481,2.119
2,-5.419,28.995,3.624
2,-31.375,45.423,2.653
2,2.291,26.326,2.219
2,8.934,-2.096,0.497
2,-4.571,43.450,1.846
2,35.473,31.524,1.518
2,-22.870,3.337,2.025
2,-18.408,-32.353,5.358
2,26.073,-45.656,2.833
7,11.699,21.041,-75.497
3,-4.712,-15.535,3.314
2,-17.801,-10.590,4.126
2,26.586,-5.723,-0.710
2,-2.651,0.668,2.866
4,-23.673,38.866,3.267
2,33.994,40.663,0.745
3,-24.299,41.348,2.899
2,31.455,33.890,1.533
2,-39.455,-20.633,6.242
2,-44.386,-18.800,6.854
4,-5.569,36.253,4.422
2,-14.938,1.751,3.319
2,1.373,-28.418,2.763
2,-0.943,-9.385,2.069
2,-15.011,-40.344,5.182
2,-35.966,-16.494,6.707
2,-1.170,17.417,1.889
2,13.472,49.108,1.446
2,18.768,29.387,1.701
2,-34.239,40.977,2.050
2,17.958,31.759,1.827
4,-34.302,-4.030,5.709
2,-19.643,-16.824,5.166
2,-17.274,14.949,1.613
2,-1.204,41.406,2.235
2,45.776,-34.729,-1.404
7,1.457,98.525,-1.388
3,28.155,-10.112,-0.489
2,32.373,34.329,1.264
2,24.047,-27.146,-0.025
2,21.202,19.071,1.654
2,44.956,39.471,0.538
2,-14.311,1.469,3.541
2,-41.830,-33.424,4.296
2,-43.943,-37.018,3.361
2,41.634,-2.642,-2.204
2,-36.704,6.854,3.018
2,-35.596,-4.757,5.537
2,-15.891,-44.163,5.147
2,-10.285,32.501,3.191
2,-47.322,7.895,3.999
2,4.212,12.695,0.661
2,-24.141,-5.954,3.824
2,36.769,8.623,-0.660
2,-5.142,30.854,3.551
2,27.157,-42.618,1.636
3,-10.616,32.941,3.440
2,-5.697,46.226,1.679
2,-43.919,10.053,2.970
2,-19.447,-13.815,4.599
2,38.346,46.244,0.696
2,2.896,19.849,1.952
2,-20.094,26.545,3.039
2,44.525,-0.726,-2.174
2,-8.929,23.632,3.258
2,24.410,20.616,2.135
2,13.807,-24.465,0.924
2,43.426,32.873,0.383
2,5.870,-32.725,3.590
3,-42.004,18.885,2.444
2,37.000,26.528,1.467
2,1.203,-43.227,5.457
2,-23.355,39.182,3.028
3,-33.524,-11.230,6.945
2,31.700,40.506,0.387
4,24.919,-25.826,0.709
2,26.085,6.159,0.089
2,-31.298,-29.328,5.141
2,-45.300,26.603,2.386
2,12.321,-39.657,4.249
2,-38.545,-9.536,6.195
2,-2.382,2.015,2.629
2,-14.485,24.744,2.971
2,27.283,-14.434,-0.374
2,-40.319,-14.876,6.776
4,-33.554,-12.450,7.374
2,17.225,3.783,-0.115
4,12.901,-38.655,5.848
2,-24.881,-12.995,5.729
2,30.996,-44.022,0.882
2,2.634,20.774,2.078
2,-37.449,-16.395,6.725
2,-16.644,-49.255,6.217
2,-42.405,-10.212,6.735
3,29.444,-10.755,-0.601
2,-4.721,32.884,3.133
2,-41.288,41.958,2.167
2,27.697,-45.049,2.015
4,27.861,-12.265,0.774
3,-16.874,5.779,2.963
2,17.884,39.991,2.527
2,21.492,-44.791,3.205
2,-33.343,6.810,2.425
2,13.662,-47.106,4.602
2,5.487,23.572,1.254
2,-40.878,-13.870,6.793
2,10.014,10.573,0.686
3,24.115,36.102,1.852
2,22.632,-26.198,0.330
2,-16.142,-20.740,5.456
4,-4.517,39.187,3.465
4,-34.150,-11.344,7.380
2,22.845,13.092,1.138
2,3.222,-4.073,1.240
2,-7.835,-24.980,4.246
2,-26.877,13.975,2.103
2,29.252,-31.430,-0.078
2,-36.543,41.311,1.885
2,38.809,-9.752,-2.398
2,7.563,-28.831,2.262
2,-26.637,2.636,2.049
3,-41.847,18.681,2.221
2,-23.109,-36.746,4.770
2,37.107,40.517,0.475
2,-1.375,-24.543,2.647
2,48.679,-15.335,-2.337
2,-6.596,45.898,1.886
2,-9.538,-5.615,2.329
2,-42.074,-43.773,2.995
4,2.663,26.654,3.193
2,-35.498,19.575,0.997
2,5.491,-22.356,1.683
4,24.378,-1.155,-0.768
2,5.872,15.182,0.741
2,-7.174,-6.701,2.272
2,-0.341,-47.308,6.018
3,1.794,-10.822,1.696
2,-11.560,42.712,3.304
2,10.045,-43.265,4.401
2,10.636,20.033,0.846
2,43.675,14.495,-1.598
4,-33.923,-10.875,7.389
4,24.982,36.916,2.124
4,4.091,36.545,3.321
2,45.811,-18.522,-2.469
2,-29.489,27.594,1.911
3,-16.405,5.425,2.911
2,-27.107,25.731,1.884
3,38.625,-0.073,-1.548
2,-41.460,17.152,1.875
2,-41.890,20.677,1.996
2,-3.457,29.410,3.537
4,26.982,-13.415,0.592
2,-36.268,29.552,1.661
2,4.646,9.288,0.675
2,-20.598,27.673,2.860
2,-1.134,9.596,1.428
2,-3.299,-17.550,2.761
2,-27.568,13.977,1.987
4,1.755,-8.126,2.074
3,24.914,-25.967,-0.022
4,3.361,36.832,3.362
2,30.614,-41.352,0.290
2,11.102,-23.862,0.882
2,-48.648,-19.619,6.971
2,29.462,-10.869,-1.041
2,37.600,11.673,-0.623
2,-35.104,49.357,2.799
4,-43.497,23.984,2.893
2,-29.319,49.134,3.098
2,-38.151,9.704,2.608
4,26.101,15.388,1.643
2,-49.750,-8.807,6.798
2,36.078,-37.462,-0.647
2,27.367,-4.443,-1.030
2,-4.722,-6.764,2.211
2,11.217,-29.407,2.235
2,-9.575,21.834,2.881
2,-20.027,27.982,3.055
2,-12.816,-18.374,4.583
2,19.658,-14.767,-0.382
2,11.617,37.622,2.738
2,-17.732,34.178,2.884
3,-42.705,18.023,2.408
2,49.339,49.653,0.905
4,17.366,-20.863,1.387
2,-6.096,-16.095,3.314
2,-22.430,-9.678,4.748
2,31.537,25.773,2.314
2,-28.377,-23.077,6.057
2,-10.443,-49.987,6.607
2,-35.390,0.069,4.675
2,46.500,33.232,0.602
2,2.678,42.416,1.528
3,23.841,-27.004,0.323
2,-25.147,26.100,2.070
7,-28.026,49.376,-9.584
2,-40.240,18.838,1.796
2,40.510,-4.035,-2.193
3,22.784,0.099,-0.696
2,-4.948,31.129,3.378
2,2.635,2.604,1.652
2,-44.664,-31.905,5.081
3,-10.110,32.874,3.369
2,-14.420,20.704,2.461
3,3.258,36.730,2.996
2,-33.740,0.632,4.176
2,31.206,-28.768,-0.398
2,-4.242,8.570,1.703
2,22.390,-17.635,0.399
2,-45.289,9.324,3.483
3,-42.334,19.969,2.410
4,3.018,-8.527,2.023
2,-10.089,33.350,3.212
2,24.280,-26.487,0.177
2,-39.575,5.255,4.256
2,13.461,0.475,-0.336
4,19.300,-21.088,1.726
3,-15.531,4.173,2.958
4,-43.865,25.402,2.836
2,-15.879,5.261,2.845
2,5.512,8.523,0.580
2,-41.087,-37.109,3.418
2,8.688,15.083,0.547
2,-18.338,34.483,2.872
2,-16.410,3.884,2.882
2,23.553,-7.105,-0.676
2,34.754,13.167,-0.230
2,-34.161,13.362,1.376
2,-46.694,42.470,2.389
4,-33.787,-39.658,4.561
2,35.352,-1.687,-1.713
2,20.910,-27.103,0.763
2,-4.429,29.602,3.381
2,45.906,-49.916,0.460
2,-48.352,20.047,2.053
2,-46.888,8.273,3.878
3,-43.830,25.469,2.702
4,-34.590,-40.552,4.601
2,19.495,0.583,-0.827
2,38.181,33.547,0.939
4,29.377,-10.102,-0.424
2,-7.129,-20.309,3.953
2,-16.694,-8.376,3.724
4,25.763,11.699,2.162
2,-33.898,25.862,1.374
4,27.866,-16.643,1.052
4,2.439,36.492,3.388
2,27.674,-0.221,-1.768
4,-34.016,-12.900,7.324
2,-35.322,48.075,2.505
2,-5.111,26.908,3.478
2,14.077,44.909,2.401
2,22.598,0.160,-0.680
2,5.315,20.300,1.306
2,-27.218,28.403,2.168
2,-43.657,46.831,2.653
2,-5.661,-25.943,3.897
4,2.196,37.007,3.417
2,-40.610,41.715,2.100
4,2.766,37.222,3.281
2,27.056,-11.514,-0.338
2,-18.721,44.889,3.151
2,11.919,-33.505,3.518
2,-45.903,45.629,2.551
4,-18.848,31.029,4.547
2,7.032,-15.372,1.223
2,-27.588,26.977,2.113
2,-12.082,23.665,2.870
2,0.593,-47.779,5.916
2,-5.123,31.254,3.517
2,-10.277,33.693,3.055
2,-27.195,-39.191,4.172
2,-42.199,17.903,1.830
3,-11.157,-14.608,3.581
2,-33.598,-39.581,3.922
3,23.495,0.606,-1.516
2,27.756,-9.096,-0.763
2,40.472,1.337,-1.737
2,-41.571,-14.240,6.808
2,-43.019,24.886,2.244
2,42.952,24.419,-0.519
2,1.037,-12.097,1.596
2,28.917,-0.995,-1.581
4,-10.970,-13.948,4.353
2,-5.919,36.699,3.188
4,-33.535,-11.959,7.107
2,-40.692,-30.759,5.057
2,24.835,24.659,3.004
4,42.788,21.324,-0.060
2,-9.040,-48.812,6.570
4,2.519,36.963,3.187
2,27.072,42.359,0.846
4,-43.550,24.527,3.090
3,41.138,21.726,0.081
2,-27.375,-11.516,5.658
2,-36.064,-2.399,4.876
3,26.851,-12.208,0.009
2,-4.941,-39.236,5.808
2,14.140,-27.049,1.255
2,49.846,-16.198,-2.258
2,22.430,-1.140,-1.284
3,2.834,37.256,3.133
2,-38.935,-43.451,2.960
3,39.368,0.789,-1.469
2,33.749,11.816,-0.100
3,26.959,-13.228,0.188
2,36.699,0.794,-1.908
2,12.160,29.159,1.892
2,-0.545,26.789,2.978
2,27.973,-24.735,-0.223
2,41.090,-48.026,0.428
4,2.883,26.190,3.059
2,-17.794,-37.126,4.944
3,27.987,-17.029,0.422
2,-15.454,0.657,3.320
2,45.586,45.545,0.802
2,31.085,36.841,1.195
2,37.051,6.143,-1.006
2,0.059,0.791,2.722
2,-9.756,11.702,1.050
2,-25.342,34.718,2.163
4,16.423,-31.057,2.997
2,24.285,-42.933,2.500
4,39.699,1.088,-1.260
2,-40.253,35.139,2.039
2,41.233,-33.504,-1.287
4,-23.870,38.725,3.048
2,-34.789,16.874,1.470
2,-25.488,27.066,2.121
2,26.641,-8.410,-0.573
2,-15.323,-45.211,5.544
2,6.449,5.784,0.661
2,23.461,-44.842,3.056
2,-1.293,-8.742,2.136
2,24.759,6.868,0.412
2,49.857,-24.995,-3.110
2,-4.481,-16.624,2.946
4,-32.513,-2.721,5.747
2,-17.089,-11.402,3.913
3,29.168,-10.311,-0.774
2,-11.850,-49.430,6.479
2,20.255,41.333,2.216
2,-22.914,-27.601,6.330
2,-16.559,39.843,2.934
2,3.714,-10.643,0.763
4,23.680,-0.772,-0.609
2,-4.187,29.226,3.505
2,7.970,-31.871,3.316
4,3.202,26.182,2.758
2,-39.644,18.378,1.606
2,18.274,31.266,1.716
2,5.219,1.258,1.038
2,-9.992,-21.061,4.403
2,-8.411,-8.126,2.293
2,23.807,-3.097,-1.251
2,41.765,33.305,0.570
2,-35.813,13.913,1.458
2,36.647,-43.166,-0.815
2,15.865,-3.886,-0.542
4,-33.698,-4.891,5.522
2,39.687,2.152,-1.933
4,2.924,25.969,3.288
2,1.152,25.621,2.814
2,10.959,48.273,1.427
2,5.965,24.606,1.050
2,-17.679,-22.984,5.752
2,4.084,-23.358,1.873
2,-20.912,-35.789,5.148
2,13.278,-4.288,-0.199
2,11.066,-35.091,4.037
2,-16.141,-12.115,3.650
2,37.766,-44.117,-0.965
2,12.692,-24.221,0.648
2,-27.067,-47.394,4.100
2,10.211,-0.272,0.190
4,20.663,-18.531,0.960
2,-30.199,9.200,1.716
2,16.623,23.889,1.237
2,3.378,34.299,2.785
2,-34.290,-12.589,6.498
2,41.305,-22.018,-1.546
3,-42.101,17.986,2.417
2,-26.032,13.559,2.125
2,2.561,-45.107,5.835
3,-32.835,-11.818,6.846
2,-18.097,41.658,3.098
4,23.501,-0.328,-0.677
2,-13.258,-37.123,5.203
2,-14.162,0.879,3.397
2,-37.639,1.071,5.276
2,-25.341,-42.305,4.220
2,-23.043,39.137,2.570
2,-5.960,1.046,3.367
2,-1.637,29.353,2.881
2,24.528,36.529,1.518
4,20.766,-23.369,1.437
2,-37.961,-40.801,3.494
2,-13.831,-20.702,4.975
2,29.184,-3.202,-1.317
2,37.733,37.738,-0.011
2,-32.372,-40.091,3.830
2,26.116,-35.825,0.738
2,-35.881,-4.583,4.959
2,-10.276,23.404,3.093
2,5.975,36.804,2.204
2,32.537,-31.194,-0.417
2,-14.290,-24.600,5.694
2,14.486,14.210,0.400
2,25.947,35.357,1.402
2,-39.324,11.303,2.261
2,32.907,-9.778,-1.835
4,-42.820,-10.635,7.492
2,-33.119,-40.014,3.723
2,34.797,-10.486,-2.164
2,10.646,17.699,0.675
2,24.876,-20.532,0.546
2,-39.001,48.185,2.598
2,37.292,1.972,-1.600
2,-45.047,42.998,2.282
4,-25.825,-34.942,5.722
2,-22.962,8.454,1.826
2,-40.128,17.589,1.731
2,35.029,-46.616,0.363
3,40.702,22.488,-0.011
2,-42.309,-7.081,6.392
2,38.348,-7.435,-2.249
2,31.466,-8.007,-1.786
2,16.020,-20.442,0.775
2,12.193,27.215,1.485
4,-11.271,-13.816,4.348
2,10.142,43.594,2.290
2,36.149,9.936,-0.462
4,24.216,36.559,2.247
2,32.279,8.731,0.020
3,-3.223,3.667,2.958
2,-30.113,-32.533,5.073
2,-43.104,10.990,2.845
4,-43.293,-11.891,7.384
4,-4.871,40.364,3.409
2,44.376,24.161,-0.961
4,17.100,-30.948,2.960
2,22.971,-32.455,0.768
2,-24.528,38.604,2.660
2,25.506,-12.804,-0.241
3,-18.064,4.699,2.922
2,-39.005,-31.538,4.840
2,26.630,-1.060,-1.789
2,-40.692,43.426,2.005
2,2.988,37.506,2.643
2,-35.706,-3.753,5.474
2,-24.095,-7.012,3.974
2,-19.302,20.723,2.417
2,-38.598,-5.455,5.652
4,29.633,-10.344,-0.533
2,13.671,12.291,0.583
2,-3.380,30.238,3.620
2,11.241,-40.382,4.351
2,-35.971,-43.813,3.682
2,27.656,-9.314,-0.523
2,-43.164,-26.283,5.833
2,27.138,-2.753,-1.399
4,39.047,1.168,-1.324
2,21.016,-12.952,-0.493
2,16.749,-4.294,-0.660
2,-39.869,44.930,2.203
2,-10.811,22.680,2.845
4,41.964,-16.107,-2.278
2,-41.571,-0.332,6.067
2,37.334,-37.184,-0.852
2,-22.110,40.176,2.891
2,-6.267,-18.582,3.627
2,-47.069,-42.584,2.377
2,2.738,26.576,2.150
2,-24.002,19.951,1.985
2,-37.510,-10.945,6.629
2,23.821,-6.300,-0.671
2,-44.855,42.282,2.334
2,42.686,6.294,-2.453
4,-43.438,-10.372,7.999
3,-15.102,4.782,2.977
2,38.784,33.578,0.902
2,29.247,9.335,0.131
2,-29.602,-39.750,4.058
2,-4.313,29.488,3.581
2,22.506,-16.362,0.370
2,11.556,34.541,2.458
2,-19.230,44.056,3.237
2,-22.979,26.046,2.316
2,-47.775,12.935,2.997
2,-43.458,9.414,3.164
2,23.328,30.380,2.018
2,28.178,-8.764,-0.623
2,30.383,46.618,0.617
2,-46.281,15.657,2.442
4,25.258,36.408,2.097
2,-26.322,45.959,3.063
4,-17.955,4.574,3.062
2,-37.540,-39.777,3.608
2,-5.291,31.371,3.480
2,48.836,19.371,-1.874
3,6.208,-37.728,4.670
2,27.257,24.249,2.838
2,20.492,-46.822,3.850
2,-2.939,-6.384,2.177
7,-12.997,59.219,-1.106
2,-38.447,-10.106,6.334
2,-40.949,24.623,1.388
2,21.848,34.278,1.698
2,-21.504,38.395,2.561
2,-8.908,0.105,3.104
3,27.682,-16.535,0.167
2,11.167,-13.324,0.342
4,-18.213,30.262,4.156
3,-10.193,33.486,3.475
3,-16.469,-20.590,5.795
2,47.475,10.396,-2.647
2,32.021,-35.715,-0.054
2,-24.925,19.013,2.024
2,44.686,41.176,0.618
2,-1.390,14.997,1.565
2,-33.981,-4.356,5.095
2,47.933,-11.398,-2.301
2,-9.994,-30.811,4.203
2,26.630,-12.003,-0.249
2,44.888,-5.436,-2.223
2,33.011,-17.085,-0.681
2,-22.849,-17.008,5.352
2,-29.377,-40.252,4.036
7,73.526,31.605,-0.925
4,17.283,-20.367,1.407
7,-81.920,24.430,3.573
2,17.406,-39.455,2.950
2,26.084,-7.649,-0.385
4,26.052,-16.384,1.567
2,-14.555,1.325,3.331
2,-31.543,-13.874,6.426
4,-42.019,-10.476,7.902
3,-4.078,39.346,3.348
2,-36.372,9.967,2.291
2,29.962,5.467,-0.359
2,36.533,-0.034,-2.025
2,-24.524,-43.169,4.221
2,24.794,-26.729,-0.044
2,36.635,-41.787,-0.772
2,4.837,41.679,1.875
2,-47.652,21.259,1.898
2,29.365,-33.160,-0.046
2,-14.363,-38.407,5.172
2,9.560,40.274,2.063
2,24.284,-12.101,0.187
2,29.395,8.052,0.007
4,39.673,0.798,-1.249
2,-0.708,-4.875,1.542
2,-37.169,21.620,0.814
4,28.229,-17.426,1.358
3,-22.681,40.215,3.039
2,31.035,-8.624,-1.598
3,2.425,36.331,3.233
2,-40.623,-47.720,2.670
2,-16.441,46.807,3.115
2,-11.879,-28.745,4.449
4,-41.632,18.255,2.393
3,-5.304,-14.750,3.191
2,-26.980,1.642,1.839
4,28.244,-18.210,1.214
2,4.378,18.317,1.636
2,-47.899,-41.757,2.412
2,16.587,37.371,2.746
2,35.804,-32.059,-1.036
2,29.234,44.497,0.438
2,-32.054,8.151,1.882
2,-5.873,-1.802,2.809
2,-13.735,-30.175,4.754
2,-2.056,4.931,2.264
2,-5.366,39.663,2.826
2,19.485,-21.780,0.229
2,-23.003,39.558,2.779
2,41.998,2.497,-2.048
4,-5.077,40.841,3.443
4,3.412,36.888,3.606
2,-23.475,-17.058,5.427
2,2.107,-2.182,1.797
2,24.537,16.788,1.381
2,0.905,-45.547,5.961
4,23.835,0.333,-0.940
2,-18.995,-17.436,5.158
3,-4.112,-16.140,3.039
2,25.529,12.388,0.906
2,-24.337,6.110,1.612
2,15.078,14.633,0.472
2,-22.989,-37.330,4.717
3,-42.206,-10.252,7.206
4,-4.825,37.420,3.801
2,-27.138,37.136,2.178
2,-12.422,22.537,2.681
4,24.801,36.373,2.142
2,-18.562,-42.168,4.767
2,15.608,-30.550,2.154
4,13.738,-40.312,5.381
4,17.649,-30.330,3.079
2,-8.437,-15.694,3.411
2,11.738,-39.872,4.320
2,-27.955,27.294,1.977
2,-14.522,-29.560,4.871
2,48.043,-18.164,-2.519
2,15.191,-37.165,3.383
2,10.887,-38.153,4.456
2,-35.895,-2.474,5.239
2,9.120,7.815,0.572
2,-46.702,15.311,2.510
2,16.244,9.144,0.495
2,-23.935,25.081,2.246
2,-33.497,-41.687,3.852
2,-19.197,38.732,2.857
2,-18.960,41.047,2.996
2,0.192,5.743,1.539
2,6.219,-29.797,2.668
2,-32.073,-31.366,4.762
3,-49.882,-48.583,1.441
2,-12.439,2.562,3.413
2,-15.933,18.769,2.133
2,-20.711,-12.727,4.780
2,-40.296,33.789,1.992
2,19.721,-9.446,-1.029
2,-35.773,-44.370,3.606
4,-42.939,17.839,2.558
2,-16.058,-34.939,4.896
2,3.247,-26.880,2.388
4,2.459,-10.761,2.480
2,-18.570,-30.447,5.545
2,-27.954,37.432,2.158
2,-14.207,-45.052,5.704
3,-35.663,-3.600,5.649
2,-6.588,-46.997,6.222
2,6.748,28.081,1.654
2,-5.002,-13.239,2.997
2,14.180,-23.547,0.951
2,-1.087,-32.696,3.695
2,14.440,31.504,2.339
2,30.575,-49.094,1.785
2,23.299,13.915,1.289
2,27.072,-19.190,0.536
2,-36.669,-41.686,3.637
2,48.952,33.600,0.698
2,32.708,28.557,1.872
2,48.937,20.733,-1.725
2,-9.402,4.293,2.881
2,48.956,40.307,0.948
2,-10.402,-35.710,5.149
3,26.507,-13.287,0.225
3,-10.513,32.796,3.362
2,-15.675,2.400,3.596
2,-18.612,-37.910,4.939
2,-22.224,-34.804,5.026
2,33.534,-22.108,-0.510
2,-23.013,39.615,2.648
2,26.874,47.489,1.313
2,-46.283,7.058,4.029
2,-20.167,-28.402,6.120
2,-34.354,25.485,1.256
4,-43.507,-11.128,7.555
2,-47.561,-5.170,6.492
2,27.066,7.624,-0.011
2,18.193,14.516,0.680
2,10.126,43.022,2.207
4,29.657,16.970,2.141
4,-44.777,26.408,2.996
2,-42.395,-11.962,6.720
4,-43.080,24.730,3.049
2,15.264,33.374,2.538
2,-28.238,-49.509,3.864
2,24.296,-21.568,0.518
2,15.525,43.691,2.101
2,34.616,49.357,0.140
2,-11.027,-48.464,6.440
4,24.682,-26.415,0.650
4,-3.995,36.748,4.255
2,-30.433,-18.943,6.575
2,-25.899,-36.398,4.880
2,21.539,14.660,1.385
2,-25.486,7.587,1.796
4,42.029,21.250,0.058
2,-5.816,-48.647,6.421
2,-7.544,46.716,2.083
2,18.136,17.254,0.804
3,27.935,-18.302,0.605
2,-37.894,-44.937,3.016
2,20.193,-16.194,-0.008
2,-29.088,23.441,1.383
2,42.252,48.719,0.497
3,-5.101,-16.835,3.296
2,-6.460,-15.742,3.093
2,-19.622,36.566,2.811
2,13.275,34.847,2.578
2,-5.808,-14.321,3.013
3,22.090,-0.390,-0.874
2,11.607,42.780,2.357
3,41.392,21.241,-0.109
2,-31.230,38.134,2.133
2,21.981,19.490,1.722
2,34.523,-21.895,-0.759
2,16.110,37.745,2.671
2,-12.399,26.040,2.874
4,-34.226,-12.573,7.366
2,6.078,38.643,2.134
2,3.715,14.237,0.970
7,2.855,-17.776,-7.658
2,-23.298,-45.619,4.357
3,41.501,21.132,-0.016
2,31.725,-22.029,-0.318
2,35.926,34.789,0.562
2,29.165,45.800,0.649
4,26.596,-11.877,0.549
2,-25.803,-29.936,6.036
3,16.685,-31.179,2.423
2,-26.998,27.596,2.068
2,-9.515,-8.280,2.335
2,-26.150,-31.952,5.611
2,25.447,-37.273,1.158
2,14.799,-42.547,3.893
2,-15.812,-19.816,5.298
4,26.075,-12.452,0.561
4,3.145,26.085,2.966
2,23.166,-41.006,2.287
2,-43.548,-28.773,5.468
2,48.667,1.776,-3.381
2,-23.219,-24.947,6.517
2,-34.386,-4.629,4.961
2,-11.348,-18.064,4.383
2,-38.506,4.371,4.305
2,-49.594,0.236,5.628
2,-4.515,-30.534,3.848
2,23.543,-43.443,2.659
2,-16.928,-24.392,5.996
2,12.506,17.972,0.618
2,-43.564,18.702,1.972
3,-23.419,39.435,3.218
2,-23.677,17.143,1.816
3,-16.715,4.893,3.037
2,-27.086,-48.631,4.022
2,21.138,-11.425,-0.668
2,-6.597,-16.081,3.355
2,4.663,48.651,0.633
2,-36.663,45.026,2.075
2,44.820,26.664,-0.410
2,8.857,26.102,1.357
2,-1.103,33.919,3.093
2,16.140,4.637,0.314
2,11.889,16.837,0.516
3,-16.139,6.745,3.018
3,-17.041,5.668,2.835
2,-23.736,40.428,2.987
2,47.773,30.455,0.243
2,36.988,-39.865,-0.879
2,47.340,-11.339,-2.371
2,34.977,-16.414,-1.077
2,-15.987,2.425,3.302
2,43.952,-12.717,-2.468
2,8.964,48.408,1.093
4,-43.150,-11.071,7.811
3,-24.693,39.831,2.832
2,-36.151,3.445,4.008
7,-20.326,21.145,-9.224
3,-33.716,-39.644,4.387
2,-29.963,-37.303,4.478
2,-14.644,47.323,3.211
2,23.592,7.648,0.579
2,19.648,20.785,1.747
2,10.062,44.713,2.174
2,36.110,-49.326,0.358
2,-29.580,-0.854,2.943
2,-27.585,24.339,1.394
3,-12.078,-15.670,3.738
2,46.119,38.885,0.598
4,-5.695,39.673,3.371
2,32.765,32.459,1.491
2,-48.623,8.358,3.828
7,45.540,-4.061,-7.953
2,-24.977,1.182,2.011
2,2.538,-31.111,2.913
2,35.209,10.799,-0.307
2,12.967,-28.302,1.613
2,-43.102,29.363,2.205
2,-13.142,0.279,3.528
2,-5.695,35.531,3.152
2,37.392,-20.665,-0.728
4,24.079,-1.275,-0.670
2,-29.294,-36.499,4.683
2,0.634,35.382,2.730
2,2.066,-7.474,0.929
2,-20.330,-15.946,5.208
2,-20.916,-30.563,5.956
2,-41.891,4.436,4.412
2,32.426,36.445,1.152
2,-20.431,-11.454,4.719
2,-22.631,-43.919,4.071
2,-11.865,-20.735,4.645
2,48.011,41.316,0.687
2,-17.729,-35.578,5.100
4,46.735,-29.956,-1.642
2,3.461,-25.929,2.107
2,-35.371,29.193,1.721
2,6.008,48.558,0.870
2,-47.173,31.825,2.637
2,-43.748,-33.550,4.299
2,8.963,43.427,2.161
2,-30.255,-43.771,4.179
2,-12.054,39.181,3.034
2,1.158,38.340,2.577
4,-36.500,-4.055,5.817
2,-43.508,-44.100,2.969
4,28.315,-13.379,0.409
2,42.852,-39.101,-1.502
2,-28.661,-28.805,5.710
3,2.567,26.586,2.792
2,-13.968,-1.739,3.315
2,-41.713,6.033,4.008
4,28.084,-17.328,0.622
2,33.308,-38.399,-0.224
4,17.088,-23.555,1.774
2,-9.890,16.490,1.919
7,49.501,-30.902,-5.947
2,-6.402,-5.663,2.230
2,-38.241,-38.488,3.349
2,40.412,0.922,-1.851
2,-28.446,34.737,2.526
2,-45.560,-29.536,5.340
2,-12.929,-30.607,4.469
2,23.512,-45.986,3.389
2,-47.019,40.392,2.665
4,28.839,-13.143,0.313
2,-21.340,1.605,2.505
2,-18.053,-20.772,5.496
2,35.398,-35.581,-0.786
2,-46.171,47.047,2.479
2,-40.002,-13.116,6.745
2,30.988,-12.762,-1.500
2,-8.775,-12.469,2.974
4,-4.299,40.058,3.352
2,4.178,10.051,0.837
2,31.910,-11.870,-1.697
2,3.430,-44.231,5.775
2,-43.713,9.244,3.099
2,-36.390,30.098,1.678
2,-5.014,30.367,3.613
2,-11.877,1.799,3.381
2,29.890,-33.735,0.078
2,4.364,-22.823,1.778
2,-49.834,42.971,2.546
2,-46.674,49.716,1.815
3,28.305,-8.790,-0.420
2,23.555,22.380,2.352
2,17.217,-3.351,-0.656
3,24.117,-0.446,-1.554
7,12.489,-24.058,-6.970
2,-42.733,10.616,2.851
2,32.108,-32.591,-0.283
2,34.128,38.893,0.613
2,-24.648,26.037,1.922
2,-45.091,-15.607,6.871
3,-9.989,32.452,3.250
2,12.815,-43.411,4.230
2,-9.459,27.943,3.218
2,-45.104,24.731,2.210
2,-27.399,-33.263,5.400
2,-22.491,41.724,2.840
2,5.551,-27.890,2.446
2,-34.613,-0.066,4.578
2,22.898,-1.322,-1.524
2,46.710,-42.441,-1.252
2,43.028,-6.364,-2.043
4,-4.543,3.941,4.686
4,3.172,-10.254,2.261
2,-19.524,4.537,2.189
2,10.764,-6.005,0.508
2,37.081,3.038,-1.378
2,24.913,48.409,2.037
2,24.359,17.356,1.616
2,35.759,-28.126,-1.147
2,-46.467,36.589,2.057
2,15.183,-48.534,4.505
2,29.630,-36.335,0.483
2,25.907,-14.546,0.010
4,2.807,27.087,2.899
2,-23.264,-16.494,5.310
2,27.876,-20.616,0.264
2,-27.312,-29.775,5.882
2,-17.935,38.854,2.869
4,39.089,1.230,-1.336
2,45.639,-7.640,-2.134
3,-41.667,18.683,2.460
2,-3.791,28.795,3.546
2,-15.364,1.070,3.319
2,-20.769,-42.707,4.521
4,-42.546,-11.074,7.542
2,-26.102,20.314,1.791
4,3.243,26.146,2.898
2,-10.428,32.962,3.245
4,18.845,-24.086,1.420
2,9.647,-2.140,0.313
3,24.024,37.073,2.011
3,-43.500,26.189,2.306
2,49.332,48.977,0.942
4,22.538,-0.961,-0.759
2,-26.605,-0.098,1.918
2,35.113,39.901,0.706
4,42.222,21.915,0.041
4,25.784,-11.793,0.755
2,39.893,1.278,-1.803
4,23.646,-27.222,0.784
2,-23.022,-38.404,4.716
2,-28.741,-35.382,5.011
2,-3.900,-47.570,5.874
2,-27.114,-46.501,4.110
2,5.911,41.950,1.852
2,-16.564,5.100,2.728
3,-10.908,33.144,3.346
4,2.614,36.979,3.351
2,-35.782,-10.525,6.325
3,24.300,36.061,1.687
3,3.059,36.358,3.117
3,-6.044,-17.047,3.347
2,18.905,42.507,1.949
2,-32.103,-3.719,4.317
2,-27.601,26.542,2.025
2,35.988,17.314,0.430
2,47.896,-13.181,-2.272
2,36.602,42.987,0.671
2,8.240,5.860,0.523
2,46.904,17.216,-1.990
2,5.881,16.574,0.792
2,17.181,0.218,-0.625
2,-34.188,-39.546,3.713
2,2.656,49.975,0.171
2,-6.957,6.155,2.458
2,-34.239,2.326,3.846
2,-35.205,20.960,0.782
2,-42.352,0.643,5.932
2,-45.209,5.651,4.059
2,-5.364,-14.459,3.023
2,-19.451,-26.945,6.182
4,-43.094,-11.019,7.536
2,-45.325,-12.614,6.726
2,-30.701,20.496,1.475
2,-2.830,-21.527,2.851
2,-2.201,-25.367,3.006
2,49.892,-41.546,-1.256
2,-18.186,11.819,1.683
2,23.697,3.286,-1.032
3,15.445,-18.797,1.050
2,41.370,1.458,-1.777
4,3.764,26.305,3.282
3,22.071,-0.246,-0.947
2,-6.197,39.634,3.046
2,-30.957,6.402,2.279
2,-42.758,25.493,2.252
2,34.880,-15.296,-1.334
2,-23.417,33.510,2.679
4,27.480,-17.870,0.942
2,28.618,-44.134,1.477
2,-40.888,39.862,1.856
2,20.570,-11.738,-0.810
4,-33.851,-39.495,4.494
4,-34.484,-40.168,4.830
2,3.784,10.826,0.895
2,-4.871,30.039,3.574
4,3.316,-10.010,2.180
2,-35.352,27.615,1.497
2,9.620,12.731,0.733
2,21.864,-17.320,0.265
2,13.142,-44.466,4.363
2,35.168,40.986,0.893
2,0.245,29.817,2.650
4,26.596,-15.606,1.104
2,-6.268,-17.091,3.304
2,30.577,-18.455,0.040
3,-16.170,-19.051,5.262
2,-27.854,-15.369,5.741
2,26.093,-42.041,1.741
2,-42.084,-11.293,6.695
2,19.857,22.907,2.021
2,-10.078,-22.200,4.653
2,25.430,37.163,1.416
2,-13.565,1.224,3.364
2,-45.261,30.472,2.471
2,-38.539,-0.715,5.671
2,17.701,-31.812,2.071
2,36.897,-47.799,0.089
2,19.855,14.310,0.986
3,27.756,-10.272,-0.513
2,-38.635,-48.465,3.131
2,28.496,25.705,2.526
2,-16.350,37.243,2.861
4,-34.157,-3.741,5.813
2,25.331,-14.697,0.095
2,-47.371,-6.462,6.614
2,-47.631,37.694,2.124
2,1.957,-18.581,2.011
2,-39.989,27.201,1.493
2,-36.489,-37.220,3.777
2,-23.746,37.040,2.340
2,-14.292,-0.386,3.526
2,4.181,-0.844,1.524
2,-14.383,0.570,3.319
2,-23.270,39.299,2.962
4,28.604,-16.565,0.650
2,-14.247,1.619,3.414
2,2.482,46.696,0.850
2,26.910,-8.765,-0.660
2,23.602,15.712,1.413
2,32.947,-8.536,-2.036
2,15.075,-3.846,-0.437
2,44.958,29.081,0.084
2,-22.559,-17.460,5.398
2,30.622,-24.776,-0.580
2,27.880,-4.837,-0.980
2,8.031,-13.556,0.504
2,-46.066,1.090,5.804
2,41.226,-35.176,-1.434
4,-42.605,-11.182,7.782
2,48.379,-31.537,-1.966
3,24.120,-26.322,0.594
2,-32.532,-18.918,6.810
2,8.938,-15.522,1.188
2,-19.401,-2.610,3.427
2,-11.091,-28.052,4.445
2,26.522,5.786,-0.081
4,1.996,37.292,3.136
2,49.937,-27.168,-2.493
4,-33.642,-2.767,5.419
3,25.018,-25.959,0.240
2,-24.993,26.380,2.182
2,0.318,3.143,2.169
3,-42.231,17.841,2.444
2,-0.689,6.784,1.571
2,40.859,-0.316,-2.009
4,2.375,36.152,3.195
2,-21.583,-27.787,6.264
2,-8.482,39.067,3.060
2,-12.931,3.247,3.343
2,47.746,0.903,-3.216
2,-42.397,-20.468,6.719
2,-4.197,40.128,2.823
4,20.894,-18.371,2.250
2,-4.494,-42.356,5.916
2,30.575,-6.038,-1.536
3,-42.771,17.664,2.446
2,-2.345,7.615,1.912
2,-21.820,-7.410,4.406
2,-16.894,37.264,2.854
2,14.326,-25.778,1.145
3,29.891,-46.191,1.786
2,-24.531,42.293,2.705
2,19.856,-16.880,0.023
4,2.046,37.230,3.196
2,-32.767,-11.637,6.498
2,-32.638,-23.416,6.082
2,-42.633,14.629,2.097
2,36.585,-1.105,-2.009
2,-24.272,-44.641,4.289
2,-16.484,21.668,2.756
2,26.356,-10.750,-0.304
2,-17.869,2.996,2.674
2,-4.397,30.553,3.478
4,1.495,-8.227,1.933
2,16.941,49.156,2.105
2,4.582,0.645,1.365
2,-12.942,7.178,2.101
2,-3.169,-10.467,2.228
3,-4.403,-15.147,3.198
2,-22.444,26.056,2.331
2,36.186,0.436,-1.932
2,-47.418,-38.907,2.793
2,36.463,26.887,1.487
4,16.456,-29.670,2.880
2,13.586,-9.351,-0.244
2,20.164,24.793,2.197
2,41.241,22.564,-0.280
4,-4.961,41.019,3.321
2,40.028,38.444,0.267
2,-0.828,-43.889,5.675
4,23.666,-26.199,0.518
2,-15.536,-20.918,5.559
2,-7.205,43.299,2.335
2,-22.838,-21.926,5.932
2,-5.523,40.385,2.780
4,-33.225,-12.274,7.414
2,39.996,21.790,0.103
2,-29.370,29.088,2.029
2,-32.041,-20.644,6.614
2,-9.494,-10.813,2.553
2,-10.403,33.086,2.997
2,-42.771,-11.744,6.803
2,-34.918,-37.327,4.040
2,-26.990,25.875,1.801
2,38.151,-48.949,0.156
2,-34.535,-38.932,3.838
2,-42.674,31.773,1.992
2,19.596,-45.917,3.685
4,25.495,-27.076,0.433
2,8.899,-17.127,1.529
3,-35.561,-3.756,5.744
4,-34.476,-39.548,4.645
2,7.759,6.166,0.628
2,-28.174,25.569,2.048
2,-42.439,9.121,2.895
2,3.606,36.986,2.567
3,-3.840,40.651,3.178
2,49.394,-32.748,-1.759
2,40.478,-8.567,-2.461
2,36.959,33.636,0.892
2,34.731,-42.084,-0.295
2,-43.624,-0.769,6.222
2,-3.787,-31.586,3.789
2,-13.174,48.425,2.979
2,-24.797,2.316,2.015
2,-33.245,-39.933,3.713
3,48.389,-27.306,-2.099
2,-6.011,-7.797,2.331
2,-14.274,-5.330,3.272
2,3.000,-32.220,3.127
2,-49.349,45.908,2.232
2,26.994,-6.639,-0.725
2,-14.621,11.450,1.647
2,-35.652,38.873,1.905
2,-26.403,2.028,1.911
2,-16.323,-45.318,5.516
4,27.839,-17.326,1.125
2,-29.738,47.752,3.057
4,27.496,9.955,0.848
2,-20.847,-34.364,5.033
2,-7.746,-27.441,4.405
2,-49.114,44.247,2.303
2,-18.973,26.322,3.172
2,-48.273,-36.251,3.451
2,-27.552,-19.247,6.228
2,25.076,-8.057,-0.266
4,25.283,37.103,2.224
2,-37.645,46.396,2.407
2,-1.936,38.758,2.715
2,-35.486,12.020,1.635
2,6.396,-9.868,0.383
2,18.720,-2.950,-0.798
2,-49.903,-7.312,6.855
2,20.428,46.633,1.783
4,-34.174,-3.815,5.838
2,29.094,-17.783,0.142
2,30.905,-7.379,-1.620
2,-49.571,8.143,3.981
2,12.028,-9.512,0.110
2,12.443,44.273,2.494
2,-41.523,-22.064,6.376
2,-3.474,29.806,3.375
2,-1.791,12.745,1.299
3,-14.406,-11.850,3.254
2,-1.421,15.824,1.655
2,-12.837,36.380,3.091
2,-39.066,-17.485,6.823
2,23.394,2.253,-1.318
3,-5.647,40.498,3.076
2,-23.297,35.748,2.473
2,-44.041,-5.526,6.501
4,-34.129,-11.389,7.194
2,1.393,-7.809,1.169
2,-35.155,25.157,1.122
2,-15.905,-21.479,5.740
2,25.825,37.624,1.352
2,-8.630,3.168,3.040
2,-5.701,29.601,3.387
2,-37.612,12.791,1.421
2,-42.119,-11.241,6.723
3,-42.365,9.870,3.136
2,-41.602,-6.235,6.182
2,-18.269,5.957,2.264
2,12.637,-36.093,3.821
2,6.164,41.431,1.898
2,29.873,-40.028,0.380
2,21.166,-9.857,-0.730
2,-36.056,4.431,3.664
3,42.009,22.007,-0.007
2,0.435,-19.924,2.130
4,-16.538,-19.471,5.861
4,29.252,-17.239,1.308
4,18.839,-24.546,1.333
2,-17.413,22.328,2.623
2,-18.255,-26.302,6.175
2,-19.728,-32.527,5.475
2,-17.160,8.189,2.262
2,-28.246,20.843,1.554
2,42.740,-48.859,0.574
2,35.343,-9.459,-2.318
2,-37.773,-49.835,3.352
2,16.600,27.434,1.612
2,6.971,43.719,1.842
2,-6.560,33.540,3.098
3,29.076,-10.277,-0.454
2,-26.286,2.048,2.046
2,12.568,-6.293,-0.226
2,33.200,5.555,-0.537
4,-42.475,-9.846,7.426
2,-35.328,-47.486,3.531
2,-46.391,-17.374,6.943
3,17.043,-30.860,2.543
2,19.807,-36.080,1.913
2,-44.756,26.996,2.369
7,8.839,-108.464,-52.419
2,-44.973,-30.078,5.256
2,-24.061,-49.501,4.317
2,-8.978,-41.939,6.222
3,-6.447,39.624,3.326
2,-30.055,-45.262,4.138
2,-26.434,-22.605,6.195
2,-32.664,-46.337,3.994
2,0.478,-23.432,2.509
2,10.939,-32.346,3.253
2,-23.550,8.001,1.776
2,21.065,21.600,2.053
2,-40.351,18.275,1.780
2,36.733,24.864,1.625
2,-13.384,29.045,3.300
2,-26.101,-21.874,6.126
2,-23.657,-33.709,5.319
4,-42.505,-11.926,7.548
2,-3.195,-20.839,2.966
2,40.612,22.294,-0.275
2,26.420,-13.526,-0.174
2,-3.658,30.924,3.541
2,-25.985,31.617,2.343
2,20.085,-18.955,0.276
2,-33.260,-47.794,4.021
2,-5.357,39.555,2.760
2,18.101,6.884,0.368
2,-39.261,26.129,1.128
2,47.341,6.620,-3.036
2,-14.579,18.509,1.948
2,28.735,24.192,2.646
2,-10.178,25.695,3.135
4,27.003,-17.257,0.900
2,38.853,-39.010,-1.119
4,24.834,-26.092,0.696
2,-33.482,-39.287,4.116
2,-4.553,44.714,1.660
2,30.628,30.231,1.795
2,3.071,39.430,2.179
2,27.334,-30.231,-0.328
3,24.815,-26.339,0.034
2,-35.968,13.255,1.379
3,29.144,-8.935,-0.512
2,10.189,29.456,1.864
2,-17.710,21.808,2.544
2,27.732,-9.240,-0.448
2,49.614,42.287,0.874
2,-22.569,27.822,2.471
2,-39.321,-49.920,2.923
2,-25.737,45.937,3.095
3,-15.017,5.690,2.988
2,-9.436,7.580,1.820
2,-35.584,11.449,1.764
2,-5.026,31.009,3.386
2,-4.937,35.317,3.136
4,17.633,-23.086,1.740
7,7.307,122.994,-55.312
2,-30.513,14.089,1.502
2,-23.532,40.634,2.854
2,5.099,46.512,0.972
2,-18.560,-31.100,5.436
2,-23.257,39.330,2.821
3,-11.402,-16.889,4.407
2,46.061,36.621,0.520
2,25.691,-34.493,0.459
2,-43.952,14.945,2.285
2,21.626,8.841,0.580
2,31.120,9.807,0.114
2,-43.585,-10.087,6.597
2,34.455,-13.575,-1.548
2,-9.385,-20.881,4.390
2,-43.817,10.604,3.101
2,28.137,-17.192,0.092
2,4.378,35.238,2.609
2,-29.495,-19.869,6.372
4,16.587,-30.113,2.912
2,-32.476,-28.795,5.417
2,37.565,35.444,0.389
2,-6.115,-15.770,3.183
2,-20.519,-14.461,4.863
2,29.116,-19.418,0.172
2,37.935,-12.063,-2.323
2,1.817,-40.346,4.723
3,-5.576,-16.800,3.330
2,-33.354,8.290,2.180
2,12.607,37.106,2.958
2,-48.534,11.830,2.957
2,48.007,-16.980,-2.419
2,-39.940,-46.370,2.841
2,-13.020,28.627,3.248
2,-21.592,-17.731,5.406
2,24.332,23.123,2.492
2,12.547,-10.454,-0.064
4,25.286,-26.783,0.698
4,79.847,-11.816,0.937
2,-6.620,-16.500,3.286
4,-18.588,29.861,3.881
2,-16.081,1.743,3.557
3,-42.721,25.357,2.687
4,23.706,0.040,-0.887
2,41.718,-18.693,-2.000
2,-35.311,44.047,2.036
2,11.934,-41.974,4.124
4,3.132,26.839,2.723
2,-8.170,-19.714,4.102
2,-20.129,45.971,2.936
2,-40.075,-22.468,6.274
2,-30.102,-0.429,3.006
2,45.386,-24.689,-1.556
2,0.026,-34.519,3.917
2,-14.669,-15.092,3.717
4,41.904,21.329,0.117
2,16.594,8.052,0.459
2,-5.719,-17.084,3.013
2,-47.761,-36.478,3.454
2,26.620,-11.194,-0.254
4,18.116,-19.273,1.402
2,34.320,-1.375,-1.535
2,-5.723,-49.382,6.538
1,7.281,-37.834,4.551
4,-33.871,-40.313,4.453
2,1.013,46.061,0.715
4,-24.930,-35.768,6.310
2,4.685,11.828,0.698
2,-17.701,-0.835,3.470
2,43.096,-36.346,-1.508
7,33.317,-10.108,-9.377
2,-44.664,29.305,2.180
2,17.445,42.363,2.186
2,-11.108,-24.387,5.053
3,28.244,-10.347,-0.477
2,35.038,-21.562,-0.745
2,27.326,-40.477,1.101
4,-4.114,35.961,4.220
2,-2.161,-0.941,2.780
2,21.609,-44.025,3.008
2,-12.375,28.341,3.286
2,-20.582,-16.445,5.326
3,-42.726,10.692,3.134
2,-28.079,-22.045,6.054
2,-24.197,17.604,1.901
2,45.069,-34.871,-1.476
2,47.465,25.693,-1.073
2,-44.518,-20.800,6.736
3,-33.881,-39.948,4.320
2,-42.826,-40.022,3.167
3,-4.861,-17.083,3.283
2,25.625,-38.245,1.247
2,-20.295,49.870,2.785
2,16.882,0.810,-0.591
2,7.734,8.186,0.732
2,-2.576,-14.772,2.487
2,48.166,-30.776,-1.974
4,25.141,36.866,2.153
2,18.355,28.739,1.556
2,35.964,-5.455,-2.199
4,26.636,-16.582,0.771
2,13.970,4.443,0.232
2,-38.679,-23.438,6.175
2,17.926,-12.936,-0.941
2,-47.168,20.856,2.009
2,48.303,-47.005,-0.192
2,-2.281,32.481,3.350
2,35.864,-7.942,-2.090
2,-47.280,-14.643,6.822
4,-16.730,-19.937,5.988
3,-16.600,5.325,2.931
2,-17.347,-21.731,5.565
3,-41.304,13.553,1.916
2,-15.498,-1.749,3.605
2,-33.366,39.144,2.207
2,2.383,37.337,2.602
2,48.423,-12.004,-2.252
2,47.614,-48.500,0.331
4,-10.811,-16.048,4.479
2,-15.791,25.834,2.785
2,33.163,31.879,1.482
2,36.656,37.652,0.195
2,-24.362,-39.153,4.538
2,19.259,-43.496,3.287
2,22.934,14.661,1.435
2,-22.333,43.593,2.896
2,-5.859,22.115,2.722
2,32.397,43.701,0.326
2,-20.431,46.555,2.906
2,-27.352,-37.780,4.333
2,32.084,10.408,0.125
2,-17.156,45.189,3.124
3,-10.364,33.646,3.449
2,-32.435,25.694,1.686
4,27.693,-17.475,1.433
2,11.295,38.777,2.628
2,6.043,-48.759,5.407
2,-13.321,32.727,3.273
4,25.875,11.352,2.079
2,31.895,31.411,1.687
2,-0.560,-10.712,2.034
2,18.254,6.162,0.222
2,43.699,15.358,-1.549
2,25.802,48.977,1.830
2,-10.291,32.817,2.963
2,-24.577,0.592,1.633
2,-11.072,-4.815,2.692
2,-30.239,8.453,1.814
2,-13.758,6.946,2.293
2,-43.550,10.154,3.147
2,37.774,-2.325,-2.173
2,32.362,19.786,1.649
2,5.376,48.820,0.684
2,-49.088,12.982,2.791
2,-1.992,27.120,3.089
2,-10.006,20.406,2.725
4,27.876,9.676,0.775
2,-7.449,2.277,3.226
2,-16.378,-43.896,5.001
2,-28.880,-3.640,3.752
3,-4.570,40.092,3.070
4,18.471,-16.760,1.253
2,-31.351,33.937,2.510
3,28.947,-9.241,-0.598
2,-16.141,-32.837,4.949
3,-33.513,-40.663,4.087
2,40.357,2.131,-1.763
2,20.740,-36.737,1.878
2,-10.243,1.757,3.411
2,-44.603,9.866,3.210
2,-3.686,-48.111,5.893
2,-10.147,32.793,3.032
2,28.003,-30.468,-0.136
2,15.353,-18.647,0.577
2,-10.750,8.658,1.547
2,35.724,-36.155,-0.740
2,-23.137,-7.978,4.402
2,27.333,-10.296,-0.656
2,-14.152,12.714,1.423
3,-42.079,18.730,2.421
4,23.435,-0.166,-0.519
2,-39.952,11.323,2.297
3,26.130,-13.214,-0.031
2,3.314,-5.462,1.101
2,32.991,-40.756,-0.138
3,-33.483,-40.368,4.312
2,-15.081,1.244,3.471
2,19.299,-2.122,-0.888
2,-44.183,9.661,3.139
2,-1.407,-29.031,3.273
2,-41.051,47.464,2.525
4,-33.349,-3.235,5.583
2,9.042,12.748,0.696
2,-15.293,21.575,2.755
4,-42.107,-10.586,7.672
2,34.693,24.223,1.724
4,-36.367,-4.218,5.745
2,39.918,7.123,-1.511
2,3.557,32.617,2.652
2,25.440,-25.867,-0.239
2,-24.378,-2.198,2.773
2,1.372,-2.871,1.725
4,-35.795,-3.689,5.796
4,-27.641,24.611,2.056
2,41.569,47.812,0.494
3,-9.689,33.137,3.275
2,39.599,40.012,0.411
2,-5.693,-31.169,4.158
2,45.122,-12.831,-2.487
2,34.161,-16.468,-0.944
2,7.908,21.120,0.841
2,26.663,-11.815,-0.116
2,48.355,-5.380,-2.802
2,36.088,25.745,1.536
2,-0.616,23.400,2.926
2,49.708,-29.919,-2.280
2,-2.489,46.085,1.171
2,-16.843,31.534,3.197
3,29.400,-10.691,-0.605
2,-5.462,-14.687,3.030
4,2.122,26.310,2.862
3,27.383,-8.227,-0.494
2,-28.942,25.690,1.991
4,-34.309,-5.285,5.638
2,-20.551,-8.343,4.175
3,29.824,-9.848,-0.748
2,35.387,-3.769,-2.034
2,28.281,3.711,-0.647
2,-12.677,-4.536,3.101
2,-43.372,-21.748,6.807
2,-45.381,-32.635,4.948
2,33.484,4.534,-0.698
2,-28.759,13.710,1.814
2,-1.066,12.555,1.144
3,-15.585,5.177,2.936
2,-15.643,-20.522,5.602
2,-45.013,-7.935,6.656
2,-13.640,7.727,2.119
2,-34.921,28.248,1.561
2,28.994,-4.071,-1.269
2,-10.654,-23.972,4.982
3,24.873,36.061,2.028
2,-45.928,12.669,2.936
2,23.427,-18.381,0.691
2,-31.269,-14.334,6.312
2,-39.568,8.508,3.338
4,-15.289,-19.903,5.887
2,2.571,-34.211,3.492
2,-19.033,-29.946,5.748
2,-9.501,32.111,2.875
2,21.780,-17.975,0.751
2,-25.654,0.193,1.991
2,39.230,-11.085,-7.247
2,-43.874,-2.305,6.446
2,43.773,-2.075,-2.283
3,-17.630,5.713,2.768
2,23.218,-7.953,-0.550
2,-39.014,18.936,1.406
2,32.021,-6.357,-1.881
2,-38.321,19.949,1.090
2,-35.430,37.188,2.090
2,23.382,-20.265,0.682
2,-34.126,-4.495,4.935
4,-13.222,-15.445,4.163
2,-48.755,44.674,2.225
2,8.603,-22.241,1.212
2,12.183,22.819,0.845
2,16.052,27.341,1.552
2,10.846,27.906,1.473
2,-33.810,9.981,2.032
2,-11.002,31.474,3.218
2,-42.778,31.135,2.049
4,23.177,0.599,-0.702
3,-10.166,33.291,3.372
2,40.920,0.427,-1.987
3,2.474,36.240,3.083
2,-43.055,-38.004,3.380
2,-26.738,-13.410,5.641
2,-9.004,-6.971,2.165
3,29.022,-46.525,2.237
2,15.949,35.946,2.906
2,-39.615,-49.110,2.913
2,-43.074,10.778,2.857
2,-23.087,-11.889,5.014
2,-36.543,-4.583,5.356
2,-30.100,-46.040,4.072
2,-26.091,27.106,1.987
2,42.170,34.490,0.366
2,-4.954,39.387,2.774
2,-1.412,3.038,2.274
2,0.820,-21.701,2.506
2,5.154,-26.412,2.130
3,27.662,-13.556,-0.201
2,40.344,-27.463,-1.148
2,-31.212,28.517,2.241
4,16.548,-30.701,2.878
3,24.761,36.770,1.853
4,24.557,-27.728,0.541
2,21.753,-38.018,1.988
2,31.741,0.273,-1.340
2,-38.161,42.329,1.961
2,-2.671,37.702,2.861
2,24.907,-37.815,1.326
2,28.587,-19.330,0.214
2,21.556,27.179,2.321
2,-48.681,34.127,2.577
2,-34.313,-39.408,3.932
2,25.144,40.705,1.515
2,40.423,-24.213,-1.343
2,-17.146,1.799,3.207
2,3.899,23.103,1.882
2,1.119,12.196,0.963
2,3.940,-21.253,1.873
2,-31.214,-26.186,5.592
3,24.083,36.505,2.028
2,-12.145,18.864,2.269
4,-43.805,-10.593,7.401
2,45.645,-6.572,-2.161
2,17.982,-25.782,1.021
2,-16.284,-46.046,5.614
2,-0.195,-36.998,4.082
3,27.835,-9.402,-0.475
2,-31.334,-7.267,5.028
3,23.334,-0.832,-0.833
2,29.441,27.723,2.256
2,-46.502,-33.160,4.863
2,-11.708,-24.766,5.138
2,47.890,26.202,-0.957
2,17.237,-29.884,1.690
2,24.353,37.436,1.876
2,-11.127,-29.396,4.299
2,7.665,42.264,1.933
2,-6.796,8.800,1.685
2,32.390,-2.116,-1.441
3,24.154,36.600,1.742
2,41.068,-41.094,-1.226
3,-43.866,24.223,2.714
2,-6.041,-14.996,3.027
2,39.411,1.207,-1.877
2,1.973,24.890,2.641
2,9.061,38.439,2.115
2,-9.115,-9.604,2.390
2,-6.016,39.867,3.096
2,-13.826,-38.495,5.190
4,-33.761,-40.472,4.594
2,42.549,27.811,0.236
4,24.602,-27.004,0.687
2,8.238,-28.426,2.046
2,-1.416,-37.382,4.359
2,27.450,-8.990,-0.722
2,-22.915,-3.059,3.117
2,-4.333,-8.875,2.360
2,-29.170,34.334,2.510
2,-36.166,23.606,0.901
2,-15.542,-40.594,5.032
2,-14.004,13.346,1.353
2,-32.430,22.584,1.450
4,27.681,-16.631,1.441
2,39.178,-7.374,-2.278
2,-3.205,29.117,3.566
2,-18.029,-40.748,4.678
2,-4.643,30.948,3.579
2,-46.095,37.258,2.075
2,-24.505,16.006,2.006
2,26.279,31.942,1.446
2,40.562,13.778,-1.008
2,-3.907,30.729,3.485
7,34.981,38.624,-4.821
2,-42.557,-45.930,2.794
2,-8.299,2.090,3.214
3,-43.384,18.023,2.416
2,-5.451,-20.018,3.477
2,-9.021,-4.877,2.448
2,20.608,10.202,0.755
2,38.971,-0.540,-2.044
2,10.602,-15.263,1.020
2,-3.703,28.780,3.481
2,13.021,-28.921,1.859
2,-46.806,-24.390,6.125
3,27.479,-8.049,-0.472
2,45.909,-31.981,-1.551
2,17.605,44.048,1.928
4,24.821,36.251,2.199
3,24.764,-27.238,0.079
3,-16.810,-19.798,5.705
3,41.647,22.326,-0.108
2,45.869,27.395,-0.387
2,-10.236,-15.428,3.409
3,25.151,36.487,1.773
2,-18.595,18.820,2.276
3,-11.919,-42.120,6.357
2,33.232,14.196,0.033
2,42.526,3.284,-2.178
2,42.261,-39.696,-1.371
3,42.842,3.921,-2.216
2,-29.735,-35.048,5.025
2,3.367,-47.019,5.953
2,-49.334,20.799,1.999
2,-32.330,-39.419,3.937
2,-15.832,6.213,2.866
2,-25.131,39.168,2.621
2,-9.977,-7.666,2.217
4,-42.376,-10.331,7.387
2,35.668,37.525,0.387
4,23.933,-27.524,0.502
2,-5.271,-15.836,2.990
2,46.918,-7.453,-2.329
2,44.970,27.707,-0.145
2,-38.162,23.266,0.934
2,3.498,41.824,1.806
2,29.620,39.809,0.466
2,46.513,-29.208,-1.747
2,28.297,-10.586,-0.726
2,-17.491,-14.546,4.197
7,-75.995,-39.165,-76.535
2,-25.400,1.075,1.957
2,-28.325,27.728,2.135
2,-35.139,18.362,1.210
2,31.495,-32.945,-0.094
2,40.131,-9.980,-2.662
2,5.244,5.603,0.871
2,-34.207,16.092,1.450
2,-3.900,45.482,1.517
2,34.048,36.917,0.853
2,-13.393,13.464,1.324
2,-17.193,-26.277,6.089
2,-46.802,-17.782,7.027
2,-17.391,-35.138,5.065
2,-5.961,-15.856,3.107
4,-43.928,24.960,3.096
2,34.490,-5.256,-1.909
2,14.255,29.819,1.948
2,28.838,-24.670,-0.321
2,10.447,-16.001,1.203
2,-9.832,25.285,3.266
2,13.741,48.567,1.550
2,-4.078,3.628,2.820
2,-35.798,-33.740,4.431
2,-7.839,-37.973,5.508
2,-34.366,-40.153,3.742
2,41.816,47.134,0.495
2,-5.165,33.475,3.180
2,8.629,35.659,2.214
4,19.134,-23.452,1.603
2,20.261,-49.163,4.554
2,39.839,28.787,0.899
2,-48.581,-49.932,1.412
4,-33.914,-5.142,5.538
2,-18.053,-20.183,5.429
2,-49.343,26.091,1.815
2,-21.370,-22.312,5.848
3,3.613,37.139,2.689
2,-29.146,27.600,2.168
2,27.656,40.310,0.863
3,-16.072,4.072,3.020
2,40.398,0.224,-1.895
4,2.591,36.972,3.503
3,-42.535,9.484,3.175
2,3.686,35.854,2.623
2,-46.111,-47.296,1.854
2,-43.034,-28.474,5.532
2,15.816,10.395,0.572
2,15.366,0.522,-0.386
2,-18.574,20.173,2.429
2,-12.535,-32.781,4.774
4,-3.210,36.151,4.314
4,17.871,-17.618,1.265
2,2.747,26.607,2.264
2,38.660,47.089,0.643
2,35.179,3.583,-1.060
2,27.059,44.183,0.885
2,-16.418,-25.465,6.020
4,18.558,-16.673,1.053
3,28.137,-16.730,0.230
2,-6.658,-36.459,5.078
4,-33.120,-11.544,7.056
2,-11.334,-20.665,4.586
2,25.695,12.204,0.806
2,-18.744,-28.595,5.864
4,2.764,26.947,3.164
2,18.964,11.268,0.854
2,0.595,-11.543,1.703
2,17.865,-39.109,2.727
2,-47.745,-30.994,5.345
2,-46.907,-48.794,1.940
2,-28.232,27.241,2.204
2,-33.940,-5.152,4.887
2,6.717,0.544,0.579
2,-18.825,-16.806,4.868
2,-25.476,-20.496,5.910
2,-3.820,30.574,3.629
2,-28.056,18.111,1.492
2,-20.244,10.412,2.070
2,-49.477,-3.760,6.462
2,-10.517,-16.167,3.618
2,6.896,-38.576,4.671
2,-13.939,2.104,3.305
2,-18.865,-47.801,5.368
2,-41.181,-10.618,6.618
2,-37.511,5.415,3.613
2,31.973,-19.039,-0.303
4,-42.548,26.838,2.696
4,26.407,-15.487,1.343
2,-6.514,-16.139,3.042
2,-5.148,39.724,3.234
4,42.703,20.911,-0.090
4,42.654,21.566,-0.048
2,22.471,-1.205,-1.535
2,-25.819,-30.850,5.825
2,28.725,38.073,0.929
3,-17.075,4.604,2.730
2,-32.315,23.181,1.408
2,-43.505,9.257,2.842
2,2.613,36.539,2.568
2,41.244,-30.152,-1.207
2,-21.136,28.674,2.757
2,33.211,-19.265,-0.579
2,-21.139,-43.408,4.340
2,-47.337,0.874,5.841
2,-12.385,-7.468,2.467
2,3.165,26.828,2.133
2,28.264,-10.177,-0.737
2,15.627,26.524,1.308
4,-3.728,36.197,3.832
2,27.758,31.894,1.411
2,10.686,-46.418,4.899
2,-25.900,-21.309,6.023
2,0.214,26.323,2.927
2,-22.473,-31.984,5.746
2,25.904,38.753,1.340
2,33.097,26.928,2.028
2,35.732,-40.883,-0.736
2,22.703,27.947,2.395
4,-24.380,38.983,3.212
2,-27.720,-3.361,3.476
2,-36.665,-30.966,4.875
2,-10.032,3.175,3.158
2,-37.209,-12.152,6.620
2,-35.833,-9.518,5.928
2,-31.586,49.174,3.082
2,-40.368,10.558,2.645
2,49.253,19.018,-2.014
2,-47.684,23.468,1.906
2,-41.634,17.899,1.848
2,27.324,28.230,1.906
2,2.696,19.077,2.012
7,-49.092,35.262,-7.283
2,-29.859,15.288,1.538
2,-45.455,3.934,4.814
2,47.945,36.813,0.913
4,15.022,-22.064,1.534
2,-29.594,5.421,2.221
2,37.409,-30.856,-1.215
2,-42.864,-12.617,6.685
2,-0.671,-2.271,2.249
2,29.832,-44.185,1.356
2,7.916,-10.243,0.250
2,38.137,0.351,-2.096
4,-34.365,-3.856,5.536
2,-31.771,-9.294,5.827
4,-16.395,-20.201,5.901
2,49.723,23.008,-1.403
2,3.997,17.149,1.450
2,-16.513,5.604,2.765
2,-27.565,27.989,2.171
2,-38.963,-42.784,3.032
2,-8.114,-16.179,3.452
2,39.448,25.356,0.991
2,7.129,28.457,1.644
2,-37.779,17.600,1.471
2,-10.393,36.782,2.917
2,-45.238,38.696,2.318
2,24.802,-25.962,-0.052
2,-30.504,-27.089,5.628
4,-25.535,-35.669,5.728
2,7.245,21.166,0.831
2,-13.135,35.638,3.028
2,-15.942,21.897,2.862
2,28.428,5.677,-0.125
3,28.034,-8.827,-0.449
2,5.219,24.821,1.438
2,17.614,34.151,2.440
2,-24.656,18.493,1.927
2,-7.952,18.467,2.494
2,14.643,-5.695,-0.595
2,6.227,-18.649,2.006
2,-32.951,27.202,1.820
2,-21.990,36.403,2.732
2,-38.882,1.081,5.474
4,-15.532,-19.371,5.727
2,8.218,-42.857,4.742
2,-17.693,-30.046,5.463
2,24.321,39.520,1.800
2,46.962,-21.171,-2.300
2,-36.780,-11.708,6.579
2,-42.422,2.817,5.164
4,2.202,26.455,3.166
2,37.544,29.665,1.505
2,-33.573,-4.106,4.886
2,-45.822,21.043,2.089
4,24.947,-27.098,0.605
2,-19.894,-16.279,5.113
2,-15.089,5.794,2.889
2,-23.711,43.095,2.751
2,43.328,36.457,0.390
2,26.818,-12.172,-0.113
7,-37.813,38.771,-9.078
4,29.850,-8.893,-0.713
4,2.681,36.601,3.311
2,34.818,47.100,0.480
2,11.476,43.769,2.403
2,15.820,-31.110,2.321
2,27.217,-8.784,-0.744
2,-12.483,-1.361,3.201
2,41.776,43.296,0.814
2,-11.835,-1.319,3.087
2,2.856,32.976,2.809
2,14.505,-9.539,-0.561
2,-15.841,14.553,1.428
2,31.707,-9.239,-1.685
2,-3.990,47.869,1.395
2,-22.536,44.686,3.030
7,-17.163,1.766,-3.580
2,38.317,-44.350,-0.808
2,22.026,-29.420,0.839
2,-16.272,48.062,3.191
3,24.945,-26.958,-0.043
2,-42.845,8.795,3.212
2,-1.028,29.730,2.834
2,17.058,17.410,0.672
4,-32.498,-11.326,7.331
4,25.882,15.008,2.297
2,-2.558,-12.171,2.267
2,-6.625,34.726,3.082
4,30.455,9.487,1.539
2,-0.424,-31.945,3.358
2,-19.845,17.458,1.983
2,-42.766,2.342,5.402
2,8.490,5.118,0.517
2,-47.470,-17.113,6.946
4,-34.601,-3.384,5.555
2,-28.047,-37.316,4.323
2,-8.782,10.503,1.260
2,21.649,18.531,1.496
2,-9.455,-2.720,2.719
2,33.917,14.543,-0.064
2,-3.761,-39.137,5.462
2,-25.893,-40.785,4.308
2,27.792,-38.116,0.738
2,36.457,-37.051,-0.718
2,14.903,-45.519,4.193
2,7.341,-30.695,2.960
2,-43.550,10.176,3.050
2,18.216,-42.760,3.370
2,9.395,-15.121,0.966
4,3.544,37.874,3.316
2,-22.893,-6.917,4.189
2,22.676,-1.083,-1.235
2,-1.534,24.136,3.085
2,-7.796,-39.092,5.805
2,-25.308,-49.992,4.140
4,24.239,-26.485,0.701
2,-2.873,-3.242,1.947
2,-26.168,-35.258,5.091
2,31.071,-48.872,1.671
2,47.459,-35.447,-1.258
2,16.811,-9.440,-1.015
2,-25.880,21.945,1.642
4,-5.011,36.106,3.658
2,-38.749,24.183,0.886
2,-38.735,-14.846,6.716
2,-4.056,0.063,3.022
2,-35.988,26.774,1.196
4,-33.569,-4.970,5.931
2,-13.491,11.491,1.361
2,-1.656,-0.675,2.773
2,48.038,44.591,0.767
2,14.704,48.496,1.763
3,-33.621,-40.156,4.564
2,-37.611,41.581,1.915
2,-30.650,-21.182,6.570
2,-14.874,-49.041,6.231
2,-22.049,16.965,1.920
4,18.694,-18.995,1.371
4,41.901,21.311,-0.018
2,-35.603,-3.492,4.883
2,-29.732,-40.912,4.012
2,49.316,1.752,-3.366
2,-3.267,-31.293,3.714
2,34.855,-30.929,-1.004
2,-25.278,40.499,2.482
2,29.752,-22.257,-0.189
2,-22.235,-5.282,3.811
2,-11.708,-26.902,4.728
2,-9.748,33.017,2.961
3,40.907,1.369,-1.501
2,22.505,-41.328,2.317
4,-3.899,40.444,3.325
2,-10.382,32.962,2.976
2,41.323,26.558,0.236
2,-39.626,-44.346,2.920
2,-1.090,41.994,1.894
2,-44.825,-37.577,3.273
2,-36.120,35.525,1.953
2,21.182,-48.980,4.409
2,40.642,-32.449,-1.420
2,48.691,-19.257,-2.382
3,-16.447,4.994,2.998
2,14.067,11.208,0.628
2,7.024,-33.617,3.949
2,18.056,48.373,2.123
2,-30.571,-28.160,5.422
2,28.088,43.316,0.612
2,1.811,36.660,2.776
2,-12.280,-49.949,6.589
2,-41.690,-10.558,6.726
2,22.935,-3.478,-1.184
2,31.718,-48.728,1.528
2,24.842,37.104,1.531
2,-28.837,1.363,2.498
2,30.219,38.594,0.759
2,-41.759,-2.553,6.112
2,25.455,14.065,0.902
2,-23.517,-28.566,6.359
3,-15.903,5.242,3.014
2,-34.739,38.888,2.039
2,-33.051,30.689,2.220
2,13.834,-21.367,0.850
2,-39.375,39.742,1.849
2,16.717,-18.963,0.379
4,-43.910,25.145,2.955
2,-33.804,-30.457,5.174
2,21.639,28.201,2.352
2,-19.210,16.818,1.894
2,-8.863,-26.316,4.537
2,29.110,-28.687,-0.452
2,-21.534,-44.114,4.231
2,11.939,38.308,2.738
2,-41.549,-44.388,2.933
2,-49.272,-30.636,5.538
2,12.783,11.716,0.554
2,-21.226,-47.807,4.856
2,32.054,30.890,1.698
2,-2.431,-5.070,1.928
2,-31.172,35.378,2.369
2,16.394,14.902,0.427
2,2.381,8.753,1.062
2,41.637,-48.230,0.480
3,2.528,36.324,3.075
4,-42.051,-10.591,7.770
2,-13.473,40.819,3.228
2,0.063,42.054,1.530
3,24.685,36.927,2.034
2,-25.958,27.070,2.216
2,-33.604,46.780,2.477
2,-43.320,14.889,2.213
2,-13.316,39.120,3.016
2,-43.649,10.153,3.053
3,23.730,-26.963,0.123
2,-15.018,6.031,2.774
2,45.022,9.045,-2.487
2,15.572,34.309,2.891
2,-37.273,-36.246,3.992
2,-24.513,1.213,2.021
2,-29.541,40.600,2.324
2,-38.894,47.653,2.540
2,-37.715,-23.194,6.065
2,1.623,36.801,2.653
2,-45.568,-0.945,6.249
2,-2.838,4.672,2.561
2,6.496,4.422,0.616
2,24.980,-42.589,2.203
2,45.878,21.298,-1.417
2,-41.175,-15.036,6.858
2,-9.873,-6.044,2.266
2,46.563,44.562,0.568
2,47.485,-43.968,-0.876
2,-13.978,34.256,2.761
2,7.210,-10.235,0.341
2,25.559,34.403,1.413
2,19.182,-28.795,1.168
2,32.346,48.413,0.651
2,35.311,13.383,-0.256
2,16.647,-31.399,2.091
2,12.644,34.381,2.523
2,31.835,-29.574,-0.581
2,7.835,-16.208,1.441
2,-9.249,13.034,1.043
2,31.495,26.452,2.375
2,-17.634,-42.064,4.796
2,17.217,38.208,2.721
2,-21.608,-24.363,6.359
2,26.129,-21.146,0.497
2,26.481,32.532,1.304
3,27.786,-9.561,-0.484
2,-39.649,44.394,2.159
4,-1.227,88.736,2.940
2,16.986,28.576,1.638
2,21.590,42.114,2.108
2,-25.322,1.694,1.844
2,-14.208,-49.708,6.230
4,15.963,-21.669,1.517
2,-32.345,16.450,1.405
2,-38.329,-36.254,3.963
2,28.942,-18.401,0.190
2,-10.315,32.785,3.005
2,40.774,16.118,-0.930
2,33.752,-24.397,-1.073
2,6.442,13.923,0.530
2,39.008,-45.948,-0.313
2,4.758,-13.118,0.787
2,14.022,33.811,2.696
4,32.524,15.327,2.076
2,-32.041,-38.534,4.128
2,0.240,-37.804,4.018
2,43.904,8.566,-2.343
4,-34.674,-3.483,5.466
4,3.085,35.846,3.355
2,-38.610,35.221,1.869
2,-19.681,47.454,2.908
2,-24.436,10.139,2.120
2,44.915,5.704,-2.743
3,-4.226,-17.215,3.273
2,-27.209,29.292,2.105
2,20.419,-7.890,-1.015
2,-4.380,-46.313,5.855
2,-27.959,26.969,2.189
3,28.580,-10.039,-0.473
2,42.476,-13.443,-2.429
2,-12.522,-38.822,5.354
2,-2.989,24.177,2.966
4,-42.632,25.955,2.820
2,-46.118,-35.709,3.856
2,-34.794,-14.315,6.531
2,1.807,-34.943,3.831
2,-17.062,39.643,2.960
2,24.720,38.778,1.676
2,-4.816,39.755,2.768
2,-40.873,-14.518,6.820
2,-35.128,33.155,1.962
2,-44.871,14.117,2.512
4,-42.098,-10.657,7.667
2,-2.367,-24.164,2.855
2,42.186,-37.137,-1.345
2,-48.600,-19.084,6.985
2,-45.852,-21.298,6.471
2,13.196,-49.222,4.991
4,28.738,-16.683,0.711
4,-41.795,24.747,2.699
2,30.317,40.565,0.291
2,47.208,33.779,0.775
4,1.999,36.950,3.496
1,42.917,10.813,-1.631
2,-43.975,-11.553,6.671
2,39.470,12.048,-0.852
2,-6.192,39.597,3.065
3,-43.562,18.392,2.438
2,-39.403,19.381,1.502
2,-48.168,-3.044,6.367
2,26.864,2.464,-1.146
2,24.752,36.129,1.571
2,-4.253,-29.367,3.780
2,-28.331,-46.877,3.955
2,38.825,18.971,0.497
2,9.478,-33.329,3.915
2,-12.268,-17.032,4.327
4,22.959,-1.639,-0.951
2,-38.983,-16.490,6.749
2,-43.865,26.250,2.308
3,-15.205,2.875,3.315
3,27.716,-8.109,-0.493
2,-36.644,-45.903,3.260
2,-12.404,39.791,3.101
2,15.739,-23.045,0.841
2,-29.061,-15.860,5.852
2,24.242,5.942,0.207
2,4.357,-19.293,1.879
2,33.802,45.817,0.289
2,33.044,-6.953,-2.003
2,-28.270,-32.271,5.452
2,16.085,-22.251,0.756
2,25.885,-12.415,-0.121
2,39.688,-47.243,0.033
2,-21.988,36.977,2.612
2,46.738,-12.652,-2.280
2,-45.576,24.086,2.128
2,-0.440,-2.787,2.019
3,-3.277,36.275,3.623
3,-4.603,35.798,3.475
4,-33.344,-5.217,5.526
2,43.985,22.368,-1.021
2,16.485,38.794,2.531
2,35.659,7.566,-0.658
2,-0.713,-22.829,2.558
2,28.625,-18.539,0.243
2,-42.463,-25.721,5.875
2,8.330,47.500,1.035
2,-4.545,-7.593,2.393
2,26.159,4.398,-0.568
3,23.805,-49.747,4.481
2,-14.539,2.037,3.133
2,-11.140,36.584,2.930
2,49.567,-35.361,-1.116
2,37.545,20.889,0.933
2,7.097,-15.937,1.460
4,28.670,-16.052,0.555
2,-12.505,-49.295,6.369
2,-0.669,-10.125,2.089
2,31.701,2.074,-1.063
2,-12.530,0.679,3.347
2,-22.815,22.985,2.303
2,7.478,30.364,1.866
2,-34.674,-40.341,3.757
2,-4.695,30.085,3.594
2,21.502,29.256,2.193
2,-35.409,27.064,1.405
2,-47.873,-14.734,6.786
2,-26.468,36.923,2.187
2,25.003,-41.021,1.755
2,-30.768,35.009,2.444
3,-44.027,24.878,2.747
2,-30.548,-47.573,4.107
2,-25.709,3.055,1.976
3,3.294,36.960,2.969
2,1.993,5.203,1.559
2,-37.985,9.159,2.665
3,28.170,-10.463,-0.507
2,12.870,-4.932,-0.201
2,42.674,2.253,-2.276
2,32.387,18.560,1.379
2,40.141,39.985,0.430
2,-23.545,45.146,3.116
2,13.771,-32.334,2.860
2,22.767,-1.300,-1.588
2,-9.295,39.321,3.062
2,-34.030,-11.414,6.616
2,10.186,-4.026,0.380
2,47.064,45.507,0.660
2,-7.705,2.932,3.095
2,-13.938,25.315,2.956
2,-27.954,-1.351,2.921
2,45.018,-37.557,-1.522
2,10.019,7.389,0.580
2,12.915,28.618,1.837
2,2.602,25.246,2.336
3,-2.417,-35.954,4.316
3,-3.845,40.154,2.991
2,-36.250,-22.071,6.277
2,-33.206,42.655,2.034
2,-21.678,-5.225,3.808
2,-4.715,-16.959,3.033
2,44.411,-36.336,-1.619
2,11.949,-48.004,4.923
2,38.086,-36.476,-1.080
4,16.485,-23.001,2.813
2,-20.676,23.665,2.574
4,-11.157,-41.327,6.421
2,-32.077,42.845,2.183
2,16.901,-38.051,2.959
2,2.184,22.504,2.406
2,13.849,-45.974,4.398
2,-36.600,-29.433,5.183
4,3.738,37.857,2.968
2,-23.011,-13.620,5.155
2,49.706,5.226,-3.230
4,18.201,-23.866,1.499
4,24.715,-25.543,0.594
2,49.588,21.941,-1.576
2,-19.478,-46.787,5.071
2,17.375,37.663,2.692
2,-29.140,47.828,3.109
2,-42.812,-10.770,6.761
2,13.155,48.304,1.449
2,11.415,-28.763,1.984
2,48.679,-8.291,-2.664
2,-8.884,-2.110,2.845
2,47.121,-39.714,-1.305
2,17.199,-49.996,4.701
2,-41.768,-19.833,6.553
2,35.897,-17.100,-0.984
3,41.785,21.514,-0.073
4,17.551,-21.495,2.092
2,-8.807,27.411,3.256
2,5.205,-0.863,1.309
2,16.042,-21.493,0.770
2,-5.093,-49.468,6.312
2,16.328,29.537,1.829
2,-19.664,49.022,2.808
2,-25.749,26.835,2.026
2,-14.956,17.381,1.855
2,35.731,20.577,1.180
2,46.109,14.583,-2.232
3,-44.183,26.309,2.561
2,-34.249,-45.568,3.985
2,-43.102,18.688,2.337
2,7.746,46.705,1.133
2,-43.678,10.409,2.850
2,-21.418,2.925,2.249
2,26.092,1.858,-1.533
2,49.321,-34.454,-1.298
2,-49.800,-23.286,6.832
2,-25.618,-38.394,4.437
2,4.295,-10.925,0.596
4,24.972,36.972,2.216
4,-11.791,-14.341,4.250
2,-17.475,43.579,3.215
2,1.372,-25.728,2.301
3,-3.717,40.374,3.138
4,-42.668,-9.873,7.788
2,-26.397,-20.665,6.121
2,-33.389,-4.754,4.929
2,-25.834,3.024,1.991
2,-12.876,-45.138,5.838
2,-41.084,-22.979,6.245
2,27.336,-46.422,2.643
2,-30.796,12.768,1.363
2,-3.616,29.734,3.391
2,6.164,-12.586,0.306
2,28.296,-8.942,-0.678
2,6.780,-39.204,4.713
2,-20.324,3.747,2.177
2,27.794,-10.474,-0.731
2,-23.387,-29.165,6.340
2,15.144,12.952,0.563
2,4.596,-19.886,1.908
2,2.491,17.088,1.755
3,22.596,-1.291,-1.083
2,3.057,35.640,2.623
4,-42.626,-11.110,7.858
2,-10.633,-40.643,5.708
2,-33.474,-4.587,4.852
2,-15.644,29.051,3.071
3,-23.629,40.444,3.309
2,41.598,40.739,0.615
2,-46.852,47.473,2.297
2,12.716,17.316,0.460
2,-15.795,-20.383,5.297
4,-33.628,-40.654,4.618
2,47.819,-25.405,-2.120
2,-3.371,-34.989,4.044
2,-5.159,37.386,3.133
2,17.011,9.525,0.499
2,44.722,27.203,-0.255
2,45.120,-21.651,-2.072
2,-5.684,39.657,2.757
2,27.307,-10.614,-0.752
2,44.572,37.790,0.465
3,-14.797,4.709,2.842
2,5.865,-12.115,0.393
2,40.979,5.090,-2.021
2,-8.789,14.582,1.471
2,2.588,-8.581,0.891
4,-5.450,36.132,3.659
2,-4.479,28.896,3.377
2,30.290,-40.907,0.342
3,-4.718,40.537,3.266
2,1.796,-41.075,4.909
2,16.088,-24.856,1.078
4,41.825,21.372,0.056
2,44.925,45.252,0.720
2,-4.635,40.404,2.772
2,-43.629,25.827,2.229
2,-16.450,2.105,3.192
2,-42.822,-6.844,6.443
2,-30.206,-25.475,5.854
2,-10.733,-21.472,4.534
2,32.129,33.461,1.423
2,-41.943,25.145,2.192
2,-17.809,-12.175,4.121
2,38.340,40.543,0.491
2,2.527,26.612,2.146
2,-13.782,31.460,3.386
2,42.515,-12.840,-2.581
2,-33.072,-25.955,5.790
2,32.363,46.729,0.237
2,-13.063,46.784,3.325
2,28.647,-30.905,-0.124
2,23.348,-0.878,-1.193
2,25.208,36.062,1.523
2,8.274,3.372,0.326
4,24.140,36.558,2.178
2,45.150,-1.041,-2.324
2,37.707,-9.977,-2.264
2,13.127,30.929,2.434
2,21.438,46.724,1.734
2,-9.232,15.771,1.909
2,49.396,48.423,0.980
2,16.692,26.081,1.249
2,4.229,-26.657,2.309
3,3.905,36.225,3.011
2,-19.770,10.967,2.034
3,-4.649,-14.253,3.184
3,29.323,-9.104,-0.674
2,-14.993,-20.361,5.277
2,-44.051,11.326,3.065
2,-3.392,-9.359,2.428
4,-24.694,39.446,3.200
4,32.978,12.063,0.604
2,22.498,22.697,2.377
2,-36.271,-2.773,4.897
2,25.199,44.810,1.373
2,2.123,26.642,2.149
2,-18.419,11.032,1.849
2,9.106,-27.204,1.446
2,-29.588,31.086,2.309
2,30.950,-47.215,1.657
2,-36.025,-4.968,5.529
2,-28.318,-48.138,3.832
2,39.050,-41.463,-1.230
3,-29.652,49.938,3.245
2,-23.753,-45.180,4.312
2,7.099,-0.437,0.792
2,44.371,43.755,0.679
4,3.444,26.180,2.995
2,-11.034,45.763,3.182
2,-4.805,20.276,2.322
2,-28.561,38.794,2.192
2,-7.940,-17.735,3.629
2,20.905,1.053,-0.841
2,-19.143,3.457,2.334
2,-37.975,-0.439,5.517
2,-36.841,31.068,1.784
2,-1.595,-25.143,2.785
2,-23.286,8.954,1.926
2,36.175,-27.594,-1.217
2,-25.319,-8.740,4.432
4,-4.652,37.392,4.225
4,28.834,-16.189,0.770
2,6.638,-6.593,0.748
2,-35.864,-13.379,6.598
4,-24.622,40.114,3.243
2,26.213,-9.218,-0.370
2,19.950,-22.203,0.164
4,-23.881,38.248,2.967
2,16.762,-41.763,3.412
2,20.631,-10.194,-0.810
2,26.215,17.586,1.266
2,14.777,-49.452,4.677
2,-44.099,37.058,2.252
2,-25.233,-46.997,4.236
2,-48.784,-21.513,6.889
2,16.834,-33.890,2.400
2,-4.048,-24.403,3.434
2,47.018,46.800,0.703
2,-14.778,38.871,2.815
2,21.539,-23.753,0.212
3,-42.603,10.181,3.171
2,39.505,3.113,-1.722
2,33.081,1.098,-1.197
2,4.503,31.254,2.278
2,-47.700,4.398,4.951
2,-19.364,-0.312,3.351
2,-32.957,49.233,3.025
2,-15.546,17.328,1.918
2,-22.970,30.781,2.828
3,-25.218,-34.354,5.330
2,-16.475,11.825,1.637
4,-24.860,39.016,3.020
7,-93.458,128.998,-105.315
2,-4.697,-25.449,3.686
2,-29.561,-29.082,5.477
2,-40.151,0.227,5.939
2,35.180,1.866,-1.476
2,35.358,-16.834,-0.965
2,41.056,17.892,-0.612
2,-35.095,-25.235,5.885
4,29.548,-8.024,-0.502
2,-48.691,-4.051,6.479
2,15.307,-30.066,2.023
2,-17.359,-45.719,5.414
2,-13.657,33.316,3.092
2,-4.919,30.434,3.375
2,-10.246,-13.346,2.902
4,21.071,-18.838,1.024
2,24.400,-25.912,0.013
2,36.126,-0.577,-1.913
2,-6.541,-25.067,4.000
2,-6.158,39.684,3.263
2,-22.252,-22.537,5.999
4,-35.158,-11.734,7.072
2,33.978,44.735,0.449
2,-39.790,-20.203,6.288
3,-42.697,25.441,2.721
2,-16.222,3.873,2.907
2,13.531,36.892,2.721
2,-28.088,19.690,1.499
3,-10.268,33.280,3.365
2,-27.463,27.970,2.039
2,2.967,1.301,1.771
2,-46.230,25.842,2.192
2,3.590,25.636,2.025
3,27.310,-10.060,-0.489
2,-8.238,-1.687,2.810
2,-3.543,24.855,3.026
2,29.368,-20.149,0.132
2,-39.561,-26.523,5.669
2,31.776,-25.531,-0.686
2,-6.735,36.677,3.139
2,-47.906,-30.456,5.351
2,26.026,25.137,2.721
3,-33.999,-3.833,5.341
2,-41.125,-12.066,6.797
2,-26.157,23.385,1.634
2,-1.421,-45.936,5.874
4,-5.654,36.227,4.034
2,-25.054,18.108,1.858
2,-23.430,22.643,2.307
2,-33.072,21.017,1.268
2,-28.709,24.608,1.368
2,-7.675,9.436,1.556
2,14.443,-3.681,-0.359
2,-42.769,23.929,2.193
2,10.479,-26.706,1.280
2,-35.649,18.107,1.270
3,3.024,26.179,2.656
2,9.045,42.495,2.079
2,34.087,40.089,0.690
4,30.212,-10.160,-0.567
2,12.879,45.120,2.364
4,28.263,-11.579,0.470
3,5.580,-36.569,4.578
2,41.528,31.442,0.631
2,7.276,26.394,1.352
2,32.105,-43.210,0.395
2,-5.249,30.229,3.596
4,28.345,-13.613,0.608
2,-10.062,-47.219,6.181
2,-14.122,-48.447,6.031
2,-29.644,44.177,2.661
2,11.308,15.859,0.475
2,-4.199,11.792,1.479
2,-3.757,18.413,2.019
2,-5.675,13.294,1.118
2,-22.344,-48.906,4.624
2,-1.734,21.678,2.483
2,-43.349,20.637,2.061
2,-41.224,37.996,2.088
2,3.428,-40.981,4.888
2,13.610,-28.634,1.727
2,46.507,15.953,-2.359
2,-6.671,-9.988,2.466
2,49.473,10.903,-2.906
2,10.428,24.669,1.057
2,27.171,-10.618,-0.607
2,-41.443,19.126,1.858
2,45.324,-34.207,-1.474
2,21.714,3.916,-0.463
2,-23.745,-22.053,6.070
2,-31.255,-26.807,5.530
2,40.740,-9.360,-2.668
2,14.595,-28.383,1.550
4,2.999,26.245,3.174
2,-46.027,24.619,2.039
2,35.144,-41.487,-0.544
4,24.014,36.702,2.198
2,-17.195,-29.447,5.471
2,42.348,22.755,-0.287
2,3.420,9.244,0.934
2,48.326,17.992,-2.134
2,4.615,-2.158,1.379
2,8.469,46.040,1.565
4,26.021,-17.838,1.258
2,-26.339,41.452,2.527
2,-8.654,-49.393,6.674
2,33.466,9.297,-0.032
2,0.242,14.962,1.410
2,6.436,-4.876,1.053
2,-16.037,-9.622,3.781
2,49.902,16.312,-2.434
2,-24.298,44.496,2.807
2,-18.470,16.223,1.793
2,11.752,14.656,0.464
2,18.875,-29.597,1.330
4,18.311,-18.646,1.471
2,-1.396,4.903,2.141
2,38.029,-11.021,-2.325
2,32.407,-0.623,-1.297
2,0.229,19.866,2.242
2,3.212,10.151,0.898
2,-26.872,27.846,1.890
4,17.825,-21.049,1.176
4,53.051,15.697,0.698
2,12.123,24.942,0.977
4,39.186,0.165,-1.199
4,29.550,-8.873,-0.416
3,29.018,-16.093,0.133
3,-34.277,-40.157,4.193
2,-43.446,10.174,3.013
2,-26.077,15.565,1.899
2,-23.484,39.567,2.571
2,41.882,-4.050,-2.119
2,27.419,-16.409,0.156
2,-42.752,-33.565,4.184
3,-16.449,-20.121,5.687
1,13.714,2.621,-0.057
2,40.079,-39.906,-1.236
2,44.545,35.121,0.378
2,23.613,-11.747,0.044
4,26.775,-18.166,0.946
2,14.739,18.103,0.571
2,48.625,41.315,0.810
2,-38.509,14.917,1.752
3,-19.068,48.017,3.005
2,-39.738,10.564,2.596
2,46.185,5.932,-2.948
2,-14.088,3.186,2.995
2,17.541,42.904,2.129
2,36.564,31.114,1.684
2,-16.441,-46.879,5.707
2,15.744,-48.096,4.340
2,28.010,-18.560,0.094
2,33.837,39.472,0.614
4,-42.327,25.200,2.876
4,14.550,-20.267,2.427
2,-4.562,18.693,2.176
2,48.637,48.654,0.865
2,28.681,-11.676,-0.781
3,3.463,26.334,2.504
2,2.035,36.861,2.603
2,19.559,-19.563,0.399
3,41.701,22.724,-0.163
2,-11.701,-29.439,4.451
2,48.647,35.499,1.095
2,-46.860,36.984,2.050
2,18.404,9.840,0.584
4,19.198,-21.425,1.483
2,-4.752,-48.941,6.152
2,-6.369,-31.669,4.208
3,24.389,36.648,1.974
2,-32.159,-18.302,6.792
2,7.772,38.360,2.016
4,-94.216,-27.375,4.598
2,33.691,42.404,0.707
2,-6.242,49.792,1.855
2,-17.840,18.401,2.236
2,19.807,-43.271,3.170
2,25.217,10.302,0.413
2,39.539,-22.790,-1.255
2,-5.989,10.665,1.339
2,-15.450,7.323,2.455
4,-34.163,-4.515,5.459
3,-42.493,10.123,3.007
2,-5.855,-6.128,2.124
2,-8.147,23.768,3.322
4,26.527,-12.922,0.350
2,46.706,-14.613,-2.444
3,-5.629,40.704,3.005
4,-4.082,40.216,3.363
2,-40.616,-30.103,5.139
2,-15.539,1.898,3.502
4,18.270,-23.391,1.586
2,-22.271,19.954,2.036
2,-35.706,45.931,2.203
2,-45.764,-31.855,5.172
2,-18.989,-14.135,4.398
4,-42.835,-10.299,7.467
2,16.093,-3.327,-0.556
4,-23.325,39.639,3.331
4,17.031,-30.102,2.390
2,-24.143,-9.373,4.601
3,-44.442,26.249,2.770
3,15.815,-30.388,2.180
4,3.265,38.200,3.457
2,6.103,1.071,0.645
2,-35.823,36.050,2.018
2,-4.912,41.061,2.767
2,1.958,21.934,2.365
2,-45.620,-13.475,6.912
2,-9.230,44.385,2.959
2,24.790,36.568,1.537
2,28.232,-49.659,2.573
2,-11.434,-40.742,5.638
2,25.634,14.767,0.827
2,-31.897,25.297,1.719
2,-37.594,11.083,2.142
4,24.838,-49.917,4.492
2,17.835,46.786,1.752
2,-47.379,-38.338,2.786
2,2.802,44.622,1.139
2,49.876,2.260,-3.396
2,44.104,-0.122,-2.088
2,-43.302,-11.132,6.810
2,2.884,-33.649,3.359
2,19.789,-14.151,-0.468
2,16.945,-49.142,4.419
2,-3.130,23.022,2.824
2,-40.242,9.146,3.130
2,-24.390,0.662,2.033
2,-17.870,22.628,2.578
4,-10.891,-16.201,4.254
2,27.382,16.696,1.117
2,-25.188,-25.201,6.621
4,-42.715,25.258,2.914
2,19.581,18.665,1.404
3,7.941,-34.997,4.438
2,11.008,-41.103,4.277
2,20.825,26.894,2.223
2,-3.790,31.048,3.543
2,14.310,-28.881,1.734
3,-9.656,33.087,3.455
2,-45.649,47.162,2.527
2,8.817,18.547,0.592
4,28.390,-15.293,0.848
3,-18.173,5.754,2.788
2,31.637,37.377,1.114
4,23.806,-26.419,0.795
2,-39.346,11.971,1.969
3,28.896,-9.473,-0.538
2,45.027,11.617,-2.010
2,-48.071,5.373,4.666
4,26.634,-12.093,0.514
2,21.122,7.748,0.412
2,-47.284,12.325,3.142
2,-28.515,37.246,2.239
4,-32.540,-3.323,5.340
2,-31.486,34.512,2.447
2,-46.869,-34.470,4.491
2,-24.371,-40.217,4.239
2,-47.730,-14.193,6.862
4,-42.431,24.997,2.924
2,-17.914,-21.786,5.530
2,-13.475,33.955,2.939
2,-6.450,-10.780,2.712
2,35.035,-29.158,-1.014
2,-29.731,-23.530,6.122
3,10.603,-38.728,4.851
2,18.172,43.692,1.861
2,37.053,-3.097,-2.233
2,-31.895,32.232,2.288
2,4.597,-29.163,2.791
2,-11.353,14.118,1.188
2,21.713,33.737,1.794
2,33.814,-23.071,-0.873
2,-5.677,40.820,2.821
2,40.559,-11.893,-2.680
2,18.043,-1.468,-0.712
4,3.818,36.070,3.282
2,-27.034,-40.536,4.132
2,-31.128,-41.410,3.858
2,-32.150,-12.583,6.578
2,-47.560,22.870,1.878
2,-48.887,-0.996,6.099
2,-29.811,46.776,2.994
2,-4.757,-10.664,2.433
4,2.484,26.732,3.348
2,-26.213,-25.405,6.416
2,-14.486,33.849,2.815
2,-22.446,1.718,1.999
2,9.259,-47.545,5.071
2,-7.430,-8.098,2.284
2,-42.646,44.496,2.191
2,-9.963,33.350,2.971
2,18.428,39.578,2.681
4,-17.071,7.049,2.917
2,24.036,27.345,2.351
2,30.543,8.141,0.009
2,5.605,25.743,1.432
2,-16.321,-49.686,6.289
2,43.150,38.071,0.411
2,-12.440,27.770,3.115
2,29.908,-5.934,-1.332
2,-15.769,20.066,2.472
2,7.511,20.483,0.764
3,-18.641,-49.772,5.969
2,19.520,1.340,-0.729
2,-17.570,44.197,3.194
3,-10.421,32.749,3.424
2,23.714,-27.605,0.030
2,-4.410,26.966,3.376
2,-23.420,39.486,3.040
2,-44.066,10.837,2.850
2,-3.747,40.445,2.793
2,-16.211,30.089,3.119
2,42.564,9.895,-1.563
3,-4.875,40.492,3.221
2,40.643,-26.520,-1.248
2,10.212,-10.810,-0.014
2,-17.973,14.728,1.672
2,-15.069,1.752,3.538
4,-33.505,-2.770,5.811
2,37.987,42.122,0.609
2,43.408,0.054,-2.034
4,-33.986,-39.752,4.823
2,5.970,-31.071,3.253
2,45.421,-4.679,-2.486
2,38.253,16.162,-0.252
2,-15.859,-20.283,5.449
2,-4.676,31.001,3.567
2,-3.705,-9.916,2.311
2,-4.498,-3.926,2.104
4,29.607,16.990,2.841
2,-9.507,43.685,2.997
2,23.407,-38.459,1.798
4,-42.897,-10.499,7.780
2,45.318,37.007,0.469
2,11.405,-5.534,0.275
2,-0.522,-1.373,2.623
2,5.881,20.603,1.073
2,-44.182,9.248,3.320
3,-15.639,5.126,2.970
2,45.065,-30.364,-1.570
2,19.250,-27.488,0.948
2,-46.828,17.303,2.108
2,41.557,32.154,0.720
3,-17.306,3.541,3.036
3,-4.229,-15.669,3.067
2,-24.374,-0.324,1.959
3,29.643,-10.379,-0.731
2,28.970,-40.324,0.684
2,-46.639,-13.084,6.962
4,-14.084,3.263,3.543
2,10.667,-49.211,5.241
2,43.959,42.124,0.587
2,-14.006,37.834,2.913
2,-28.483,-5.934,4.574
4,-33.991,-2.834,5.793
2,-17.958,-36.108,5.048
2,11.121,11.404,0.688
2,-23.639,24.458,2.236
2,18.339,-8.553,-1.222
2,-39.826,-48.597,2.815
4,24.108,-0.991,-0.814
2,-13.800,0.087,3.464
2,-30.805,-39.659,3.985
7,-9.674,29.428,-8.338
3,28.371,-10.325,-0.386
2,-15.040,1.855,3.547
2,-22.703,4.518,1.954
2,9.557,28.348,1.690
2,28.095,-9.529,-0.733
2,-12.449,1.427,3.329
2,9.029,-26.590,1.367
2,-42.933,-14.359,6.855
2,18.056,5.400,0.197
2,-6.213,-16.775,3.013
3,23.735,0.479,-1.540
3,26.485,-13.132,-0.127
2,15.407,-32.053,2.487
4,31.980,10.459,1.566
2,12.433,-27.423,1.373
2,23.999,4.325,-0.508
2,-17.611,25.510,3.016
2,10.878,-6.564,0.478
2,-26.187,1.660,2.079
2,-29.150,25.311,2.003
4,-4.085,-15.796,3.301
2,29.991,-49.868,1.951
2,46.777,-45.837,-0.375
2,3.923,28.904,2.209
2,-0.163,-3.549,1.761
2,-34.312,-12.594,6.648
2,-22.352,-16.008,5.300
2,-27.106,-35.503,4.988
2,-43.746,-12.595,6.655
2,35.332,47.568,0.363
2,-4.976,29.249,3.461
3,-17.575,5.731,2.724
4,24.254,-26.208,0.825
2,-11.916,28.862,3.337
4,27.190,-18.029,1.374
2,9.630,27.009,1.483
7,43.443,10.710,-6.892
2,16.089,38.280,2.662
2,-31.236,-43.002,4.024
2,-7.159,-24.774,4.085
2,-28.049,26.384,1.919
2,-27.297,32.925,2.388
2,-42.648,47.543,2.589
2,-21.164,-25.678,6.401
4,23.015,-21.430,2.208
2,47.966,-12.420,-2.170
2,-28.135,22.091,1.356
2,-20.260,42.449,3.083
4,-18.307,30.788,4.876
2,12.364,-2.864,0.250
2,5.918,-19.783,1.870
2,21.693,-48.039,4.001
2,-27.716,45.180,2.797
2,-1.896,8.126,1.837
2,39.980,-24.747,-1.429
3,2.391,36.036,3.296
2,-9.709,28.867,3.186
2,21.072,12.671,1.100
2,33.067,-21.614,-0.390
2,7.348,2.560,0.474
2,20.137,-26.430,0.656
2,-36.099,4.981,3.464
2,-33.932,-39.973,3.849
4,-33.953,-4.048,6.086
2,-48.314,-31.419,5.360
2,-41.094,-20.517,6.399
2,44.714,-8.139,-2.040
2,-27.490,-33.824,5.342
4,19.329,-21.000,1.716
2,38.135,-10.362,-2.305
2,31.978,-45.032,0.866
2,-10.532,-29.917,4.301
2,-16.698,46.045,3.116
2,-0.145,-30.484,3.032
4,2.913,27.153,3.072
2,-5.551,30.225,3.200
4,-34.162,-13.057,7.058
4,-35.609,-3.070,5.852
2,45.960,-29.038,-1.838
2,44.375,-46.592,-0.043
2,45.101,32.343,0.405
2,2.624,35.905,2.562
2,0.639,-39.669,4.523
2,17.434,-17.819,0.148
2,30.270,-5.412,-1.541
2,-46.174,-32.259,5.099
2,-6.509,-14.652,3.358
2,-0.834,40.270,2.449
2,-10.614,16.846,1.946
2,-28.410,25.613,2.024
2,-35.995,40.760,1.890
2,5.815,-44.426,5.361
2,49.950,-45.507,-0.690
2,-34.334,-40.401,3.703
2,-22.483,39.976,2.648
2,33.940,41.715,0.804
3,28.011,-8.579,-0.642
2,2.781,26.424,2.135
2,5.409,7.534,0.805
2,-36.766,-4.663,5.350
2,25.365,36.218,1.622
2,-3.701,15.696,1.640
2,26.528,-13.682,-0.258
2,25.410,42.942,1.205
4,27.234,-11.282,0.419
2,-2.203,-12.651,2.210
4,-12.435,-15.230,4.053
2,37.758,-39.969,-0.981
2,41.770,-45.080,-0.578
2,-32.426,1.619,3.415
2,-23.221,24.800,2.338
2,12.473,38.571,2.819
4,-29.817,24.850,2.071
2,39.513,-24.403,-1.457
2,31.929,-28.739,-0.546
2,44.822,-24.299,-1.629
2,23.743,17.642,1.685
2,14.365,-29.489,1.995
2,27.878,-10.554,-0.648
2,38.695,-35.687,-1.189
2,27.579,-9.210,-0.763
2,-48.643,17.040,2.560
2,-2.160,-40.630,5.372
2,-6.538,5.724,2.641
2,-47.344,49.174,1.897
2,24.773,-19.542,0.571
2,-39.777,-17.532,6.766
2,-27.930,-46.195,3.968
3,-4.464,40.087,3.140
2,-34.265,-11.092,6.429
2,-43.108,14.265,2.216
4,-42.189,-11.262,7.917
2,-47.489,-28.911,5.500
2,9.523,-10.660,0.118
2,39.537,-45.073,-0.638
2,-3.456,30.562,3.618
2,-12.677,19.650,2.328
2,-7.905,10.770,1.393
2,-33.309,10.314,1.814
2,-41.721,9.076,3.113
2,6.646,21.152,0.913
2,-46.515,-25.330,5.960
3,-4.546,-15.502,3.160
2,12.383,18.638,0.608
2,2.811,-15.051,1.510
2,-40.480,34.416,2.028
2,-21.784,-47.449,4.780
3,17.722,-30.622,2.117
2,-10.499,-8.514,2.373
2,-10.641,33.223,3.227
2,-44.315,46.061,2.577
2,-14.328,-12.414,3.171
4,27.867,-18.684,1.454
2,8.113,-41.142,4.585
2,23.965,-40.776,2.024
2,24.982,7.591,0.387
2,44.407,34.142,0.438
4,-12.258,-41.361,6.095
2,-36.172,-36.193,4.034
2,12.605,-1.972,0.035
2,-2.936,14.752,1.553
3,-42.955,10.349,3.051
4,-14.279,-20.136,5.772
2,18.488,-47.275,4.039
4,28.130,-16.962,1.108
2,-44.147,3.103,5.071
2,32.435,29.532,1.915
4,-42.811,-10.671,7.435
2,49.851,-15.047,-2.259
2,-43.705,18.864,1.990
4,-18.992,29.900,4.965
2,-17.842,37.276,2.920
2,-42.411,-11.509,6.699
2,35.331,17.881,0.764
2,-21.936,-31.906,5.832
2,12.783,24.801,0.915
2,40.654,19.996,-0.190
2,18.965,-25.322,0.766
2,3.981,-11.486,0.758
2,-15.626,7.834,2.406
2,-19.184,6.864,2.106
2,3.599,38.275,2.332
2,-23.977,0.446,2.014
2,-15.788,1.160,3.332
2,-20.953,24.347,2.628
2,47.373,13.207,-2.311
2,-42.470,-16.883,7.048
3,24.704,-26.426,0.299
2,22.950,42.817,1.843
3,-3.904,36.106,3.561
2,11.195,45.654,2.010
3,5.998,-35.744,4.541
2,9.540,33.209,2.335
2,-28.165,39.743,2.175
2,-14.450,-37.861,5.129
2,-10.683,-17.954,4.199
2,45.103,22.132,-1.290
2,45.856,-10.305,-2.329
2,2.003,-16.244,1.971
2,-46.284,-44.138,2.462
4,-33.789,-13.203,7.230
2,-13.838,48.695,2.974
2,-28.087,-33.035,5.410
2,1.613,-30.261,2.848
2,-26.653,-6.560,4.329
2,-43.459,19.865,1.993
2,28.986,42.382,0.334
2,-48.121,46.736,2.273
2,-5.560,41.909,2.348
2,-5.668,13.944,1.186
2,-4.716,36.157,3.203
2,17.156,4.810,0.242
4,3.028,26.583,2.690
2,45.233,-8.912,-2.207
2,-19.053,-0.782,3.518
2,-8.783,18.329,2.525
2,-32.922,44.736,2.270
2,-49.222,6.169,4.632
2,34.499,2.399,-1.312
3,24.969,37.032,1.759
2,-20.404,-46.334,4.838
2,36.529,4.967,-1.093
4,-27.445,23.419,2.174
2,-41.307,42.604,2.202
2,-10.219,33.222,3.263
2,-15.273,8.261,2.302
2,38.760,-40.071,-1.175
2,19.861,4.623,-0.233
2,-31.104,-28.078,5.404
2,47.938,4.205,-3.165
2,-8.965,-27.183,4.515
2,-16.190,-19.854,5.245
2,-43.438,9.602,3.199
3,16.989,-31.094,2.452
2,7.119,5.686,0.585
2,-4.590,-41.760,5.808
4,24.485,35.994,2.127
4,2.949,26.067,3.158
2,-17.254,17.401,1.899
3,-15.329,2.735,3.326
2,-41.993,26.589,1.748
2,-4.668,31.180,3.568
2,9.008,11.270,0.583
2,-14.250,40.341,3.177
2,-16.329,0.906,3.421
3,-43.761,-10.891,7.175
2,38.091,18.433,0.563
2,-6.408,14.397,1.224
2,19.222,-46.396,3.770
2,0.563,-49.099,5.770
4,2.985,36.322,3.367
2,-27.481,-26.688,6.190
2,26.456,-22.602,0.418
2,-34.572,-12.004,6.645
2,-44.131,-4.226,6.573
2,-45.511,-9.352,6.746
2,20.159,20.608,1.744
2,18.240,24.059,1.617
2,31.037,40.533,0.278
2,1.270,9.736,1.047
2,-42.492,16.994,1.884
2,-10.675,4.987,2.497
3,3.311,26.423,2.225
2,-20.614,-5.587,3.809
4,16.337,-30.175,3.049
2,4.014,-30.568,3.061
4,27.505,-17.157,1.277
2,32.127,-24.621,-0.721
2,12.433,33.483,2.440
3,-34.517,-10.563,6.660
3,-4.084,-14.815,3.178
2,2.091,-44.149,5.730
2,-47.047,-12.681,6.953
2,-16.198,-37.591,5.072
2,-28.228,-26.660,5.973
2,-49.233,-7.162,6.830
2,16.069,-30.497,2.001
4,-33.068,-11.631,7.269
2,15.108,31.802,2.264
2,24.402,-25.128,-0.087
2,38.926,34.215,0.737
2,-43.635,41.840,2.284
2,-10.456,32.952,3.277
2,-11.329,10.685,1.399
2,-38.599,-43.888,2.965
2,23.017,17.449,1.597
2,5.879,39.193,2.062
2,-35.289,33.709,2.042
2,-33.234,-49.952,3.838
4,16.036,-19.590,1.085
2,-38.207,6.482,3.554
2,0.286,-22.524,2.545
2,-5.049,21.140,2.531
2,-8.893,-42.810,6.386
2,17.767,-42.435,3.336
3,2.554,26.046,2.559
2,-4.219,18.067,2.037
2,12.929,20.448,0.799
2,-10.937,-10.436,2.518
2,-25.831,25.732,1.996
2,-8.144,17.948,2.450
2,-3.755,-49.871,5.854
2,10.104,37.534,2.377
2,-4.447,35.551,3.260
2,5.036,-15.459,1.445
2,-34.861,17.658,1.297
2,40.703,16.655,-0.811
2,-13.426,21.781,2.648
2,-28.443,-43.084,4.053
2,25.613,20.572,2.252
2,-37.875,-13.901,6.702
2,33.789,16.775,0.609
2,9.362,-19.450,1.582
2,-28.913,-31.821,5.337
2,16.807,-8.656,-1.021
2,-1.181,39.822,2.601
2,32.032,5.896,-0.423
2,45.916,-20.750,-2.257
3,-43.037,10.894,3.251
4,-23.516,38.897,3.225
7,28.321,-58.813,-1.722
2,43.337,-12.368,-2.608
2,21.704,33.143,1.921
2,23.900,36.596,1.604
2,32.948,40.248,0.475
2,-41.615,15.510,1.997
2,-25.880,-19.859,5.983
2,4.470,46.254,0.934
2,-10.207,32.782,3.221
2,30.568,34.591,1.387
2,-12.037,-4.635,2.904
2,-14.080,43.660,3.739
2,2.658,14.223,1.016
4,27.887,-16.327,0.848
2,38.821,39.228,0.231
2,-5.294,-15.432,3.048
2,-0.442,41.171,2.088
2,-3.278,30.436,3.422
2,-27.282,-21.371,6.209
2,26.752,-42.062,1.581
2,-26.843,21.605,1.433
2,38.163,-35.824,-1.076
2,-19.080,19.430,2.375
4,24.607,-27.091,0.800
2,-13.988,26.420,2.877
2,40.809,24.564,0.548
2,28.461,-10.751,-0.760
2,30.002,-28.216,-0.417
2,24.479,-23.702,0.112
2,31.031,-32.032,-0.129
2,33.109,13.618,0.020
2,-14.449,2.492,3.458
2,39.661,-45.827,-0.316
2,-25.506,-12.591,5.770
2,8.368,0.096,0.465
2,-24.093,-0.113,1.976
4,-6.218,41.433,3.227
3,2.982,37.621,3.035
4,42.394,21.437,0.060
2,29.192,6.503,-0.109
2,15.867,-23.998,1.256
2,-47.022,3.651,5.093
2,-10.181,32.849,2.962
2,-17.218,-19.670,5.184
2,45.053,47.776,0.746
7,-26.270,24.635,-7.180
2,-22.682,33.864,2.776
3,-15.545,5.286,3.022
2,-15.083,-25.553,5.796
2,-6.023,-16.336,3.190
2,16.982,10.062,0.517
2,-5.003,-42.952,5.987
2,10.838,35.950,2.676
2,-9.425,47.081,2.591
2,19.924,-43.973,3.283
2,-33.384,38.132,2.358
2,13.793,-39.318,3.923
2,49.822,14.365,-2.767
4,24.301,-26.367,0.771
2,-0.353,-14.484,2.011
2,19.921,35.986,2.193
2,37.783,-22.271,-0.826
2,-25.191,-49.380,4.143
4,25.728,-11.679,0.492
2,-37.720,38.726,1.576
4,-5.224,40.176,3.391
4,28.930,-15.110,1.250
2,14.272,-34.538,2.926
2,-20.772,-25.260,6.367
2,-3.260,30.105,3.464
2,17.951,-28.699,1.377
2,-44.597,-28.318,5.552
4,-4.687,40.465,3.423
2,19.485,-26.286,0.768
3,-41.582,10.504,3.171
2,-12.039,-17.419,4.349
2,8.543,-7.812,0.509
2,-45.226,-30.556,5.374
4,-33.907,-40.656,4.697
2,47.508,-9.775,-2.532
2,-6.629,18.628,2.458
4,-4.934,36.166,4.301
3,-4.499,-15.721,3.302
2,42.452,46.534,0.516
2,16.284,-22.773,0.841
4,20.425,-23.402,1.528
2,49.830,32.779,0.730
2,-24.698,-23.450,6.315
2,-24.752,1.552,1.858
2,-43.806,42.373,2.327
2,-36.195,-0.717,5.075
2,11.847,-38.544,4.331
2,-41.195,16.209,1.853
2,20.996,43.951,1.744
2,0.081,34.329,2.795
2,28.459,-17.213,0.266
2,33.217,-28.275,-0.866
4,15.565,-21.473,1.543
2,23.198,-31.900,0.616
2,17.428,-36.800,2.619
2,-38.038,32.334,1.886
2,-5.765,-16.758,3.046
3,-44.217,25.818,2.613
3,29.262,-8.211,-0.557
2,-27.901,-42.988,4.040
2,-10.789,-46.743,6.077
2,43.522,2.650,-2.540
2,-12.316,-16.900,3.614
2,26.683,25.607,2.540
3,-42.554,19.661,2.246
3,29.168,-9.086,-0.728
3,41.785,22.612,0.050
2,-12.983,-25.730,5.266
2,-2.933,-28.990,3.613
2,9.265,-42.384,4.397
2,-28.707,-6.688,4.805
2,-28.353,-17.807,6.133
2,26.456,-49.186,3.486
2,17.715,-41.576,3.197
4,27.053,-13.437,0.636
2,38.926,-38.237,-1.128
2,-0.294,-17.410,2.368
4,2.010,-8.123,2.625
2,-47.028,13.173,2.929
2,-15.335,-10.439,3.546
2,-24.209,40.547,2.654
2,45.103,-13.819,-2.531
4,-42.616,24.386,2.910
4,-35.744,-3.618,5.934
4,26.007,-13.402,0.493
2,-2.079,-21.306,2.727
2,16.265,46.184,1.887
2,6.173,22.476,1.058
2,7.305,-17.501,1.656
2,21.107,8.410,0.464
2,-20.185,-42.902,4.670
2,27.197,9.488,0.100
2,44.622,-23.555,-1.857
2,27.484,-25.421,-0.313
3,41.619,22.703,0.056
2,33.888,-4.134,-1.687
3,-9.780,33.303,3.375
2,-13.367,-26.832,5.018
3,17.725,-21.086,0.674
2,39.831,-22.303,-1.303
2,-19.120,-15.433,4.638
4,-33.500,-11.240,7.230
2,-26.758,32.930,2.408
2,-27.330,14.482,1.946
2,-27.887,-39.413,4.031
2,-28.201,-9.032,5.074
2,-15.979,0.877,3.595
4,-32.982,-12.188,7.318
4,-42.019,10.715,3.174
4,-33.086,-39.155,4.769
2,-2.197,0.239,2.899
2,-14.435,-35.171,4.947
2,-31.922,49.624,3.057
2,-27.484,-19.984,6.240
2,-7.079,45.364,2.025
2,47.997,7.919,-2.927
2,-32.981,-29.132,5.427
2,-37.595,16.221,1.731
2,-2.317,36.581,3.065
2,-2.286,-29.466,3.509
2,-35.849,34.756,2.025
4,3.404,37.125,3.451
2,-19.223,41.863,3.130
2,-6.902,48.473,1.800
2,-10.756,29.074,3.256
3,39.135,1.137,-1.576
2,-43.688,23.996,2.239
2,-26.710,-45.651,4.036
2,28.635,-31.656,-0.041
4,-19.033,30.969,4.730
3,-33.823,-4.509,5.181
4,24.038,-0.676,-0.670
2,27.603,-17.452,0.172
2,-13.131,8.061,1.992
2,-14.118,0.724,3.325
2,-29.430,23.914,1.420
2,-15.866,-23.138,5.554
2,-43.191,24.663,2.185
2,-5.297,31.578,3.496
2,-9.542,-40.243,5.902
2,41.217,-4.050,-2.133
2,-38.169,30.646,1.721
2,-7.558,-45.874,6.208
2,6.340,-44.224,5.333
2,6.825,-30.017,2.653
2,2.066,44.754,1.003
2,-4.846,16.507,1.680
4,24.429,-25.448,0.451
2,12.801,-14.030,0.050
7,-42.204,-30.788,-8.987
4,33.130,12.871,1.303
2,38.762,-48.797,0.180
3,-42.894,25.840,2.441
2,-49.035,-24.620,6.509
2,13.611,-22.553,0.880
2,-5.210,7.459,2.064
2,-31.926,-36.874,4.346
2,17.735,-49.787,4.726
2,48.538,-34.365,-1.317
2,-8.183,21.175,2.850
2,19.194,49.811,2.256
2,-44.541,23.686,2.277
2,-0.631,16.156,1.726
3,-10.533,32.959,3.306
2,-3.251,-42.098,5.878
2,-35.717,2.979,4.010
2,24.563,-40.653,1.783
2,46.221,45.763,0.758
3,-16.346,-19.357,5.234
2,-43.615,-32.834,4.477
2,18.759,24.942,1.707
2,-9.052,3.783,2.975
2,41.174,20.530,-0.419
2,34.731,-0.795,-1.539
2,-42.083,-2.016,6.170
2,-18.885,21.434,2.384
3,13.622,-21.285,1.302
2,-26.589,27.986,1.952
2,21.192,-22.001,0.371
2,-16.334,1.573,3.420
2,26.724,-8.575,-0.590
2,27.927,1.031,-1.487
2,-35.381,-28.422,5.459
2,-5.609,-13.077,3.031
2,-2.062,-9.969,2.309
2,-46.718,-21.856,6.405
2,-36.118,-35.521,4.202
2,46.340,-41.765,-1.401
2,30.792,31.270,1.743
2,-27.421,25.818,2.055
2,-23.825,-9.805,4.792
2,-4.021,-2.785,2.235
2,-42.304,26.060,1.832
2,35.352,-2.737,-1.841
2,-27.121,-48.027,4.075
4,27.572,-12.662,0.567
2,-10.588,33.666,3.070
2,-49.171,-16.268,6.971
4,24.575,35.837,2.138
2,27.294,-7.454,-0.558
2,-16.011,40.602,2.842
2,26.289,-35.244,0.573
2,21.963,30.756,2.216
3,25.098,-26.820,0.038
2,17.924,27.575,1.587
2,-25.500,-47.783,4.180
2,-27.443,27.892,1.893
2,-5.289,-48.820,6.301
2,-30.111,-34.614,4.978
2,31.859,-41.351,0.023
4,-12.048,-14.883,4.249
4,26.820,-17.955,0.777
2,-2.719,-33.891,3.850
2,31.946,-21.442,-0.315
2,-46.880,-38.050,2.875
2,-34.654,-4.903,5.563
2,32.925,-41.780,0.020
2,26.485,49.313,1.633
2,-45.411,-5.417,6.487
4,16.117,-23.187,2.779
2,-16.238,31.177,3.119
2,43.948,11.814,-1.673
2,-9.896,41.464,3.013
2,-13.457,-39.958,5.291
2,41.315,-2.167,-2.149
2,22.024,5.373,0.186
4,-11.124,-14.126,3.890
2,45.154,-3.962,-2.320
2,-19.754,-21.948,5.647
2,23.001,9.027,0.592
4,26.542,-15.671,0.897
3,-5.613,40.204,3.017
2,-3.923,-41.681,5.788
4,28.408,-16.716,1.457
2,25.571,-12.002,0.092
2,34.961,-34.753,-0.706
4,16.607,-30.852,2.996
2,13.791,-25.869,1.081
2,-22.780,-42.637,4.226
4,17.169,-20.856,1.655
2,-9.811,-49.934,6.731
4,24.750,-26.489,0.711
2,-48.931,24.324,1.718
2,16.520,-48.369,4.261
2,35.362,38.201,0.444
2,-24.756,-26.112,6.542
2,0.130,-38.406,4.253
2,6.515,-25.721,1.667
2,-37.801,29.716,1.739
2,37.848,-7.231,-2.328
4,23.998,-1.002,-0.828
4,-41.712,18.095,2.405
2,24.696,-32.424,0.448
2,-10.068,8.412,1.539
2,-49.059,-22.773,6.705
4,18.392,-26.028,2.345
2,-8.495,-9.122,2.342
2,5.931,31.706,2.296
2,9.180,-22.133,1.070
2,41.277,49.939,0.292
2,6.650,-42.311,5.014
2,-32.477,-27.412,5.561
2,-22.428,-4.628,3.680
2,-0.847,19.204,2.396
2,20.794,22.350,2.005
2,17.188,5.426,0.274
2,-35.653,-5.754,5.427
2,-16.311,-9.131,3.822
2,-10.362,32.855,3.027
2,40.723,-7.069,-2.117
2,38.131,42.807,0.699
2,22.219,-0.474,-1.537
2,25.444,-45.781,2.974
4,25.665,14.406,2.291
2,49.077,39.289,1.119
2,9.385,31.025,1.943
2,-43.968,-45.876,2.600
2,7.856,-26.974,1.696
4,-42.724,-9.925,7.334
2,-4.584,6.318,2.427
2,-10.685,33.616,2.982
2,41.988,-25.160,-1.464
2,-20.906,-11.003,4.690
2,47.152,7.878,-2.961
2,44.084,-28.077,-1.856
2,0.922,-28.709,2.745
2,29.291,23.799,2.609
2,-13.698,8.440,2.015
2,-18.992,-35.765,5.056
2,48.972,-26.125,-2.449
2,8.287,-3.859,0.768
2,15.542,-24.657,1.151
2,35.879,38.701,0.409
2,-46.841,-28.639,5.567
2,2.723,11.663,0.901
3,28.177,-8.652,-0.534
2,47.149,-29.815,-3.665
2,-12.265,-38.110,5.452
2,39.564,30.225,1.193
4,-34.601,-3.266,5.647
2,29.018,-10.551,-0.937
2,15.705,14.505,0.474
4,37.022,0.507,-1.258
4,16.780,-29.414,2.976
2,36.805,-46.485,-0.121
2,-44.765,25.317,2.281
2,-44.574,-5.280,6.527
3,24.650,35.514,1.996
2,-36.533,36.212,1.977
2,-38.403,-21.179,6.270
2,-40.992,-37.656,3.382
2,-1.035,-24.997,2.548
4,16.794,-23.073,1.507
2,-13.961,23.643,2.843
3,-15.197,-19.897,5.230
2,-4.903,31.104,3.566
3,43.119,-15.129,-2.478
2,-4.650,36.853,3.064
2,-15.751,0.631,3.302
2,-23.446,-48.436,4.395
2,44.705,24.911,-0.919
4,17.420,-30.785,2.506
2,-32.325,-15.382,6.399
2,-40.811,4.196,4.550
4,-42.134,24.620,2.812
4,-34.654,-5.101,5.842
4,27.337,-17.778,1.029
2,-28.953,-26.677,5.862
2,-12.610,-27.405,4.750
4,2.674,26.277,2.938
2,41.265,33.115,0.616
2,33.230,-5.854,-1.854
2,22.937,-0.526,-1.588
2,13.886,27.189,1.529
2,-36.583,43.031,1.855
4,16.679,-20.392,1.441
3,-6.782,-17.406,3.525
2,5.946,-33.667,3.980
2,4.177,26.728,1.853
2,-46.522,-4.960,6.404
2,-31.396,-34.697,4.756
2,-3.352,34.117,3.410
3,24.698,-26.437,0.423
4,-11.329,-42.003,6.928
2,-36.699,-24.053,5.908
2,-36.576,-31.538,4.784
2,-11.485,-46.896,6.071
2,-10.867,-16.227,3.641
2,19.717,11.640,0.990
2,35.116,34.076,0.853
2,7.904,-47.123,5.169
4,17.098,-29.875,2.828
2,-49.164,39.357,2.335
2,-41.090,-38.574,3.398
2,28.156,26.329,2.386
2,3.412,34.841,2.734
2,-5.512,-37.282,5.359
3,-42.458,9.721,3.160
4,31.988,15.964,1.580
2,-28.339,6.261,1.685
2,19.347,-11.265,-1.139
2,21.759,40.582,2.165
2,3.645,-9.181,0.623
2,40.050,-48.820,0.463
2,13.028,21.422,0.937
4,-33.132,-3.171,5.408
2,29.703,-10.348,-1.059
2,-1.570,-18.087,2.449
2,-12.940,-20.180,4.736
3,40.757,22.621,-0.060
2,2.467,24.551,2.416
3,41.187,21.713,-0.022
2,-47.535,-48.431,1.761
4,-34.692,-3.220,5.541
2,-5.248,-15.644,3.013
2,-43.087,32.678,1.846
4,23.653,-0.039,-0.445
4,-4.238,36.704,3.866
2,43.841,34.043,0.423
4,29.383,-8.512,-0.420
2,-41.160,5.907,4.070
2,-47.237,-25.654,6.041
2,-4.433,30.286,3.393
4,21.734,-22.177,1.004
2,14.390,46.947,1.957
2,-45.909,26.477,2.304
2,-16.408,12.709,1.419
7,-8.866,-41.032,-10.176
3,-5.222,-16.187,3.240
2,29.463,37.701,0.932
2,25.531,-4.377,-0.889
4,18.051,-18.468,1.323
3,-43.133,11.109,3.234
2,15.585,-6.273,-0.754
3,-16.423,4.885,2.957
2,-11.222,-49.001,6.438
2,42.099,-28.459,-1.272
2,-9.824,-31.405,4.220
2,-4.872,31.329,3.505
2,-43.383,11.380,3.130
2,11.714,19.678,0.823
4,25.001,36.498,2.096
2,27.136,-10.435,-0.529
4,-35.470,-3.535,5.980
2,8.274,42.356,2.019
2,-7.450,-20.930,4.124
2,-3.433,46.837,1.292
2,7.972,0.538,0.420
3,23.215,-26.774,0.459
2,28.340,40.896,0.559
2,17.115,-30.864,2.067
2,-27.251,18.238,1.781
2,48.115,44.042,0.791
3,-4.206,-17.078,3.252
2,32.924,-12.598,-1.712
2,16.055,-4.831,-0.725
2,-34.652,-45.213,3.980
2,7.430,34.150,2.384
2,-13.162,0.228,3.527
2,2.098,-33.014,3.462
2,49.845,-11.034,-2.269
2,20.610,48.368,1.959
2,20.778,-16.278,0.073
2,48.352,43.082,0.675
3,29.051,-9.461,-0.578
2,24.353,36.538,1.544
2,-5.279,-26.823,3.818
2,-37.156,-5.993,5.439
2,26.248,-19.429,0.633
2,-45.492,5.185,4.282
2,-12.810,-19.208,4.738
2,27.761,4.819,-0.355
2,5.010,-30.046,2.987
2,35.050,-32.811,-0.950
4,27.074,-11.539,0.396
2,-19.059,17.569,2.012
3,-24.492,39.590,2.945
2,15.494,-2.599,-0.384
2,10.503,-23.430,0.901
2,24.819,35.743,1.548
2,-26.072,26.927,1.940
3,41.980,22.658,0.066
2,-34.195,-30.860,4.994
2,-14.889,-41.198,5.131
2,21.669,-38.946,2.125
2,-34.258,-4.641,4.867
2,-37.324,-37.331,3.611
3,27.230,-13.449,0.105
2,15.339,-15.352,-0.104
2,12.221,-8.493,0.192
2,-24.828,-8.405,4.291
2,-41.155,8.708,3.272
3,-5.143,-17.027,3.395
2,3.836,29.494,2.314
2,-28.360,42.834,2.477
2,-21.709,45.599,3.017
2,-14.037,35.863,2.918
2,31.972,-38.744,-0.002
2,41.592,37.633,0.539
4,17.159,-20.432,1.764
2,-15.443,43.929,3.473
2,43.539,38.534,0.384
2,30.925,-38.538,0.160
2,1.712,37.373,2.606
2,30.052,47.556,0.829
2,32.206,47.858,0.582
4,-41.435,-10.766,7.458
2,-47.049,-43.487,2.394
2,45.231,-48.206,0.127
2,21.696,-2.444,-1.383
2,-26.261,24.018,1.642
2,8.244,25.386,1.188
4,2.865,26.311,3.036
2,-1.508,-34.342,3.963
2,43.589,13.019,-1.496
2,30.643,5.915,-0.292
2,-4.691,29.104,3.382
2,-25.823,2.716,1.912
2,-14.801,-8.506,3.412
4,22.539,-0.420,-0.591
4,14.981,-24.067,2.437
2,-43.472,9.727,3.174
2,-5.129,-16.936,3.013
2,-47.189,-18.238,6.985
2,-7.069,-16.918,3.236
2,27.048,-41.279,1.286
2,-42.032,33.357,1.984
3,-15.065,4.963,3.018
2,-19.916,6.083,2.187
2,-45.807,6.636,4.025
2,-30.317,-9.636,5.773
2,27.543,-11.282,-0.564
2,-10.581,-10.962,2.576
3,40.702,22.186,-0.016
2,4.011,44.751,1.186
2,5.414,-13.574,0.694
2,-40.224,2.158,5.348
2,21.128,2.032,-0.770
2,-41.315,-26.159,5.703
2,22.379,30.146,2.114
3,-24.624,39.161,2.837
2,41.000,47.593,0.547
4,2.603,26.876,2.951
2,-24.327,-12.610,5.458
2,-7.530,15.436,1.542
2,33.221,-43.619,0.177
2,-8.833,-25.475,4.582
2,-2.400,-42.001,5.814
2,-26.025,43.759,2.691
2,-3.481,13.367,1.462
2,-34.953,-15.338,6.676
2,47.021,-2.640,-2.849
2,46.151,-5.045,-2.523
2,12.441,-38.392,4.396
2,23.564,-20.770,0.538
4,19.014,-18.894,1.427
2,-29.267,2.704,2.438
2,-19.963,0.543,2.995
2,-37.493,48.580,2.550
3,-16.071,5.065,2.963
2,49.193,3.951,-3.282
2,-11.768,-34.094,4.916
2,12.332,9.968,0.561
4,23.658,-26.991,0.791
4,17.146,-30.065,3.134
2,-14.994,4.999,2.759
2,-43.236,-11.731,6.694
2,24.950,-28.539,-0.208
2,16.604,19.548,0.940
2,-28.581,49.428,3.172
2,12.818,24.262,0.930
3,-41.188,19.014,2.264
2,-39.710,6.425,3.890
2,29.050,-15.167,-0.634
2,46.409,19.263,-1.772
2,29.205,38.630,0.739
2,17.162,25.243,1.443
2,-42.034,9.194,3.071
2,-34.237,-28.635,5.501
2,44.417,8.396,-2.522
2,-37.651,8.702,2.752
2,-25.243,1.821,1.983
4,2.851,27.027,2.884
2,18.861,-26.478,0.908
2,-13.524,-48.502,6.102
2,-10.124,9.088,1.462
2,11.239,-19.362,1.317
4,-35.579,-2.381,5.789
2,-31.253,-10.548,6.091
4,-3.799,36.538,4.250
2,-34.359,0.647,4.457
2,25.332,7.036,0.322
2,-23.733,-6.586,3.986
2,-45.366,14.415,2.576
4,23.618,0.534,-0.999
2,19.080,44.399,1.719
2,-19.318,-37.971,5.048
4,-32.925,-11.532,7.397
2,48.419,25.889,-1.069
2,-4.593,29.590,3.485
2,10.779,-2.729,0.216
2,19.099,5.504,0.141
2,-36.909,40.864,1.801
2,-31.718,26.573,1.985
2,42.844,-18.078,-2.378
2,-43.506,-43.455,2.991
2,9.969,-15.664,1.096
2,-4.045,-17.186,3.013
2,-42.699,30.388,2.143
2,-27.884,49.528,3.240
2,16.672,-32.079,2.305
2,8.026,-2.988,0.839
2,0.534,43.887,1.142
2,-4.358,42.527,2.248
2,40.225,5.994,-1.929
2,-24.268,-34.875,5.064
3,24.309,-25.727,0.226
2,-41.231,19.048,1.918
2,21.274,-46.141,3.690
2,-19.077,28.612,3.284
2,-2.388,20.161,2.365
2,-25.789,-18.036,5.966
2,27.816,-35.457,0.396
2,39.061,15.900,-0.418
2,-49.405,33.662,2.651
2,41.057,-28.253,-1.088
2,-2.099,-3.076,1.965
2,-8.043,45.704,2.403
2,-2.870,-38.868,5.015
2,11.773,18.080,0.675
2,19.848,-44.747,3.478
4,39.258,-0.672,-1.278
4,42.603,21.170,-0.003
2,-27.586,26.751,2.053
2,-13.877,-35.473,5.016
2,4.429,2.438,1.295
2,-36.258,-38.666,3.596
2,16.492,33.343,2.410
2,48.305,-0.246,-3.289
4,-23.673,39.917,3.173
2,-45.721,-49.423,2.053
4,-24.200,39.203,3.273
2,-22.636,8.940,1.975
2,-42.662,19.647,2.052
4,23.749,-26.231,0.646
2,-7.953,7.832,1.839
3,-35.014,-11.447,6.548
2,46.795,-47.822,0.013
2,-8.806,45.964,2.597
2,49.228,-20.506,-2.467
2,49.621,9.455,-3.123
2,22.735,-1.141,-1.591
3,-5.150,41.023,3.309
2,48.689,-18.147,-2.482
2,9.349,24.463,1.097
2,32.348,24.068,2.099
2,37.860,28.685,1.364
2,2.210,-30.173,2.842
4,24.261,-27.545,0.707
2,-27.162,-45.099,4.015
2,40.520,-15.701,-2.029
2,-49.028,-49.359,1.282
2,-42.627,26.899,2.018
2,40.269,22.815,0.101
2,-17.017,29.366,3.228
2,21.402,-2.980,-1.421
2,37.978,-30.992,-1.182
2,-11.296,-17.519,4.223
2,22.297,0.335,-1.013
2,20.639,-23.393,0.292
2,-21.496,-34.708,4.982
2,21.267,34.124,1.839
2,-28.422,42.207,2.319
2,9.793,41.092,2.123
2,17.988,30.232,1.726
2,-39.978,-42.258,2.924
2,-16.448,-2.252,3.549
2,12.324,44.979,2.328
2,-10.207,26.286,3.141
2,4.749,-42.797,5.220
3,25.117,-26.566,-0.064
2,-22.510,-29.893,6.201
2,24.112,37.189,1.883
2,-44.634,-48.012,2.220
4,-42.891,26.162,2.880
2,-31.263,21.877,1.589
2,45.837,-17.579,-2.619
4,-15.408,-19.283,5.930
2,-37.749,24.067,0.893
2,-15.937,-46.595,5.785
2,-28.135,17.575,1.644
2,-48.139,23.957,1.792
2,7.781,-23.790,1.501
3,42.372,22.641,-0.006
2,14.029,-35.113,3.224
2,31.612,-8.624,-1.689
2,-5.633,-17.150,3.061
2,24.699,-47.683,3.663
2,3.294,39.946,1.962
2,-17.315,-20.234,5.285
2,-34.766,35.030,2.119
2,-22.859,-34.508,5.159
2,-0.201,-44.127,5.772
2,7.826,19.517,0.631
2,15.240,25.871,1.217
4,-34.299,-12.039,7.248
2,26.647,15.970,0.869
1,23.002,-49.391,4.348
2,-8.572,-35.136,4.793
4,19.305,-21.655,1.170
2,40.742,-39.911,-1.271
4,32.768,15.035,1.196
2,-15.938,44.858,3.338
2,44.808,15.258,-1.957
2,-46.232,5.170,4.439
2,-20.252,-8.874,4.229
3,-4.826,36.444,3.579
2,-6.730,16.073,1.725
2,28.381,-45.368,1.857
7,41.743,-15.520,-5.730
2,21.615,-20.377,0.412
2,2.467,29.711,2.582
2,47.419,18.087,-2.036
3,3.370,26.183,2.320
2,-45.106,-33.711,4.520
2,42.558,8.140,-1.885
2,11.189,46.224,1.924
2,19.276,22.454,1.863
2,-2.091,42.439,2.096
2,37.756,14.120,-0.625
4,-34.611,-3.188,5.545
2,11.664,27.409,1.528
2,-15.016,1.684,3.474
2,22.693,-9.204,-0.616
2,0.067,-36.137,4.097
2,-23.987,39.119,2.650
3,-42.461,20.177,2.387
2,26.581,-49.850,3.411
4,25.611,12.415,1.615
2,-24.393,38.574,2.652
2,34.210,-18.487,-0.538
2,-30.825,16.845,1.315
2,0.765,28.147,2.563
4,27.577,-13.730,0.131
2,-18.438,26.424,3.119
2,-5.146,35.788,3.102
2,33.049,49.726,0.507
4,-44.231,25.902,2.918
2,-29.314,25.618,1.764
2,1.169,-16.899,2.130
2,-20.408,-23.354,5.957
2,-16.827,48.712,3.268
3,26.981,-14.322,-0.130
2,10.988,12.497,0.794
2,-26.570,8.642,1.783
2,23.486,-26.969,-0.064
2,-6.148,-13.126,3.047
2,17.384,-33.552,2.252
2,26.815,-39.133,1.161
2,-27.219,-1.848,3.010
2,-47.542,30.554,2.762
2,4.240,-34.143,3.601
2,1.923,-31.100,2.995
2,-47.222,6.830,4.159
2,-0.715,-49.069,5.690
2,23.672,-21.328,0.461
2,38.492,23.070,0.822
4,-42.105,-10.895,7.381
2,24.726,2.461,-1.440
2,-9.085,8.084,1.664
4,-33.731,-3.345,5.874
2,29.117,-43.917,1.316
2,47.562,-30.538,-1.794
2,0.023,26.857,2.868
2,-35.728,22.570,0.837
3,-16.896,4.396,2.841
2,-14.026,21.435,2.649
2,-30.090,-41.312,4.024
2,-28.008,-35.661,5.010
2,23.843,-9.101,-0.244
2,21.429,25.995,2.494
2,-38.493,5.769,3.742
2,42.038,-9.720,-2.414
2,19.822,-18.333,0.206
2,34.565,-36.271,-0.563
2,-30.109,7.263,2.002
2,5.783,5.526,0.803
2,-15.362,23.498,2.975
2,-5.029,39.575,2.808
7,-38.342,-7.164,-3.624
2,-44.436,-12.583,6.748
2,-10.859,-12.624,2.885
2,-30.245,45.548,2.759
2,-4.718,39.014,2.887
2,-17.433,27.855,3.159
3,49.123,-30.792,-2.018
2,-19.666,30.476,3.211
4,-3.073,4.190,3.148
2,-29.411,27.213,2.123
2,-12.942,22.841,2.697
2,49.547,0.928,-3.364
4,-3.404,3.576,4.566
2,-26.506,-29.790,5.906
2,-45.010,22.284,2.105
2,-19.620,-0.805,3.410
2,-32.437,48.656,2.882
3,-16.344,-20.654,5.840
2,18.014,-21.979,0.352
2,37.296,-10.406,-2.268
2,9.133,-35.640,4.478
2,-10.346,33.676,2.981
3,-24.372,39.083,3.150
2,-31.551,15.376,1.517
2,-31.653,32.947,2.338
3,-3.598,34.344,3.601
4,27.736,-11.619,0.700
2,-22.958,-19.121,5.395
2,-29.771,-10.072,5.780
2,-15.022,-0.785,3.570
2,-5.066,-17.407,3.021
2,-43.296,26.094,2.237
2,-42.407,29.862,2.155
2,14.531,-38.050,3.722
2,26.131,-6.778,-0.455
2,-14.146,16.836,1.804
4,13.548,-21.404,1.610
4,15.889,-30.726,2.757
2,36.621,38.368,0.266
2,27.474,-10.697,-0.760
3,24.723,-25.444,0.329
2,28.391,-41.611,1.015
2,-3.167,-41.523,5.740
2,-16.909,25.148,2.984
2,-29.287,10.109,1.683
4,-34.411,-11.273,7.432
2,-43.055,-13.707,6.801
2,-38.744,-42.288,3.171
2,41.438,-38.580,-1.202
2,37.943,31.121,1.752
2,-8.491,-44.246,6.299
2,-42.032,41.540,2.135
2,-0.383,-49.553,5.661
4,-33.020,-2.994,5.665
2,34.519,6.196,-0.462
2,37.358,38.677,0.180
2,-33.783,-5.698,5.193
2,-33.992,29.844,1.979
2,-13.194,26.678,2.895
2,-32.914,32.530,2.215
4,20.038,-20.257,1.408
4,-36.316,-4.433,6.019
2,43.085,-30.994,-1.415
2,42.739,-12.243,-2.674
2,-5.843,48.978,1.803
2,23.044,-42.223,2.553
2,-40.215,40.410,1.911
3,-4.079,-13.962,3.246
2,-3.689,28.496,3.567
2,27.239,30.017,1.753
2,-35.886,-45.465,3.431
2,-15.348,4.296,2.769
3,23.974,-27.879,0.377
4,27.844,-16.238,1.289
2,-4.223,-18.842,3.016
2,-37.881,-1.729,5.694
2,-23.083,-49.970,4.436
3,-43.118,10.795,3.110
2,44.440,-29.378,-1.701
2,17.592,9.934,0.530
4,16.877,-21.423,1.671
4,3.143,26.195,2.791
2,-12.314,-19.783,4.634
2,-16.363,-40.861,4.873
2,24.073,22.606,2.418
2,44.267,-7.088,-1.999
2,17.441,6.453,0.208
2,-48.241,21.430,1.862
2,13.337,-37.928,3.993
2,27.210,20.452,2.237
2,-33.188,-39.514,4.203
2,-43.566,2.345,5.410
2,24.773,42.926,1.428
2,-36.439,17.366,1.471
2,-39.694,42.871,2.045
2,-6.021,40.840,2.827
2,-7.501,-41.853,6.359
4,12.307,-42.018,4.607
2,21.540,-19.389,0.465
2,24.174,37.755,2.142
3,-31.366,-1.625,3.635
4,24.999,-27.278,0.525
2,-20.021,-34.692,5.085
2,28.346,17.637,1.646
2,13.807,23.760,0.985
3,3.118,26.519,2.316
2,-19.442,-30.365,5.757
2,-7.771,-15.562,3.238
2,35.296,12.301,-0.345
2,-5.625,29.529,3.558
2,38.581,24.646,1.261
2,-27.493,25.641,2.137
2,-6.880,-8.266,2.332
2,45.065,-41.816,-1.385
2,-42.895,18.369,1.841
2,-15.311,-14.293,3.699
2,-44.046,18.103,2.102
2,33.051,34.502,1.099
2,11.652,8.805,0.619
2,8.659,19.124,0.607
2,0.173,17.040,1.826
3,-49.842,-11.148,6.751
2,-26.890,-20.093,6.176
3,24.878,36.785,1.736
2,-13.396,46.339,3.346
2,-23.064,37.692,2.449
2,23.831,14.394,1.254
3,6.054,-34.323,4.288
2,40.219,-18.715,-1.449
2,-19.300,-42.228,4.762
2,6.427,-16.774,1.589
3,26.482,-14.361,-0.063
2,-2.444,16.043,1.512
2,-31.524,6.128,2.436
2,22.109,14.492,1.449
2,25.209,29.679,1.775
2,45.180,37.529,0.595
2,-11.425,29.099,3.327
2,1.850,-14.348,1.702
2,43.641,23.504,-0.763
2,-12.338,43.126,3.524
2,-24.021,-48.546,4.243
2,33.554,-28.717,-0.916
2,5.565,-7.143,0.681
2,0.540,28.741,2.624
2,32.715,-23.158,-0.582
2,-16.460,-19.777,5.193
2,32.172,-2.762,-1.454
4,23.735,-27.112,0.623
2,-13.050,-29.631,4.734
4,19.694,-22.672,1.647
4,2.649,26.325,3.238
2,3.902,-15.318,1.431
2,-0.520,-13.007,1.994
2,31.153,38.769,0.730
2,31.180,-35.524,0.087
2,-46.695,-44.901,2.157
2,16.012,22.488,1.046
2,5.968,6.669,0.763
4,-10.208,-15.512,4.559
2,9.530,-0.433,0.195
2,-29.408,-18.930,6.406
2,-16.781,44.804,3.188
2,12.931,-19.370,1.002
2,-27.012,18.871,1.836
2,18.992,-28.291,1.207
2,-3.352,30.340,3.376
2,-0.305,12.527,1.090
2,39.223,-43.033,-1.129
4,-35.280,-11.828,7.301
3,-10.077,32.918,3.495
2,18.361,-11.942,-1.100
4,31.063,9.840,1.555
2,3.345,-42.476,5.192
2,16.711,14.395,0.535
2,-42.714,10.343,2.742
2,-31.026,-5.061,4.397
2,-1.296,28.781,2.877
2,44.521,-17.637,-2.544
2,-0.531,11.880,1.186
2,-46.193,-11.505,6.788
2,-48.586,43.620,2.185
2,-41.538,39.105,2.114
2,-3.844,30.967,3.569
2,-38.913,-49.517,2.995
2,-27.295,37.914,2.158
2,-5.535,29.333,3.489
2,-25.748,37.354,2.182
2,28.917,-7.825,-0.762
2,28.932,-23.691,-0.202
2,-49.061,-26.293,6.180
2,2.683,-18.318,1.811
2,15.082,-33.155,2.705
2,-24.823,-15.994,5.590
3,-18.407,29.958,3.657
3,-33.859,-3.907,4.988
2,6.494,-10.471,0.319
2,39.580,-0.968,-2.022
3,-10.093,32.785,3.421
2,17.850,-30.075,1.690
4,28.164,-16.921,1.184
2,-36.958,7.820,2.980
2,19.795,-3.097,-1.076
2,28.519,44.043,0.575
2,12.842,2.026,-0.182
2,18.423,2.374,-0.636
3,27.232,-13.352,0.160
4,26.192,-12.454,0.580
2,-11.702,46.845,3.272
4,-5.557,35.018,3.783
4,3.071,36.826,3.398
2,15.426,-41.258,3.642
2,49.516,-10.555,-2.305
2,-15.594,0.395,3.565
2,-4.473,29.761,3.588
2,-38.523,-46.002,2.972
4,-42.607,-10.170,7.791
2,2.136,-10.854,1.182
2,-44.006,9.593,2.871
2,-26.660,27.797,1.895
3,29.662,-10.439,-0.667
7,35.456,-30.972,-9.864
4,-44.249,26.190,2.949
2,4.091,-29.701,2.864
2,-10.099,-25.960,4.786
3,-12.349,-15.777,3.986
2,12.085,-40.686,4.072
2,12.864,-45.777,4.525
2,47.268,-20.625,-2.313
2,-44.022,-1.534,6.328
4,17.517,-20.880,1.637
2,19.614,-42.077,3.071
2,44.788,-0.224,-2.323
2,4.385,5.987,1.088
2,-15.942,5.032,2.725
2,36.815,-38.839,-0.750
2,25.404,28.403,1.843
2,-36.313,33.040,1.963
2,-33.978,-36.160,4.371
2,-19.640,23.293,2.563
3,27.759,-8.351,-0.477
2,6.520,-28.721,2.521
2,-5.244,-3.010,2.412
2,43.559,-28.363,-1.709
2,16.014,-27.461,1.223
2,13.184,16.218,0.468
3,-12.222,-16.463,3.957
3,-9.820,32.990,3.303
2,41.167,5.913,-2.075
2,43.022,16.483,-1.256
2,25.164,46.403,1.466
2,-3.316,-0.807,2.829
2,-17.608,-1.506,3.554
2,-49.770,46.322,2.142
2,26.745,-43.110,1.722
2,-15.150,4.821,2.761
2,40.408,35.051,0.442
2,20.584,0.027,-0.873
2,30.499,-44.930,1.345
2,32.889,14.247,0.160
2,-26.078,18.188,1.854
2,37.390,-40.471,-0.970
4,-41.401,18.925,2.531
2,-14.731,16.039,1.668
2,30.012,-48.625,1.993
2,-31.242,2.205,3.066
2,23.791,-14.160,0.148
2,22.527,45.395,1.735
3,3.068,-10.401,1.116
2,-37.490,-34.153,4.653
2,24.270,37.497,2.047
2,-3.953,29.227,3.399
2,10.231,-0.907,0.203
2,-48.830,-37.856,2.845
2,-13.845,4.522,2.770
2,33.161,-22.668,-0.537
2,-11.136,20.251,2.581
2,6.724,-20.627,1.767
2,-25.803,-27.131,6.297
2,-13.195,1.828,3.280
2,42.822,-13.932,-2.367
2,10.303,13.992,0.711
2,-48.071,22.558,1.805
2,-15.951,2.492,3.499
2,17.648,5.769,0.216
2,3.876,3.644,1.253
3,-16.852,5.870,2.856
2,-29.522,17.763,1.326
3,-23.607,38.368,2.940
4,-3.384,35.127,4.042
2,18.811,-40.463,2.722
2,-15.468,-20.401,5.630
2,-7.332,-33.188,4.352
2,-41.148,-29.855,5.172
2,34.688,11.050,-0.154
3,26.801,-15.496,0.377
2,-19.469,27.996,3.145
2,18.664,47.713,1.948
2,-38.133,-43.539,3.058
2,-16.319,-20.586,5.601
2,-13.265,-24.123,5.565
2,31.126,16.520,1.136
3,-3.834,41.001,3.162
4,26.646,-17.450,0.904
2,41.336,25.723,0.323
3,-23.333,39.595,3.206
2,-8.559,45.489,2.584
2,-34.592,-44.072,4.014
2,-32.577,7.464,2.093
2,1.671,33.652,2.889
2,-40.232,-12.366,6.842
2,-43.542,10.225,3.007
2,29.438,41.490,0.336
2,5.974,-1.333,1.193
2,-38.473,-27.812,5.489
2,-20.193,-31.628,5.664
2,23.908,-24.686,0.026
2,17.148,34.973,2.605
2,8.287,-23.238,1.408
2,-21.306,21.612,2.334
4,24.786,-27.147,0.745
3,40.991,21.824,0.080
2,2.277,36.426,2.783
4,-10.692,-15.605,4.298
2,-25.797,40.978,2.512
2,36.994,48.915,-0.211
2,49.707,43.245,0.668
2,-34.497,-25.014,5.998
2,29.924,33.712,1.400
4,-41.774,23.935,2.614
2,-23.924,30.418,2.573
4,12.166,-38.309,6.291
2,16.407,-30.153,2.029
2,37.622,-49.221,0.181
2,-23.683,-30.674,6.027
2,27.058,-9.939,-0.547
2,3.558,35.859,2.698
2,47.383,17.553,-2.058
2,42.583,-10.124,-2.416
2,32.108,30.051,1.833
2,39.451,-1.956,-2.097
2,-43.198,30.030,2.156
2,-30.168,38.453,2.139
2,-6.494,12.013,1.165
2,18.812,-27.001,1.012
2,41.551,-8.291,-2.343
2,-32.709,25.219,1.508
2,-21.421,13.042,1.992
2,-36.258,-43.176,3.662
2,-37.323,14.825,1.717
2,-25.849,34.354,2.222
2,25.200,30.259,1.731
2,-45.120,-28.471,5.551
2,25.199,-15.496,0.302
4,22.601,-21.253,2.367
2,20.901,-49.451,4.579
2,-28.976,-22.273,6.162
2,1.368,21.823,2.350
2,49.807,-10.059,-2.277
4,-22.761,39.650,3.351
2,34.780,41.565,0.918
2,8.358,34.145,2.270
2,-21.341,-29.607,6.155
2,41.857,36.948,0.567
2,12.578,-14.828,0.476
7,68.852,37.578,-0.274
2,-36.652,-4.070,5.588
3,24.051,36.455,2.063
4,16.452,-30.253,2.685
2,-44.040,16.540,2.198
2,16.240,-27.991,1.313
2,41.620,-21.550,-1.567
2,-9.806,-17.015,3.893
2,39.786,-34.413,-1.196
2,34.645,4.349,-0.864
2,-23.197,-24.121,6.387
2,16.335,11.102,0.608
2,29.941,-41.808,0.611
2,-28.268,36.542,2.208
2,24.118,-46.133,3.395
2,35.703,6.772,-0.728
2,22.489,41.982,1.966
2,47.293,26.310,-0.905
3,-43.040,25.972,2.553
2,-39.139,37.621,1.975
2,-19.173,14.866,1.679
2,33.126,27.706,1.886
2,46.996,-38.354,-1.558
2,25.885,-25.462,-0.221
2,30.920,23.060,2.257
2,-3.791,28.996,3.389
3,29.934,-10.022,-0.753
2,-2.771,0.136,2.896
3,-14.586,6.179,3.044
4,-4.915,35.587,4.178
2,-5.281,-0.330,3.154
2,-4.797,30.030,3.516
2,-0.678,45.171,1.014
2,29.782,44.340,0.393
4,-43.597,-10.385,7.551
2,-13.337,-35.510,5.055
2,13.240,41.478,2.344
2,30.279,0.322,-1.515
2,-0.487,-32.615,3.547
2,32.642,-43.049,0.246
3,12.491,31.174,2.731
2,-8.722,-20.105,4.189
2,33.339,-36.067,-0.469
2,-36.620,-4.114,5.462
2,28.459,-33.560,0.061
2,1.773,36.830,3.159
2,3.077,2.907,1.504
2,-27.216,-12.230,5.746
2,1.624,29.212,2.548
2,-15.118,-20.929,5.301
2,-24.329,19.144,2.056
2,-5.857,-46.131,6.100
2,3.272,21.006,1.943
3,28.324,-17.551,0.567
2,47.226,4.954,-3.138
2,21.474,-16.720,0.189
2,27.653,-5.440,-0.812
2,-2.802,-48.341,5.865
2,-15.115,-20.462,5.247
2,23.646,-0.959,-1.581
2,-3.510,30.475,3.394
4,27.856,-16.359,0.971
3,27.876,-8.322,-0.480
4,-34.016,-39.687,4.718
2,-41.453,23.451,1.640
2,37.585,45.624,0.624
2,3.155,36.365,2.567
2,-4.191,29.999,3.571
4,-34.336,-39.764,4.892
2,-38.160,22.240,1.011
2,39.607,36.621,0.428
2,36.511,7.536,-0.876
2,-16.605,-19.928,5.435
4,20.965,-18.971,0.957
2,-39.918,13.450,1.725
2,35.211,18.447,0.987
3,42.320,22.411,0.026
2,-31.925,19.023,1.118
2,21.674,21.879,2.222
2,-0.489,-0.403,2.880
3,23.788,-27.129,0.079
2,-33.114,47.014,2.656
2,9.794,36.999,2.398
2,31.758,-2.238,-1.459
2,11.357,40.280,2.357
2,-25.864,26.926,2.079
3,-42.788,19.499,2.194
2,40.010,2.641,-1.772
2,-23.909,28.355,2.331
2,22.558,0.177,-1.237
3,-5.404,-15.066,3.225
2,-41.035,36.601,2.053
2,42.233,-30.143,-1.360
2,-33.987,-4.537,4.877
2,-40.892,-49.924,2.667
2,24.330,36.189,1.516
2,-41.879,27.851,1.962
2,-30.770,-2.926,3.690
3,4.924,-37.295,4.507
2,10.169,32.276,2.407
2,14.846,25.176,1.145
2,21.816,-34.384,0.929
2,-37.449,-21.170,6.278
2,-6.258,-14.781,3.322
4,25.912,-13.194,0.509
2,-5.404,44.001,1.881
4,-3.860,-13.492,3.337
2,15.223,-34.856,2.585
2,-9.678,40.705,2.961
4,-42.825,24.616,2.656
2,-27.365,27.036,1.894
2,-6.815,25.563,3.665
2,-34.872,16.253,1.515
2,-29.400,-29.757,5.478
2,31.743,48.156,0.694
3,-42.228,10.128,3.105
2,19.518,-21.186,0.206
4,22.571,-0.319,-0.662
2,16.069,-0.997,-0.548
2,-48.738,-38.919,2.619
2,-43.589,18.583,1.876
4,27.832,-17.539,1.236
3,-4.946,-14.216,3.243
2,-24.354,-1.013,2.170
2,20.744,27.592,2.194
2,30.199,-36.305,0.353
2,-21.130,-39.659,4.899
2,27.261,-16.991,0.102
2,27.458,8.491,0.023
4,27.783,9.635,1.497
2,40.823,28.959,0.610
4,-3.111,4.220,4.532
2,5.627,-6.553,0.859
2,8.283,32.875,2.336
2,12.720,-43.990,4.278
2,-4.826,38.881,2.752
2,18.509,27.204,1.628
2,-27.533,11.493,2.049
3,-23.703,40.587,3.078
2,31.567,-37.237,0.033
4,-34.625,-40.785,4.499
2,-11.378,-40.181,5.573
2,32.717,-4.285,-1.615
4,18.955,-24.066,1.407
2,-39.380,-29.554,5.187
2,-49.048,38.310,2.208
2,-17.742,40.322,2.910
4,-14.685,-20.424,5.696
2,-43.386,11.473,2.531
3,-4.583,41.304,2.809
4,17.261,-30.266,2.762
2,-48.881,-9.427,6.723
4,17.102,-21.035,1.463
2,-5.047,-8.815,2.361
2,-18.451,17.381,1.991
2,3.346,5.797,1.362
2,43.328,28.368,0.176
4,-33.424,-2.205,5.515
2,-21.058,27.396,2.756
2,-33.530,14.853,1.426
3,-10.833,33.161,3.333
3,-9.542,33.107,3.346
2,-41.775,1.515,5.652
3,-43.532,25.263,2.681
2,25.473,6.117,0.163
2,-5.767,8.330,1.802
2,27.843,-18.403,0.257
2,-28.295,44.162,2.706
4,22.839,-0.531,-0.962
2,-37.464,-6.483,5.490
2,-47.411,21.762,1.911
2,31.318,8.686,0.103
2,4.733,14.564,0.796
3,-14.214,6.701,2.840
4,16.618,-30.178,2.831
2,18.540,25.954,1.616
2,-15.573,-0.510,3.395
4,23.411,-0.325,-0.969
2,-30.946,26.251,2.003
2,-6.766,-17.541,3.215
2,-3.312,-5.167,2.068
2,-37.354,49.343,2.700
2,21.498,-26.066,0.497
2,36.688,44.682,0.646
2,-28.184,21.529,1.457
2,42.070,31.989,0.691
4,-43.220,18.352,2.599
2,-30.121,-10.759,5.919
2,-41.931,-10.207,6.551
2,0.231,38.872,2.715
4,24.009,-0.615,-1.056
2,26.785,18.668,1.618
2,4.817,-23.703,1.717
2,12.919,22.978,0.939
2,-24.380,-36.872,4.739
3,-35.406,-3.728,5.359
2,-48.439,-26.875,5.900
2,-10.851,33.464,2.962
2,-2.945,32.043,3.273
2,-34.394,42.965,2.016
2,43.191,12.400,-1.421
2,18.230,49.815,2.332
2,38.832,13.677,-0.787
2,22.746,-0.291,-1.379
2,-18.201,3.993,2.449
2,17.185,-24.887,0.840
2,26.220,-0.614,-1.938
2,-40.638,-44.019,2.938
4,20.280,-19.664,0.985
2,-10.315,32.815,3.202
3,27.880,-13.872,-0.257
2,29.412,7.013,0.039
2,49.310,-38.425,-1.137
2,-4.318,49.136,1.522
2,-29.807,20.699,1.519
2,11.316,-12.489,0.098
2,20.828,36.730,2.148
4,24.032,35.953,2.108
2,20.352,22.695,2.036
2,-3.464,28.394,3.559
2,-26.662,11.369,2.036
2,-16.166,-3.078,3.625
4,-42.036,-10.712,7.911
2,14.427,27.324,1.661
2,-6.157,6.323,2.585
2,-46.769,-2.166,6.369
2,25.027,-30.298,-0.103
2,12.104,0.391,-0.135
2,20.459,33.349,2.017
2,12.260,-14.273,0.241
2,-7.217,18.804,2.527
2,-10.571,-27.611,4.457
2,-5.036,28.899,3.368
2,-28.915,27.286,2.139
2,25.894,23.104,2.788
2,12.274,41.283,2.284
2,41.931,-42.534,-1.027
2,29.801,2.836,-0.998
3,-12.226,-16.352,4.104
2,-38.452,18.979,1.233
2,-8.612,-14.524,3.107
3,-42.902,10.527,3.100
2,-42.162,17.828,1.895
2,4.430,-30.216,2.979
2,-12.990,-44.577,6.007
2,47.271,-42.674,-1.247
2,-47.736,19.900,2.004
2,41.830,-11.312,-2.608
2,-47.564,42.787,2.373
4,41.138,1.218,-1.217
2,5.077,47.214,0.805
2,33.921,30.822,1.626
2,21.282,20.823,2.010
2,-42.343,-13.312,6.784
2,-20.216,-9.432,4.276
2,-46.713,-18.532,6.901
2,-18.839,1.854,2.686
2,17.402,8.534,0.464
2,12.590,41.927,2.343
2,-37.284,-0.367,5.351
2,13.366,-37.191,3.867
2,0.111,-39.359,4.430
2,-12.092,21.944,2.598
2,-49.216,13.734,2.742
2,26.580,29.762,1.738
2,34.161,15.312,0.099
2,33.385,35.082,0.980
2,-32.564,-2.687,4.216
2,-6.631,40.068,2.799
2,24.033,-31.354,0.347
2,-48.980,-29.595,5.543
2,39.943,1.344,-1.849
2,45.657,31.769,0.302
2,-44.704,-42.097,2.875
2,47.261,41.408,0.590
2,-27.368,1.714,2.167
2,16.311,44.352,2.127
2,33.450,-11.682,-1.783
2,-7.662,-45.136,6.166
2,35.289,-40.335,-0.671
2,-20.602,-36.320,5.105
2,37.026,-19.830,-0.803
2,47.858,-42.606,-1.214
2,41.231,-24.247,-1.391
2,-6.246,-22.059,4.083
2,-43.666,34.110,1.848
2,25.859,11.348,0.654
2,-3.496,14.177,1.498
2,33.421,-30.205,-0.764
2,7.747,2.125,0.307
2,-4.062,-10.588,2.380
2,31.274,-20.857,-0.288
2,-49.121,-39.306,2.576
2,10.013,46.955,1.643
2,13.138,9.363,0.548
2,25.342,47.159,1.598
4,24.648,-25.474,0.467
3,-2.278,-21.870,2.842
2,23.006,-35.109,1.151
2,36.275,-14.655,-1.649
2,-12.669,23.428,2.744
2,11.962,41.973,2.278
2,-38.407,-11.743,6.787
2,-41.850,39.891,2.006
2,-34.869,-11.384,6.411
4,-42.328,24.986,2.908
4,-34.489,-11.228,7.462
2,13.655,-13.730,-0.139
2,29.255,-41.587,0.770
2,-24.110,41.156,2.712
2,30.739,-21.474,-0.109
2,-9.356,-0.192,3.176
2,33.615,47.152,0.395
2,-44.456,22.131,2.169
2,2.623,-24.398,2.049
2,-23.949,10.458,2.161
2,-47.067,-32.998,4.947
2,31.531,7.142,-0.168
2,40.724,-19.564,-1.510
2,38.246,39.170,0.212
2,-5.337,34.034,3.218
2,10.074,-6.860,0.537
2,-43.368,-10.406,6.839
2,-5.141,39.053,3.082
3,-6.178,-16.864,3.326
2,4.490,-48.182,5.644
2,26.049,-2.289,-1.575
2,-49.975,-19.872,7.090
2,11.801,26.366,1.310
2,-3.964,29.864,3.536
2,4.310,38.327,2.144
2,25.014,-23.071,0.308
2,5.173,-2.052,1.259
4,24.672,-26.434,0.728
2,-9.879,32.976,3.155
4,32.219,10.710,1.566
2,44.632,6.158,-2.786
2,-2.797,-6.927,2.119
2,-24.874,42.961,2.812
2,2.205,20.368,2.157
2,-25.466,45.371,2.979
4,21.141,-24.169,1.382
2,-46.439,-39.726,2.774
3,-43.043,10.898,2.950
2,-22.263,-26.528,6.270
4,28.490,-18.522,0.869
2,-13.583,2.503,3.488
2,39.124,31.160,1.363
2,-7.970,38.430,2.999
2,-29.103,26.133,2.084
2,10.094,4.709,0.393
2,16.131,34.811,2.805
4,-34.862,-4.180,5.599
2,-6.534,10.174,1.429
2,-47.045,-4.804,6.366
2,6.696,46.021,1.166
2,4.887,-10.632,0.471
2,-39.963,-2.075,6.070
2,-33.224,-38.668,3.923
3,-42.736,10.680,2.901
4,-34.118,-12.332,7.070
2,-9.575,-9.255,2.371
2,-45.518,15.819,2.292
2,-29.360,14.923,1.715
2,9.983,-11.684,0.138
2,-18.827,-1.405,3.614
4,2.496,26.127,3.139
2,27.993,23.148,2.805
2,-13.468,43.661,3.720
2,5.109,3.851,0.930
4,-3.582,-13.782,3.304
2,-8.660,-22.495,4.463
2,-10.352,32.534,3.299
3,17.118,-31.031,2.419
2,-43.641,23.866,2.242
2,-16.440,8.752,2.201
2,-24.267,-18.614,5.558
2,-35.473,35.264,2.075
2,-6.647,-28.171,4.192
2,45.337,-47.356,0.015
3,-5.116,40.912,3.205
2,9.372,31.572,2.108
2,-26.652,-33.545,5.390
2,-31.824,22.404,1.583
2,22.444,2.550,-0.944
2,-6.903,36.063,3.095
7,41.558,13.755,-3.981
2,46.856,-32.396,-1.549
4,-12.599,-15.702,4.379
2,-33.576,-11.746,6.450
2,-18.767,29.800,3.330
2,0.428,-46.114,6.098
2,3.844,30.542,2.426
2,27.156,-18.687,0.151
3,-3.615,-14.657,3.193
7,1.318,-36.092,-9.270
2,19.178,-5.606,-0.945
2,7.944,-14.453,0.816
2,-39.963,17.077,1.817
4,-33.011,-2.938,5.787
2,9.448,16.573,0.612
2,-18.231,-10.981,4.144
3,29.553,-10.006,-0.548
2,-31.610,-20.227,6.609
2,-10.001,-39.941,5.774
2,-38.834,-25.849,5.728
2,8.807,-17.895,1.511
2,8.041,4.400,0.433
2,46.707,25.549,-1.005
2,18.710,24.405,1.720
2,-13.874,-32.466,4.812
2,-42.430,24.188,2.293
4,25.387,-26.755,0.557
2,-34.967,47.181,2.377
2,-23.567,-49.741,4.373
2,-20.956,-35.151,5.102
2,-0.494,41.991,1.740
2,7.402,-42.033,4.716
2,-33.397,28.343,1.849
2,-0.142,-6.268,1.340
2,-26.935,27.865,1.883
2,-23.550,-8.684,4.484
3,37.714,0.147,-1.648
2,-6.654,-17.226,3.216
2,20.657,11.153,0.973
2,-0.369,30.793,2.775
2,-39.359,-8.948,6.071
2,-42.735,-22.564,6.473
2,9.502,10.293,0.656
2,2.429,-38.656,4.350
2,-21.888,-23.116,6.134
4,-34.001,-3.802,5.686
2,-25.679,49.605,3.658
2,28.331,-17.709,0.219
2,20.263,-36.376,1.868
2,-10.940,33.105,2.970
2,32.564,-44.599,0.561
2,-21.678,43.586,2.979
2,-42.671,9.788,2.877
2,30.904,2.370,-1.042
2,35.028,-20.150,-0.753
2,-17.189,-27.256,6.018
4,26.970,-16.764,0.940
2,-15.667,-27.942,5.431
2,-10.281,-4.877,2.612
2,36.468,-34.338,-0.913
2,-18.652,-3.162,3.572
3,-4.610,40.042,3.005
2,20.849,40.453,2.186
2,-43.434,10.348,3.095
2,-38.147,-13.380,6.746
2,-20.175,41.879,3.011
2,-33.534,-9.887,5.971
4,2.355,36.999,3.267
2,-17.162,3.403,2.837
2,20.106,16.334,1.372
2,-45.942,-17.843,6.897
2,-27.195,13.015,2.040
2,-36.463,-24.709,5.861
2,-43.490,-20.001,6.875
2,-43.750,-24.555,6.210
2,49.649,-44.990,-0.838
3,28.865,-7.930,-0.484
2,-5.644,36.265,3.136
2,-31.539,48.606,2.934
2,21.262,48.010,1.922
2,-11.621,40.905,3.072
2,-22.719,39.575,2.602
2,45.658,26.789,-0.555
3,-10.184,33.077,3.389
2,34.103,-26.566,-1.301
2,-36.622,-14.296,6.657
3,-16.307,4.137,3.020
2,19.790,-25.561,0.575
2,12.312,-17.400,0.956
2,44.300,-37.163,-1.637
2,-41.600,-32.935,4.451
2,-38.884,30.757,1.848
2,-14.608,-30.127,4.853
2,36.614,12.177,-0.654
2,27.180,-10.062,-0.464
4,39.767,1.161,-1.228
2,-3.841,36.471,3.206
3,-35.353,-3.086,5.079
2,8.729,-46.757,5.012
2,10.999,31.536,2.389
2,17.086,-41.226,3.315
2,-31.773,9.780,1.603
2,21.462,0.615,-0.920
2,-26.492,-28.109,5.941
2,36.151,-44.332,-0.516
2,-21.433,5.457,1.946
2,49.023,38.683,1.220
2,8.508,44.270,2.002
2,28.055,-42.742,1.301
3,-4.359,40.112,3.146
2,-23.107,-25.867,6.477
2,-13.632,9.707,1.866
2,-30.949,19.086,1.339
2,28.482,8.638,-0.078
3,23.839,0.098,-1.477
2,15.453,18.024,0.545
2,-7.361,48.786,1.876
4,28.300,-15.253,0.903
2,-5.460,10.326,1.471
2,14.128,39.597,2.566
2,0.335,-16.870,2.204
2,44.569,21.121,-1.315
2,-26.493,8.080,1.797
2,24.145,-25.980,0.063
2,-9.074,-16.759,3.702
2,43.797,-5.386,-2.046
2,-10.850,30.856,3.232
2,21.902,-0.049,-0.977
2,17.608,-24.031,0.795
2,9.816,7.908,0.532
2,-31.680,-9.831,6.038
2,26.398,-32.233,0.066
3,-42.253,-10.825,7.078
2,41.385,39.332,0.321
2,13.671,-41.729,3.901
2,10.263,2.922,0.088
2,-17.873,-45.898,5.383
2,43.260,26.609,-0.197
2,-36.137,-31.175,4.868
2,37.589,-15.527,-1.449
2,26.418,-20.172,0.565
2,24.838,21.679,2.278
2,1.902,-20.018,2.138
2,26.540,2.904,-0.998
2,33.757,-15.559,-1.181
2,22.330,-2.288,-1.432
2,-10.461,33.689,3.260
2,-26.446,-19.725,6.068
2,-40.949,-45.546,2.816
2,-30.451,40.505,2.220
2,-43.238,10.275,3.146
2,39.991,18.939,-0.053
4,-34.210,-3.171,5.816
2,-6.621,4.071,2.933
4,18.608,-23.937,1.525
2,-43.151,-5.678,6.413
2,-43.231,-13.134,6.717
2,17.553,-10.827,-0.917
2,-9.247,-22.480,4.597
2,2.961,35.833,2.562
4,26.248,-16.087,0.955
2,-32.964,49.803,3.067
4,-35.244,-4.256,5.893
2,43.186,-7.915,-2.134
2,9.192,0.063,0.172
2,-46.104,29.175,2.425
2,33.733,34.636,0.877
2,49.941,-1.567,-3.393
2,-49.895,-43.121,1.747
2,44.388,46.031,0.761
2,43.786,34.581,0.431
2,7.474,-21.397,1.640
2,17.661,34.817,2.472
3,-4.784,-14.541,3.015
2,1.151,35.626,2.733
4,2.380,35.739,3.315
2,-11.015,33.084,3.247
2,-3.022,30.133,3.381
2,-35.909,-2.390,5.028
2,36.261,48.614,0.001
2,48.423,-14.067,-2.225
4,30.037,-10.161,-0.495
2,-21.557,48.005,2.886
2,18.723,36.033,2.461
2,-23.956,8.882,1.924
2,-33.682,-47.110,4.028
4,28.549,-16.574,1.014
2,-26.907,2.929,2.319
4,3.256,37.764,3.406
2,33.627,-16.394,-0.955
2,-42.034,-46.260,2.848
2,-17.853,-43.040,4.782
2,-49.943,-5.126,6.476
2,45.042,-20.910,-2.291
2,18.795,-11.348,-1.127
2,22.696,-4.008,-1.125
2,28.088,-36.600,0.665
2,-1.880,15.416,1.576
2,3.356,26.087,2.133
2,0.195,-27.804,2.913
2,-13.261,30.838,3.534
2,0.243,-42.442,5.510
2,-5.837,-1.119,3.003
2,-1.410,6.140,1.841
4,-4.954,36.160,4.295
4,26.989,-17.040,1.334
3,26.194,-18.466,0.904
2,24.331,35.887,1.546
4,-35.006,-2.772,5.689
2,39.596,4.850,-1.662
2,-1.411,-43.650,5.704
2,-31.579,0.262,3.324
2,-31.897,-8.695,5.590
3,-16.992,-19.177,5.411
2,17.365,-34.449,2.391
2,11.013,8.923,0.647
2,29.036,-18.366,0.133
2,45.633,10.447,-2.388
2,7.886,-21.817,1.513
2,34.772,14.464,-0.182
2,-47.887,-49.983,1.608
4,-5.748,39.808,3.410
2,-18.202,-17.859,5.230
2,-3.551,29.137,3.581
4,21.079,-18.138,1.934
2,-30.536,13.246,1.463
2,-12.670,-42.023,5.685
2,-9.786,32.773,2.994
2,44.015,31.938,0.438
2,-22.859,18.110,1.936
2,18.574,-27.212,1.061
2,11.618,-21.501,1.004
2,48.559,-20.737,-2.382
2,-14.807,-36.869,5.067
2,-35.488,-30.261,4.994
2,-34.519,32.127,1.984
2,18.541,-36.617,2.179
2,3.450,-9.928,0.743
2,32.294,-37.566,-0.126
2,9.321,-14.474,0.690
2,16.634,-47.049,4.034
2,30.341,19.866,2.019
3,26.941,-12.091,0.225
2,-4.193,39.635,3.236
2,0.099,49.951,-0.164
2,43.608,-41.834,-1.269
4,23.931,35.898,2.123
4,-43.826,-10.798,7.501
2,-45.102,23.686,2.268
2,45.588,-41.280,-1.412
2,-13.244,-17.547,4.428
2,25.414,37.229,1.955
2,10.863,14.072,0.662
2,-4.618,40.249,2.805
2,-25.714,-15.126,5.646
2,-33.899,28.995,1.854
4,-23.092,40.113,3.379
3,-15.239,6.727,2.997
4,24.011,-0.990,-0.894
3,-4.107,-16.219,3.135
2,44.997,31.648,0.380
3,3.524,36.577,3.070
2,-12.208,-16.197,3.602
2,23.455,-41.747,2.366
2,26.432,45.671,1.186
2,34.603,23.089,1.631
4,-4.717,36.011,4.160
2,14.787,4.888,0.459
2,-5.327,-15.297,3.226
2,-48.188,30.326,2.707
2,-8.773,29.288,3.235
4,18.637,-20.828,1.894
2,-6.000,-0.579,3.180
2,-24.861,39.317,2.272
2,32.836,-10.714,-1.960
2,-35.558,-4.825,5.022
2,8.993,5.424,0.494
3,28.025,-10.450,-0.483
2,19.233,41.052,2.299
3,40.237,1.505,-1.416
2,-4.386,30.662,3.546
2,-25.907,47.573,3.305
2,36.026,15.189,-0.182
2,13.790,-30.797,2.459
2,-20.901,29.761,2.875
4,-42.192,24.780,3.022
2,-41.127,24.067,1.445
2,5.923,49.116,0.775
3,2.562,37.039,2.854
2,9.383,-40.692,4.587
2,14.572,-19.198,0.695
2,11.929,-32.222,3.083
2,15.787,25.495,1.081
2,-29.199,48.561,3.067
2,-16.532,1.673,3.508
2,-32.064,20.673,1.414
2,-42.632,6.373,3.932
2,-2.238,9.987,1.552
4,14.418,-21.480,1.793
2,-2.732,-25.454,3.134
2,28.234,-8.939,-0.649
2,31.960,-49.958,1.639
2,-15.843,-16.347,4.227
2,-35.736,-35.026,4.227
2,23.142,-14.513,0.204
3,1.076,-9.070,1.355
2,0.437,48.608,0.272
2,11.502,2.193,-0.158
2,47.088,-17.803,-2.554
2,24.473,35.855,1.545
2,11.676,48.212,1.454
2,8.773,-44.787,4.785
2,4.659,-34.505,3.742
2,-44.329,36.568,2.107
2,-2.236,-48.213,5.774
2,42.110,-11.915,-2.670
2,-14.282,2.384,3.513
2,-41.805,22.927,1.808
3,2.695,37.196,2.881
2,38.567,23.974,1.024
2,46.184,-22.795,-1.898
2,-32.774,17.863,1.204
2,-21.689,-8.087,4.417
2,-7.770,31.482,3.050
2,-30.656,31.400,2.377
2,16.151,28.951,1.822
2,20.128,-42.827,3.036
4,23.832,-27.556,0.571
2,41.135,30.498,0.728
2,-30.296,26.381,1.989
2,-26.211,-38.132,4.470
2,24.317,38.426,1.687
2,-47.370,-24.035,6.316
2,-48.878,-5.917,6.688
2,-45.534,-20.560,6.564
2,-12.175,6.409,2.179
2,-41.080,-36.051,3.778
2,28.501,-23.295,-0.007
2,-43.903,-36.447,3.570
3,-44.279,24.533,2.704
2,-13.508,1.707,3.305
3,-5.439,-14.490,3.252
2,-4.873,47.591,1.559
4,19.649,-22.637,1.478
2,-24.068,18.602,1.957
2,-7.612,-28.908,4.273
3,27.145,-13.639,-0.103
2,-47.819,-44.222,2.078
2,11.964,23.391,0.928
2,-44.706,-24.447,6.063
2,12.177,2.809,-0.109
2,30.697,41.449,0.291
2,-3.887,-11.903,2.536
3,-16.851,3.726,2.973
2,21.974,13.775,1.338
2,48.654,-21.297,-2.465
2,29.957,-30.570,-0.250
2,31.523,-46.471,1.385
4,23.481,0.489,-0.928
2,-8.846,34.810,3.070
2,15.599,-46.003,4.161
2,11.984,30.849,2.434
2,33.098,-17.624,-0.534
2,-35.663,-0.658,4.885
2,2.601,36.385,2.984
2,22.803,-6.543,-0.942
2,-15.357,-20.889,5.268
4,-41.296,24.355,2.703
4,20.444,-21.538,1.072
2,31.174,-29.326,-0.436
2,3.140,26.075,2.142
2,-35.135,-21.650,6.385
4,23.995,-27.869,0.519
4,-42.621,25.340,2.781
2,-1.896,-16.265,2.367
3,-12.642,40.824,3.317
2,23.170,-1.134,-1.240
2,-24.702,-9.296,4.462
4,24.085,-27.051,0.816
2,19.448,-48.933,4.631
2,31.183,30.051,1.866
3,25.141,-26.483,-0.002
2,-15.128,30.920,3.240
2,-18.969,6.306,2.185
2,-24.191,41.108,2.947
2,21.989,11.884,1.012
2,9.218,36.132,2.309
2,10.420,-10.306,0.010
2,-33.986,-44.302,4.067
2,25.641,14.338,0.873
4,24.081,-27.090,0.726
2,-28.811,28.419,2.111
2,49.987,-44.502,-1.012
2,33.519,20.192,1.701
2,11.394,-8.132,0.326
2,-45.542,12.181,3.001
2,-2.662,2.862,2.647
2,34.444,-30.499,-0.962
2,-0.250,43.640,1.161
2,46.222,-10.835,-2.373
2,32.531,-18.577,-0.404
2,12.794,15.738,0.337
2,20.177,-8.803,-1.029
2,-23.672,44.492,2.896
3,-25.063,39.055,3.011
2,5.748,-20.495,1.887
3,28.475,-8.541,-0.498
4,24.134,-27.899,0.712
2,41.489,33.954,0.464
2,11.812,36.254,2.786
2,11.926,-5.294,0.109
2,17.155,46.316,1.750
2,38.581,-14.693,-1.780
2,-4.750,24.431,3.215
2,15.687,-16.109,0.013
2,-24.474,-10.819,5.094
4,42.694,-16.173,-2.445
2,43.414,19.133,-1.368
2,41.280,-16.163,-2.115
2,-8.711,-1.296,2.994
2,-15.891,4.961,2.764
2,-33.917,-9.497,5.837
2,-39.767,-30.822,4.911
4,1.865,37.279,3.271
2,1.986,25.480,2.573
2,2.899,-30.144,2.952
2,-32.066,24.092,1.551
2,-33.845,-34.354,4.385
2,-28.321,-16.833,6.053
2,48.371,-3.242,-3.183
2,38.644,47.653,0.556
2,9.266,49.196,0.977
2,-23.836,1.610,1.912
2,-21.453,-40.135,4.834
2,26.788,45.039,1.013
2,25.335,-18.999,0.578
3,20.079,-49.957,4.812
2,2.632,26.577,2.346
2,-13.355,-11.821,2.900
2,-9.246,-32.239,4.494
2,-4.385,-15.046,2.824
2,38.764,-29.299,-1.163
2,24.695,25.948,2.717
3,41.370,20.962,-0.006
2,26.574,31.485,1.623
3,-5.908,39.959,3.204
2,-27.303,19.714,1.723
2,-2.837,10.110,1.590
2,2.552,-39.391,4.496
3,40.261,0.707,-1.558
2,38.431,-6.903,-2.421
2,-46.124,28.600,2.432
2,23.944,42.645,1.660
2,-11.232,24.232,3.009
2,22.639,24.617,2.472
2,-45.955,-14.205,6.951
2,-20.464,6.467,2.054
2,-6.283,-15.984,3.255
2,-47.643,-29.979,5.303
4,-42.515,-11.225,7.584
2,10.332,-4.809,0.397
2,41.605,-43.070,-0.956
2,47.347,4.417,-3.112
2,-6.169,-15.737,3.312
2,16.392,-49.495,4.468
3,-16.464,4.972,2.961
2,4.802,4.480,0.877
2,18.188,-39.733,2.757
3,28.979,-8.268,-0.476
3,24.666,36.926,1.832
2,0.726,38.002,2.790
2,16.193,-7.626,-0.900
2,35.108,27.629,1.570
2,47.456,-19.200,-2.440
2,-36.924,18.821,1.062
2,36.762,-22.425,-0.833
2,35.880,10.604,-0.371
3,41.025,22.097,-0.046
2,-9.448,-42.405,6.266
2,41.919,-20.050,-1.785
2,-4.743,30.537,3.376
2,-33.102,-18.132,6.737
3,28.064,-8.551,-0.482
2,-35.878,23.111,0.882
2,-43.759,1.358,5.855
2,4.510,-0.123,1.391
2,25.005,4.522,-0.413
2,-2.080,-47.675,5.876
2,21.480,31.930,2.174
2,-20.217,-24.190,6.137
2,-8.913,-6.003,2.197
2,-3.487,14.916,1.572
2,-42.927,23.921,2.080
2,-6.301,38.730,2.918
4,23.674,-0.428,-0.943
2,23.597,-26.742,-0.017
2,-43.323,9.597,3.152
2,-27.302,36.427,2.199
2,46.693,9.129,-2.821
2,23.650,36.836,1.530
2,27.183,-5.916,-0.722
2,27.492,-11.053,-0.492
2,-26.789,-42.241,4.125
2,-16.378,6.659,2.489
2,-35.302,-26.733,5.645
2,-39.090,26.978,1.316
2,-22.731,-45.308,4.475
4,-43.477,25.144,2.901
2,5.116,28.869,1.983
2,-5.002,38.180,2.928
2,-46.059,48.250,2.301
2,-42.905,-11.952,6.700
2,39.715,-17.907,-1.409
2,2.353,26.664,2.538
2,44.953,-22.860,-1.877
2,-9.191,9.114,1.394
2,9.854,35.992,2.376
2,30.224,-27.713,-0.428
2,-7.426,30.801,3.110
2,-38.511,-14.199,6.766
2,-8.736,-45.432,6.235
2,42.667,13.712,-1.431
2,42.259,44.609,0.714
2,43.729,4.641,-2.447
2,23.971,-26.792,-0.058
2,-44.948,-34.265,4.294
2,-43.163,-31.876,4.740
2,-12.111,19.579,2.426
2,7.700,13.142,0.356
2,-24.611,41.183,3.004
2,-46.021,31.820,2.466
2,-0.572,-34.933,4.009
2,-7.188,-29.321,4.197
2,33.403,-14.610,-1.436
2,2.932,37.404,2.739
3,29.403,-10.687,-0.726
2,31.077,-27.360,-0.400
2,12.465,15.120,0.355
2,37.354,-41.017,-0.934
2,-6.319,-13.702,3.078
2,42.509,-24.054,-1.511
4,28.008,-12.552,0.422
2,39.390,-12.805,-2.266
2,-25.262,-46.370,4.249
2,-20.225,19.828,2.355
4,29.510,-8.211,-0.580
4,18.636,-19.568,1.290
2,39.626,-3.205,-2.332
2,40.376,-38.633,-1.198
2,37.068,15.689,-0.292
2,-22.077,-44.441,4.183
2,-33.318,-40.351,3.713
2,-21.886,-41.978,4.458
2,-44.150,-21.637,6.705
4,-14.266,6.912,2.955
2,-13.715,1.040,3.453
2,24.292,10.480,0.438
2,-48.765,34.702,2.458
2,40.887,43.002,0.827
3,49.673,38.539,1.379
4,28.027,-17.213,1.149
2,-31.000,-19.570,6.593
2,3.055,-27.436,2.570
2,-48.849,-1.891,6.341
2,-4.444,29.333,3.465
2,26.283,-37.019,0.958
2,-24.981,-38.150,4.610
2,33.816,-45.711,0.367
2,27.218,-12.407,-0.222
2,-45.475,1.930,5.539
2,47.175,-23.961,-2.032
2,1.126,7.208,1.342
2,47.338,-28.395,-1.912
2,17.373,-30.524,1.892
2,22.899,-11.179,-0.179
2,-12.725,42.188,3.374
2,25.486,-9.243,-0.213
3,-42.196,11.060,2.981
2,-43.933,-35.692,3.780
2,-23.548,38.752,2.565
2,-14.942,13.816,1.434
4,24.278,36.617,2.224
2,13.076,49.975,1.354
2,37.976,27.322,1.219
2,-29.024,26.996,2.173
2,47.171,-6.976,-2.405
2,-6.331,-27.722,4.100
2,-35.329,45.347,2.027
2,43.433,44.665,0.718
2,12.467,-9.923,-0.007
2,-36.335,-49.330,3.522
2,-34.280,-39.377,3.905
2,-21.111,17.255,1.943
2,-33.294,-46.395,3.991
2,38.668,29.557,1.350
2,-4.404,38.739,3.134
2,-44.420,14.620,2.367
4,-32.896,-3.474,5.446
4,18.031,-17.195,1.310
4,17.543,-23.138,1.559
2,-36.228,-39.476,3.633
2,-44.263,-46.626,2.474
2,-26.446,26.833,2.037
4,30.454,16.963,2.717
2,28.637,48.183,1.002
2,-1.313,13.934,1.213
2,42.828,48.848,0.554
2,-22.871,-33.876,5.271
2,-44.473,32.363,2.069
2,-22.562,49.484,3.035
3,28.280,-10.508,-0.505
2,48.464,-33.726,-1.464
2,-8.042,12.288,0.999
2,-21.222,44.191,3.022
2,7.408,-14.838,1.046
2,-41.170,43.163,2.175
2,-14.715,1.357,3.520
2,-17.994,-19.546,5.442
2,29.011,22.526,2.582
2,-45.005,47.562,2.482
2,23.869,-27.392,-0.033
2,-0.399,14.758,1.450
2,23.673,44.605,1.715
2,49.986,0.500,-3.502
2,-23.609,48.953,3.295
2,-27.887,48.768,3.256
3,-26.725,-0.384,2.323
2,-38.559,8.298,3.156
4,16.357,-30.745,3.018
4,-4.388,36.826,3.676
2,2.571,-22.171,2.253
2,23.563,-47.715,3.903
2,-1.740,-22.076,2.727
2,-5.192,30.037,3.574
2,-16.216,1.130,3.494
2,-28.537,-11.116,5.753
2,36.420,-9.576,-2.164
2,-22.588,-7.529,4.326
3,-10.565,32.759,3.501
2,-24.138,40.893,2.595
4,3.122,26.677,3.260
4,28.441,16.987,2.048
4,-18.454,5.239,2.933
4,42.366,21.568,0.114
2,-2.681,-26.006,3.305
2,22.676,-42.726,2.671
2,30.964,39.957,0.394
2,-12.240,-24.672,5.331
2,22.718,-2.852,-1.305
2,26.341,-16.428,0.072
4,23.678,-0.370,-0.774
2,-46.353,-8.124,6.600
2,5.306,16.226,1.045
4,-34.035,-10.516,7.211
4,-34.393,-39.887,4.708
2,5.656,1.650,0.795
2,6.290,35.879,2.434
4,24.818,-27.359,0.770
2,-41.404,12.466,2.078
7,-83.402,-18.203,3.107
2,15.930,-14.045,-0.490
2,-2.310,31.465,3.161
2,-49.416,22.827,1.730
2,15.379,16.316,0.566
4,-43.556,-12.091,7.481
2,-16.535,14.459,1.539
4,2.553,36.316,3.396
2,-8.231,43.252,2.657
2,9.910,-26.634,1.266
2,21.705,39.292,2.018
2,-0.055,47.603,0.453
2,-23.687,41.003,2.822
2,7.526,49.639,0.771
2,-15.411,40.943,2.957
2,-26.312,26.870,2.086
2,1.912,48.430,0.440
2,-0.916,-49.743,5.672
2,-33.577,11.688,1.611
2,-8.071,-28.405,4.420
4,27.221,-13.378,0.427
2,46.272,-32.432,-1.480
2,-14.429,-21.903,5.368
2,-27.313,-6.570,4.388
2,6.314,11.093,0.441
2,-44.132,40.048,2.297
2,-10.467,32.933,3.298
2,-21.385,-38.081,5.013
2,-24.266,38.617,2.583
3,40.869,21.898,-0.005
2,-40.048,30.077,1.805
2,-10.215,33.261,3.241
2,-11.090,-4.124,2.769
2,39.704,-36.584,-1.172
2,37.122,-14.735,-1.674
3,-42.818,10.100,3.182
4,-33.174,-2.900,5.852
2,-16.445,-20.805,5.743
2,-19.711,6.618,2.154
2,-8.513,32.802,2.864
2,29.250,-5.327,-1.319
2,-45.285,37.288,2.191
2,-16.230,13.755,1.414
2,-0.480,36.068,3.003
2,-28.538,-23.900,6.154
2,40.070,13.224,-0.962
2,-40.040,-19.713,6.342
2,-35.181,-2.205,5.082
2,-43.264,10.501,2.847
2,-19.413,-9.215,4.154
2,-15.857,2.089,3.598
2,-22.665,40.482,2.645
2,-46.979,19.621,2.154
2,41.823,13.195,-1.276
2,-35.343,-2.423,4.907
2,-1.040,-11.154,2.197
2,-25.191,48.736,3.570
2,8.310,-6.816,0.690
2,-49.997,21.278,1.917
2,37.888,-20.398,-0.736
2,33.095,48.673,0.529
2,-12.496,47.588,3.098
2,-46.013,-36.710,3.452
2,22.131,-31.959,0.924
2,-33.926,-8.949,5.797
2,-32.998,-12.200,6.575
2,-41.719,18.810,2.090
2,21.241,38.243,2.243
4,25.575,-26.897,0.572
4,23.701,-26.722,0.603
2,39.651,-29.264,-1.154
2,-0.933,2.142,2.487
2,-7.108,-14.281,3.145
2,36.634,-5.529,-2.421
2,-35.327,10.553,2.040
2,0.122,48.143,0.310
2,-8.285,37.073,3.006
2,-33.027,35.239,2.103
2,26.281,-44.189,2.309
3,-42.070,18.841,2.467
2,-7.031,-37.971,5.645
4,3.649,36.984,3.456
2,48.476,-1.632,-3.427
2,22.123,-22.345,0.276
4,-33.814,-4.208,5.711
4,3.162,26.482,2.867
2,45.370,16.196,-2.125
2,16.175,-30.439,2.028
2,34.971,-8.295,-2.083
2,-15.426,-11.857,3.496
4,15.478,-20.419,2.599
4,-34.383,-2.939,5.440
2,18.034,33.386,2.231
2,-25.991,1.369,1.854
4,28.579,-16.946,1.077
2,-35.815,25.337,1.125
2,-47.788,-4.320,6.356
2,10.546,-38.775,4.322
3,40.828,22.849,0.133
2,-10.948,29.699,3.303
4,18.609,-23.129,1.387
2,-3.444,30.926,3.527
2,44.714,-15.308,-2.619
3,-24.140,40.016,2.767
2,-35.304,7.059,2.748
2,-39.381,-32.370,4.800
4,24.330,-27.853,0.704
2,40.473,21.781,-0.299
2,32.050,-49.216,1.535
4,2.161,26.546,3.400
2,-45.958,-15.848,6.790
2,39.645,-18.471,-1.297
3,-43.132,24.738,2.610
2,-33.710,-4.699,4.865
2,44.540,42.666,0.683
2,-49.800,14.756,2.590
2,26.269,46.362,1.213
2,45.576,15.498,-2.128
2,-11.779,0.518,3.263
2,36.471,18.916,0.915
2,-23.998,-14.936,5.448
2,28.706,-18.025,0.286
2,-45.030,35.005,2.126
2,16.941,18.063,0.826
2,42.899,8.921,-1.853
2,-24.061,0.668,1.985
2,25.543,4.005,-0.690
3,29.634,-10.568,-0.774
2,-4.102,-18.095,2.863
2,3.600,-6.092,1.015
2,-32.459,-19.658,6.777
2,-2.017,-4.218,1.792
2,24.565,37.369,1.534
2,-20.102,-12.202,4.592
2,-11.703,-23.631,5.114
2,-19.945,-8.252,4.139
2,-39.414,27.515,1.425
2,-47.024,22.982,1.885
2,-12.520,17.981,2.072
2,26.288,-39.433,1.310
2,11.160,48.870,1.299
2,-14.656,5.215,2.762
2,43.037,2.891,-2.391
2,-13.510,-15.106,3.551
2,-8.929,33.975,2.919
4,19.334,-22.463,1.951
2,-36.011,27.570,1.350
3,23.858,36.013,1.792
2,24.021,-34.846,0.936
2,9.967,-1.489,0.276
2,-7.182,31.728,2.951
2,8.542,41.292,2.013
2,28.382,-9.285,-0.766
2,0.290,43.309,1.205
2,12.711,16.740,0.366
2,-32.148,19.515,1.154
3,22.113,0.006,-1.225
3,-42.795,17.823,2.546
2,-12.428,-44.332,6.158
2,35.069,17.412,0.590
2,8.222,-32.405,3.538
2,31.212,-13.365,-1.432
2,-11.616,32.115,3.246
4,-42.500,-11.176,7.750
2,-0.656,24.659,3.179
2,-22.752,40.412,2.852
2,42.626,-27.026,-1.437
2,-36.249,-3.913,5.470
2,-34.091,32.592,2.036
2,34.332,-46.611,0.658
2,25.970,-1.442,-1.819
3,18.300,-20.224,0.378
2,4.223,-47.628,5.771
2,20.361,-15.087,-0.167
7,-36.032,58.349,-0.376
4,-34.308,-40.671,4.803
2,-24.730,-43.705,4.106
2,20.032,-39.626,2.468
2,-18.333,-24.315,6.262
2,-10.164,32.958,2.960
3,-33.606,-5.103,5.199
2,-14.993,-15.642,3.983
4,21.002,-18.403,0.958
2,31.762,-12.688,-1.688
2,-12.705,13.433,1.252
2,8.042,23.986,1.093
2,-26.018,-16.622,5.858
4,-5.809,41.145,3.501
2,-29.174,-13.789,6.012
2,37.919,-46.471,-0.228
2,-11.329,6.496,2.031
2,-47.221,2.737,5.365
2,-16.642,-7.020,3.790
2,4.414,-45.010,5.610
2,11.350,6.470,0.710
4,-33.717,-3.784,5.904
2,-16.915,-21.064,5.738
2,5.782,-46.787,5.273
2,-11.402,12.629,0.925
4,18.335,-18.205,1.439
4,42.481,21.128,-0.051
2,-25.010,16.937,1.880
2,-4.967,29.678,3.495
2,-16.649,-16.946,4.558
2,11.688,-14.615,0.539
2,-44.763,-5.984,6.588
3,21.503,-18.864,0.914
2,24.624,-1.367,-1.869
2,-2.387,-7.800,2.167
4,-4.435,36.172,4.024
2,34.602,-49.643,0.878
2,40.750,1.788,-1.744
2,-47.837,-17.777,6.952
4,23.725,-27.034,0.620
2,-43.373,-30.401,5.188
3,3.383,36.418,3.033
2,22.388,0.202,-1.595
2,-34.091,34.792,2.061
2,12.350,-17.981,1.126
2,-5.495,21.568,2.599
2,-0.470,-44.878,5.765
2,-17.201,-49.039,6.141
2,17.828,4.624,0.061
2,-3.571,29.933,3.598
2,32.176,-20.610,-0.332
2,4.859,-14.267,1.009
4,-34.253,-39.592,4.722
2,-4.521,40.771,2.759
4,-24.508,39.141,3.188
2,11.034,-46.939,4.929
2,-39.391,-2.124,5.917
2,10.592,44.999,2.104
2,24.508,35.936,1.528
2,-45.760,-8.843,6.688
2,-44.636,12.955,2.599
2,18.546,31.936,1.826
2,3.141,6.292,1.393
2,-46.773,48.584,2.213
2,35.353,22.122,1.608
2,-21.210,34.391,2.909
2,25.700,-26.899,-0.329
2,-7.865,5.828,2.430
2,-24.904,-31.486,5.844
2,-15.290,-21.058,5.441
2,39.540,-28.709,-1.133
2,32.360,19.175,1.555
3,-12.341,-14.573,3.564
2,-38.769,38.313,1.803
2,44.904,-28.099,-1.911
2,6.761,-47.573,5.213
2,38.917,3.097,-1.644
4,23.474,-0.330,-0.871
4,-6.227,36.678,4.364
3,-24.761,40.701,3.078
2,43.933,-9.711,-2.275
2,-37.751,40.380,1.809
4,17.701,-30.401,2.386
2,32.481,37.887,0.871
2,-5.312,45.096,1.659
4,25.713,14.649,1.537
4,18.077,-21.633,2.231
2,44.174,49.998,0.595
2,-6.029,40.714,2.752
7,-4.186,-47.166,-3.979
3,-16.705,4.042,2.937
2,43.436,32.123,0.488
2,-31.943,-14.599,6.301
4,-33.512,-13.252,7.093
2,-39.722,28.740,1.664
2,-30.823,23.592,1.506
4,23.115,-0.215,-0.740
2,-20.460,-1.640,3.232
2,-32.844,-7.698,5.413
2,-44.379,-1.939,6.404
2,44.798,-46.948,0.083
2,9.459,-3.907,0.537
2,-17.264,33.200,3.011
2,42.906,21.043,-0.951
4,29.001,-16.915,0.923
3,-4.669,-13.575,3.214
2,34.112,7.992,-0.373
2,2.188,-26.660,2.344
2,28.355,-9.843,-0.766
2,42.291,24.273,-0.220
3,-3.983,-14.297,3.163
3,-33.396,-3.229,4.866
2,27.196,-9.593,-0.382
2,-27.378,-13.186,5.709
2,20.007,-30.895,1.456
2,16.781,-30.663,2.042
2,-47.038,16.359,2.380
2,47.667,-38.046,-1.434
2,-7.156,20.381,2.594
2,42.061,-8.857,-2.439
2,40.089,6.512,-1.722
2,-5.338,-15.359,3.211
2,-11.424,18.134,2.232
2,36.220,-3.140,-2.168
2,-2.605,6.793,2.047
3,41.127,21.778,-0.173
2,-23.444,49.494,3.318
4,26.512,-11.847,0.697
2,-22.760,39.846,2.740
2,-26.852,-43.808,4.068
2,-4.176,19.923,2.282
3,-35.013,-12.064,6.889
2,14.516,12.635,0.596
2,49.673,-12.181,-2.259
2,-49.884,45.184,2.376
4,-24.103,39.909,3.265
2,14.625,13.341,0.444
2,-40.777,28.228,1.945
2,18.272,19.587,1.190
2,29.587,22.512,2.464
2,-29.600,9.088,1.691
2,-4.915,39.448,3.253
3,-23.865,41.071,3.227
2,-47.761,-18.357,6.935
2,-25.043,40.128,2.605
4,-34.922,-11.757,7.523
3,29.370,-9.225,-0.571
3,27.811,-9.610,-0.518
2,-37.275,29.196,1.563
2,-45.022,-35.146,3.948
2,16.457,-10.349,-0.828
2,10.849,-7.214,0.429
2,17.242,-28.617,1.383
4,-5.593,36.221,4.011
2,31.579,33.351,1.515
2,-47.632,-47.875,1.661
2,-31.212,17.911,1.233
2,-15.999,-41.622,4.972
2,-16.308,-26.545,5.901
2,-26.477,-41.697,4.191
2,-48.129,13.355,2.898
3,27.347,-13.441,-0.253
2,-40.751,49.232,2.675
2,-49.900,-8.058,6.875
2,2.108,3.563,1.693
2,-17.337,38.766,2.906
2,21.098,-29.677,0.944
2,14.581,22.501,0.977
4,18.103,-23.460,1.654
2,28.294,46.848,1.040
2,5.173,15.251,0.926
2,47.758,-38.574,-1.394
2,-31.870,24.727,1.607
2,37.141,-42.907,-0.916
4,28.573,-16.538,0.818
4,-23.916,39.215,3.381
2,-42.987,18.671,2.311
2,-34.236,37.208,2.355
2,-13.268,6.724,2.274
2,45.559,40.775,0.611
4,-15.608,-19.194,5.478
2,-4.203,-21.114,3.339
2,24.080,9.944,0.354
3,-15.130,4.667,2.983
2,-7.984,19.735,2.561
2,-46.466,-15.180,6.731
2,-20.623,-42.186,4.620
3,-10.668,32.944,3.369
2,5.044,35.598,2.586
2,12.797,32.697,2.447
2,-20.595,34.504,2.946
4,25.176,-26.516,0.541
2,29.629,8.622,0.030
2,30.390,-4.775,-1.604
2,29.555,4.207,-0.636
2,-28.832,-33.847,5.161
2,25.450,-21.263,0.482
2,48.939,-8.775,-2.618
2,43.410,-45.238,-0.499
2,-5.135,35.068,3.200
2,11.257,-19.903,1.245
2,43.080,47.964,0.505
2,-14.881,-0.245,3.563
4,2.812,35.997,3.221
2,9.058,-31.910,3.346
2,-24.868,36.532,2.212
3,-16.027,5.155,2.939
2,19.539,38.887,2.539
2,-31.244,27.683,2.193
2,-39.526,-42.996,3.003
2,32.963,33.803,1.221
2,22.289,37.143,1.952
2,43.851,4.020,-2.612
2,-2.213,46.901,1.144
2,46.600,23.202,-1.229
3,3.480,37.233,2.941
4,32.806,14.645,1.017
3,28.400,-8.852,-0.543
2,9.899,-13.071,0.393
2,-45.764,7.606,3.900
2,23.532,-25.950,0.072
3,1.880,36.890,3.147
2,-44.586,-11.221,6.659
2,14.462,-39.588,3.763
2,38.766,-44.794,-0.686
3,-15.057,3.994,2.996
2,-27.903,-25.293,6.196
2,26.930,-11.799,-0.031
2,48.631,14.891,-2.614
3,-16.807,-19.939,5.753
2,-4.974,30.379,3.375
2,-12.540,31.163,3.578
2,12.660,21.819,1.005
2,-35.152,24.585,1.045
4,25.469,13.693,2.327
3,29.323,-9.598,-0.733
2,6.959,-17.051,1.613
3,23.588,-26.972,0.192
2,-23.241,39.580,2.799
2,12.415,11.049,0.542
2,-2.866,-31.976,3.693
2,-14.846,44.230,3.486
2,-29.339,24.843,1.490
2,-18.290,-47.558,5.583
2,40.505,1.577,-2.008
2,-6.755,-0.418,3.115
2,-13.772,-34.064,4.904
2,49.968,44.087,0.737
2,-24.719,-38.677,4.592
2,49.168,-37.743,-1.070
2,-28.606,-18.436,6.244
2,15.617,-37.546,3.433
2,-32.620,-20.376,6.743
2,15.109,26.674,1.388
2,40.344,-46.041,-0.280
4,-35.895,-4.604,5.946
2,-27.901,0.094,2.267
2,44.707,-10.790,-2.365
2,-48.857,-15.572,6.781
2,-28.607,-39.924,3.966
2,44.011,6.165,-2.715
3,-17.112,3.397,2.993
2,5.973,11.693,0.370
2,-48.525,-16.045,6.822
2,-15.558,18.260,2.052
2,38.259,-6.203,-2.412
2,27.358,0.830,-1.684
2,-22.816,12.421,2.378
2,-47.533,29.082,2.534
2,-45.007,28.434,2.281
2,2.578,28.337,2.358
2,9.194,22.628,0.789
2,17.115,44.457,2.010
2,19.514,27.740,1.848
2,20.333,-32.936,1.513
4,23.996,-1.004,-1.066
2,-38.092,-25.287,5.740
4,24.755,-26.558,0.841
2,-49.305,-10.956,6.686
3,-5.373,-16.185,3.324
2,20.651,13.647,1.063
4,-11.842,-14.700,4.480
4,13.729,-39.753,4.901
2,-13.354,-33.673,4.890
2,45.798,48.116,0.778
2,-36.263,49.662,2.883
2,-25.625,4.747,1.774
2,-15.801,2.077,3.156
4,-34.047,-39.743,4.450
2,-25.062,42.210,2.796
3,-42.372,10.584,3.172
4,3.067,26.785,2.929
2,0.575,0.085,2.688
2,-35.157,20.079,0.966
4,24.905,-26.516,0.742
2,2.562,-29.697,2.859
2,43.895,-43.638,-1.043
4,25.390,-26.577,0.562
2,39.066,14.670,-0.700
2,-28.154,15.975,1.768
2,-23.755,40.196,2.906
2,-23.606,-38.438,4.661
2,-10.834,33.862,2.924
4,-3.816,-14.449,3.362
2,5.972,34.338,2.353
7,-19.433,-18.678,-5.236
2,-4.510,22.480,2.807
2,-35.853,-3.145,4.935
2,49.901,24.644,-1.584
2,-2.372,-35.280,4.116
2,-4.820,30.371,3.231
2,-46.819,-11.541,6.940
2,27.015,31.806,1.496
2,-15.727,-2.700,3.664
2,-35.912,32.393,1.929
3,-22.382,39.839,3.141
3,-43.453,-10.986,7.280
3,25.508,-11.682,0.426
2,44.300,-41.883,-1.294
2,43.849,39.037,0.458
2,-6.011,39.447,2.967
2,-35.702,-3.597,5.246
4,17.117,-30.819,3.392
2,-43.495,10.372,3.178
2,-32.124,46.618,2.648
3,-33.669,-5.124,5.055
2,-5.101,31.185,3.561
2,31.672,-36.622,0.078
2,17.610,7.835,0.418
2,30.798,39.370,0.574
4,24.672,-25.664,0.469
2,-10.321,32.631,3.123
2,-32.814,33.149,2.236
2,19.024,6.204,0.275
2,24.234,15.117,1.190
2,20.724,-1.671,-1.204
7,-32.023,-17.330,-5.290
7,-0.714,47.584,-9.759
2,-31.043,46.329,2.755
2,-36.198,-44.891,3.441
4,-19.268,30.774,4.166
2,-0.096,7.416,1.301
2,14.633,25.807,1.299
2,15.772,48.595,1.883
2,42.689,36.508,0.520
2,36.049,47.065,0.468
2,-6.367,24.390,3.485
4,-3.603,-16.419,3.342
2,-42.459,19.754,2.149
2,-35.107,30.462,1.864
2,-31.873,12.425,1.271
4,-4.774,40.855,3.388
2,29.814,-35.354,0.329
2,-11.118,-17.059,3.918
2,-20.579,5.926,2.119
4,24.322,-26.208,0.711
4,24.016,-27.183,0.603
2,2.318,36.532,2.563
2,-23.448,1.638,1.812
2,38.609,22.191,0.716
2,-18.330,17.930,2.090
2,-29.909,24.502,1.521
2,-34.461,19.616,1.053
2,19.649,-33.752,1.728
2,17.623,22.707,1.317
2,44.423,-48.442,0.186
3,28.230,-16.365,0.092
2,45.532,-12.396,-2.534
2,-48.082,-39.191,2.618
4,24.419,36.564,2.115
2,-43.612,11.471,3.047
2,30.539,1.213,-1.310
2,-43.241,27.995,2.252
2,8.669,11.698,0.507
2,21.097,-20.872,0.415
4,-18.599,29.898,5.264
3,-15.632,6.313,2.957
2,22.715,19.692,1.799
2,-1.285,-23.114,2.599
2,-7.493,-24.338,4.191
7,-22.542,18.874,-8.458
2,17.477,-21.217,0.512
2,-32.387,49.986,3.017
2,-31.783,35.327,2.309
4,16.613,-30.668,2.741
3,-4.163,-15.334,3.247
2,16.500,-27.149,1.193
2,5.643,10.968,0.503
2,21.931,-11.583,-0.415
2,6.301,31.039,2.189
2,15.932,-33.822,2.420
3,41.240,22.703,-0.134
2,-24.502,-0.005,2.054
2,-16.392,-31.468,4.981
2,-48.195,-38.399,2.766
2,28.349,-34.379,0.106
2,27.873,-16.068,-0.319
2,6.938,33.441,2.436
2,33.269,35.626,0.989
2,36.453,6.871,-0.882
3,-15.044,4.594,2.968
2,-22.594,25.369,2.351
2,32.305,-16.712,-0.708
2,24.867,15.461,1.131
2,-43.132,23.134,2.146
2,21.985,22.440,2.292
2,-18.877,-9.401,4.090
2,0.624,-40.317,4.657
2,47.220,9.260,-2.877
2,19.908,-7.018,-1.044
3,-16.436,-19.269,5.301
2,-1.778,28.268,2.929
3,17.160,-29.833,2.045
2,34.036,-20.822,-0.720
2,46.137,32.014,0.310
2,23.170,26.392,2.555
2,-44.416,2.633,5.272
2,8.192,-45.985,4.983
2,20.490,-0.843,-1.019
2,27.162,-9.100,-0.560
2,46.590,2.163,-3.058
2,24.123,-2.493,-1.397
2,-1.954,-4.772,1.789
4,-19.333,30.216,4.244
3,24.704,-27.107,0.064
2,-36.978,-33.215,4.751
2,43.990,5.560,-2.594
4,16.295,-30.076,3.263
2,49.982,-14.186,-2.277
2,-34.252,-38.418,3.883
2,37.953,-21.717,-0.828
7,-28.755,46.194,-8.627
2,13.416,20.700,0.857
2,22.627,-22.692,0.286
7,45.872,45.085,-9.482
2,-7.326,6.592,2.286
2,-33.492,-8.600,5.675
2,-24.518,2.220,2.023
2,26.777,-9.011,-0.539
2,-49.232,39.913,2.457
2,-10.400,-28.138,4.355
4,-35.394,-4.472,5.960
2,5.626,2.765,0.763
2,31.352,-42.341,0.461
2,-42.130,39.415,2.139
2,-17.664,30.204,3.286
4,-4.458,37.640,3.803
2,24.721,-26.797,-0.061
2,9.815,19.036,0.691
2,-13.377,-9.178,2.996
2,-45.666,3.241,5.104
2,40.340,29.995,0.861
2,-39.748,47.540,2.587
3,-34.603,-39.648,4.133
2,-8.402,-46.850,6.318
2,43.611,-34.635,-1.461
2,4.638,1.595,1.305
4,-18.256,30.730,4.077
4,29.565,-17.363,1.028
2,-43.223,1.231,5.890
2,11.810,-28.244,1.744
2,23.134,33.850,1.542
2,-4.193,29.926,3.506
2,36.761,29.373,1.480
2,6.605,11.945,0.314
2,20.346,21.463,1.939
2,-44.871,30.874,2.350
2,-38.945,-25.211,5.757
4,-16.460,-19.484,5.810
2,6.100,38.077,2.147
2,-3.878,-39.718,5.598
2,37.679,-23.510,-1.069
2,26.802,-9.545,-0.770
2,-33.555,-11.754,6.649
2,-23.155,-23.569,6.274
2,5.143,-11.232,0.385
2,-6.928,-16.169,3.019
2,-49.528,-20.760,7.052
3,38.888,-0.200,-1.717
2,-21.062,30.618,2.946
2,1.377,0.614,2.368
2,24.648,-25.854,-0.022
2,45.992,-2.173,-2.627
4,23.149,-21.328,2.406
2,11.994,-15.103,0.681
2,-1.447,7.454,1.789
3,3.296,26.181,2.195
2,33.202,-24.470,-0.833
2,49.225,42.817,0.705
2,38.253,-41.944,-1.222
2,49.669,-19.697,-2.639
2,-23.817,-20.341,5.670
2,-9.669,31.556,2.848
2,-21.296,-48.756,4.841
2,27.121,-8.219,-0.599
2,-20.446,-26.178,6.287
2,26.573,-18.096,0.117
2,-31.549,47.283,2.669
2,28.808,-40.979,0.776
2,20.133,37.575,2.373
2,-10.639,-15.856,3.710
2,28.790,-14.655,-0.771
2,-5.975,-16.003,3.165
2,-42.227,10.106,2.844
2,22.668,-43.428,2.827
3,2.634,-8.207,1.296
2,-26.801,0.219,2.093
4,2.578,26.252,2.978
2,-18.191,-5.326,3.793
2,-4.279,-17.322,2.949
2,-8.432,-6.864,2.253
3,-43.273,25.959,2.504
2,-22.982,13.087,2.288
2,-24.414,49.001,3.515
4,25.850,-26.786,0.458
3,-42.518,10.079,3.113
3,28.380,-17.890,0.596
2,-3.467,30.623,3.619
2,-5.753,11.301,1.274
7,-35.395,49.853,-4.943
2,-1.621,-46.687,5.892
2,-34.033,-40.193,3.734
2,-24.119,39.183,2.664
2,-31.066,0.076,3.188
2,-46.167,46.494,2.520
2,-31.258,-8.433,5.501
2,-33.276,-39.520,3.712
2,29.519,-17.646,0.105
3,23.844,-27.454,0.296
2,43.971,38.091,0.355
2,47.489,-4.973,-2.857
2,-11.974,20.441,2.494
3,-33.348,-2.973,4.865
3,41.483,21.632,-0.261
2,-24.294,25.753,2.119
2,27.873,9.246,-0.038
2,-28.883,25.158,1.515
2,23.095,10.005,0.595
2,-10.300,45.553,2.966
2,0.251,-20.637,2.328
2,-28.603,25.791,1.913
2,-24.150,5.463,1.607
4,-4.381,3.613,3.563
2,0.837,-35.284,4.029
2,-19.845,-36.767,5.146
2,-29.713,17.044,1.354
2,4.968,-12.531,0.576
2,16.640,-31.145,2.000
2,-23.070,49.928,3.281
3,24.332,36.639,1.942
2,-32.625,-48.038,4.044
2,3.479,49.741,0.246
4,-42.122,25.629,2.862
2,47.322,-3.253,-2.881
2,0.197,49.195,0.096
2,32.912,48.159,0.507
2,-14.599,-43.299,5.369
4,-34.509,-40.359,4.658
2,27.021,-13.277,-0.258
2,32.899,40.808,0.484
2,-21.581,-11.820,4.788
2,13.055,4.616,0.377
2,-24.099,1.431,2.053
3,2.642,37.072,2.996
2,-14.126,22.288,2.779
2,9.422,-18.144,1.482
2,31.991,47.153,0.375
2,-41.608,-37.470,3.446
2,-27.832,43.840,2.603
2,27.722,6.035,0.020
2,-39.196,21.337,1.330
4,28.103,-17.008,0.786
2,23.496,-18.932,0.665
2,23.904,-27.819,-0.042
2,46.473,-49.134,0.393
2,11.678,3.087,-0.034
2,-5.299,37.614,3.035
2,-15.356,3.745,2.736
3,27.542,-9.731,-0.433
2,-29.213,20.315,1.619
4,19.220,-22.576,1.858
2,9.469,-29.726,2.428
2,-5.017,35.733,3.194
2,-32.092,-4.375,4.549
2,-27.694,-42.404,4.025
2,-8.842,-10.073,2.409
2,-4.996,38.918,2.871
2,41.617,43.846,0.807
2,22.353,15.217,1.501
2,-38.043,-47.604,3.145
2,12.569,-32.644,3.001
2,-6.184,32.970,2.957
2,-29.258,28.041,2.060
3,-11.314,-41.084,5.874
2,-47.190,0.358,6.075
2,3.704,-35.841,3.939
2,-41.746,32.869,2.008
2,5.727,2.181,0.759
2,-48.268,-5.906,6.644
4,-4.504,4.510,4.206
2,2.239,43.286,1.295
4,28.298,-17.304,1.200
2,-16.685,-20.869,5.547
4,26.794,10.294,1.736
2,49.759,-8.215,-2.731
2,-15.781,-6.486,3.747
2,19.798,8.476,0.460
2,-18.895,22.377,2.471
2,48.212,-2.277,-3.311
7,-35.822,16.535,-3.817
2,40.500,7.038,-1.707
2,-12.784,-21.166,4.851
3,-34.104,-10.837,6.654
4,-42.023,26.097,2.837
4,22.888,-0.455,-0.611
2,-44.280,-27.533,5.670
2,-4.621,30.879,3.561
3,24.170,-26.485,0.523
2,18.262,41.041,2.285
4,-42.848,24.710,2.866
2,-22.213,3.338,2.036
2,4.087,43.249,1.559
3,3.029,26.140,2.587
2,43.948,30.646,0.325
2,-48.616,49.348,1.723
2,-44.153,3.644,4.845
4,28.155,-17.586,1.155
2,-20.415,-18.285,5.526
2,47.827,46.721,0.753
2,26.523,16.661,1.104
2,40.320,42.887,0.790
4,-24.340,40.387,3.214
4,26.334,-11.749,0.564
2,21.382,2.758,-0.771
2,-10.669,33.293,3.033
2,-45.438,-8.358,6.746
4,4.023,36.494,3.113
2,-22.763,-28.888,6.324
2,-5.087,-11.086,2.589
2,-18.627,-6.683,4.106
2,16.745,-14.469,-0.497
4,-34.152,-3.745,6.036
2,11.061,13.117,0.612
2,-6.600,-14.750,3.351
2,49.260,-2.207,-3.372
2,43.603,-48.582,0.366
2,19.816,5.340,-0.004
4,17.296,-21.398,1.801
4,-5.456,40.088,3.370
2,-18.998,-23.872,6.126
2,46.732,-6.234,-2.313
4,23.065,0.367,-0.868
2,-33.714,44.211,2.099
2,-38.361,-45.242,2.980
2,-5.888,39.174,3.008
4,3.183,36.948,3.373
4,-25.516,38.920,3.183
2,24.705,36.912,1.577
2,29.017,4.357,-0.532
2,-1.420,-27.363,3.176
2,27.099,16.586,1.084
2,-26.742,-37.964,4.404
2,13.611,14.994,0.484
2,46.967,-19.650,-2.338
2,12.384,20.648,0.794
2,43.916,-10.513,-2.457
2,-10.887,9.367,1.495
4,26.425,-17.767,1.171
2,19.729,-24.362,0.546
4,-12.276,-15.912,4.653
2,14.054,46.471,2.081
3,28.959,-9.349,-0.412
2,38.164,17.180,0.242
2,-15.927,26.621,2.837
2,-7.563,-13.757,3.135
2,6.919,6.244,0.600
2,-15.840,1.514,3.473
2,21.394,-39.833,2.301
2,-11.644,-2.581,3.098
2,-34.191,27.643,1.633
2,-1.704,17.191,1.842
2,31.676,-13.945,-1.367
2,-33.966,6.014,2.638
2,-43.514,25.707,2.209
2,42.694,45.598,0.732
2,-23.469,-3.413,3.168
2,-43.467,-1.326,6.201
2,44.730,-2.698,-2.436
3,-5.046,40.868,3.001
2,-7.484,36.511,3.045
7,-90.379,-7.106,-3.471
2,-44.783,20.322,2.086
2,-5.924,-22.589,3.910
2,-9.491,49.670,2.246
2,-12.705,20.339,2.404
2,39.598,18.252,-0.029
4,42.299,-16.686,-2.283
2,27.620,-8.030,-0.644
2,0.631,-8.066,1.368
2,-39.542,-24.492,5.940
2,8.559,-10.749,0.173
2,-21.734,-25.625,6.416
2,-35.025,-46.461,3.694
2,-37.156,-41.280,3.631
2,0.041,3.871,2.060
2,-30.151,33.659,2.580
3,-3.943,35.552,3.712
2,-49.397,5.089,4.875
3,-16.802,5.718,2.723
2,19.785,-32.965,1.607
2,-5.015,-17.203,3.088
3,-3.620,40.763,3.064
2,9.640,3.837,0.151
2,21.633,-46.941,3.790
2,45.004,23.057,-1.128
2,5.857,-10.061,0.430
2,19.547,-18.863,0.285
2,-0.360,-22.120,2.630
2,6.103,-28.324,2.564
2,27.632,-8.154,-0.769
3,39.710,0.596,-1.590
2,33.820,35.448,0.832
2,33.389,13.076,-0.165
2,35.434,-46.138,0.046
2,7.097,42.080,1.918
2,12.418,8.673,0.521
2,47.355,34.441,0.919
2,-43.215,-11.527,6.815
2,35.772,18.783,0.951
2,-42.770,18.079,2.143
2,-10.669,-25.899,4.882
2,-36.964,37.520,1.777
3,28.683,-17.482,0.468
2,-3.336,30.144,3.492
2,-2.634,23.558,2.894
2,22.667,31.117,2.057
2,-26.691,28.194,2.015
2,-33.920,-23.844,6.168
2,49.348,-3.479,-3.265
2,-22.728,19.336,2.005
4,13.651,-21.823,1.610
3,41.002,22.436,0.012
2,-29.523,33.357,2.592
2,18.624,8.173,0.465
2,11.414,28.093,1.581
2,16.859,30.363,1.667
2,30.449,-44.339,1.200
2,-12.594,44.493,3.592
2,36.550,-6.063,-2.363
2,0.846,-44.375,5.803
4,-41.855,10.520,3.234
4,20.283,-20.013,1.053
2,-16.024,-27.338,5.663
2,-20.971,-9.845,4.526
3,26.019,-17.886,1.022
2,35.828,15.699,0.044
2,-13.202,25.945,2.889
3,39.448,0.381,-1.662
2,-34.626,20.250,0.935
2,-36.009,-38.153,3.698
2,-24.184,29.092,2.448
2,19.846,-11.728,-0.967
3,-25.152,39.698,2.785
2,8.973,-5.484,0.637
2,49.083,22.699,-1.403
2,-0.571,10.271,1.306
2,-5.086,-47.631,5.986
2,-5.862,39.890,2.750
2,1.196,-15.761,1.978
2,-25.466,-45.124,4.158
2,30.981,3.790,-0.758
2,16.671,20.398,1.026
2,4.977,-21.417,1.815
2,-24.564,5.104,1.649
2,-34.733,7.190,2.669
2,-48.241,6.063,4.561
2,-19.971,-14.379,4.671
2,-18.577,-32.884,5.410
2,-9.034,-11.382,2.670
2,-28.731,39.396,2.205
2,42.631,-37.458,-1.458
2,20.684,3.882,-0.396
2,3.698,-8.621,0.650
2,48.297,31.516,0.514
2,-29.977,10.520,1.544
4,-23.623,39.650,3.192
2,7.135,-5.910,0.865
4,18.509,-17.042,1.024
2,-34.011,-27.729,5.576
2,45.442,46.397,0.864
2,-2.461,-22.965,2.793
4,23.778,-0.215,-0.839
2,3.410,27.659,2.103
2,-20.196,20.861,2.476
2,-28.915,-49.741,4.002
2,-4.303,29.155,3.601
2,27.195,4.497,-0.513
2,37.915,7.308,-1.070
2,-33.450,16.249,1.482
2,-43.201,1.953,5.586
2,19.505,46.652,1.707
2,-6.591,39.781,3.058
2,29.247,-11.759,-0.968
2,45.573,39.784,0.640
2,-38.788,-6.171,5.708
2,-18.513,12.508,1.646
2,8.598,-21.326,1.402
2,38.348,-25.275,-1.603
2,42.468,-5.953,-2.036
3,-10.625,33.565,3.351
2,32.261,48.970,0.726
2,-25.475,0.324,2.035
2,7.196,-13.667,0.632
2,-26.062,-46.376,4.232
2,-46.546,25.076,2.044
4,29.481,-9.466,-0.528
2,-7.264,-31.261,4.324
2,-34.598,-31.413,4.862
2,41.580,-46.526,-0.103
2,1.309,41.511,1.688
2,-10.503,33.229,3.093
2,32.473,45.943,0.191
2,-14.609,35.634,2.793
2,37.593,1.286,-1.825
2,-39.178,-23.828,6.057
3,-4.135,-14.193,3.318
3,-17.584,5.032,2.935
2,-29.832,23.529,1.418
2,-48.620,37.383,2.003
2,-16.903,-1.855,3.602
2,-28.726,4.937,2.185
2,22.075,-26.544,0.580
2,-12.903,-28.020,4.629
3,49.943,23.613,-1.372
2,-10.554,-45.269,6.191
2,-48.461,33.299,2.537
4,19.623,-23.105,1.456
2,29.432,-32.336,-0.107
2,3.418,-18.844,1.791
4,-33.351,-3.431,5.398
4,16.078,-23.601,2.861
2,-4.682,39.943,2.773
2,-28.827,47.388,3.180
2,14.629,24.470,1.046
2,35.826,-34.173,-0.858
4,21.033,-19.711,1.093
2,27.262,7.124,0.037
2,-49.419,18.377,2.357
2,-18.050,1.558,2.978
2,2.471,-31.739,3.111
2,41.462,46.057,0.748
2,-3.113,5.237,2.548
3,-33.893,-3.405,4.902
4,-3.441,-14.369,3.306
2,26.303,-46.465,3.007
2,-42.045,-41.779,2.947
2,-25.803,42.444,2.682
3,-4.640,-16.903,3.290
2,34.800,-18.692,-0.673
4,2.272,36.218,3.509
2,8.523,-29.569,2.346
2,26.466,-17.529,0.196
2,9.166,35.545,2.320
2,30.520,-35.746,0.229
2,-16.964,-6.510,3.843
2,-1.883,4.108,2.305
2,15.590,40.437,2.518
2,-24.600,-49.342,4.233
2,40.137,-21.666,-1.233
4,26.002,-17.986,1.528
2,26.160,-12.181,-0.202
3,41.704,22.389,0.043
2,13.679,10.690,0.583
2,-32.636,-25.608,5.815
2,2.020,-41.682,5.002
2,23.504,-22.691,0.301
2,39.037,-11.386,-2.372
2,-4.729,-3.427,2.241
2,-19.711,-23.822,6.079
3,-16.273,-19.460,5.212
2,-1.537,-45.052,5.833
2,3.737,-20.717,1.902
2,-27.632,-24.778,6.199
2,-12.248,10.109,1.654
2,-3.009,-49.902,5.789
2,-32.246,34.969,2.193
2,-13.235,0.363,3.530
2,7.541,0.959,0.387
3,-6.690,-16.885,3.285
2,-44.472,47.467,2.506
2,-15.490,-12.569,3.473
2,-38.284,-41.366,3.430
2,42.114,-0.248,-2.070
2,-3.250,31.284,3.515
2,28.617,-14.140,-0.809
2,32.937,19.142,1.574
2,-42.642,-48.589,2.619
2,-0.205,-33.998,3.839
2,2.190,26.509,2.275
2,-16.937,-31.516,5.087
2,33.465,1.502,-1.270
4,3.303,-8.919,2.525
4,-42.307,18.080,2.506
2,-14.153,-36.010,5.144
2,6.627,21.947,0.996
2,-24.599,26.460,2.243
2,-44.321,-25.589,5.979
3,-42.487,10.940,2.855
3,24.985,35.648,1.769
2,18.894,23.533,1.796
3,37.612,-29.500,-1.158
2,-27.050,-20.832,6.205
1,23.620,1.231,-1.578
2,-28.079,-44.476,4.118
2,23.747,-0.844,-1.577
2,-27.659,26.227,2.098
2,-28.753,-2.812,3.517
2,-28.508,27.451,2.081
4,-5.287,36.633,3.680
2,0.609,41.298,1.797
2,-40.321,5.518,4.208
2,-6.132,-15.886,3.299
2,37.416,46.276,0.609
2,-49.783,10.021,3.185
2,-21.885,-13.765,4.945
2,30.684,27.858,2.246
2,39.399,-23.528,-1.290
2,0.250,-29.607,2.911
2,9.132,12.072,0.655
2,-28.826,26.280,2.029
3,-24.847,41.439,3.029
2,-38.649,1.795,5.283
2,-5.180,11.790,1.247
2,-25.134,10.009,2.038
3,-6.138,39.489,3.396
1,30.737,-46.027,1.414
2,42.022,6.405,-2.260
3,29.235,-9.716,-0.717
4,-5.872,41.099,3.330
2,-42.350,-11.350,6.769
3,41.620,21.515,-0.092
2,-18.261,-3.601,3.603
2,0.417,33.440,2.728
2,23.075,33.301,1.594
2,-12.311,36.263,3.112
2,-24.526,31.065,2.372
3,-3.691,40.346,3.222
2,-18.126,-31.432,5.328
2,7.403,15.027,0.608
2,20.683,-22.855,0.269
2,-45.219,46.395,2.576
2,-31.661,31.094,2.268
4,-14.664,6.761,3.049
2,24.281,-26.025,-0.017
2,4.863,27.575,1.850
4,-4.550,40.887,3.356
2,-48.921,0.664,5.724
2,-40.207,-31.169,4.908
4,17.502,-22.551,1.499
2,-47.800,3.127,5.222
4,-33.880,-39.812,4.461
2,45.340,11.015,-2.249
2,26.969,48.836,1.402
4,-34.191,-3.004,5.533
2,-27.914,-18.237,6.217
2,0.413,18.143,2.227
2,35.019,-45.358,-0.025
2,9.984,-31.568,3.138
2,9.071,4.456,0.320
3,-10.529,33.272,3.449
2,33.841,-28.250,-1.048
2,-41.733,-10.949,6.718
2,-3.806,30.103,3.592
2,-10.390,19.497,2.620
2,46.781,-18.592,-2.559
2,-11.304,39.100,2.970
2,-48.728,40.968,2.580
2,-32.909,-24.912,5.888
2,38.421,1.936,-1.731
2,-34.803,47.725,2.482
2,48.293,3.775,-3.361
2,-37.942,26.271,0.968
2,-2.841,-9.734,2.302
2,-33.350,-40.380,4.112
2,23.439,-0.436,-1.473
2,-10.590,44.761,3.185
2,3.166,28.208,2.282
2,10.871,-39.975,4.487
2,15.676,-0.493,-0.531
2,35.157,-38.715,-0.539
2,36.949,41.042,0.611
2,47.049,-43.165,-1.103
2,37.753,-34.418,-1.083
2,42.913,25.738,-0.401
2,-41.877,-3.212,6.224
2,-15.838,2.390,3.594
2,27.000,-11.155,-0.656
2,34.749,-25.888,-1.374
4,2.101,26.554,2.854
2,-43.216,26.415,2.183
2,30.394,-23.758,-0.521
2,-38.718,7.281,3.498
2,-14.498,6.691,2.469
3,2.259,35.249,3.036
2,15.503,8.065,0.515
2,44.759,37.191,0.516
2,-38.006,-1.147,5.661
4,27.010,-12.149,0.381
2,0.227,-31.618,3.085
2,-19.916,-22.610,5.775
2,34.025,-44.899,0.074
2,10.716,11.761,0.722
2,-28.365,-0.276,2.542
2,-41.623,-40.436,3.116
2,2.582,-17.650,1.844
2,45.074,20.887,-1.401
2,6.136,32.303,2.366
2,0.698,-32.088,3.346
2,44.123,-11.043,-2.494
4,2.142,26.738,2.927
2,-41.394,18.243,2.041
2,21.949,-30.999,0.982
2,23.286,-26.524,-0.064
2,43.007,-8.647,-2.176
4,26.726,-17.644,1.015
2,-11.650,45.344,3.480
2,14.039,-5.975,-0.429
3,-43.038,10.734,3.188
2,8.150,39.497,1.998
2,-33.931,-40.147,3.820
2,-14.486,-7.084,3.233
2,29.591,-40.721,0.494
4,24.420,37.099,2.186
3,18.826,-26.316,1.229
2,-44.762,17.470,2.135
3,22.884,0.059,-0.829
4,-23.974,39.254,3.241
2,-43.041,-40.517,3.133
2,23.040,34.922,1.584
2,37.126,43.697,0.654
2,19.182,-41.271,2.841
2,-43.074,9.875,3.097
3,29.130,-10.646,-0.605
3,10.607,-41.629,4.664
2,-40.348,27.759,1.749
2,-30.140,-44.542,4.188
3,-42.867,17.507,2.413
3,41.286,21.928,-0.057
4,-4.083,34.868,3.826
2,39.349,-40.039,-1.181
4,-10.714,-15.881,4.613
2,-30.912,13.724,1.329
2,-38.864,36.245,1.892
2,34.578,27.488,1.710
2,23.694,-0.532,-1.469
2,16.971,13.765,0.523
2,-11.687,-22.969,4.907
2,19.463,15.793,0.985
2,-18.299,15.398,1.655
2,-5.111,10.844,1.415
2,-37.829,-39.152,3.412
2,-21.276,15.285,1.718
2,-16.463,-3.945,3.730
2,4.606,-26.138,2.142
2,-24.180,1.353,2.020
2,37.301,47.194,0.543
2,-45.743,-37.276,3.224
2,-11.883,-30.258,4.423
2,-6.421,-42.241,6.070
2,-9.534,-41.422,6.153
4,42.328,21.978,0.089
2,-36.185,-11.891,6.527
2,22.499,27.056,2.476
2,-31.425,20.956,1.397
2,43.972,-26.713,-1.459
2,18.761,2.793,-0.571
4,-33.645,-40.437,4.268
2,18.481,7.573,0.477
2,-16.557,20.376,2.576
2,-12.504,-26.824,4.883
2,-47.626,-31.554,5.283
4,-32.555,-2.764,5.807
4,18.009,-22.589,1.673
2,-35.775,17.445,1.383
3,16.011,-29.935,2.013
2,-3.835,40.361,2.765
4,-24.248,39.357,3.190
2,-47.515,-37.078,3.214
2,-28.022,48.236,3.209
2,33.543,-16.973,-0.770
2,1.050,46.675,0.670
2,3.323,37.183,2.525
2,-34.450,-23.506,6.266
4,20.738,-18.263,2.144
2,-28.002,11.767,1.923
2,22.048,0.127,-0.834
2,-39.228,2.826,4.940
2,-37.720,37.779,1.684
2,-26.904,-0.992,2.643
2,9.682,-28.216,1.735
2,-45.973,23.370,1.973
2,-22.572,-24.807,6.438
2,18.404,-38.911,2.562
2,33.967,-20.153,-0.704
2,28.929,-26.851,-0.523
3,-41.933,10.573,3.115
4,-24.259,40.320,3.229
2,-25.035,-19.905,5.713
3,-34.220,-4.254,5.197
2,23.221,16.146,1.519
2,24.199,37.022,1.652
2,-10.580,43.825,3.264
2,44.054,-13.617,-2.432
4,31.677,16.109,2.405
2,6.880,3.380,0.496
3,-42.424,9.806,3.134
4,-4.067,40.214,3.327
2,26.466,24.720,2.714
2,13.122,29.985,2.174
2,14.571,-20.044,0.900
2,-14.876,1.548,3.447
2,-29.956,16.562,1.469
4,17.094,-19.895,1.682
2,23.006,35.946,1.600
2,17.637,-37.777,2.703
2,24.150,29.524,1.969
2,19.073,-24.479,0.624
2,41.259,22.538,-0.300
2,-43.312,-23.953,6.308
2,43.023,13.218,-1.521
2,8.945,-43.089,4.617
2,-35.089,-20.102,6.476
2,13.177,18.318,0.459
4,-19.010,29.896,4.363
2,12.055,-49.723,5.338
2,16.948,-2.560,-0.680
2,41.016,21.450,-0.254
4,28.212,-12.100,0.100
2,16.503,-1.326,-0.581
2,-16.249,4.023,2.828
4,2.004,26.876,2.880
2,-0.355,-11.368,1.986
4,26.780,-13.640,0.545
2,-14.997,48.044,3.198
2,47.718,-33.862,-1.332
2,-16.310,15.905,1.746
2,-43.418,-15.289,7.059
4,-23.258,38.619,3.223
2,35.634,9.677,-0.445
2,26.784,-3.370,-1.232
4,22.497,0.309,-0.729
2,-16.124,-47.524,5.988
2,3.582,36.994,2.626
2,-2.114,20.985,2.470
2,-30.487,30.581,2.226
2,-29.982,42.435,2.293
2,14.263,-31.429,2.566
2,-5.712,-15.692,3.284
2,-19.868,-48.315,5.155
2,13.017,36.089,2.722
2,19.654,-46.860,3.963
2,37.708,49.819,-0.478
2,-19.930,-47.127,5.058
2,-31.341,-48.530,4.172
4,17.781,-30.566,2.555
2,32.055,-47.807,1.385
2,-34.074,40.311,2.173
3,25.458,36.595,1.729
2,24.870,-14.986,0.185
2,-30.119,25.182,2.111
2,-27.684,-35.224,5.075
2,-36.246,20.977,0.761
4,-5.303,41.264,3.300
2,43.444,-17.345,-2.534
2,-43.070,9.768,3.082
2,-5.122,30.858,3.580
2,19.990,-40.679,2.603
2,-9.940,34.039,2.960
2,-40.934,22.747,1.529
2,-23.672,40.128,2.772
2,5.441,6.529,0.864
4,-4.237,40.712,3.458
2,-20.958,0.849,2.651
2,32.983,14.030,0.065
2,-16.240,-21.290,5.293
4,19.567,-22.952,1.634
2,-15.621,0.785,3.483
2,-26.836,-32.637,5.415
2,10.761,-13.696,0.457
4,18.886,-19.292,1.404
2,36.179,-22.901,-0.934
4,-24.675,-34.495,5.647
2,-37.036,-48.949,3.262
2,23.398,45.092,1.782
2,38.153,11.621,-0.746
2,0.058,-32.749,3.611
2,25.850,39.378,1.355
2,37.230,13.833,-0.592
3,-24.076,39.084,2.850
2,-21.977,-30.002,6.200
2,40.741,22.750,-0.117
2,-38.324,37.179,1.888
2,-41.759,-10.843,6.796
2,48.140,-6.201,-2.642
2,13.219,-18.854,0.942
3,42.222,22.273,-0.155
2,35.685,22.966,1.470
2,35.924,-42.170,-0.571
2,-15.441,-0.495,3.592
2,-37.781,41.053,1.841
2,15.679,42.710,2.379
2,-24.592,-14.447,5.609
4,-24.886,39.757,3.159
2,-48.059,-25.508,6.225
2,-37.920,32.898,1.882
2,-9.834,-35.456,5.081
2,-14.551,-41.825,5.192
2,-42.121,18.646,1.831
2,-14.452,-23.135,5.505
2,49.860,39.879,1.135
2,-41.098,33.673,1.995
2,-40.412,-29.601,5.104
2,38.359,38.063,0.144
2,-4.240,40.702,2.806
2,-32.148,0.321,3.541
3,2.870,35.529,3.130
2,43.461,47.130,0.609
2,-38.099,-21.660,6.212
2,34.152,8.895,-0.256
2,-39.628,26.673,1.363
2,-49.707,12.239,2.621
2,-38.212,-49.279,3.222
2,-22.315,18.363,2.060
2,6.283,20.043,0.876
2,-43.296,-44.642,2.850
2,-33.500,-22.728,6.301
2,7.514,5.196,0.570
2,-36.452,-4.509,5.522
2,-23.785,43.677,2.723
2,15.477,-25.452,1.269
2,-2.032,-23.634,2.774
4,-42.227,-11.054,7.330
2,27.508,-15.240,-0.404
2,-0.998,22.869,2.725
2,-15.226,-19.329,4.866
4,-34.758,-3.088,5.787
4,26.312,-18.509,1.295
2,11.370,35.816,2.713
2,-3.141,19.045,2.137
2,-49.056,8.701,3.781
2,48.563,23.117,-1.372
2,-31.316,30.483,2.353
4,42.566,21.308,-0.158
2,22.123,29.298,2.161
4,14.678,-21.822,1.561
2,15.222,-47.603,4.429
2,-34.362,-2.043,4.778
2,11.928,35.546,2.694
2,-3.146,35.591,3.251
2,8.172,-8.333,0.516
2,-4.088,-42.713,5.923
2,-28.758,22.792,1.303
2,41.668,-7.697,-2.255
2,39.399,39.282,0.270
2,-41.600,-23.284,6.323
2,35.114,-15.836,-1.274
2,2.501,13.521,0.969
2,-14.915,0.455,3.533
2,33.627,-34.898,-0.412
4,-34.648,-2.667,5.503
4,27.614,-12.333,0.616
2,24.633,-27.415,-0.098
2,10.785,22.253,0.840
2,41.960,-31.609,-1.344
3,-43.005,11.147,2.841
2,-32.609,-30.564,5.091
2,25.527,-31.371,-0.151
2,21.604,-12.055,-0.480
2,-44.395,-10.330,6.611
2,-41.787,-10.351,6.695
2,-25.298,-35.102,5.060
2,-41.788,-36.168,3.671
2,17.612,44.891,1.844
2,-23.418,-17.602,5.453
2,-27.381,23.036,1.306
2,-42.585,20.123,1.962
2,-48.999,-45.291,1.724
2,-28.080,-6.724,4.672
4,29.424,-17.077,1.143
2,47.156,-10.567,-2.470
4,15.281,-19.032,1.193
2,-32.155,-49.645,4.021
2,2.905,26.878,2.248
3,28.049,-12.900,-0.237
2,27.954,25.345,2.643
2,-3.732,17.184,1.738
2,-26.247,29.654,2.209
2,10.304,40.825,2.234
2,-3.854,-33.986,3.855
2,-48.565,49.897,1.634
2,32.046,-4.689,-1.567
2,-15.114,2.200,3.488
2,20.740,-34.809,1.563
2,-22.192,44.213,2.986
2,-5.510,39.655,2.768
2,35.891,8.414,-0.646
2,19.410,17.862,1.242
2,-36.165,47.242,2.482
2,41.196,-35.730,-1.364
4,26.287,-14.007,0.333
2,-45.006,-10.820,6.696
2,-32.566,30.388,2.244
2,4.840,-6.112,1.027
2,22.957,-45.056,3.181
2,39.869,-23.995,-1.355
2,-36.829,22.878,0.912
2,-36.138,-18.463,6.580
2,16.478,-42.957,3.653
3,-6.566,-17.112,3.370
2,-36.565,16.698,1.561
2,-3.750,49.201,1.325
4,-24.172,39.972,3.220
2,37.416,34.833,0.651
2,28.420,9.394,-0.038
2,-32.126,-44.846,4.095
2,46.962,-15.924,-2.490
2,15.455,-44.515,4.005
3,39.869,1.159,-1.319
4,37.913,-0.043,-1.174
2,-38.413,31.125,1.774
2,-41.669,26.132,1.702
3,-16.294,-20.195,5.527
2,-36.608,15.151,1.618
2,35.601,-16.193,-1.210
2,7.396,-20.790,1.661
2,39.310,10.790,-1.042
2,-30.024,44.841,2.723
2,-4.373,30.431,3.441
2,-1.450,-7.014,1.857
2,-29.997,36.874,2.194
2,-38.174,45.634,2.447
4,10.441,-41.419,6.216
2,-1.077,-25.993,2.840
2,-7.007,4.462,2.836
2,22.199,-10.581,-0.436
2,46.802,-9.126,-2.517
2,20.463,18.234,1.473
2,34.944,16.716,0.351
2,8.243,-46.521,5.034
2,1.180,10.890,1.133
3,29.725,-10.111,-0.761
2,-20.949,-44.995,4.446
2,-4.675,-17.992,2.929
2,49.342,43.893,0.829
2,46.733,45.970,0.708
2,-11.068,-2.262,2.893
2,-17.719,27.003,3.004
2,-14.827,2.451,3.488
2,3.010,-31.617,2.986
2,-5.747,-16.828,3.301
4,26.651,-17.001,0.754
4,-11.027,-14.264,4.388
2,21.629,-49.299,4.509
4,28.115,-15.596,0.429
2,-12.372,-20.374,4.675
4,23.374,-26.327,0.620
2,-34.179,31.507,1.982
2,-41.920,0.970,5.830
2,-24.652,-16.896,5.567
4,27.853,-18.737,1.269
2,-43.618,44.292,2.315
2,-7.019,0.086,3.080
2,-43.768,11.108,3.084
2,-32.887,38.779,2.248
2,27.941,-22.102,0.379
2,-23.532,-12.397,5.103
4,0.837,-10.093,2.754
2,1.486,49.121,0.316
2,28.143,47.410,1.115
2,-48.482,14.743,2.631
2,-37.143,15.578,1.763
2,-43.943,4.162,4.667
2,-10.330,38.009,2.898
3,18.826,-26.007,1.144
3,23.801,-27.127,0.453
2,-40.497,32.590,1.989
2,-49.993,24.162,1.588
2,32.561,-1.517,-1.425
2,8.524,48.068,1.050
3,-5.355,40.315,3.079
2,-42.292,10.948,2.566
2,-39.708,-3.512,5.990
2,27.227,-15.647,0.100
3,-10.253,33.349,3.442
2,10.702,-21.511,1.048
4,-33.471,-11.482,6.975
2,-0.990,-6.185,1.564
2,25.732,-48.532,3.678
2,47.969,39.046,1.024
2,29.434,-20.880,0.092
2,2.627,36.309,2.561
2,1.474,-7.167,1.134
2,-46.353,28.009,2.370
2,40.516,31.288,0.922
2,-33.715,-40.607,4.105
2,-4.309,-5.548,2.150
2,-15.628,-0.113,3.308
2,29.402,-42.107,0.799
2,-8.247,-49.041,6.691
2,29.784,35.587,1.238
2,-9.299,-27.641,4.492
2,-48.746,4.206,4.974
4,-34.428,-40.263,4.811
2,-42.753,-10.143,6.933
4,-32.745,-3.100,5.747
2,-10.183,33.280,3.285
7,38.793,17.609,-7.090
2,-5.171,-11.906,2.843
2,44.455,-9.594,-2.295
2,20.835,33.769,1.936
2,-14.716,4.283,2.833
2,42.657,33.003,0.552
2,2.974,26.978,2.199
2,-14.002,29.341,3.325
2,-42.616,-8.437,6.386
2,31.785,18.966,1.541
4,22.955,-0.011,-0.692
2,-49.579,42.452,2.550
2,40.921,35.666,0.440
2,-34.624,-45.975,3.909
2,-35.393,43.033,1.969
2,-33.983,43.569,1.998
2,35.542,-24.337,-1.282
2,27.295,-8.652,-0.678
3,29.513,-11.338,-0.623
2,30.362,-10.773,-1.293
2,-32.726,-45.242,4.094
2,2.473,18.546,2.077
2,-17.907,-8.801,3.998
2,17.794,-25.004,0.898
2,-19.256,-7.907,4.091
2,-15.199,49.027,3.193
2,-33.297,12.752,1.218
4,-42.617,-9.857,7.572
2,-40.542,4.858,4.332
2,-12.905,34.185,2.942
2,-42.156,22.401,1.978
2,-36.654,-34.001,4.481
2,4.786,26.463,1.757
2,-44.942,47.015,2.575
2,12.722,25.442,1.025
2,23.775,-41.309,2.206
2,-45.013,-43.308,2.818
2,39.798,49.665,0.108
2,-37.900,14.025,1.618
4,16.742,-30.911,2.628
7,70.833,86.194,-35.736
2,-34.312,-24.444,6.092
2,-49.975,12.813,2.495
4,-42.348,26.030,2.471
3,24.019,-27.369,0.423
2,25.219,-1.592,-1.816
2,-36.886,5.752,3.369
2,-40.417,-45.717,2.777
3,-16.568,4.864,2.969
2,43.949,26.490,-0.263
2,-12.072,-19.088,4.673
2,-34.885,-42.253,3.767
2,-22.916,40.669,2.647
2,9.455,-44.100,4.621
2,-14.606,1.336,3.523
2,29.473,-39.658,0.503
2,16.330,-23.651,0.870
2,-8.149,-33.876,4.561
2,19.771,12.379,1.084
2,-42.679,1.221,5.862
2,19.482,-13.436,-0.699
2,-46.814,15.837,2.438
2,27.465,-41.716,1.246
2,26.110,7.253,0.131
2,-15.523,42.288,3.505
2,-36.501,13.359,1.469
2,-9.785,-39.389,5.760
2,-10.714,-44.757,6.138
2,28.834,-38.534,0.471
4,4.218,36.634,3.127
2,49.943,46.590,0.893
2,33.204,-47.302,0.972
2,-43.120,9.820,3.067
2,-25.679,-19.281,5.903
2,-1.535,18.050,2.032
2,32.777,-38.457,-0.154
2,-12.592,39.117,2.955
2,-38.767,18.284,1.487
2,-46.001,-28.973,5.419
3,-5.599,-15.049,3.298
2,-5.164,40.670,2.803
2,47.367,-36.041,-1.283
2,-23.965,13.457,2.190
2,-42.722,-10.276,6.694
2,46.210,38.312,0.679
2,22.508,5.861,0.383
2,-34.354,6.383,2.547
2,-21.578,32.597,2.977
4,-43.045,26.138,2.837
2,-4.275,-35.361,4.344
4,-42.363,-10.547,7.245
2,-6.578,-15.374,3.170
2,49.194,17.366,-2.345
3,-4.961,40.405,3.229
2,23.560,-30.318,0.431
2,20.010,0.218,-0.830
2,-32.674,40.360,2.186
2,-4.780,-21.235,3.511
2,-27.468,38.615,2.206
3,3.755,-40.283,4.791
2,-24.360,-21.990,6.127
4,2.390,26.695,3.148
2,-0.583,30.100,2.796
2,14.017,15.497,0.579
2,-21.455,-11.077,4.660
2,14.652,-25.117,1.171
3,41.573,22.582,-0.150
2,47.904,15.620,-2.565
3,-44.052,26.273,2.597
2,12.612,-5.591,-0.146
2,25.426,-0.042,-2.161
2,38.621,-30.662,-1.160
3,40.401,0.809,-1.641
2,-36.640,35.292,2.001
2,-47.577,-21.026,6.755
2,-24.796,-2.825,3.038
2,-19.140,-20.371,5.694
2,-10.870,13.837,1.132
2,-0.576,3.061,2.261
3,-17.300,5.190,2.734
2,-1.722,33.749,3.248
4,24.167,-28.403,0.786
2,25.788,-36.577,0.979
2,-37.397,-2.010,5.592
2,-7.592,-14.676,3.212
2,-8.043,-31.248,4.229
2,26.612,-12.346,-0.133
2,-44.406,5.947,4.013
2,-24.584,2.094,2.027
2,-0.095,21.073,2.376
2,8.843,-33.262,3.945
2,1.848,-44.894,5.854
2,-21.146,26.594,2.709
2,-48.070,-37.498,2.968
2,30.182,-39.183,0.361
2,-0.421,-7.070,1.603
4,2.749,27.008,2.972
3,-42.843,17.712,2.438
2,16.283,-36.130,2.780
2,-19.887,-12.923,4.680
2,20.108,11.212,0.963
2,-5.242,-15.232,3.049
2,42.509,39.758,0.514
2,23.050,18.608,1.763
2,30.501,2.949,-0.907
2,-37.572,7.848,3.148
2,46.720,-9.992,-2.440
4,3.298,37.168,3.074
2,16.464,-39.016,3.160
2,-18.195,4.679,2.427
2,-18.692,24.127,2.779
2,-23.503,39.632,2.643
2,47.579,-18.618,-2.543
4,-35.467,-2.446,5.957
2,-27.298,27.958,1.908
4,-10.543,-14.964,4.014
2,-49.262,-11.558,6.694
2,-4.868,31.385,3.532
2,18.002,-34.666,2.212
2,12.045,19.135,0.666
2,-42.694,-11.020,6.695
2,-36.485,-2.910,5.495
2,-0.849,-5.531,1.577
3,-17.556,5.018,2.770
2,10.323,34.092,2.364
2,-11.078,33.001,3.247
2,-4.730,1.609,3.149
2,-24.434,47.400,3.297
2,-45.487,18.960,2.049
2,-27.128,-31.752,5.599
2,27.914,43.883,0.700
2,-10.441,-32.692,4.506
3,23.527,-0.156,-1.264
2,21.012,45.429,1.670
2,-13.424,-43.413,5.723
2,12.493,4.513,0.355
2,-40.882,35.115,2.041
2,47.839,-29.556,-1.917
2,-14.262,0.391,3.458
2,-34.903,-25.813,5.814
2,-3.011,-43.554,6.010
2,-44.843,-25.132,5.948
2,-15.485,4.808,2.738
2,-20.731,19.177,2.190
4,-24.619,-35.627,5.482
2,-42.636,9.835,2.957
4,-33.372,-11.485,7.341
2,-5.101,8.018,1.889
2,12.534,-32.085,2.823
2,5.593,22.750,1.247
4,-11.452,-15.578,4.098
2,-5.708,45.460,1.692
2,-1.832,-35.060,3.998
3,41.904,21.009,-0.306
2,-20.392,32.683,3.106
2,-23.062,14.371,2.062
2,35.833,-38.679,-0.676
2,-4.602,29.013,3.602
3,40.198,0.456,-1.737
2,-9.824,-40.747,5.931
4,2.497,35.651,3.549
2,22.944,-19.025,0.649
2,9.346,7.050,0.663
3,24.729,-26.475,0.322
4,3.419,-9.427,1.436
2,-23.985,-43.194,4.179
2,27.924,7.470,0.044
2,30.974,-33.387,0.001
2,-20.712,44.699,3.097
3,5.968,-35.107,4.399
3,25.440,36.791,1.865
4,2.964,26.749,3.037
4,26.374,-12.557,0.644
2,44.648,1.183,-2.503
4,2.638,26.957,3.111
2,13.188,-5.544,-0.307
4,2.203,36.765,3.562
2,-14.966,-0.101,3.343
2,-40.288,-18.207,6.639
2,-46.471,22.846,1.916
2,35.917,-10.187,-2.182
2,-15.960,38.461,2.909
2,-4.775,-6.062,2.135
2,-17.557,12.329,1.522
2,17.745,-22.469,0.506
2,40.545,-47.518,0.201
2,49.441,-40.491,-1.204
2,5.427,-45.695,5.324
2,-9.237,-33.100,4.576
2,2.195,2.988,1.733
2,10.025,17.876,0.691
2,22.405,10.112,0.749
2,20.553,-23.956,0.344
2,-27.791,36.158,2.254
2,20.012,43.201,1.813
2,-8.365,29.965,3.214
2,-9.657,-12.148,2.868
2,-26.298,2.817,1.971
2,20.489,31.057,2.114
2,-26.554,15.940,1.791
2,-44.382,13.622,2.452
2,-29.877,1.283,2.717
2,-11.469,22.299,2.699
2,-19.555,-3.588,3.474
2,-35.967,47.745,2.597
3,2.410,-10.241,1.090
2,-23.983,49.342,3.444
2,-10.965,-36.791,5.247
3,-4.495,-15.812,3.312
2,-25.442,0.853,1.965
2,-16.554,-37.165,5.027
2,-13.387,-18.281,4.585
3,16.543,-31.247,2.263
2,-42.198,18.946,2.343
4,26.273,-15.676,0.998
2,-42.176,19.773,1.935
2,-6.228,-6.977,2.242
4,2.502,26.652,3.155
2,-30.999,-5.761,4.628
4,-25.310,-35.756,6.162
2,-4.395,29.519,3.587
2,-27.248,-39.866,4.011
2,-40.782,27.208,1.726
2,-5.971,16.680,1.807
2,-43.924,10.057,3.149
2,-43.489,-10.295,6.898
2,-43.493,10.303,3.230
2,20.093,26.748,2.078
2,22.649,-0.809,-1.590
2,17.935,-37.257,2.517
2,-4.613,-1.291,2.650
2,-24.968,39.824,2.567
2,-30.903,47.592,2.803
2,-48.406,43.075,2.244
2,-16.778,-9.422,3.975
2,11.535,8.276,0.601
2,27.650,-40.027,0.989
2,-48.302,-9.331,6.703
2,9.198,46.976,1.411
2,37.740,-35.125,-1.033
2,-5.379,36.067,3.121
2,-4.179,49.878,1.503
3,-43.150,9.484,3.160
2,27.595,-34.380,0.121
2,-28.055,25.911,2.181
2,-5.240,4.971,2.723
2,-5.648,37.082,3.165
4,17.941,-22.431,2.069
2,-16.030,48.959,3.270
2,-5.652,-14.932,3.118
2,-22.382,-11.155,4.828
3,-4.752,37.728,3.459
2,16.304,48.109,1.954
2,-40.012,15.468,1.706
2,19.949,-34.580,1.748
2,-39.147,-20.190,6.305
2,32.566,9.743,0.037
2,-37.297,-18.661,6.598
2,33.767,-1.181,-1.517
2,-35.076,-4.161,5.161
3,16.579,-23.460,1.318
2,43.249,-27.656,-1.629
2,-41.111,-19.873,6.436
3,-17.187,4.569,2.910
2,14.195,-12.196,-0.572
2,43.824,-44.485,-0.711
2,-39.874,0.937,5.724
2,26.191,-38.310,1.152
2,-29.582,-46.910,4.061
2,32.810,49.239,0.612
4,33.024,14.250,1.600
2,-13.470,-12.702,3.083
2,-23.862,-2.373,2.898
2,-27.188,27.731,2.093
2,-38.078,44.733,2.191
2,38.837,-48.134,0.030
2,-26.462,-1.577,2.763
4,20.624,-18.753,0.918
2,43.969,44.695,0.663
2,-44.861,7.913,3.762
2,-6.386,-16.135,3.297
2,-27.711,-32.637,5.448
2,-39.082,7.726,3.431
2,19.133,18.356,1.171
2,49.834,48.039,0.953
2,-34.628,37.731,2.269
2,-17.616,-41.527,4.800
2,-48.167,47.581,2.191
2,-19.090,-36.629,5.046
4,17.833,-25.348,2.554
4,37.714,0.893,-1.430
2,-0.426,-48.601,5.754
2,34.887,-8.985,-2.243
2,41.743,-33.798,-1.349
2,6.466,18.151,0.693
2,-28.842,26.610,2.061
2,-11.318,-44.765,6.066
2,-16.541,5.022,2.764
4,22.481,-25.277,0.981
2,39.294,-27.133,-1.330
2,17.536,18.564,0.936
2,21.441,-5.438,-1.197
4,-32.640,-3.297,5.812
2,1.889,-24.497,2.146
2,38.530,28.449,1.203
2,-3.844,-23.891,3.304
2,-7.368,8.876,1.645
2,-2.608,49.920,1.062
4,-23.679,38.289,3.351
2,-1.388,44.313,1.373
2,-11.851,4.995,2.568
2,0.915,38.882,2.563
2,-36.159,45.607,2.142
2,41.029,-8.442,-2.380
2,39.775,1.801,-1.621
2,-23.391,1.418,1.839
4,24.448,36.153,2.150
2,6.803,-14.758,0.950
2,49.353,-36.611,-0.973
2,-46.991,4.823,4.778
3,-42.845,19.025,2.383
2,-22.994,32.490,2.722
2,43.671,-7.217,-2.078
2,-14.769,15.490,1.605
4,18.439,-22.731,2.046
2,-4.331,-15.856,2.826
2,6.521,-1.555,1.057
2,-15.454,-18.459,4.735
3,40.039,-0.164,-1.585
2,-27.139,0.489,1.996
2,13.237,-24.466,0.778
2,-34.942,-30.101,5.144
2,-19.510,-11.820,4.413
2,-37.450,33.536,1.896
2,45.484,12.782,-1.996
2,19.828,-10.468,-0.979
3,24.632,-26.507,0.337
2,44.618,-6.671,-2.014
4,-10.852,-13.877,3.560
3,-22.938,38.522,3.175
2,9.714,29.011,1.775
2,11.362,-47.861,4.914
7,43.363,10.493,-6.797
2,22.689,11.900,0.871
2,-6.645,-12.455,3.101
2,-18.983,-10.837,4.209
2,-32.696,6.113,2.618
4,-33.387,-3.663,5.648
2,12.040,-12.116,-0.091
2,2.725,3.312,1.551
2,27.436,-9.356,-0.491
2,-14.803,-0.177,3.574
2,22.811,-24.764,0.096
2,41.670,15.122,-1.205
2,42.429,5.753,-2.340
2,11.143,32.526,2.432
2,-7.323,5.711,2.460
2,-9.025,-35.629,4.987
4,18.346,-22.385,1.452
2,34.495,-20.289,-0.770
2,40.782,21.541,-0.291
2,-11.164,-1.692,2.986
2,-14.890,2.573,3.564
2,-2.390,-10.692,2.328
2,38.166,32.482,1.203
2,-44.914,-4.605,6.463
2,30.131,2.114,-1.080
2,4.377,28.615,2.080
2,0.057,2.266,2.594
4,2.198,26.624,3.099
4,18.868,-17.195,1.363
2,8.161,-22.669,1.344
2,-44.190,19.252,2.007
2,33.620,33.927,0.975
2,44.216,16.156,-1.639
3,27.707,-9.489,-0.530
4,25.443,-26.775,0.274
2,-40.844,44.062,2.091
2,-7.691,32.833,2.815
2,30.734,-14.866,-1.092
2,26.165,47.421,1.451
2,17.355,-38.885,2.873
4,-4.628,36.393,4.032
2,-6.280,-36.039,4.817
2,34.930,-39.508,-0.599
2,39.575,17.417,-0.248
2,12.213,-23.924,0.661
2,-6.392,29.864,3.221
2,-43.371,24.546,2.258
2,-42.308,-46.785,2.792
2,-43.230,6.113,3.997
2,-12.139,-6.640,2.357
2,6.815,29.550,1.874
2,4.426,22.934,1.696
2,21.028,5.892,0.283
2,-3.974,-7.468,2.359
2,48.105,6.536,-3.080
2,-14.585,-1.752,3.411
1,30.185,25.290,2.475
2,-43.176,9.330,2.875
2,5.543,-26.937,2.225
2,27.056,42.921,0.824
2,2.890,7.113,1.333
2,-34.627,10.994,1.840
2,-10.394,32.982,3.282
3,-3.746,-15.714,3.024
2,-44.317,25.237,2.183
3,-23.519,40.207,3.237
2,38.387,7.610,-1.067
2,25.140,23.873,2.755
2,0.349,40.172,2.280
2,-16.819,-20.645,5.202
4,10.318,-41.337,4.877
2,-29.342,-48.685,3.979
2,25.334,13.190,0.889
2,-6.448,-47.560,6.391
2,-43.669,18.250,2.289
2,-25.688,-27.858,6.130
2,-23.993,-23.984,6.395
2,-37.979,-33.461,4.689
2,-44.828,-49.041,2.194
2,21.339,-17.441,0.266
3,24.914,35.305,1.884
4,3.083,-10.349,2.732
2,31.379,32.505,1.690
2,11.032,-25.581,1.033
2,-23.521,-31.316,5.843
4,-33.195,-39.583,4.506
2,30.769,-35.029,0.129
2,-12.119,43.934,3.600
2,11.125,9.824,0.659
2,-8.334,34.628,3.084
3,-18.429,29.937,3.672
2,17.904,-12.361,-0.967
2,0.743,-38.023,4.087
7,-24.829,-36.590,-7.907
2,-0.811,44.149,1.262
2,-18.267,-34.197,5.301
3,-33.853,-4.133,5.041
2,-27.658,0.254,2.005
2,0.704,-14.971,1.946
2,20.500,15.875,1.458
2,-31.527,-11.867,6.342
2,-1.369,24.920,3.094
2,27.795,6.833,0.097
2,-11.893,-17.851,4.454
2,-23.647,39.426,2.668
2,-48.363,-43.908,2.018
2,9.117,-18.904,1.610
2,-14.397,2.125,3.305
2,14.449,47.921,1.789
4,-33.360,-11.367,7.407
2,14.532,41.516,2.479
2,3.508,35.788,2.674
2,4.277,45.721,0.950
2,1.079,-36.163,4.045
4,-4.035,36.142,3.829
2,-35.390,5.249,3.133
2,-38.169,-15.528,6.813
4,23.748,-0.670,-0.667
2,15.679,29.339,1.880
3,-10.114,32.919,3.406
2,-24.864,1.990,1.855
3,28.177,-8.639,-0.525
2,16.120,3.969,0.166
2,-49.874,35.230,2.235
2,34.252,-8.831,-2.212
2,-6.750,-22.353,4.103
2,-15.262,40.288,2.888
2,-24.777,-15.434,5.494
2,-29.671,-47.973,3.999
2,36.877,-25.409,-1.544
2,-4.499,40.419,2.743
2,15.862,17.672,0.650
4,-33.111,-40.610,4.609
4,-33.953,-39.547,4.749
2,-8.899,-20.637,4.306
2,-27.099,26.968,2.055
2,-13.893,45.189,3.588
4,27.286,-11.216,0.544
2,22.684,31.754,2.032
2,-15.704,31.080,3.174
2,-22.489,-20.140,5.670
4,3.921,36.408,3.138
3,-10.213,33.609,3.455
2,-12.306,-5.598,2.553
2,-6.511,6.846,2.359
2,-3.384,-2.840,2.145
2,42.411,-29.584,-1.455
2,41.793,13.739,-1.291
2,36.343,-17.401,-1.011
4,-41.704,-11.017,7.472
7,-117.963,39.365,-4.373
2,11.929,11.343,0.585
2,1.643,-9.249,1.112
3,0.680,-9.333,1.886
2,-30.917,44.705,2.592
4,-34.183,-40.511,4.490
2,-21.522,-33.308,5.377
4,28.584,-13.160,0.094
2,4.448,-12.246,0.676
4,25.801,-10.975,0.340
2,49.921,28.189,-0.724
2,-33.628,-40.520,3.778
2,27.202,-8.343,-0.408
2,-46.142,38.939,2.314
2,36.493,42.289,0.718
2,-1.670,22.542,2.614
2,-42.597,-10.627,6.701
2,34.472,-39.226,-0.433
3,10.140,-38.568,4.669
2,-1.615,-41.482,5.486
3,-4.072,40.218,2.988
2,13.716,-22.011,0.848
2,-8.198,16.219,1.834
2,6.267,-29.207,2.654
2,4.306,-25.105,1.805
2,-30.257,17.007,1.364
2,-22.132,-19.717,5.700
2,8.280,-44.269,4.878
4,-44.101,26.692,2.918
2,-24.720,-1.430,2.464
2,-42.957,-10.765,6.842
2,-5.538,-25.185,3.901
2,19.927,2.062,-0.652
2,24.364,35.941,1.521
2,46.726,-36.983,-1.512
3,-34.411,-40.032,3.974
2,-19.105,5.139,2.214
2,-4.295,30.213,3.565
2,10.151,-14.148,0.670
2,-15.401,-21.238,5.658
2,5.206,10.341,0.612
2,32.456,-11.489,-1.819
2,43.074,-40.130,-1.523
2,-44.136,-45.177,2.625
3,18.512,-22.804,0.806
2,36.627,16.246,0.049
2,38.363,21.366,0.796
4,14.064,-20.939,1.569
2,37.082,31.462,1.738
2,8.074,31.228,1.942
3,-4.097,39.413,3.253
2,-14.302,37.271,2.980
2,-4.260,-34.623,4.112
4,3.332,37.263,3.049
2,-15.731,2.183,3.472
2,20.397,34.878,1.931
4,17.625,-22.090,2.160
3,25.425,-26.356,0.050
2,-39.837,-27.460,5.541
4,-33.742,-40.726,4.594
2,32.493,-10.232,-1.866
4,23.311,-0.732,-0.644
2,-4.532,39.838,3.272
2,-23.763,-41.170,4.253
4,14.883,-20.426,2.525
2,5.005,-2.608,1.251
3,-10.449,33.493,3.472
2,36.513,-45.765,-0.217
2,39.772,45.778,0.814
2,-15.323,-0.129,3.507
2,21.123,-1.060,-1.165
2,-23.970,2.763,1.970
2,8.481,-47.251,5.139
2,9.427,21.828,0.788
2,48.649,-6.695,-2.835
2,-43.852,36.058,2.006
2,45.775,-23.923,-1.741
2,26.161,42.098,1.009
2,-1.907,-16.911,2.423
2,46.005,-39.903,-1.513
2,36.350,-31.990,-1.163
4,26.360,-13.076,0.509
2,-4.684,36.471,3.103
2,32.648,25.374,2.138
2,9.542,9.569,0.760
4,-11.972,-15.841,4.431
4,18.421,-24.442,1.430
2,24.332,-25.834,0.033
2,-11.665,33.162,3.062
2,17.419,-29.255,1.486
2,-5.067,29.563,3.367
2,21.988,10.578,0.931
2,17.149,-8.199,-1.145
2,12.919,46.000,2.191
3,-4.654,38.827,3.292
2,-27.553,-27.291,6.041
2,-23.227,-34.944,5.086
3,2.474,35.437,3.229
2,-47.386,14.353,2.688
2,-36.871,-42.342,3.488
4,18.617,-24.304,1.569
2,-3.261,-15.802,2.555
2,-49.862,-16.459,7.005
2,17.995,42.091,2.176
2,32.712,-24.056,-0.700
2,49.756,31.700,0.639
2,-27.135,42.693,2.572
2,28.539,-9.555,-0.773
2,23.673,-15.037,0.269
2,17.945,-18.626,0.313
2,2.934,-39.981,4.592
2,-49.030,-48.688,1.364
3,26.942,-17.327,0.665
3,-6.869,-16.859,3.450
2,8.780,-10.161,0.184
4,25.445,13.140,2.307
2,-5.791,-17.559,3.241
2,43.529,-23.263,-1.776
2,-16.763,-25.919,6.092
2,-36.251,-20.508,6.400
2,-10.748,32.909,2.991
2,-28.945,6.099,1.901
2,31.226,-28.023,-0.275
2,49.088,16.262,-2.535
4,-61.169,-23.244,7.154
2,-28.906,-33.233,5.214
2,16.474,-21.120,0.682
2,-12.791,21.188,2.475
4,13.352,-41.356,4.964
2,42.528,28.481,0.218
2,-4.529,39.171,2.751
2,-5.957,-29.859,4.073
4,22.855,-0.838,-1.059
2,21.649,-36.753,1.738
2,-22.587,-8.998,4.609
2,0.546,-36.438,4.041
2,-42.257,48.823,2.753
2,32.532,26.230,2.159
2,45.089,16.876,-1.997
4,-5.581,40.399,3.361
2,-2.403,-49.829,5.714
2,-28.032,26.467,2.050
2,32.970,-27.277,-0.864
2,39.709,-0.361,-2.009
2,-2.950,11.662,1.496
2,32.148,6.509,-0.414
2,9.881,-8.761,0.330
2,-11.436,-11.255,2.737
2,-23.158,42.936,2.802
3,39.126,1.071,-1.506
4,3.473,37.133,3.211
2,14.053,6.377,0.563
3,28.457,-10.013,-0.430
2,-6.469,-16.242,3.242
2,-48.983,-34.570,4.125
2,-10.979,39.868,3.081
2,42.815,32.088,0.580
2,40.085,-32.080,-1.381
2,49.986,-5.792,-3.237
2,-49.607,-38.813,2.606
2,32.771,14.744,0.299
4,23.159,-26.754,0.867
2,24.153,37.290,2.020
2,38.657,-46.874,-0.162
2,32.535,2.917,-0.765
4,27.775,-16.837,1.268
2,-25.794,-24.343,6.370
2,-1.015,-48.619,5.684
2,-49.599,-26.906,6.011
2,47.146,23.711,-1.228
4,43.063,21.261,-0.046
4,2.396,36.283,3.477
2,-32.935,-10.813,6.260
4,28.113,-18.701,1.291
2,23.875,-30.816,0.343
2,-9.191,11.386,1.059
2,18.405,-48.419,4.393
2,-30.306,-29.309,5.322
2,12.037,20.197,0.806
2,-10.235,33.210,3.241
2,-4.416,30.729,3.607
2,-13.333,-47.898,6.089
3,29.215,-8.092,-0.750
2,-20.652,33.756,3.072
2,44.232,-27.535,-1.811
4,17.885,-30.428,2.861
2,9.197,-27.893,1.626
2,-8.822,48.404,2.265
3,-5.671,40.347,3.165
2,16.929,13.120,0.523
2,6.151,0.508,0.704
2,2.971,25.639,2.161
2,-41.342,-4.312,6.074
2,-45.633,40.972,2.327
2,-14.991,1.906,3.499
7,25.102,-45.220,-6.986
4,-33.480,-3.433,5.728
2,-32.636,-4.316,4.624
2,39.840,-33.313,-1.254
2,-28.882,-25.445,5.977
2,-27.754,41.420,2.325
2,-6.802,-7.118,2.334
2,38.035,-5.223,-2.510
2,-3.812,31.138,3.400
2,5.154,9.788,0.602
2,17.280,-45.605,3.890
2,46.279,46.412,0.823
4,26.409,10.716,1.936
2,-30.441,-22.445,6.376
2,-17.251,45.784,3.073
2,44.124,-23.260,-1.837
2,-43.623,35.190,1.917
2,-16.029,-19.832,5.197
2,-35.029,-4.207,4.865
2,-5.409,2.847,3.156
2,19.222,-10.741,-1.127
2,29.610,-23.787,-0.390
3,-5.701,40.416,3.303
4,-34.617,-39.570,4.417
2,25.704,-12.136,-0.197
2,17.427,-7.515,-1.076
2,-13.864,10.552,1.683
2,2.290,15.000,1.242
3,-34.566,-3.160,4.920
2,-18.974,-4.565,3.657
2,-26.758,-34.891,5.116
4,20.888,-19.245,0.846
3,29.326,-16.863,0.280
2,5.812,27.521,1.622
2,-0.713,-3.648,1.679
2,16.521,16.677,0.615
2,-47.312,11.412,3.191
2,-24.117,-30.015,6.178
2,-4.630,-19.431,3.311
3,-3.944,4.952,3.081
2,-21.992,19.451,2.060
2,-14.212,3.866,3.009
2,-49.935,-4.087,6.502
2,22.570,-39.768,2.183
2,-35.349,-40.918,3.773
3,-35.319,-3.595,5.168
2,25.507,-44.370,2.574
2,-18.811,-5.311,3.787
2,-20.394,-24.812,6.337
2,-19.536,26.316,3.090
2,-20.043,-3.181,3.407
2,13.040,18.858,0.561
2,-48.871,48.403,1.921
2,-45.465,-44.228,2.667
2,25.006,32.183,1.396
2,-0.897,-21.861,2.674
4,22.471,-25.267,1.040
2,-42.237,31.051,2.150
2,-38.324,24.626,0.893
2,-37.898,10.530,2.338
2,-7.341,23.803,3.449
2,-27.255,26.449,1.840
2,27.657,-3.255,-1.304
2,2.273,36.630,2.942
2,-19.938,-21.389,5.673
2,40.631,-41.583,-1.237
4,11.403,-38.341,5.059
2,-7.531,-16.422,3.447
2,-16.511,-13.167,3.748
2,-15.574,2.573,3.326
2,40.532,-25.273,-1.405
3,17.408,-30.307,2.237
2,-36.486,-3.410,4.882
2,3.398,-47.636,5.944
2,38.857,-42.048,-1.234
3,-35.844,-2.584,5.630
2,-6.237,-49.206,6.640
3,-23.446,38.465,3.003
2,42.890,-44.813,-0.678
2,-34.085,-2.837,4.571
2,29.481,34.978,1.335
2,-40.784,9.115,3.148
2,43.652,-42.618,-1.151
2,-46.175,2.166,5.518
2,9.318,-45.982,4.739
2,-43.823,13.113,2.380
2,45.866,-27.838,-1.770
4,27.237,-11.683,0.187
2,18.480,-18.876,0.202
2,-36.272,48.213,2.624
3,-23.589,39.529,3.044
2,14.244,-21.726,0.887
2,-33.179,-17.463,6.743
2,38.690,2.540,-1.642
2,29.227,21.999,2.437
4,38.639,-1.166,-1.477
4,-5.119,36.068,4.278
2,42.931,30.345,0.385
2,10.292,26.113,1.246
2,-33.788,-43.728,4.073
3,38.843,0.955,-1.730
2,43.469,-35.210,-1.455
2,-27.010,4.447,2.053
2,-24.851,46.771,3.284
2,36.956,46.645,0.620
2,-12.525,32.570,3.197
2,-1.726,16.371,1.765
2,35.880,42.873,0.768
2,-40.015,-47.005,2.813
3,41.741,22.663,0.103
2,19.179,29.757,1.864
4,-4.309,37.425,4.160
4,26.972,-13.518,0.562
2,13.472,46.055,2.178
2,0.595,21.277,2.391
2,-15.501,0.984,3.411
2,26.225,-11.427,0.070
2,-24.759,41.493,2.618
4,3.613,36.705,3.329
2,-46.565,8.930,3.683
2,-12.175,-13.123,2.907
2,41.885,22.448,-0.301
2,-45.182,49.539,2.296
2,-14.816,0.365,3.535
2,-47.791,34.569,2.453
2,34.662,8.336,-0.408
2,10.065,-20.703,1.110
2,19.276,3.152,-0.502
4,-11.822,-14.046,4.528
2,-3.664,28.743,3.549
2,22.914,39.205,1.861
4,27.865,16.849,2.612
2,-30.072,-34.080,5.025
2,48.693,10.704,-2.826
3,-35.877,-2.498,5.282
2,19.101,-47.940,4.333
2,36.471,15.625,-0.127
2,31.534,-6.831,-1.800
2,-10.503,-0.061,3.194
2,-30.779,15.103,1.501
2,-14.821,12.342,1.495
2,49.779,34.519,0.990
2,24.299,27.970,2.145
2,12.662,47.661,1.591
2,-10.746,-5.598,2.452
2,28.728,37.475,1.015
2,19.386,38.367,2.600
2,43.892,48.596,0.478
2,36.031,30.916,1.571
2,-20.866,-11.824,4.727
4,-16.047,-19.970,5.871
2,-37.407,-8.095,5.720
2,-25.057,-48.848,4.161
2,40.064,-7.323,-2.254
2,47.904,-44.934,-0.641
2,-48.082,-23.659,6.402
3,42.965,4.506,-2.258
2,39.076,26.585,1.189
2,-15.494,0.991,3.599
2,-47.042,-45.671,1.890
2,-10.433,27.351,3.147
2,24.091,7.925,0.562
2,25.298,36.701,1.558
3,37.822,0.079,-1.516
3,-10.247,32.752,3.320
3,-10.852,32.999,3.373
2,-12.692,-40.581,5.430
2,-22.903,-29.509,6.267
2,20.738,-8.327,-0.951
3,26.678,-13.765,0.090
2,-10.825,-16.380,3.560
2,41.435,-13.070,-2.539
2,16.955,40.959,2.348
2,-34.850,-4.609,4.910
2,23.548,25.375,2.609
2,-19.837,3.114,2.223
4,-33.369,-11.249,7.644
2,-47.600,-12.553,6.838
2,-42.425,9.935,2.887
2,31.746,44.237,0.248
2,-49.270,-21.787,6.988
2,-38.063,-37.768,3.471
2,28.319,30.163,1.768
2,0.855,-3.581,1.728
2,-36.255,-1.702,5.276
2,-16.550,4.752,2.786
4,-42.470,-11.134,7.495
2,-22.042,32.235,2.951
3,-18.190,4.686,2.869
4,28.484,-18.415,0.610
2,35.579,25.972,1.607
7,-22.966,28.618,-7.559
4,28.871,17.042,2.136
2,31.930,-14.429,-1.301
2,6.960,-4.011,1.036
7,-39.777,96.061,0.942
2,-36.082,48.957,2.673
2,22.136,-42.292,2.577
2,-26.484,33.559,2.297
2,-43.396,-10.656,6.652
3,-15.442,-21.843,5.903
2,-47.045,30.182,2.711
2,-12.757,32.037,3.351
2,-3.253,30.382,3.536
4,-34.857,-4.321,5.672
4,25.395,13.629,1.618
2,-24.169,40.952,2.559
2,4.071,-3.039,1.245
4,-18.438,30.923,4.013
2,45.182,-36.209,-1.522
2,-19.901,40.776,2.846
3,3.911,37.106,2.647
4,-5.522,40.816,3.377
2,-40.084,26.152,1.341
2,-24.925,15.234,2.122
2,-27.205,25.100,2.032
2,47.402,-19.971,-2.295
2,35.107,49.026,0.121
3,-4.469,40.010,3.374
2,13.255,-35.765,3.647
4,-33.491,-2.376,5.743
2,-38.159,-34.937,4.414
2,-5.081,29.318,3.583
4,-32.948,-11.996,7.340
2,-20.801,3.030,2.267
3,16.520,-31.317,2.367
4,-43.188,24.795,2.749
2,7.261,-10.785,0.238
2,-31.904,-7.274,5.148
2,29.976,-44.787,1.449
2,-8.875,-36.914,5.308
2,-46.111,42.056,2.303
4,-32.989,-40.591,4.379
2,-33.844,-4.252,4.947
2,-4.768,-37.666,5.394
2,32.843,-30.533,-0.524
2,46.212,-37.701,-1.444
2,13.801,-31.746,2.663
2,8.515,37.197,2.149
2,5.081,25.482,1.532
7,-39.548,0.706,-10.027
2,-31.886,-17.488,6.656
2,36.438,-27.056,-1.351
2,2.395,35.351,2.976
4,28.630,-15.664,0.952
2,1.309,28.741,2.544
2,-39.551,-25.436,5.743
2,-11.165,49.439,2.659
3,24.790,36.476,2.003
2,46.916,40.069,0.585
2,7.847,26.312,1.286
2,-31.062,-47.164,3.998
2,10.388,-35.820,4.283
2,-32.732,-32.590,4.684
3,-4.958,-15.553,3.315
4,27.365,-12.703,0.348
2,38.901,18.089,0.291
3,3.433,36.788,2.969
2,1.054,-29.983,2.779
4,21.373,-22.049,0.943
3,8.463,-35.721,4.494
2,-15.790,-48.159,6.157
4,26.815,-13.710,0.529
2,10.534,-24.999,0.972
2,27.500,-10.361,-0.759
4,21.617,-18.032,2.087
4,24.076,36.231,2.293
2,-43.399,37.828,2.174
2,-39.775,-38.363,3.355
2,17.615,-46.437,3.848
2,-2.453,33.129,3.316
2,-15.768,37.574,2.888
2,29.199,-17.945,0.104
2,48.300,-18.659,-2.428
2,42.081,-21.214,-1.702
3,-71.483,46.105,2.271
2,-16.965,-23.701,5.830
2,-37.191,18.115,1.265
2,3.360,35.385,2.736
2,-0.280,25.884,3.109
2,-17.837,36.418,2.893
2,-47.313,-41.986,2.429
2,30.841,28.458,2.150
4,3.502,26.496,2.572
2,-15.582,5.674,2.760
2,15.450,24.888,0.956
2,-31.892,30.551,2.284
2,-4.454,41.100,2.743
2,-2.682,24.912,3.014
2,27.129,-9.267,-0.480
2,49.770,-46.839,-0.139
3,-24.152,38.414,2.588
2,-44.327,9.056,3.074
2,-13.058,14.050,1.404
2,-42.171,7.203,3.705
2,12.311,-19.877,1.043
4,20.654,-18.379,2.125
2,45.663,-36.491,-1.485
3,28.055,-11.744,-0.067
2,-40.371,-6.694,5.904
7,45.035,3.319,-10.113
2,-44.461,-16.139,6.909
2,-4.406,47.239,1.475
2,-16.153,-4.427,3.677
2,-29.487,-46.034,4.066
2,40.628,-17.920,-1.661
3,-43.036,10.485,3.163
2,6.057,-3.401,1.193
2,-37.150,-4.011,5.546
2,-6.036,-36.789,5.150
2,37.961,-47.012,-0.149
2,-26.029,-23.752,6.273
2,-16.305,-36.184,4.988
3,-5.135,-15.287,3.015
2,-1.115,-33.619,3.841
2,27.999,-10.599,-0.674
3,-43.672,26.083,2.626
2,12.865,-7.251,-0.169
3,-10.565,32.794,3.388
2,-28.178,25.694,2.014
2,21.796,-11.035,-0.508
2,-28.083,34.322,2.586
2,13.481,15.764,0.538
2,-7.393,-9.792,2.444
2,-15.031,7.697,2.359
2,-47.086,-10.992,6.949
2,18.547,-27.770,1.165
2,14.790,-44.486,4.065
2,5.166,-27.347,2.346
2,-5.325,44.545,1.738
2,-34.648,46.745,2.345
2,-23.463,38.692,2.593
4,16.618,-20.471,1.583
3,16.527,-30.178,2.167
2,-23.955,2.261,2.024
2,28.467,-10.619,-0.768
2,1.033,-29.299,2.738
2,-1.281,37.328,3.023
7,-52.015,-23.220,-2.004
2,-37.793,-44.218,3.052
3,-24.247,39.937,3.066
2,17.617,-32.383,2.148
4,23.186,0.287,-1.102
2,9.562,2.745,0.052
2,-25.208,11.390,2.139
2,-30.866,-40.407,3.838
2,-44.316,38.401,2.324
2,-43.658,-28.010,5.483
2,24.370,-48.978,4.197
2,7.916,-34.443,4.278
2,10.303,-49.934,5.258
2,-36.378,-4.701,5.247
3,36.893,-29.799,-1.158
2,-2.087,24.256,3.050
2,-48.960,28.893,2.273
2,-2.081,-45.105,5.837
2,27.766,-18.441,0.096
2,44.064,-2.924,-2.412
2,-43.181,41.071,2.236
2,26.796,30.348,1.746
2,-39.401,-25.957,5.726
2,25.324,27.242,2.220
2,-5.449,16.244,1.695
3,-42.542,9.931,3.178
4,16.544,-30.187,3.271
2,11.419,47.676,1.528
3,-5.490,41.207,3.091
2,41.253,43.446,0.816
2,-17.507,13.570,1.633
2,27.768,-26.263,-0.526
4,18.283,-24.063,1.558
2,23.862,25.865,2.611
3,41.571,21.750,0.034
3,28.920,-10.702,-0.525
2,-49.224,11.973,2.805
2,37.300,19.389,0.916
2,28.794,-32.170,-0.036
2,19.072,-9.464,-1.202
2,3.030,-21.066,2.023
2,-42.585,-11.611,6.772
2,-4.510,30.587,3.566
2,32.766,-29.927,-0.730
2,-40.193,31.046,1.931
2,-0.646,-27.143,2.905
2,-33.140,-42.356,3.948
2,-39.609,49.617,2.691
2,8.460,-1.810,0.657
2,-13.984,-5.883,3.040
2,-1.394,39.306,2.640
2,-42.023,-8.757,6.329
2,-34.465,-35.584,4.406
2,-41.814,36.147,1.908
2,5.556,-12.870,0.511
4,-4.325,37.392,4.327
2,21.990,21.337,2.184
2,-32.450,-33.326,4.633
2,-25.540,-16.205,5.701
2,2.322,39.689,2.139
2,5.446,24.175,1.193
4,-11.852,-14.469,4.415
2,12.391,42.426,2.387
2,46.228,-31.065,-1.646
2,-10.343,33.269,2.979
2,-3.800,30.028,3.449
2,46.574,-39.716,-1.435
2,-2.980,41.299,2.538
2,-46.700,-5.774,6.459
2,2.827,-12.606,1.218
2,-29.586,27.189,1.885
2,40.093,37.189,0.469
2,-49.341,-47.225,1.484
2,-48.671,39.698,2.458
2,-10.804,-38.784,5.493
2,-46.299,14.550,2.552
2,-33.461,-40.041,4.130
2,20.442,-30.398,1.279
2,19.579,-35.380,1.809
2,-1.385,36.715,3.056
2,-23.097,-9.398,4.674
2,-3.836,-5.983,2.233
2,-1.617,12.104,1.269
2,-7.001,-16.918,3.197
4,2.991,25.983,3.155
2,21.229,30.823,2.195
2,48.619,43.570,0.826
2,10.518,-12.227,0.183
2,-10.789,28.090,3.228
2,16.214,31.130,1.917
2,-5.619,28.587,3.474
2,17.428,-44.252,3.801
2,35.690,30.053,1.567
2,35.718,-30.617,-1.173
2,-2.301,-49.277,5.680
2,-18.092,-37.662,4.887
2,-46.308,-7.345,6.556
3,39.127,-0.775,-1.651
2,8.641,3.797,0.359
2,-26.361,-18.923,6.155
2,-4.153,31.175,3.382
4,-34.788,-3.280,5.790
2,-3.690,30.789,3.579
2,-15.285,25.504,2.825
2,15.800,-29.334,1.773
2,-13.784,-17.668,4.451
2,-46.446,-45.991,2.018
4,23.950,-26.493,0.645
2,12.643,0.415,-0.173
2,-8.933,43.310,2.818
2,32.202,3.517,-0.697
2,26.993,-10.323,-0.672
2,5.616,41.473,1.898
2,41.239,-31.596,-1.416
2,48.791,29.322,-0.027
4,-34.032,-12.745,7.296
3,-36.548,-4.309,5.757
2,41.505,-37.347,-1.173
2,30.310,-16.067,-0.508
2,-0.054,-13.542,1.932
2,14.748,-33.848,2.695
2,-20.193,-33.302,5.273
2,3.037,35.568,2.586
2,-15.355,-0.868,3.533
2,32.041,-16.197,-0.871
2,-36.769,33.843,1.889
2,-20.572,26.983,2.892
2,20.235,-2.730,-1.149
2,-13.418,9.156,1.887
2,-13.605,3.843,3.011
2,10.230,-42.756,4.321
2,18.255,-46.758,3.890
2,34.835,4.952,-0.754
3,5.214,-37.873,4.585
2,-4.252,41.056,2.783
2,-0.753,45.803,0.928
2,-45.484,40.396,2.303
2,3.516,36.827,2.579
2,3.709,-23.990,1.853
2,32.518,-7.284,-2.020
2,-19.200,26.999,3.170
2,10.035,31.693,2.229
2,-33.069,25.907,1.565
2,22.110,-36.371,1.563
2,-23.336,21.435,2.196
2,-48.423,-39.692,2.632
3,2.828,36.828,3.076
2,5.650,-14.287,0.873
2,22.195,11.154,0.966
2,-26.215,-14.930,5.750
2,9.831,17.290,0.651
2,-42.989,9.346,2.863
2,-11.553,27.218,3.073
2,43.566,-46.432,-0.110
3,-28.488,24.957,1.882
4,2.439,26.144,3.204
2,33.482,-41.527,-0.039
4,27.855,-16.758,1.036
2,31.877,-14.961,-1.221
2,-37.594,-31.686,4.736
2,-11.046,48.671,2.758
2,0.551,-18.799,2.085
2,-17.590,3.820,2.675
2,42.602,14.313,-1.457
2,-19.059,30.975,3.263
3,-33.439,-10.836,6.914
3,-10.647,33.640,3.361
2,11.340,0.161,0.008
2,-21.801,-48.407,4.639
2,0.750,15.463,1.396
2,20.667,24.405,2.300
2,-7.700,21.882,2.964
3,-10.787,32.959,3.434
4,-42.974,25.819,2.881
4,28.538,9.380,1.430
3,-17.878,5.469,2.728
2,-2.194,22.398,2.645
3,41.551,22.521,0.168
3,-5.393,-16.313,3.304
2,-23.799,38.769,2.632
2,47.033,-25.738,-1.873
2,39.925,-29.880,-1.210
2,36.334,-8.532,-2.074
3,-15.584,6.390,2.963
2,-41.274,-1.994,6.149
2,30.677,43.330,0.320
2,-42.092,19.423,1.840
2,4.185,24.069,1.731
2,7.160,-21.990,1.684
2,32.484,-47.201,1.075
2,2.228,-32.335,3.245
2,26.531,43.469,0.914
2,-31.636,36.348,2.305
2,-20.990,-13.787,4.837
2,23.318,-26.917,-0.064
2,-35.734,-41.403,3.765
2,-39.341,-48.363,2.929
2,5.498,-47.430,5.340
2,-25.938,-7.748,4.250
7,33.659,-27.560,-7.280
2,28.392,-35.920,0.547
4,30.066,-11.154,-0.494
2,18.570,33.133,2.068
2,-14.342,-34.311,4.875
2,1.414,18.413,2.167
3,-42.613,10.132,3.180
2,-23.399,-34.206,5.209
2,43.367,11.625,-1.638
2,1.703,-17.220,2.034
2,-34.855,6.601,2.679
2,14.743,-25.356,1.015
4,27.074,-13.688,0.485
2,-17.469,29.001,3.238
2,-38.218,-19.086,6.654
2,29.313,29.898,1.888
2,21.276,3.454,-0.596
2,-8.384,-39.959,6.072
4,24.055,-0.731,-0.854
2,-43.692,-9.477,6.532
7,106.070,34.369,-54.505
2,-33.010,-9.719,5.961
4,19.923,-21.259,1.290
2,-23.623,40.244,3.207
2,26.505,-11.722,-0.103
2,48.947,-30.098,-2.181
2,-8.737,20.781,2.805
2,37.296,-44.441,-0.802
2,-16.379,37.885,2.841
3,5.647,-34.674,4.132
2,2.670,37.030,2.688
2,-4.885,-23.861,3.536
2,19.339,47.178,1.746
2,-22.668,-1.243,2.536
3,-17.043,6.541,2.875
2,-25.162,16.109,1.884
2,-3.009,-32.774,3.696
3,-42.944,10.475,3.065
2,6.576,-12.113,0.344
2,-49.252,-16.825,7.030
3,-16.725,6.256,2.730
4,-43.048,-11.223,7.388
2,22.620,-33.686,1.022
2,-29.166,26.323,2.143
2,1.122,20.386,2.239
2,-20.606,48.396,2.760
2,-42.671,49.219,2.658
2,-35.143,46.387,2.343
2,-3.255,-39.366,5.322
2,-36.173,21.861,0.803
2,-24.964,8.400,1.868
2,14.788,-14.262,-0.174
2,18.781,14.757,0.720
2,-14.353,0.284,3.496
2,37.816,-32.588,-1.131
2,-11.710,-36.188,5.210
2,-5.605,14.562,1.267
2,-25.500,2.703,2.015
4,12.972,-41.717,5.830
3,3.001,26.050,2.326
4,17.109,-21.703,2.092
2,16.713,-3.634,-0.581
2,10.076,-17.960,1.512
2,-10.020,28.313,3.158
2,20.887,-0.425,-0.978
2,46.110,-8.093,-2.313
2,9.868,24.237,1.052
2,13.531,21.238,0.863
2,49.503,-24.287,-2.730
4,22.577,-0.930,-0.718
2,38.167,-19.143,-0.924
2,-33.202,-4.352,4.871
2,6.622,-22.124,1.668
2,-27.120,-5.018,4.058
2,-44.441,-47.413,2.330
2,-29.327,30.145,2.216
2,5.038,22.863,1.454
2,25.943,41.516,1.161
2,-1.417,42.532,1.838
2,-38.514,-46.791,3.031
2,23.982,12.445,0.850
2,-21.369,33.838,3.041
2,-14.110,38.425,2.804
2,20.759,-45.094,3.373
2,27.837,8.010,-0.002
2,20.657,0.570,-0.806
2,-32.828,-8.570,5.618
2,-9.985,6.148,2.158
2,-29.882,-6.681,4.820
2,-35.245,-30.904,4.904
2,26.711,46.905,1.196
2,40.823,-3.552,-2.158
2,-17.423,-47.754,5.786
2,44.260,1.962,-2.594
2,12.219,34.009,2.418
2,-4.475,30.770,3.575
4,30.683,16.699,1.961
2,-43.569,30.796,2.035
2,-16.392,45.535,3.198
2,-5.794,37.945,2.985
2,47.355,45.972,0.705
2,7.614,33.526,2.326
2,-22.065,10.179,2.235
2,-22.766,27.047,2.421
2,30.060,-16.567,-0.269
2,-34.819,-5.173,5.581
4,2.425,35.563,3.293
2,23.475,-26.651,0.024
4,20.063,-22.534,1.478
3,1.967,26.581,2.665
2,49.865,-4.177,-3.286
2,-44.715,-3.303,6.471
2,17.312,-14.310,-0.580
2,4.584,-30.818,3.097
2,-35.673,33.116,2.010
2,15.221,-28.218,1.353
2,13.442,32.493,2.543
2,-10.822,32.903,2.983
2,-4.480,-0.326,3.002
2,19.902,-8.165,-1.056
2,27.193,-47.817,3.013
2,25.886,-44.849,2.684
2,6.344,-27.353,2.197
4,17.232,-30.219,2.959
2,-27.924,-1.923,3.180
1,43.949,9.508,-2.168
2,49.242,-24.912,-2.650
2,-23.469,-5.850,3.858
2,41.529,29.573,0.552
2,32.752,35.817,1.215
2,21.856,27.635,2.376
2,-30.494,-44.949,4.108
2,-36.818,-16.267,6.694
2,15.326,48.156,1.870
2,-19.535,-8.682,4.141
2,-35.345,-4.015,4.901
2,28.306,-9.526,-0.717
2,46.002,42.911,0.582
2,-37.008,49.883,2.919
2,7.256,22.874,1.090
2,46.195,-24.529,-1.707
2,-28.134,23.769,1.310
2,-5.871,20.062,2.426
2,5.139,-5.318,1.091
2,-39.699,18.933,1.588
2,-32.222,-35.537,4.563
2,-13.412,44.283,3.747
4,17.913,-30.801,3.079
3,6.454,-38.247,4.596
2,-1.229,19.648,2.296
2,-15.908,-20.223,5.520
2,40.572,-43.991,-0.840
2,2.863,36.836,2.664
2,27.182,-10.528,-0.762
2,45.900,18.099,-1.909
2,-1.871,-35.637,4.111
3,-16.078,4.850,3.034
2,3.588,36.488,2.646
2,-11.078,44.195,3.350
2,33.988,13.168,-0.263
2,39.233,-39.414,-1.127
4,-5.142,40.968,3.337
2,-23.911,29.708,2.547
2,-22.282,-28.440,6.366
2,-20.524,-7.000,4.204
2,-2.485,-27.105,3.443
3,2.251,37.298,3.021
2,32.104,-7.777,-1.969
2,2.896,48.316,0.428
2,40.405,-28.040,-1.135
2,24.787,22.502,2.453
4,2.519,37.029,3.414
2,21.561,-16.159,0.258
2,-17.735,38.266,2.929
2,22.496,21.149,2.169
2,2.512,-47.528,5.949
4,-4.922,40.511,3.347
2,0.602,26.789,2.624
2,42.353,31.498,0.641
2,-4.437,29.792,3.554
2,-38.977,-40.902,3.324
2,31.382,-31.599,-0.210
2,38.769,-42.683,-1.167
4,-34.418,-3.759,5.843
3,-15.292,4.165,2.841
2,0.164,-21.868,2.557
2,26.030,31.337,1.618
2,19.730,20.176,1.580
2,-27.410,-8.009,4.751
2,5.391,-9.711,0.453
4,24.056,-0.772,-1.268
2,-36.958,-3.335,5.589
2,20.783,35.487,1.973
2,21.383,-13.852,-0.194
4,17.060,-31.010,3.200
2,0.821,47.753,0.498
2,-43.204,9.844,3.169
2,14.798,34.507,2.844
2,39.412,38.447,0.288
2,-42.840,-4.331,6.366
2,-28.172,24.303,1.298
3,29.912,-9.516,-0.770
2,-46.584,-34.010,4.656
2,-19.470,48.428,2.833
2,3.835,-46.729,5.818
2,33.221,-34.304,-0.390
4,-42.172,11.113,3.147
4,-11.607,-40.990,6.900
2,17.038,-31.217,2.003
2,40.221,15.855,-0.849
2,-2.149,48.259,0.954
3,-10.126,33.462,3.410
2,-35.562,-48.686,3.525
4,24.520,35.946,2.239
2,9.549,-25.304,1.271
2,-14.904,1.126,3.608
2,-13.617,0.466,3.478
2,-44.473,49.411,2.458
2,25.201,5.563,-0.006
2,-3.008,-34.561,3.970
2,-13.473,0.638,3.404
2,-2.953,31.164,3.297
2,-8.108,-9.680,2.398
2,0.323,40.775,2.067
2,48.942,-27.308,-2.306
2,43.465,19.765,-1.219
2,13.982,-17.021,0.515
3,-4.131,40.672,3.279
2,42.987,5.292,-2.366
2,-42.998,26.646,2.262
2,-36.294,30.860,1.725
2,-40.180,28.422,1.735
4,26.115,-12.339,0.418
2,12.492,25.936,1.151
2,27.383,34.395,1.462
2,-23.812,21.964,2.221
2,14.198,5.124,0.369
2,35.222,46.534,0.511
2,-34.245,42.277,2.040
2,-7.840,6.388,2.326
2,44.607,-40.800,-1.581
2,-9.103,17.164,2.197
7,41.445,-98.924,-1.791
2,37.799,30.207,1.631
4,-34.340,-40.149,4.504
2,-48.913,18.652,2.245
2,-22.217,42.430,2.934
2,-49.381,17.716,2.493
2,34.169,-17.061,-0.748
2,26.112,-17.735,0.672
2,34.767,43.820,0.578
2,-10.403,-18.469,4.177
2,-48.355,39.180,2.524
2,-8.717,-17.232,3.730
2,-3.698,-1.499,2.582
2,-32.897,-15.187,6.524
2,-4.833,31.721,3.523
2,-40.384,-20.124,6.287
2,19.955,33.540,2.042
2,-16.387,49.688,3.210
2,-39.084,23.717,0.922
2,-21.735,24.426,2.479
2,-14.923,-0.136,3.424
2,4.253,-35.926,3.997
2,25.212,-17.668,0.546
2,-12.839,-15.154,3.646
2,-7.625,-5.782,2.248
2,10.922,5.451,0.615
2,5.000,-45.368,5.422
2,-25.320,-15.489,5.567
2,-33.345,3.311,3.367
2,37.669,3.328,-1.382
2,49.555,41.210,0.989
2,-35.583,-39.999,3.756
2,-44.542,-3.851,6.552
4,-11.156,-41.433,7.767
2,-31.140,25.730,1.849
4,-35.456,-4.389,5.820
2,6.624,30.080,1.974
2,7.276,12.568,0.340
2,15.049,27.295,1.597
2,16.831,4.293,0.076
2,25.340,-48.916,3.828
4,-16.132,-19.775,5.874
2,-4.599,-33.519,4.037
2,-44.910,18.958,1.970
2,22.362,-11.227,-0.331
2,-42.551,-2.990,6.263
2,-42.012,36.979,1.987
2,21.975,17.593,1.502
2,7.002,-45.901,5.127
4,-36.117,-3.889,5.748
2,-43.555,9.730,3.109
2,37.767,24.642,1.462
2,7.781,-16.891,1.594
2,25.697,11.703,0.740
2,1.385,-31.140,3.061
2,-25.090,0.399,1.990
4,2.988,26.101,3.473
2,-15.806,2.633,3.302
4,-42.026,-11.329,7.683
4,-42.241,-10.600,8.105
2,-17.656,-11.376,4.067
2,3.510,-29.445,2.915
2,-18.166,31.368,3.241
2,-44.305,33.890,2.072
2,14.786,17.547,0.568
2,-32.254,9.440,1.713
2,-15.729,1.802,3.498
2,-48.989,-27.260,5.881
2,26.060,15.779,0.980
2,-35.721,16.530,1.509
2,-28.148,17.020,1.757
2,26.693,9.014,0.144
2,-44.783,3.950,4.779
7,34.045,19.336,-5.495
2,49.015,0.756,-3.370
2,-5.405,-44.427,6.064
2,-17.449,19.905,2.419
4,-4.881,36.661,3.930
2,12.890,13.182,0.415
3,2.695,26.847,2.689
2,27.541,-9.440,-0.517
4,-12.304,-41.555,6.161
2,37.196,-35.160,-0.956
2,-30.515,0.212,3.038
3,25.542,-27.009,0.032
2,24.650,28.462,1.937
2,-40.294,-1.612,6.049
3,28.955,-9.273,-0.481
2,-4.191,16.752,1.729
4,14.444,-21.268,1.494
2,-47.849,7.598,3.971
2,1.317,-19.153,1.989
2,-13.385,0.737,3.476
2,39.025,3.259,-1.278
2,-7.065,30.239,3.151
2,-4.792,37.517,3.266
2,-3.993,30.892,3.537
2,-13.770,28.275,3.058
2,44.953,-25.600,-1.542
4,-4.962,35.594,4.159
2,-15.668,-37.814,5.200
2,-4.113,29.884,3.525
2,-13.886,1.808,3.310
2,20.359,-31.347,1.366
2,2.205,49.335,0.305
2,-32.983,-10.824,6.552
4,-5.865,36.727,3.900
4,16.362,-30.930,3.407
2,-44.767,44.532,2.431
2,-25.820,1.682,1.939
2,45.331,-9.544,-2.207
3,29.318,-9.270,-0.767
2,-37.634,-48.955,3.231
2,-0.884,43.597,1.395
2,-21.326,25.137,2.586
2,-1.589,23.142,2.868
2,45.816,-15.172,-2.509
2,-4.868,39.642,2.744
3,26.139,-13.203,0.083
2,39.525,23.959,0.797
2,34.344,47.813,0.372
2,40.913,22.240,-0.225
2,33.918,48.231,0.443
2,38.744,-6.459,-2.373
3,-4.436,-15.523,3.141
2,-16.833,-34.047,4.979
2,-4.385,21.413,2.573
2,22.328,-0.708,-1.493
2,-33.868,38.852,2.216
2,1.221,32.156,2.766
4,2.634,26.268,2.845
2,43.595,9.023,-2.162
3,-42.319,10.456,3.193
2,49.848,-34.739,-1.283
2,-49.087,32.188,2.637
2,30.063,19.306,1.864
2,26.036,10.390,0.474
2,-2.273,21.732,2.539
2,43.374,-15.809,-2.567
2,-5.985,-15.688,3.195
2,-3.602,-11.434,2.420
2,2.626,37.362,2.591
2,-37.078,-21.741,6.213
2,-2.460,40.526,2.636
2,-29.077,4.448,2.360
2,-6.974,1.368,3.349
4,28.964,-15.823,1.467
2,18.014,-19.180,0.274
3,-9.953,32.986,3.415
2,48.128,-45.442,-0.492
2,-36.244,-5.836,5.468
2,34.005,-48.712,1.070
2,-19.102,32.620,3.223
2,-11.118,-27.073,4.606
2,40.086,22.537,0.203
2,-40.759,44.705,2.245
2,0.003,-10.806,1.864
2,-41.900,11.319,2.494
3,41.850,21.434,-0.069
2,-10.035,-29.416,4.333
2,46.810,47.491,0.806
2,-10.694,-16.823,3.559
2,48.661,-23.097,-2.426
2,-39.285,-42.278,3.024
2,-30.612,-41.607,3.991
2,-11.558,23.796,2.939
2,-20.669,35.829,2.939
2,41.038,6.971,-1.887
2,3.396,-49.994,5.691
4,3.439,36.016,3.309
2,10.328,27.696,1.549
4,-25.483,-34.451,6.043
2,15.910,-1.571,-0.648
2,25.446,-6.601,-0.391
4,29.279,-8.412,-0.427
2,3.885,8.413,1.059
4,-42.624,-11.453,7.959
4,-34.778,-2.675,6.041
2,45.726,27.997,-0.126
2,25.052,-30.917,-0.108
2,-19.130,-47.273,5.259
2,-43.101,24.154,2.195
2,16.572,-20.570,0.635
4,-36.103,-3.898,5.802
3,-4.270,-17.334,3.023
2,40.298,11.047,-1.046
7,22.857,-6.617,-6.959
2,19.822,-5.214,-0.989
2,16.527,45.494,1.956
4,-42.867,24.544,2.906
3,-32.978,-11.404,6.870
2,-3.976,-4.291,2.090
2,40.518,-23.264,-1.278
2,-40.130,29.447,1.761
2,2.756,37.399,2.574
2,-8.083,32.450,2.867
2,15.828,-8.840,-0.851
2,1.867,36.654,2.696
2,-38.368,-44.425,2.994
3,-42.222,9.871,3.205
2,1.434,36.792,3.112
2,35.001,42.955,0.769
2,-21.787,18.765,2.122
2,34.033,13.969,-0.179
2,2.278,37.842,2.590
4,21.404,-19.261,0.981
2,11.940,-37.333,4.315
2,44.356,29.407,0.150
2,22.043,42.454,2.024
3,-16.743,5.883,2.898
2,-44.173,9.834,2.842
2,49.169,34.592,0.901
2,-2.052,1.510,2.644
2,1.666,-42.193,5.166
3,-17.483,4.237,2.767
4,32.254,15.664,2.219
2,41.078,-27.042,-1.228
2,-23.270,10.164,2.147
4,26.665,-16.593,1.176
2,6.981,-24.379,1.503
2,-4.484,35.163,3.280
2,24.244,-37.809,1.492
2,-45.872,-12.229,6.801
2,5.234,29.811,2.117
2,-15.129,-20.087,5.563
2,-44.347,-43.829,2.894
2,5.479,-15.055,1.279
2,43.112,-5.706,-2.039
2,-40.639,-3.018,6.209
2,20.636,6.809,0.336
2,-42.169,18.729,2.164
2,24.750,-44.356,2.702
2,40.551,33.655,0.510
2,35.441,29.374,1.629
2,-7.041,-41.249,6.264
2,12.336,48.796,1.333
2,44.044,-16.519,-2.524
2,23.783,-3.740,-1.156
2,-40.044,-0.533,5.983
2,26.498,-45.042,2.533
2,0.254,-15.540,2.038
2,29.724,-23.127,-0.286
2,-32.513,-41.354,3.778
2,2.753,4.842,1.461
2,-15.894,2.333,3.486
2,-11.355,-39.218,5.343
3,8.401,-36.743,4.447
2,37.918,26.500,1.340
2,49.346,13.054,-2.851
3,-43.013,-11.079,7.045
2,-42.183,17.115,2.247
2,1.539,-1.586,2.165
2,-2.884,-14.128,2.577
2,-48.983,45.303,2.253
2,44.281,27.580,-0.107
3,42.059,21.540,-0.305
4,31.679,10.209,0.847
2,43.814,45.910,0.737
2,6.714,22.871,1.101
2,31.094,-39.451,0.061
2,1.492,-4.899,1.242
3,41.093,22.455,0.086
2,35.894,42.232,0.736
2,-15.813,4.737,2.754
2,-45.468,-39.146,2.987
2,17.107,48.636,2.151
2,17.667,9.082,0.500
2,20.498,19.198,1.622
2,-15.369,6.121,2.763
2,-3.933,40.767,2.744
2,21.821,24.315,2.458
4,24.009,-1.088,-0.491
2,23.366,-23.280,0.310
2,47.641,-47.349,-0.058
2,-42.205,24.429,2.223
4,28.766,-15.106,1.083
3,26.773,-13.607,-0.119
2,10.040,-33.523,3.862
2,-1.779,36.302,3.111
2,-28.538,10.251,1.759
4,-43.594,-10.587,7.983
2,48.120,-39.963,-1.237
2,17.333,12.765,0.506
4,24.782,-25.830,0.651
2,-40.252,20.604,1.659
2,-21.703,-40.983,4.637
2,-7.883,-17.054,3.587
2,42.123,26.276,-0.008
2,-2.566,-33.312,3.763
2,-10.858,10.284,1.382
2,33.757,26.601,1.873
2,-25.292,14.686,2.113
2,37.964,49.256,-0.268
2,45.090,-17.161,-2.564
2,11.111,18.319,0.718
2,-22.901,19.897,1.982
2,41.462,-0.015,-1.984
2,-48.700,-10.211,6.776
2,-24.630,-19.483,5.613
2,-34.758,-39.514,3.791
2,-9.334,25.835,3.387
2,15.972,-25.750,1.179
2,49.106,38.146,1.276
4,-35.786,-3.673,5.785
2,38.310,27.927,1.221
2,-29.891,-48.603,4.053
2,-17.796,-47.247,5.662
2,38.769,-0.717,-1.998
4,-16.800,7.571,2.992
2,47.985,-44.387,-0.791
2,-22.271,-40.938,4.555
3,-5.350,-14.759,3.128
2,23.229,-36.384,1.377
2,-10.122,32.883,3.169
2,47.667,9.567,-2.843
4,2.756,27.288,2.839
2,-14.966,0.176,3.521
2,19.310,-29.922,1.311
2,42.716,42.991,0.704
2,-20.684,43.368,3.137
2,-29.368,-37.502,4.400
2,-28.645,40.877,2.166
2,12.528,-47.908,4.857
2,-28.385,26.395,1.985
2,-19.682,-19.711,5.762
2,-4.642,37.410,3.109
2,-8.504,38.485,3.018
2,49.818,-26.408,-2.628
2,21.873,-41.155,2.402
2,41.805,40.238,0.541
2,-43.252,-4.740,6.505
2,-33.550,-29.311,5.421
2,-25.696,15.991,1.803
2,16.681,-12.699,-0.873
2,39.678,10.308,-1.062
3,27.984,-13.042,-0.076
2,47.693,45.471,0.727
2,0.931,-14.185,1.820
2,-33.751,21.993,1.018
2,15.068,-43.245,3.904
2,8.932,40.446,2.005
2,-23.844,-39.984,4.386
2,43.424,43.905,0.726
2,2.698,-19.015,1.922
2,26.032,5.492,-0.140
4,27.073,-17.004,0.850
2,-39.851,-45.772,2.763
2,-19.755,-44.592,4.681
2,9.257,37.235,2.258
2,-24.357,3.539,1.929
2,43.577,-20.347,-2.265
2,-27.563,26.858,2.117
2,-42.740,25.213,2.077
2,-43.216,-26.829,5.752
2,31.969,-20.107,-0.322
4,16.482,-30.222,2.543
2,22.483,4.675,-0.200
2,27.142,-31.041,-0.143
2,-42.316,-23.820,6.283
2,-43.332,16.746,2.100
2,-41.791,-45.511,2.923
2,17.317,35.661,2.686
2,-25.685,35.324,2.249
2,-49.821,27.340,1.978
2,-17.973,39.602,2.859
2,42.088,-5.560,-2.102
2,30.705,-24.221,-0.585
2,48.232,-8.608,-2.634
2,-44.767,-0.069,6.229
2,-49.502,-33.608,4.402
2,44.274,-7.696,-1.960
2,-21.555,20.179,2.173
2,-4.951,39.248,3.223
4,27.781,-16.420,1.413
4,-44.546,26.601,2.914
2,14.193,48.979,1.595
2,-30.443,6.574,2.185
2,-16.382,-17.825,4.752
2,49.775,33.453,0.794
2,-10.425,42.216,3.002
2,-26.193,36.360,2.297
2,-30.503,-1.181,3.276
2,6.291,3.044,0.552
2,1.742,-25.297,2.285
2,-15.220,-16.144,4.119
2,-15.144,37.120,2.915
2,24.245,41.640,1.651
2,30.700,-9.104,-1.448
4,-16.863,-19.468,5.673
4,24.750,-26.637,0.528
2,-37.672,3.068,4.679
2,1.109,30.482,2.716
2,27.096,-9.420,-0.746
3,-23.301,38.568,3.092
2,32.322,-35.198,-0.247
3,-12.919,-15.121,3.892
2,-36.847,45.592,2.251
2,-23.088,29.660,2.691
4,2.486,36.451,3.516
2,-21.859,-34.115,4.952
4,23.941,-28.333,0.701
2,38.984,32.161,1.191
2,11.686,33.717,2.306
2,-1.188,-47.423,5.924
2,-25.494,12.874,2.196
3,-42.324,25.655,2.485
2,-7.231,9.739,1.495
2,39.431,-15.331,-1.718
2,20.681,-3.126,-1.329
2,15.094,-13.043,-0.585
4,-41.775,-11.361,7.667
2,-7.210,42.377,2.401
2,-10.745,37.211,2.854
3,-15.168,-21.409,5.758
4,16.971,-29.998,2.879
4,17.004,-30.998,3.043
2,27.794,17.048,1.347
2,0.188,23.266,2.831
2,43.310,45.284,0.697
2,-21.301,19.521,2.124
2,23.316,-12.800,0.104
2,37.568,-8.693,-2.050
2,-36.169,20.060,0.896
2,12.876,33.899,2.521
4,-36.097,-4.555,5.806
2,25.046,3.746,-0.775
2,10.151,-22.937,1.049
2,27.266,-27.520,-0.591
2,44.124,33.435,0.419
2,5.149,12.982,0.553
2,-39.347,-18.551,6.713
4,-42.355,-11.466,7.822
2,-6.005,31.099,3.057
2,-8.589,-41.412,6.186
2,11.578,20.497,0.903
2,-43.152,-36.236,3.609
2,-7.483,48.132,1.894
2,-31.833,20.039,1.318
2,41.793,-29.475,-1.305
2,-40.955,-35.370,3.999
2,7.361,18.178,0.537
4,-35.178,-2.592,5.865
2,-25.502,28.309,2.162
2,30.087,-13.409,-1.212
2,44.466,11.429,-1.892
2,38.286,4.184,-1.434
3,-23.610,38.427,2.933
2,36.058,5.411,-0.935
2,-15.706,1.537,3.626
2,-43.480,-32.311,4.686
2,-3.029,34.996,3.342
2,26.224,-16.607,0.552
2,39.060,-0.124,-2.004
2,-34.154,-1.287,4.701
4,1.944,36.530,3.324
2,44.649,-45.412,-0.375
4,18.624,-20.784,1.897
4,3.258,26.085,2.992
2,4.290,-38.042,4.432
2,-3.549,11.704,1.434
2,37.980,36.923,0.147
2,16.213,-28.561,1.441
2,17.477,-1.896,-0.609
2,-26.511,29.115,2.170
4,27.303,-16.451,1.237
4,26.595,-11.988,0.277
2,-28.755,-14.936,5.807
2,-8.819,22.057,2.993
2,11.824,-41.268,4.146
2,9.575,45.259,2.056
2,16.894,-23.001,0.819
2,4.317,-39.912,4.626
2,-40.923,-29.277,5.207
2,-5.171,31.607,3.077
4,2.533,26.662,3.307
4,-33.959,-4.428,5.780
2,35.079,-24.694,-1.295
2,-8.955,-40.075,5.958
2,-20.994,-32.868,5.484
3,-41.982,25.228,2.288
2,-6.884,38.688,2.874
3,-15.067,-20.189,5.531
2,40.016,-25.558,-1.485
2,-41.712,-4.762,6.085
2,40.054,23.870,0.568
3,49.584,-31.300,-1.987
2,39.214,-18.101,-1.273
2,30.064,-19.195,0.099
2,24.400,-33.541,0.669
4,-4.963,36.622,4.234
2,-16.796,1.289,3.482
2,-4.142,39.280,2.909
2,-24.975,-5.771,3.841
2,-16.330,15.059,1.611
2,23.206,-40.391,2.179
4,24.962,-25.982,0.655
2,43.673,20.299,-1.179
2,-23.874,0.357,1.991
4,-42.761,24.459,2.758
2,7.757,-31.221,3.184
3,23.747,-0.170,-1.485
2,-11.250,16.207,1.789
3,28.740,-9.514,-0.555
2,-28.419,-21.514,6.174
2,-30.003,0.630,2.840
2,-3.086,-13.018,2.506
2,-6.067,-21.433,3.903
2,24.320,-41.361,2.004
2,42.862,37.527,0.434
3,-35.882,-4.412,5.306
2,24.554,-25.944,-0.032
2,11.279,-45.800,4.672
2,7.953,36.979,2.183
2,-42.157,-10.562,6.897
4,-43.696,24.997,2.956
4,23.829,36.255,2.263
2,6.482,-17.739,1.772
2,45.823,3.123,-2.883
2,-27.907,9.027,1.711
2,16.679,-25.883,1.097
2,39.319,-10.772,-2.508
2,-0.215,-1.905,2.474
2,-25.635,-37.353,4.690
2,-34.910,-5.501,4.884
2,31.703,-23.093,-0.574
2,39.040,7.887,-0.951
2,-35.235,-3.901,4.910
2,-23.985,-21.524,5.977
2,-3.549,41.424,2.600
2,43.573,-22.173,-1.736
2,16.312,-13.239,-0.795
2,-28.569,20.091,1.569
2,-6.360,-14.327,3.242
2,-49.866,-14.120,6.711
2,-1.968,13.647,1.311
2,-14.225,1.136,3.559
2,-3.553,35.133,3.360
4,-96.662,7.025,6.645
2,25.888,-11.843,-0.213
2,15.444,9.431,0.515
4,24.278,-27.856,0.553
2,-13.016,-22.715,5.163
4,20.072,-21.588,1.520
2,25.813,-6.130,-0.529
2,13.452,31.821,2.471
2,-41.937,42.176,2.274
2,38.578,-21.871,-0.960
2,-40.875,-33.400,4.553
2,9.156,-30.348,2.640
4,-17.183,-19.422,5.952
2,-29.246,11.863,1.752
2,45.142,-48.767,0.223
2,-31.361,-46.377,4.053
2,-42.398,-10.811,6.740
2,-6.672,-43.752,6.286
2,-3.853,29.171,3.376
4,3.424,26.191,2.717
2,27.634,5.433,-0.142
4,1.317,-8.292,1.893
4,24.874,36.423,2.123
2,37.393,29.056,1.421
2,-16.024,35.240,2.826
2,-22.250,-18.115,5.451
2,-26.729,46.316,3.130
2,-4.280,39.148,2.793
2,-47.995,42.420,2.367
2,-22.898,39.054,2.563
2,42.959,-46.028,-0.376
2,29.940,-4.322,-1.488
2,11.487,23.983,0.984
3,23.601,-1.031,-1.164
4,-42.897,-10.326,7.666
3,-41.391,18.673,2.273
3,-3.964,-14.428,3.181
2,-44.166,24.072,2.288
2,26.484,-16.810,0.125
4,-34.900,-12.257,7.222
2,-45.510,-42.366,2.736
2,-24.034,-22.955,6.187
2,-14.894,1.080,3.554
2,-15.101,11.851,1.624
2,15.700,13.152,0.547
2,16.825,6.887,0.353
2,-31.447,5.043,2.749
2,-32.745,-6.596,5.075
2,-48.113,31.023,2.707
2,-3.562,29.062,3.540
2,16.892,-46.541,3.911
2,30.696,-15.572,-0.795
2,16.372,-9.131,-0.907
2,17.289,38.739,2.647
2,8.824,45.135,1.986
2,-25.880,1.782,1.844
2,-25.459,37.860,2.151
4,-4.535,39.158,3.486
2,21.228,-15.213,0.172
2,-11.606,-8.640,2.561
2,28.691,29.613,1.845
2,-37.851,-4.325,5.633
2,19.390,16.961,1.171
2,19.894,43.990,1.756
2,39.943,31.582,1.076
2,49.346,2.373,-3.424
2,-45.564,21.526,2.031
2,2.015,35.961,2.674
4,24.827,-26.382,0.804
2,38.065,8.091,-0.937
2,25.668,16.482,1.109
2,42.460,11.378,-1.370
2,17.006,-1.107,-0.568
2,-1.311,32.698,3.162
4,-43.432,-10.594,7.850
2,9.960,-47.778,5.040
2,45.879,22.380,-1.323
2,-7.459,-10.503,2.468
3,27.641,-9.784,-0.497
4,-3.667,3.419,3.559
2,-16.443,-19.881,5.293
2,27.971,-14.096,-0.680
2,17.798,-16.573,-0.071
2,-47.036,41.134,2.544
2,46.561,17.741,-1.984
2,4.310,7.995,0.983
2,-37.885,-28.516,5.371
4,3.345,-9.024,1.926
4,-4.791,40.926,3.559
2,-18.855,46.452,3.109
2,-20.148,39.267,2.638
2,-9.683,-24.020,4.926
2,9.292,-12.289,0.245
2,-32.472,26.522,1.777
3,24.771,-26.575,0.383
2,-13.244,10.196,1.680
2,2.359,36.928,2.603
2,-36.921,48.680,2.634
2,-0.685,-41.424,5.181
2,-23.836,14.205,2.086
2,9.698,13.378,0.703
2,32.098,43.167,0.394
3,16.359,-29.662,2.056
2,9.301,-35.028,4.335
2,26.941,16.245,0.981
2,-4.629,-24.720,3.671
2,11.654,10.703,0.606
4,-43.165,-11.404,7.952
2,44.840,25.596,-0.756
2,12.354,36.221,2.789
2,-32.703,23.724,1.381
2,-24.960,-22.382,6.132
2,-43.969,-21.057,6.856
2,-15.962,24.241,2.973
2,1.749,35.846,2.685
2,-17.079,8.726,2.256
2,-23.950,1.225,1.857
2,19.462,-24.969,0.587
2,20.143,-20.938,0.297
2,3.239,-20.512,1.940
2,-41.295,40.521,1.919
2,-5.186,8.787,1.698
2,-5.348,29.017,3.515
2,11.628,-38.054,4.369
2,11.006,7.053,0.711
4,-42.581,25.101,2.981
2,33.906,-35.989,-0.499
2,-14.724,-26.548,5.469
3,-4.711,41.302,2.849
4,23.986,-27.594,0.637
2,-19.586,42.821,3.254
2,-33.174,-39.981,3.716
2,25.710,-8.128,-0.285
2,4.095,-40.974,4.958
4,9.979,-40.333,4.982
2,49.999,-6.815,-3.162
2,-10.049,32.944,2.973
2,-14.648,0.724,3.435
3,-14.881,4.292,2.845
3,1.894,26.655,2.742
2,-12.241,47.026,3.260
3,-34.524,-40.785,4.098
4,28.705,-14.076,0.485
2,-11.135,-14.403,3.123
2,25.000,-43.715,2.489
2,6.173,-6.131,0.984
2,24.859,-26.649,0.028
2,-11.763,-15.093,3.434
2,16.043,-0.094,-0.523
2,21.470,-6.025,-1.171
2,30.046,-29.929,-0.301
2,38.026,9.799,-0.697
2,12.659,6.821,0.593
2,-22.943,-15.136,5.221
4,16.599,-29.597,2.475
2,38.670,-18.698,-1.123
2,30.647,29.023,2.039
2,-27.053,27.115,1.904
2,0.666,-5.698,1.239
2,-15.380,0.599,3.450
2,-39.360,-7.474,5.801
4,2.593,37.343,3.224
2,-4.455,30.567,3.472
2,-42.443,-26.589,5.655
2,20.623,-37.919,1.940
4,-26.878,24.036,2.109
2,0.430,-47.221,5.984
2,38.549,30.640,1.566
2,-36.664,2.965,4.320
3,-33.394,-39.461,4.479
2,-15.513,-49.903,6.393
2,-11.297,4.379,2.751
2,2.596,43.970,1.232
2,-36.835,47.729,2.553
2,-1.556,-36.766,4.187
2,49.939,-28.520,-2.457
2,2.058,-3.072,1.485
2,38.771,13.064,-0.788
2,46.633,31.812,0.294
2,45.561,42.349,0.623
2,41.100,10.575,-1.154
2,-30.106,4.947,2.444
2,41.572,-41.820,-1.121
4,26.183,10.988,2.005
2,17.718,-48.974,4.460
2,46.146,-41.213,-1.379
2,-0.261,5.117,1.755
2,-21.996,-3.781,3.457
2,-15.897,-32.205,4.849
2,-48.873,-28.981,5.504
2,-23.132,39.724,2.560
2,0.836,0.685,2.577
2,-10.521,33.726,3.266
2,49.146,5.242,-3.176
2,-6.478,-17.203,3.061
2,48.423,45.073,0.760
2,36.111,-23.718,-1.218
2,10.932,-9.218,0.364
2,-4.682,29.539,3.570
4,0.987,-8.609,2.266
2,-22.470,39.634,2.570
2,8.877,2.884,0.156
2,37.220,44.261,0.697
2,17.381,-0.317,-0.631
3,23.575,-26.888,0.258
2,39.650,21.003,0.185
2,39.611,-11.988,-2.469
2,-25.334,0.517,1.633
2,14.683,1.052,-0.256
2,42.151,8.550,-1.688
2,3.056,-49.109,5.720
2,-25.948,48.773,3.587
3,-36.240,-3.423,5.429
2,2.306,26.239,2.249
2,43.145,-18.867,-2.432
4,-34.647,-40.689,4.374
4,26.612,15.983,1.578
2,-9.806,-19.274,4.124
2,39.249,-49.726,0.431
2,-42.324,-11.506,6.718
2,30.209,21.559,2.141
2,-6.670,17.744,2.282
2,-15.669,2.198,3.597
2,42.332,-32.103,-1.316
2,-32.679,-40.730,3.773
2,32.401,-27.166,-0.752
3,-42.398,10.900,2.841
2,12.348,14.080,0.369
2,38.519,12.359,-0.743
2,48.245,-17.463,-2.459
2,-18.406,-27.800,6.054
4,18.460,-18.219,1.139
2,48.935,21.890,-1.508
2,38.994,-22.844,-1.175
2,35.515,-37.521,-0.605
2,-14.043,-10.836,3.115
2,22.150,-5.519,-1.250
2,25.680,-24.319,0.023
2,46.680,22.525,-1.229
2,14.581,33.836,2.722
2,-22.313,24.893,2.436
4,30.181,-17.390,0.600
2,-23.808,-36.266,4.838
4,-33.099,-11.312,7.486
2,-46.640,31.942,2.561
4,2.388,26.334,3.157
3,-12.574,-15.502,4.092
2,37.187,18.815,0.890
4,-33.104,-3.057,5.351
7,163.063,126.813,-93.847
2,38.817,-31.291,-1.308
2,-0.160,39.851,2.516
2,40.710,-30.442,-1.284
2,-5.079,17.435,1.930
2,12.156,49.780,1.271
2,-6.342,-23.589,4.005
4,24.165,36.140,2.172
2,-12.683,-29.169,4.698
4,2.945,26.010,3.057
2,-28.662,26.380,2.062
7,-14.028,14.661,-5.376
2,8.943,-44.262,4.793
2,-31.359,-35.283,4.621
2,-41.949,49.260,2.642
2,49.136,5.841,-3.075
2,-49.716,-27.662,5.783
2,-41.708,37.693,2.029
2,2.447,6.363,1.429
4,26.397,10.770,1.222
2,47.595,-0.278,-3.186
2,-40.439,2.662,5.210
2,14.232,-41.724,3.850
3,27.879,-10.299,-0.585
2,24.568,-3.747,-0.984
3,-4.802,-16.751,3.340
2,13.581,14.191,0.341
2,-0.786,13.713,1.189
2,40.699,32.189,0.822
2,-4.303,40.115,2.768
2,-3.682,23.275,2.928
2,37.127,-6.792,-2.338
2,34.172,34.095,0.921
3,6.635,-36.532,4.644
2,23.125,-0.833,-1.570
3,-16.056,4.787,2.881
2,40.751,39.064,0.301
2,-27.522,15.736,1.865
2,-44.981,27.768,2.329
2,-41.177,34.553,2.020
2,-10.709,32.838,3.001
4,-43.728,-10.728,7.485
2,-42.595,9.659,3.048
2,35.536,-47.592,0.406
2,-30.574,46.043,2.829
2,-41.946,-12.783,6.717
2,24.151,25.386,2.791
2,26.894,-43.907,1.971
2,24.187,-38.535,1.716
2,45.349,29.879,0.143
2,-6.423,-8.639,2.335
2,0.736,33.971,2.869
4,-34.767,-3.054,5.965
2,11.760,-6.184,0.229
2,6.410,39.702,2.015
2,28.502,-8.369,-0.724
4,29.745,-17.344,0.637
2,-33.356,-39.201,3.841
4,15.560,-19.539,1.259
2,-24.837,29.971,2.302
2,33.845,-27.092,-1.124
2,7.379,-46.809,5.128
2,42.767,19.774,-1.011
4,39.346,0.129,-1.431
2,24.905,-2.474,-1.494
2,-29.367,-49.248,3.983
2,40.079,44.799,0.886
2,36.583,13.519,-0.471
2,-28.697,32.331,2.575
2,16.052,1.005,-0.360
2,-8.546,-18.026,3.741
2,-35.564,-2.723,4.983
2,48.869,-10.790,-2.376
2,-38.480,8.860,2.952
2,-8.860,44.981,2.704
2,-32.650,-7.140,5.260
2,-6.946,-45.602,6.127
2,-28.113,-28.606,5.809
2,42.349,-47.969,0.406
2,-45.740,-25.280,5.857
2,25.568,-32.988,0.316
2,4.249,-14.319,1.245
2,9.510,-1.018,0.295
2,15.112,28.720,1.810
2,37.338,17.072,0.351
2,12.150,2.256,-0.182
4,16.682,-22.799,1.718
2,31.701,-5.237,-1.641
2,3.878,37.288,2.383
4,2.576,26.047,3.295
2,15.649,-27.896,1.267
2,-37.623,-23.743,6.052
2,45.099,47.083,0.856
2,-48.778,12.343,2.836
4,-4.330,40.018,3.450
2,-9.746,-14.951,3.220
2,8.234,-40.144,4.680
2,-9.170,17.885,2.392
2,-33.129,18.288,1.257
2,35.448,4.054,-0.975
2,26.225,-8.283,-0.562
3,-14.326,2.930,3.638
2,-30.510,39.065,1.960
2,31.786,35.729,1.349
2,-31.887,-28.793,5.383
2,38.715,-17.209,-1.223
2,-26.968,7.794,1.697
2,-12.036,-1.972,3.139
2,-7.530,-22.649,4.160
2,27.080,-18.487,0.259
2,-35.834,3.877,3.858
3,29.020,-8.120,-0.531
2,27.204,-34.920,0.302
2,4.977,3.260,0.986
2,-43.234,18.001,2.320
4,19.060,-17.610,1.342
2,13.213,-25.484,0.899
2,-49.986,0.734,5.459
3,22.721,0.129,-0.873
4,24.880,-27.129,0.562
2,-27.456,26.877,2.125
4,-6.431,36.614,4.149
2,-46.264,48.788,2.200
2,-9.728,23.931,3.213
2,-12.959,-1.111,3.238
2,9.800,-23.417,1.142
2,-10.101,24.369,3.300
2,49.216,3.354,-3.301
2,-5.885,20.807,2.521
2,-43.652,-46.633,2.600
2,-28.246,-20.585,6.222
2,-10.533,-15.763,3.637
2,40.385,35.902,0.505
2,-45.247,-31.606,5.207
2,24.675,-13.512,0.086
2,-10.617,-22.958,4.865
2,13.581,7.270,0.557
3,-4.201,-14.318,3.209
2,-38.207,-23.811,6.092
2,-35.134,-4.367,5.079
2,27.235,-1.339,-1.654
2,-4.197,23.696,3.037
2,-27.966,12.379,1.926
2,17.820,12.991,0.598
2,-42.619,18.774,1.930
4,-34.050,-39.575,4.899
2,48.467,37.175,1.139
2,-1.870,-11.044,2.280
2,-13.477,16.996,1.730
3,28.097,-13.125,-0.195
4,21.377,-21.339,0.990
1,44.416,10.096,-2.165
2,-5.594,39.837,2.810
2,38.153,-44.899,-0.632
4,-33.885,-2.628,5.610
2,-40.246,-4.849,5.868
2,-34.471,-39.902,3.731
2,29.660,-15.760,-0.487
2,47.431,-23.477,-2.146
2,-4.226,39.229,3.019
2,-49.215,40.500,2.631
2,14.827,-46.974,4.458
2,32.884,-36.356,-0.314
2,24.264,43.410,1.550
2,-45.355,45.745,2.593
2,-43.139,24.475,2.384
2,-1.725,-49.700,5.618
3,-16.838,5.938,3.001
2,46.732,4.742,-3.155
3,-15.057,4.626,2.916
2,0.311,-41.079,4.950
2,12.524,-20.638,0.979
4,2.291,26.736,3.105
2,1.132,-26.748,2.575
2,3.182,36.194,2.602
2,41.689,-25.793,-1.441
3,-5.294,36.043,3.621
2,-6.916,-15.019,3.034
3,28.994,-9.137,-0.542
2,33.396,47.803,0.428
2,5.741,30.929,2.230
2,-36.982,9.610,2.417
2,-14.643,-19.780,4.892
2,-35.712,28.112,1.517
2,-1.264,31.487,3.018
2,-33.071,-0.639,4.245
2,29.155,-7.562,-1.035
4,29.607,-16.829,0.555
2,49.612,-39.017,-1.128
2,19.481,44.779,1.786
2,33.409,-40.413,-0.222
2,-43.178,9.737,3.109
2,15.934,-33.085,2.444
2,41.900,-48.713,0.579
2,-36.211,-8.976,5.869
2,-44.654,1.085,5.896
2,27.176,-8.587,-0.475
2,-34.013,11.283,1.777
2,21.943,49.250,2.084
2,-1.312,4.309,2.165
3,17.471,-30.524,2.000
4,-42.200,-9.625,7.713
2,23.303,32.662,1.668
2,-27.347,10.514,2.069
2,49.620,-33.539,-1.451
4,39.189,1.300,-1.372
4,-25.246,-35.750,6.920
2,-27.129,39.115,2.177
2,-6.078,-26.505,4.053
4,-5.510,40.345,3.417
2,-22.725,5.603,1.873
2,-15.803,-29.874,5.108
3,18.368,-49.922,4.905
2,-36.012,42.449,1.810
2,-5.211,12.996,1.170
2,-0.735,32.247,2.964
2,49.039,-18.682,-2.411
2,-4.652,41.337,2.526
2,-35.481,-43.351,3.855
2,-48.202,-0.358,6.167
2,-7.717,27.635,3.462
2,-48.145,-36.942,3.207
2,-23.263,16.586,1.794
2,-37.659,-41.605,3.507
2,49.262,-25.649,-2.598
2,-15.655,4.556,2.895
2,34.158,-49.291,1.045
2,-1.428,-3.116,1.850
2,-46.800,27.708,2.380
2,21.886,-33.269,1.084
2,-24.752,17.491,1.889
2,44.867,-31.879,-1.561
2,-12.532,-28.504,4.556
2,41.760,42.758,0.738
4,16.043,-19.019,1.313
2,-34.480,-39.627,3.733
2,-8.186,29.430,3.280
2,21.901,-17.789,0.694
2,25.721,-19.599,0.648
2,5.646,-8.677,0.509
4,-5.147,39.341,3.422
2,43.965,39.705,0.512
2,-29.994,-47.371,4.079
4,24.130,-26.505,0.678
4,-10.982,-14.968,4.276
2,-6.647,22.719,2.947
3,-42.795,10.727,2.971
3,-34.544,-2.673,5.059
3,3.400,36.170,2.894
3,41.850,-15.181,-2.353
3,24.668,-27.148,0.337
2,-45.691,37.648,2.195
2,-21.275,-2.340,3.149
2,-6.213,-4.488,2.458
2,-32.039,-3.073,4.047
2,10.282,-26.031,1.159
2,42.412,-34.679,-1.438
2,9.039,25.408,1.185
2,37.162,48.099,0.155
2,-3.977,36.344,3.175
2,-39.481,-11.392,6.778
4,19.322,-21.069,1.177
2,8.174,31.801,2.069
2,-25.372,22.617,1.772
2,-48.278,-11.622,6.825
4,-5.356,41.184,3.254
2,-4.356,30.933,3.411
2,1.538,5.498,1.540
4,25.108,-27.431,0.267
2,-37.808,-29.633,5.111
2,26.878,-16.571,0.029
2,37.329,-1.909,-2.085
2,13.121,-27.024,1.299
2,2.833,-7.618,0.769
2,5.711,39.704,1.958
2,-30.649,-8.719,5.543
2,-9.679,-45.966,6.256
2,1.863,-38.519,4.314
2,-40.492,35.854,2.114
2,27.049,-48.352,3.123
2,2.591,35.508,2.888
2,-27.648,-16.387,5.913
2,-21.808,42.888,2.958
2,49.988,-5.247,-3.170
4,-43.185,-11.550,7.776
2,0.385,46.433,0.620
2,-31.310,-23.050,6.248
2,10.524,32.905,2.427
3,28.972,-9.247,-0.425
4,25.787,-16.271,1.137
2,48.719,20.054,-1.765
2,40.906,-13.171,-2.439
2,-43.829,49.467,2.607
4,18.768,-24.947,2.696
2,-7.169,-48.853,6.669
2,-42.505,-11.881,6.676
4,32.620,11.478,1.487
2,21.130,-35.277,1.589
3,-42.696,9.985,3.135
2,-48.189,-43.097,2.141
2,19.199,-23.557,0.529
2,-45.229,-41.799,2.871
7,-104.120,-107.256,1.549
2,9.830,-34.081,4.042
2,38.806,26.010,1.285
2,38.078,22.041,0.926
2,-34.313,-18.450,6.768
2,45.615,-1.332,-2.531
2,39.962,-4.468,-2.333
3,24.232,-26.350,0.577
2,39.604,14.587,-0.751
2,10.559,11.004,0.610
2,-1.771,40.098,2.567
2,21.056,-3.828,-1.345
2,34.211,24.758,1.850
2,-14.136,-22.618,5.322
2,2.473,41.230,1.741
2,-42.727,-4.917,6.349
2,30.840,9.698,0.072
2,-23.041,-41.103,4.424
2,-42.814,22.143,2.079
2,-31.442,13.229,1.248
2,26.633,-16.323,0.258
2,16.722,-28.285,1.360
2,-10.183,32.542,3.255
2,-17.243,-49.729,6.141
2,45.346,-23.441,-1.795
2,-44.303,17.021,2.191
2,-29.202,35.163,2.408
4,27.576,-17.884,1.230
2,-39.736,16.040,1.713
2,9.574,14.705,0.600
2,18.473,44.503,1.755
2,-41.705,33.857,1.921
2,-32.386,-24.435,5.908
2,-22.561,-12.531,5.032
4,-42.083,-10.976,7.643
2,41.971,1.941,-2.097
4,-6.574,39.388,3.366
2,-24.268,0.956,1.890
2,-4.186,30.527,3.549
2,27.782,-45.991,2.371
7,-15.431,-43.226,-5.366
2,-19.331,46.996,3.034
7,21.491,42.910,-7.586
2,39.097,-31.917,-1.348
2,39.527,31.954,1.106
2,-16.816,12.319,1.457
2,-41.460,-28.051,5.508
2,35.916,-32.705,-1.013
2,-14.005,-14.801,3.481
2,-6.961,-21.199,4.008
2,-10.250,24.897,3.237
2,-45.594,-35.587,3.828
2,-35.423,40.646,2.020
2,35.794,-20.281,-0.782
2,5.688,4.161,0.765
2,-15.610,-20.344,5.262
2,-16.803,26.058,2.895
4,-33.484,-12.046,7.221
2,16.482,-34.910,2.535
2,46.327,-15.512,-2.528
2,-37.616,-8.600,5.862
2,-10.511,33.107,2.966
2,-38.342,5.121,4.003
2,23.001,4.043,-0.533
3,-43.736,24.888,2.781
2,23.583,10.319,0.520
4,-23.778,38.029,3.223
2,-8.156,41.430,2.834
2,46.824,-43.819,-0.992
2,-22.507,30.108,2.728
2,-42.355,18.126,1.879
2,39.565,40.866,0.499
2,-5.815,38.979,2.926
2,39.897,-6.140,-2.105
4,2.878,37.878,3.313
2,26.259,26.072,2.440
2,-3.994,-3.548,2.104
2,23.206,-47.097,3.713
2,27.024,-37.677,0.950
4,17.907,-22.020,2.007
2,25.838,44.737,1.169
2,1.263,23.954,2.828
2,-26.056,-43.950,4.107
2,-20.643,16.105,1.902
2,-47.006,44.427,2.331
2,-44.141,9.301,3.062
2,35.881,23.616,1.546
2,-41.192,20.622,1.846
2,-18.005,-25.785,6.199
3,-42.606,10.260,2.881
2,26.446,33.102,1.329
2,31.053,-45.074,1.114
2,9.612,42.514,2.109
2,1.118,-34.744,3.861
2,5.548,38.735,2.029
4,28.279,-13.749,0.169
2,-26.201,12.729,2.064
2,37.672,-26.634,-1.577
2,-21.625,-14.273,4.958
2,-35.893,44.538,1.979
2,-38.135,18.260,1.363
2,-15.272,1.192,3.424
2,40.907,38.441,0.437
2,-37.095,-2.526,5.641
2,-26.598,12.267,2.045
2,-8.426,9.135,1.463
4,-43.178,25.030,2.863
3,-44.115,26.311,2.741
2,-31.997,-41.586,3.780
2,-14.725,0.925,3.604
2,-1.071,-22.369,2.635
2,0.068,16.382,1.738
2,21.656,-9.476,-0.747
2,-19.933,11.556,2.006
2,33.805,7.335,-0.361
2,-24.504,0.687,1.926
2,-28.680,25.175,1.885
2,-19.917,-25.311,6.372
2,-14.542,-13.188,3.343
2,-39.584,-45.170,2.767
2,40.180,30.810,1.002
2,-48.258,24.769,1.900
2,-19.630,-28.070,6.131
2,15.840,5.358,0.398
2,26.142,29.411,1.778
2,5.829,19.117,0.953
2,40.631,42.134,0.672
2,19.724,-28.756,1.045
2,-43.210,-48.577,2.474
4,23.508,-0.021,-0.843
3,29.092,-9.180,-0.458
2,5.932,-4.248,1.193
2,-24.557,1.157,2.058
3,-5.004,39.769,3.355
4,-43.277,-10.591,7.646
2,-35.015,44.887,2.016
3,-42.646,17.416,2.409
2,-11.102,33.036,3.173
2,8.182,34.739,2.203
2,14.325,18.472,0.501
3,41.413,21.957,-0.072
2,47.328,5.485,-3.102
2,-6.074,-17.078,3.042
2,-12.826,-11.639,2.795
2,49.916,18.941,-2.157
2,32.992,-34.842,-0.386
2,-49.022,33.248,2.654
2,-33.337,-39.441,4.054
2,-43.485,10.658,2.889
2,22.051,0.760,-1.107
2,16.244,-45.483,4.052
2,-14.753,46.537,3.349
2,-21.071,32.342,2.972
3,24.702,36.969,1.790
4,27.896,-17.321,1.024
2,22.182,-44.979,3.250
2,41.401,-49.478,0.621
2,-36.977,34.804,1.951
3,-33.627,-39.422,4.465
2,22.929,-34.396,1.050
2,35.912,-7.184,-2.100
2,1.942,-23.193,2.285
2,24.098,-43.601,2.635
2,34.030,22.941,1.676
2,-43.862,-39.222,3.260
2,9.233,26.597,1.444
2,-10.312,7.790,1.693
2,-30.046,46.170,2.913
2,8.786,9.515,0.551
4,-43.866,24.378,3.031
2,48.538,-43.570,-1.128
2,18.881,-39.897,2.664
2,-28.968,6.675,1.869
2,-28.012,27.457,2.076
2,0.444,44.686,0.964
2,-12.193,-2.681,3.183
4,40.452,-0.527,-1.444
4,27.830,-16.864,0.902
2,16.769,31.904,1.997
2,30.076,-14.065,-1.189
3,15.091,3.109,0.207
2,35.238,2.440,-1.322
2,-6.001,-23.174,3.854
2,32.456,44.357,0.273
2,-42.975,-42.801,2.969
2,12.575,39.509,2.649
2,6.876,-44.916,5.103
2,32.057,-26.633,-0.722
2,-27.667,-48.232,3.926
2,-25.793,27.032,2.220
2,-8.087,-15.071,3.239
4,3.079,26.642,3.225
4,-43.118,-11.672,7.676
2,19.441,36.514,2.382
2,-22.553,-32.610,5.633
2,0.994,-10.331,1.560
2,-10.521,7.051,1.792
3,-6.516,39.767,3.369
2,42.296,-22.921,-1.599
2,31.313,-30.258,-0.446
2,2.216,-13.751,1.551
4,-32.623,-11.553,7.130
2,4.967,-14.830,1.310
2,15.806,-19.019,0.521
2,26.945,-8.384,-0.653
4,3.072,36.267,3.220
2,-44.217,31.143,2.086
2,-49.541,33.079,2.693
2,43.566,30.116,0.206
2,-48.916,-30.227,5.480
2,-7.992,-29.669,4.227
4,26.253,-16.555,1.014
2,4.549,32.186,2.449
2,-47.375,18.949,2.095
2,-36.095,6.511,2.919
2,-37.626,18.446,1.219
2,-7.428,38.253,2.946
2,-5.750,-27.469,3.999
2,-19.662,42.210,3.132
2,-47.356,28.552,2.430
2,40.967,-43.228,-1.006
2,22.427,8.432,0.586
2,-15.065,32.255,3.039
4,2.951,26.501,2.837
2,-25.426,-16.975,5.817
4,-15.624,3.179,3.516
2,9.467,25.022,1.072
2,-10.311,49.811,2.421
4,-34.266,-40.207,4.600
3,28.751,-16.935,0.542
2,-21.705,-9.262,4.555
3,-23.004,40.521,3.184
4,16.691,-23.489,1.772
2,-7.217,-1.924,2.734
3,28.318,-10.218,-0.477
2,42.232,43.722,0.793
2,-3.863,4.801,2.634
2,8.786,30.875,1.925
2,43.336,34.250,0.472
2,-9.530,0.916,3.326
2,-4.370,-40.014,5.763
2,-11.314,-31.389,4.342
2,-14.874,6.306,2.723
4,2.455,-8.194,2.808
2,40.643,-14.407,-2.199
2,28.987,-8.272,-0.744
2,-26.652,43.091,2.576
3,23.669,-26.374,0.209
2,25.068,-25.357,-0.153
2,-9.817,45.849,2.808
2,-26.332,14.026,2.132
2,-13.682,-16.321,4.071
2,-22.193,27.327,2.590
2,48.220,-10.893,-2.377
2,41.893,36.414,0.557
2,46.221,-30.488,-1.588
4,28.298,-17.384,0.993
2,-44.250,24.771,2.184
2,-10.282,-19.767,4.344
2,-27.335,28.225,1.885
2,49.899,-9.503,-2.311
2,7.434,29.583,1.820
2,-34.527,-48.006,3.775
2,-27.044,0.670,1.946
2,-0.159,-16.029,2.153
2,-36.950,33.296,1.899
2,-9.882,29.737,3.147
2,-1.150,-45.454,5.816
2,6.467,9.489,0.550
2,-12.075,-39.864,5.396
2,14.838,29.217,1.846
4,2.994,26.018,3.062
3,28.993,-9.517,-0.476
2,-35.778,21.355,0.808
3,-9.638,33.171,3.311
3,16.642,-30.006,2.162
2,-44.743,-46.326,2.392
2,-10.083,43.425,3.093
2,-29.277,25.535,2.122
2,18.623,-33.953,1.998
2,-24.560,23.724,2.073
2,43.032,20.438,-0.956
2,36.685,-39.386,-0.782
2,-9.502,42.851,2.850
4,29.371,9.282,0.851
2,-2.358,11.413,1.466
2,-25.710,29.270,2.165
2,-38.154,16.119,1.773
2,24.680,11.320,0.709
2,-40.566,-15.432,6.945
2,-38.100,34.807,1.880
2,-20.630,26.420,2.887
2,8.434,46.955,1.227
4,-41.637,11.087,3.206
2,22.809,47.227,1.882
4,-42.364,-9.730,7.618
4,-42.360,10.698,3.226
2,-25.557,26.230,2.089
2,27.324,-18.702,0.409
3,-4.282,41.063,3.232
2,-42.771,17.640,2.072
2,1.603,-10.531,1.444
2,-4.808,7.009,2.170
2,24.536,9.070,0.394
2,46.422,11.346,-2.315
2,-44.469,-2.541,6.488
2,8.799,6.889,0.679
2,45.886,18.745,-1.835
3,-33.513,-40.054,4.500
2,5.153,-31.493,3.286
2,-21.149,49.391,2.773
2,33.286,24.907,2.018
2,-1.925,-42.356,5.720
2,22.134,-0.300,-1.558
2,20.014,40.398,2.242
3,23.996,-27.467,0.399
2,-21.440,46.991,3.031
2,-19.127,-21.035,5.597
2,17.806,-0.646,-0.728
4,28.239,-18.315,0.926
4,18.309,-16.998,1.214
2,-34.732,-7.825,5.734
2,-22.061,-39.248,4.959
2,-21.171,4.383,2.110
2,49.616,15.824,-2.587
2,-13.749,-28.450,4.828
2,-49.616,-22.708,6.856
2,-35.883,-8.133,5.830
2,-3.075,25.550,3.057
2,-14.574,1.651,3.398
2,-14.747,5.586,2.722
2,-24.981,0.348,2.001
2,-37.872,-2.385,5.753
2,47.595,14.095,-2.509
2,-15.104,5.830,2.928
2,-11.467,-10.642,2.641
2,-9.965,-4.416,2.619
2,-1.005,-7.445,1.798
2,18.555,41.987,2.069
2,27.208,-10.619,-0.753
2,6.691,-46.361,5.172
2,33.024,7.004,-0.242
2,46.026,-19.073,-2.367
2,-14.673,48.873,3.136
2,37.398,7.557,-0.967
4,-23.425,39.566,3.306
2,-25.163,-17.815,5.816
2,-41.764,-30.734,5.097
2,-5.250,-34.587,4.192
2,-19.994,-7.240,4.194
2,-42.288,-24.467,6.192
3,23.726,-26.804,0.419
2,-4.741,-31.034,3.879
3,-11.857,-42.157,6.042
2,-26.088,-43.394,4.095
2,51.756,40.030,0.395
2,-6.575,-20.589,3.804
2,4.634,34.374,2.476
2,-7.913,-25.974,4.414
2,2.214,-22.669,2.290
2,-23.861,-29.477,6.248
2,-32.062,-34.729,4.568
3,23.766,36.049,1.979
3,-5.572,-14.704,3.320
2,45.679,-0.777,-2.573
2,-8.066,48.540,1.976
2,-1.873,8.864,1.750
2,-15.415,5.360,2.756
4,-35.648,-3.276,5.733
2,-49.251,-12.186,6.663
2,33.191,25.529,1.996
2,-3.491,-35.979,4.372
2,-4.654,30.136,3.384
2,-43.041,-20.305,6.819
2,12.716,26.887,1.361
2,27.067,-9.562,-0.769
2,-22.999,38.573,2.840
2,-27.522,-31.357,5.684
2,22.175,0.620,-0.931
2,46.275,-46.527,-0.214
2,22.166,-44.363,3.064
2,47.449,-34.729,-1.221
2,49.387,8.355,-3.205
7,-15.681,-24.088,-9.780
2,-15.948,-34.361,4.839
4,25.094,36.368,2.125
2,11.444,-47.294,4.817
2,0.988,4.454,1.807
2,3.380,21.852,2.202
4,28.257,16.915,1.993
4,-25.621,-34.590,6.474
2,49.499,-6.042,-3.155
2,45.424,-8.301,-2.186
2,9.086,32.904,2.355
2,-0.257,-23.254,2.585
3,39.046,0.675,-1.772
3,-23.669,40.476,3.212
2,-42.783,19.438,1.832
2,23.955,19.397,1.859
4,-44.252,25.602,2.762
3,40.505,-1.082,-1.437
3,-23.789,40.280,3.277
2,19.773,-17.518,0.119
2,-25.688,-34.735,5.149
2,26.668,-12.936,-0.137
2,-2.254,25.287,3.084
4,-34.931,-4.261,5.514
2,-19.193,37.531,2.874
7,13.040,49.991,-4.009
2,-14.819,39.427,2.829
2,-9.900,33.058,3.210
3,-5.903,39.400,3.369
3,-5.225,35.240,3.692
2,-13.869,-29.396,4.875
2,27.259,-28.772,-0.421
2,-2.428,10.642,1.500
2,-9.898,47.333,2.739
4,-5.459,40.091,3.518
2,24.191,37.767,2.078
2,-6.824,20.845,2.659
2,34.699,7.502,-0.445
2,28.965,-23.017,-0.063
3,49.200,-49.995,0.764
2,47.478,-42.082,-1.300
2,-33.838,-12.890,6.484
2,-3.972,-44.407,6.004
2,45.693,-3.659,-2.418
2,-24.429,28.220,2.252
2,39.735,9.689,-1.030
2,-43.495,5.054,4.249
3,24.510,35.934,2.007
2,-21.616,14.624,1.756
4,-5.880,36.940,4.346
2,-34.721,-42.972,3.906
2,2.351,35.986,2.877
2,18.686,-3.703,-0.736
2,11.799,5.178,0.486
2,-2.998,36.248,3.185
4,-4.290,36.135,4.374
2,26.891,3.327,-0.781
2,-10.950,40.851,3.026
2,-5.060,30.469,3.578
2,27.764,30.126,1.688
2,-40.593,-9.379,6.253
2,-13.476,39.700,3.058
2,-18.257,37.657,2.983
2,-1.510,5.445,2.114
2,-32.578,42.602,2.049
2,25.449,-9.959,-0.185
4,24.002,36.598,2.298
2,15.811,11.492,0.649
2,-48.193,9.538,3.582
2,-15.272,20.508,2.520
2,-47.536,-37.760,2.970
2,-30.539,15.626,1.571
2,17.377,39.673,2.485
2,-33.942,-24.999,5.940
2,43.010,5.844,-2.504
2,28.643,-4.891,-1.129
3,-5.503,-14.922,3.170
2,1.170,-10.875,1.496
2,-1.036,-14.856,2.231
2,31.128,-14.111,-1.246
2,43.644,-4.693,-2.145
2,8.203,49.515,0.797
2,-25.836,14.265,2.113
2,34.824,-6.641,-2.132
2,-48.896,3.128,5.255
2,0.215,24.742,3.188
2,-15.405,9.531,2.108
2,-39.108,33.386,1.889
2,-10.515,33.286,3.201
2,22.687,5.326,0.156
2,37.998,23.380,1.015
2,48.210,13.376,-2.469
2,-15.342,-29.527,5.090
2,-18.552,-41.528,4.755
2,-16.391,25.661,2.818
2,2.073,36.700,2.575
4,27.392,-13.657,0.408
2,16.120,-8.373,-0.969
2,-23.223,-1.271,2.449
4,24.639,-25.832,0.823
2,6.902,15.231,0.606
2,31.546,-49.453,1.583
2,-14.402,4.315,2.814
3,-17.226,4.428,2.986
2,-37.747,-12.381,6.720
2,-27.160,47.858,3.370
2,29.649,-17.200,-0.055
2,17.387,-47.836,4.150
4,-25.521,38.642,3.072
2,-13.558,-14.437,3.347
2,-33.243,-8.113,5.586
2,27.155,-32.785,0.087
2,-35.399,-48.121,3.511
2,26.782,-7.777,-0.598
2,-2.620,-17.963,2.660
2,34.671,-48.830,0.868
2,20.306,-5.475,-0.969
4,21.659,-24.610,1.210
2,-11.060,32.018,3.118
2,26.047,27.526,2.066
2,33.913,-0.538,-1.399
2,-17.977,15.901,1.744
2,12.654,12.496,0.402
2,4.002,-25.814,2.101
2,23.057,36.548,1.644
2,5.883,-0.038,0.894
2,43.166,-11.077,-2.515
2,-42.399,-33.055,4.328
3,7.424,-36.420,4.529
4,39.098,-1.150,-1.295
2,26.035,-3.493,-1.188
2,28.059,-10.076,-0.739
2,41.889,19.610,-0.671
2,-44.997,-43.915,2.797
2,39.454,-10.172,-2.619
2,-19.247,12.492,1.797
2,35.864,6.249,-0.688
2,-4.841,29.960,3.526
2,1.327,15.918,1.401
2,44.611,-26.436,-1.536
2,45.452,-39.609,-1.573
2,-10.409,32.928,3.264
2,-34.437,-22.716,6.377
2,-7.123,32.465,2.861
2,15.108,7.217,0.487
2,43.407,8.307,-2.199
2,30.763,-30.309,-0.354
2,2.712,25.967,2.255
2,-43.531,10.591,2.996
3,23.850,-26.626,0.383
4,20.454,-18.960,2.129
4,2.547,25.942,3.072
2,-20.057,-38.227,5.035
2,-33.479,-33.955,4.475
2,18.440,-31.383,1.922
2,27.453,-8.424,-0.769
2,-47.291,5.468,4.594
2,28.855,-15.668,-0.426
2,-15.539,-30.449,4.951
2,24.264,47.901,1.981
2,47.048,-31.436,-1.733
2,-3.894,-32.582,3.843
3,-5.028,36.734,3.291
3,-3.471,-15.611,3.042
2,-41.990,-22.607,6.364
2,1.855,-36.682,4.041
2,-19.448,-4.260,3.607
2,-41.986,10.368,2.707
4,3.606,36.872,3.358
2,23.579,18.721,1.823
2,-31.200,31.732,2.277
2,-8.137,-18.471,3.670
2,2.868,25.997,2.337
3,23.340,-0.815,-1.132
2,-13.415,19.482,2.254
2,21.837,-7.593,-0.873
2,48.522,42.040,0.736
2,-26.829,34.939,2.442
2,17.349,32.834,2.196
2,-20.374,41.029,2.876
2,-2.793,5.734,2.379
2,-46.951,-37.131,3.238
2,10.270,-44.954,4.582
2,-18.687,-20.660,5.533
2,13.717,9.301,0.596
2,-6.353,26.825,3.635
2,5.104,40.675,1.878
2,31.804,19.881,1.749
2,13.564,43.000,2.452
2,2.319,26.080,2.151
2,-32.877,37.382,2.392
2,-10.857,-45.818,6.110
2,26.519,35.582,1.380
2,-3.860,32.911,3.389
2,45.959,-14.046,-2.523
2,47.754,25.166,-1.172
2,36.570,-36.479,-0.778
2,7.634,-45.823,4.993
2,25.090,35.357,1.432
2,25.817,-39.808,1.442
2,-43.663,10.664,3.018
2,-44.543,-14.031,6.863
2,-33.731,-19.299,6.696
2,14.093,-7.042,-0.470
2,-1.935,-22.636,2.703
2,-5.070,39.728,3.190
2,-18.748,27.901,3.273
2,8.747,23.215,0.889
2,17.384,-31.012,2.049
2,-30.788,-24.125,6.023
2,41.927,21.962,-0.475
2,13.681,-10.015,-0.282
2,46.422,-32.991,-1.393
2,16.330,34.051,2.670
2,23.876,46.676,1.684
2,-29.602,29.623,2.091
2,-24.966,-39.212,4.462
2,24.515,-26.963,-0.009
2,-10.353,-16.438,3.567
2,-31.327,-37.258,4.351
3,41.269,14.001,-1.089
2,2.835,0.639,1.873
2,-44.616,33.166,2.196
2,7.885,-18.130,1.618
3,26.696,-12.097,0.269
2,-21.760,-0.201,2.410
2,-25.084,-24.367,6.484
4,27.645,-18.283,0.858
2,15.026,-37.812,3.568
2,0.211,-4.150,1.631
2,-35.788,-4.231,4.994
2,-38.152,7.242,3.351
4,-15.822,-19.138,5.613
4,26.428,-14.297,0.521
3,-43.080,-10.525,7.089
2,31.896,7.752,-0.091
4,23.635,-26.361,0.631
2,-10.866,21.477,2.694
3,-3.972,-14.431,3.256
2,-9.125,19.219,2.685
2,27.285,33.257,1.276
2,-8.934,-16.109,3.559
2,-43.684,-17.233,6.893
3,39.016,-0.096,-1.547
4,28.558,-13.654,0.405
2,-0.796,29.246,2.802
2,15.111,-10.719,-0.664
4,-10.869,-13.812,3.682
2,13.405,-14.491,0.176
2,13.668,32.997,2.532
2,0.223,-2.420,2.220
4,29.253,-9.309,-0.458
2,-49.645,-32.233,5.089
4,17.920,-18.901,1.540
2,-4.926,46.460,1.605
2,33.156,10.979,0.057
2,-14.881,1.077,3.630
2,-36.235,-19.883,6.429
2,43.629,29.581,0.127
2,-33.603,-33.427,4.509
4,-24.127,39.386,3.151
2,-6.337,-16.028,3.062
2,-36.744,-0.300,5.093
2,41.882,17.142,-0.964
2,-15.598,-22.123,5.287
2,-22.165,14.564,1.894
2,49.446,-36.045,-0.982
2,34.558,-32.555,-0.837
2,-19.916,35.713,2.882
2,18.432,37.383,2.627
4,28.623,-17.374,0.937
4,1.989,26.536,2.851
2,2.021,-37.890,4.270
4,2.940,36.050,3.499
2,-0.227,-23.795,2.501
4,22.135,-24.610,1.128
2,-31.763,-47.068,3.938
2,27.090,5.718,-0.069
2,-28.402,26.722,1.905
2,30.342,18.500,1.579
2,46.646,7.646,-2.948
2,-6.515,16.954,1.934
2,-10.332,-12.216,2.856
2,-33.222,23.524,1.251
2,24.029,49.661,2.047
2,12.369,45.896,2.178
2,-42.779,17.277,2.223
2,-43.995,17.499,2.131
2,-30.826,-32.395,4.898
2,-22.007,4.565,1.955
4,32.942,12.072,1.328
4,16.475,-29.735,3.016
2,-18.656,-40.860,4.657
2,31.147,-1.614,-1.307
2,-47.993,45.630,2.219
4,-43.925,-10.639,7.683
2,2.656,26.187,2.290
3,14.333,3.325,0.180
2,43.416,30.717,0.357
2,33.481,23.248,1.762
2,24.751,34.424,1.443
2,47.222,11.380,-2.457
2,29.189,-14.168,-0.917
2,-48.198,-10.565,6.852
2,-45.705,49.359,2.213
2,7.496,-2.806,0.883
3,-16.115,5.635,3.053
2,-12.375,5.897,2.342
2,24.952,35.973,1.516
2,19.384,14.622,0.842
2,2.260,26.395,2.236
4,2.325,37.186,3.183
2,27.139,-15.849,0.210
2,-3.994,41.055,2.628
2,46.676,24.006,-1.121
2,-22.599,-20.664,5.678
2,-20.683,40.458,2.820
2,-16.490,-5.420,3.806
2,-39.944,32.852,2.004
2,-41.977,40.840,2.018
2,-15.266,2.552,3.489
2,41.361,16.929,-0.943
2,17.171,20.746,1.145
2,-13.390,-1.477,3.267
4,2.639,27.006,2.980
2,-20.777,31.392,3.052
4,-4.322,36.084,3.869
4,-43.395,26.152,2.772
2,-32.292,45.264,2.543
4,18.284,-25.111,2.817
2,31.852,-17.178,-0.544
2,-42.312,-30.481,5.130
2,39.687,-0.265,-2.050
2,49.437,-2.713,-3.384
2,25.383,-49.738,4.049
2,27.106,36.358,1.269
4,17.966,-22.459,1.561
2,32.992,12.521,-0.145
2,15.424,1.113,-0.271
2,21.170,47.429,1.878
2,-28.796,-46.607,4.029
2,20.559,-14.482,-0.210
2,-35.509,-5.103,5.279
2,-46.428,-23.683,6.197
2,-20.585,-28.030,6.188
2,21.233,13.347,1.125
4,17.032,-23.622,1.738
2,31.818,23.638,2.139
2,-45.090,-3.776,6.522
2,-24.164,-12.100,5.300
2,10.009,12.353,0.746
3,-5.916,39.117,3.324
2,2.142,33.085,2.853
2,-44.958,-44.453,2.768
4,29.033,-16.005,1.024
2,29.745,-41.268,0.539
2,12.874,10.015,0.500
2,-17.658,9.540,2.180
2,23.904,37.307,2.099
7,2.704,-0.399,-3.617
2,-0.978,-27.695,2.989
1,31.253,27.302,2.227
4,23.566,0.341,-0.504
2,-33.400,-39.332,3.754
2,-49.798,-30.879,5.596
2,30.412,9.644,0.098
3,11.832,49.209,1.353
4,27.494,-11.305,0.108
3,-42.212,-10.695,7.244
2,5.415,47.825,0.802
2,26.158,-4.315,-1.022
2,-37.353,26.285,0.998
2,-32.657,39.677,2.159
2,-0.236,-18.803,2.189
2,4.473,-49.964,5.683
2,-3.053,6.235,2.328
2,-5.102,-16.350,3.015
2,-42.876,11.184,2.509
2,-4.936,39.592,2.778
2,-22.868,-31.618,5.855
4,31.782,10.282,1.567
2,-11.216,-33.171,4.655
4,22.139,-21.274,1.019
2,-46.737,-41.141,2.601
3,28.799,-10.614,-0.633
2,31.638,10.337,0.126
2,10.331,-16.870,1.360
4,-4.260,-15.277,3.334
2,13.070,-30.119,2.320
4,39.351,0.491,-1.444
2,-5.221,35.320,3.108
2,-37.045,10.649,2.212
2,-19.064,-25.631,6.463
4,23.153,-26.830,0.657
2,42.776,34.347,0.437
2,-35.605,-46.315,3.469
4,16.541,-31.130,2.975
2,-7.963,-7.717,2.243
2,-4.469,-16.531,3.015
2,-12.337,-34.178,4.941
4,-34.081,-4.062,5.800
2,6.154,42.659,1.846
2,25.650,-30.484,-0.258
2,21.638,-0.043,-0.943
4,-34.499,-3.137,5.805
3,27.725,-8.019,-0.655
4,27.746,-13.360,0.627
2,-36.736,32.263,1.836
2,29.691,38.257,0.812
2,-11.635,17.538,2.035
3,-10.617,32.913,3.410
2,-26.563,-48.231,4.179
2,-14.028,-43.719,5.542
2,34.792,-4.121,-1.885
2,34.132,26.017,1.790
2,-20.572,-48.710,4.997
3,23.203,-1.045,-0.773
3,-24.329,38.680,3.029
2,25.350,25.600,2.738
2,27.383,-21.045,0.457
2,40.632,32.826,0.719
2,-24.901,-0.538,1.863
2,-38.775,-38.435,3.320
2,-20.134,5.594,2.170
2,-20.081,48.242,2.839
2,16.115,31.720,2.041
4,22.273,-24.930,1.206
4,16.844,-29.506,2.697
2,23.839,-27.241,-0.010
2,-40.192,9.774,2.884
2,-12.961,24.152,2.946
2,-9.230,-30.594,4.239
2,-44.070,-28.603,5.453
2,38.539,26.931,1.203
2,-16.232,16.452,1.786
7,24.076,10.560,-7.433
2,-15.819,-3.786,3.694
2,-22.347,-46.985,4.665
2,34.448,18.619,1.283
4,13.736,-21.074,1.588
2,-15.196,-22.622,5.459
3,27.948,-9.426,-0.454
2,42.843,-35.104,-1.502
2,-33.531,-49.383,3.806
2,2.158,-5.030,1.129
2,-8.096,-0.935,2.956
2,-3.591,16.634,1.645
3,40.433,0.514,-1.560
2,-16.942,-43.218,4.913
2,-5.109,29.941,3.377
2,-41.333,2.800,5.203
2,0.176,-19.206,2.080
2,29.438,43.789,0.315
2,-38.316,-41.950,3.348
2,-48.408,-8.170,6.764
2,-22.148,49.832,3.001
2,-5.910,-33.707,4.152
2,-19.842,-48.898,5.215
2,-16.555,3.495,2.854
2,-31.101,14.610,1.356
3,-5.634,-17.043,3.202
3,-4.172,-16.412,3.309
3,29.219,-9.746,-0.562
2,11.069,33.746,2.386
2,-25.418,46.781,3.222
2,32.835,30.955,1.665
2,7.700,-33.434,3.882
2,-16.601,-20.120,5.387
2,-48.548,42.282,2.390
2,-44.217,9.671,3.069
2,-7.237,-16.453,3.015
2,-8.554,-3.690,2.546
2,35.245,-23.349,-1.031
4,40.089,0.315,-1.400
2,-43.211,24.518,2.306
2,9.105,13.320,0.667
2,-4.624,35.931,3.122
2,-33.526,-23.387,6.263
2,-3.427,0.176,2.919
2,30.818,-4.031,-1.491
4,16.319,-30.596,3.088
2,14.833,35.904,2.831
2,-42.000,9.778,2.862
2,9.923,-39.922,4.251
2,-18.057,-7.182,3.954
2,-11.950,-39.189,5.329
2,-44.806,-32.423,4.889
4,16.372,-30.878,3.112
2,-27.425,31.728,2.469
2,46.282,9.974,-2.554
7,23.364,-81.326,-70.318
3,-23.556,40.600,3.336
3,24.473,36.145,1.831
4,26.464,-12.850,0.544
2,28.422,2.450,-0.965
4,2.253,26.392,3.319
2,40.308,25.337,0.764
2,-7.807,-39.693,6.045
2,-31.063,-42.438,4.036
2,28.682,19.946,2.132
2,-49.920,17.770,2.550
2,-18.418,-14.926,4.376
2,-34.829,-10.325,6.175
2,-24.527,20.535,2.046
2,34.836,28.819,1.594
2,-39.565,-41.784,3.080
2,-34.783,-19.429,6.600
2,3.880,9.554,0.825
2,-31.020,-27.353,5.488
2,-22.326,-29.368,6.271
2,34.470,-10.045,-2.204
2,43.727,-11.930,-2.507
2,-42.038,19.300,1.877
3,27.616,-10.624,-0.543
4,24.481,36.010,2.135
2,-3.949,37.649,2.912
2,22.269,46.732,1.797
2,27.398,31.107,1.603
2,-49.858,49.882,1.130
4,18.493,-17.840,1.086
2,-20.133,43.143,3.185
4,2.868,26.130,3.119
1,14.174,1.839,-0.148
2,-17.145,-37.650,4.923
2,17.854,49.098,2.335
2,-48.335,-44.676,1.897
4,-43.289,-11.354,7.974
2,-1.791,14.276,1.407
2,-15.751,5.465,2.826
4,15.028,-23.918,2.631
2,44.226,-19.999,-2.451
2,32.356,-36.986,-0.160
2,-27.084,9.645,1.942
4,27.542,-17.103,0.838
2,-30.828,-10.999,6.147
2,19.278,9.041,0.454
2,22.645,-7.635,-0.789
2,35.386,-49.921,0.618
2,3.849,21.207,1.864
2,-43.463,-7.645,6.631
3,-16.138,-20.358,5.703
2,28.113,-17.572,0.096
2,10.957,-11.336,-0.024
4,26.940,-18.089,0.889
3,-16.944,-19.499,5.258
2,-6.308,-19.629,3.732
2,10.547,17.040,0.635
2,11.390,12.119,0.648
2,-26.322,-27.582,6.137
2,-7.596,35.723,3.146
2,40.725,25.783,0.579
2,-46.616,-9.738,6.849
2,21.646,-0.866,-1.153
2,-24.918,30.565,2.369
2,2.803,-36.372,3.975
2,-18.641,-12.854,4.377
2,-47.061,-27.475,5.654
2,-24.295,1.416,1.959
2,17.366,3.197,-0.354
2,18.623,-27.170,0.984
3,-17.787,4.270,2.722
2,36.710,12.758,-0.608
2,-44.664,-35.630,3.784
3,-4.292,36.586,3.566
2,47.637,-14.670,-2.399
4,-5.877,40.954,3.448
2,18.488,40.482,2.506
2,-28.322,-10.066,5.484
2,-4.971,13.756,1.270
4,28.128,-13.722,0.210
2,45.455,-28.842,-1.810
2,49.839,16.862,-2.371
4,25.618,-27.035,0.631
2,15.934,-30.119,1.950
2,7.280,-49.928,5.566
2,-22.547,10.500,2.259
2,47.665,-24.807,-2.115
2,9.636,46.236,1.693
2,34.750,-19.620,-0.708
2,26.579,27.791,2.077
2,30.201,-33.090,-0.032
2,-25.073,40.450,2.562
2,-25.906,5.812,1.501
2,-23.581,-13.929,5.350
2,-18.593,9.331,1.958
4,22.057,-22.010,0.922
2,-42.702,17.629,1.920
2,23.042,-1.035,-1.526
2,-16.443,1.123,3.590
2,-12.125,-25.287,5.240
2,-26.479,25.862,1.927
2,-39.040,-4.190,5.825
4,27.318,-12.700,0.304
2,25.068,36.215,1.574
2,14.751,16.578,0.589
2,-36.847,-20.818,6.404
2,23.189,-21.510,0.677
3,-23.306,39.249,3.149
2,25.819,-27.883,-0.397
2,27.443,-16.078,0.093
2,-5.277,-1.157,2.864
2,32.137,-3.749,-1.513
2,49.041,-14.891,-2.323
2,-22.933,-11.030,4.888
2,-3.513,30.894,3.385
2,-49.543,-35.207,3.802
2,-31.046,46.981,2.799
2,-42.449,23.010,1.952
2,-2.825,17.254,1.698
2,45.019,4.426,-2.858
2,26.846,-36.963,0.851
2,30.993,25.604,2.428
2,15.216,-5.520,-0.711
2,33.537,-18.786,-0.522
2,-0.490,18.140,2.202
2,43.271,49.388,0.561
2,31.853,17.410,1.080
2,-47.737,18.459,2.162
2,-21.145,-1.799,3.060
2,47.028,29.217,0.032
2,41.041,-1.391,-1.965
4,25.310,-27.035,0.848
2,32.814,0.575,-1.261
2,32.143,25.589,2.232
3,28.279,-10.230,-0.451
2,-47.987,-42.444,2.199
2,-46.880,14.657,2.572
2,-28.216,-12.659,5.962
2,-13.425,-27.644,4.871
2,-5.695,39.272,2.774
4,27.232,-12.609,0.534
4,17.519,-23.518,1.782
2,42.159,9.110,-1.510
4,-24.667,39.789,3.301
2,22.392,34.809,1.638
2,41.021,-10.347,-2.578
2,26.416,15.576,0.903
2,24.904,13.108,1.031
2,-39.732,43.813,2.042
2,2.605,-4.605,1.190
2,-5.871,-16.754,3.251
2,-35.856,-7.585,5.693
2,-33.287,-39.908,4.160
2,-40.424,7.511,3.699
2,-8.669,-32.819,4.528
2,-10.030,-45.494,6.259
2,36.355,-35.781,-0.857
2,40.430,47.147,0.667
2,-43.980,9.897,3.137
3,23.991,-27.922,0.308
2,-0.881,4.658,2.061
2,-11.553,-13.886,3.004
2,-27.930,10.391,1.871
2,2.294,26.527,2.132
3,-4.444,40.822,3.188
3,-24.479,-35.463,5.306
4,3.000,26.168,2.989
2,-29.126,32.852,2.604
3,-43.821,18.391,2.393
2,32.272,5.327,-0.513
4,28.446,-15.580,1.063
2,-12.093,30.841,3.541
2,-13.061,-4.013,3.171
4,10.275,-41.219,5.472
2,27.730,-19.417,0.400
2,-44.362,-41.263,2.920
2,-42.919,26.108,2.091
2,35.686,49.097,-0.016
2,-6.920,-18.296,3.606
2,31.687,21.378,1.905
2,-42.490,9.647,2.912
2,-23.462,38.892,2.546
2,5.557,-48.519,5.394
2,42.097,-30.757,-1.330
4,-42.877,24.363,3.043
2,20.109,5.918,0.147
2,34.599,-18.081,-0.658
2,26.894,-4.734,-0.961
2,15.828,-40.655,3.467
2,10.686,8.027,0.606
2,-2.775,-42.648,5.889
2,-4.497,40.161,2.744
4,-3.949,-15.637,3.336
3,-9.906,33.260,3.444
2,-14.254,1.375,3.435
2,-23.397,12.680,2.419
2,-0.014,21.647,2.394
2,-4.839,34.962,3.175
2,-33.299,-25.460,5.808
2,-7.377,-43.128,6.319
2,13.999,8.188,0.609
2,9.521,-43.527,4.545
2,-5.295,39.320,3.256
4,25.118,-27.318,0.853
2,-28.250,25.849,2.158
2,-41.580,-49.769,2.615
2,15.809,-10.152,-0.854
2,44.488,-30.369,-1.608
2,44.479,17.062,-1.713
2,-42.771,18.797,2.318
2,7.553,-48.059,5.256
2,-16.121,30.655,3.159
2,-27.822,46.983,3.192
2,-35.704,-19.958,6.424
2,-34.520,1.865,4.133
2,15.570,5.852,0.410
2,-5.776,-42.739,6.000
4,16.895,-31.126,3.093
2,-4.266,-43.480,5.940
4,23.918,-27.039,0.695
4,27.335,-16.604,0.663
4,28.995,-17.427,0.976
2,-14.857,2.111,3.329
2,-40.646,49.935,2.832
2,35.266,-33.335,-0.799
3,-4.712,-14.567,3.354
2,-9.259,5.180,2.615
2,-16.237,-33.857,4.892
2,26.445,38.412,1.204
3,-41.658,10.634,3.148
2,-37.383,11.840,1.831
2,-4.479,-32.101,3.897
2,-30.085,3.758,2.624
2,-42.794,-32.478,4.495
2,-25.621,8.578,1.913
2,-26.896,1.770,1.839
2,-9.693,-33.510,4.598
3,-34.344,-39.893,4.162
2,-19.040,-7.040,4.078
2,13.257,23.793,0.927
3,28.362,-8.569,-0.459
2,-19.479,-31.706,5.548
3,-43.568,25.997,2.648
2,-15.396,-7.771,3.497
2,-25.234,0.653,2.055
2,34.601,0.698,-1.436
4,20.304,-23.253,1.707
2,-22.035,-2.040,2.958
2,38.475,35.041,0.537
3,23.308,-26.676,0.483
2,39.856,-8.774,-2.420
2,35.352,-10.014,-2.304
2,44.834,-11.746,-2.470
2,14.751,28.043,1.764
2,-39.032,44.253,2.183
4,28.384,-15.321,0.932
2,24.080,11.463,0.658
2,25.526,-13.160,-0.187
2,-38.096,48.813,2.661
2,-20.742,-24.339,6.167
2,-20.719,35.033,2.908
3,-42.747,19.573,2.452
2,11.373,-43.293,4.306
4,16.368,-30.232,2.695
2,-6.117,39.692,3.096
2,-40.128,-28.950,5.347
4,-34.193,-12.378,7.362
4,-35.020,-4.380,5.635
2,-37.659,-15.298,6.775
4,-4.092,40.129,3.355
2,-10.234,-16.629,3.755
2,-42.769,10.157,2.855
3,-42.988,10.382,3.155
2,19.628,-4.230,-1.047
2,-9.810,33.057,3.194
2,4.800,-9.393,0.652
2,46.258,-0.667,-2.873
2,48.181,-32.865,-1.576
2,-4.040,-45.394,5.891
2,-41.426,-19.042,6.643
2,-38.562,26.578,1.127
2,39.146,6.464,-1.527
2,10.014,30.056,1.975
2,-15.018,-35.811,5.007
2,-3.924,-30.105,3.725
4,-18.322,30.091,4.734
2,-37.630,20.225,0.861
2,0.637,2.531,2.404
4,2.954,26.647,2.935
3,-24.642,40.846,3.025
2,-1.264,35.128,3.075
2,33.715,3.661,-0.967
2,-17.910,-44.148,4.838
2,5.769,-25.460,1.653
2,4.179,37.736,2.226
2,-22.473,16.054,1.847
2,-38.732,-29.485,5.223
2,-0.305,-38.010,4.158
4,-33.010,-39.483,4.602
2,41.571,22.925,-0.302
4,16.614,-19.532,1.317
2,-26.183,39.974,2.352
2,-23.738,-32.708,5.632
2,33.182,43.402,0.512
2,3.779,36.994,2.595
4,26.760,-15.743,1.467
2,-9.665,-29.809,4.338
4,22.725,0.111,-0.531
2,-43.582,18.738,1.866
2,-18.725,39.560,2.886
2,0.951,48.772,0.326
2,17.367,10.496,0.508
2,-23.723,40.312,2.873
2,2.618,37.216,2.612
4,2.397,-8.143,1.784
2,-5.849,24.541,3.489
2,24.455,-27.605,-0.042
2,-20.038,28.784,3.062
2,0.160,31.803,2.836
2,-9.709,46.537,2.753
2,-11.349,-3.587,2.906
4,27.859,-16.894,1.068
2,31.240,4.483,-0.549
2,-8.945,4.667,2.716
2,-27.351,44.287,2.645
2,-24.142,1.325,1.824
2,-39.381,7.205,3.670
7,22.590,6.065,-9.252
3,42.057,21.230,-0.162
2,-7.567,-14.749,3.203
4,29.670,-9.893,-0.537
2,-26.212,-1.071,2.511
2,-44.889,-36.680,3.549
2,46.186,23.656,-1.181
2,26.433,-29.263,-0.385
2,17.502,47.615,1.944
2,41.842,35.602,0.502
2,48.476,39.971,0.913
3,41.735,21.505,-0.121
2,2.607,26.747,2.417
4,29.293,-8.286,-0.481
3,-22.414,40.249,3.159
2,5.835,25.252,1.274
2,-11.836,-44.900,6.035
2,35.899,0.960,-1.837
2,21.147,7.168,0.466
2,19.334,43.882,1.693
2,0.829,5.646,1.539
2,23.035,-26.935,0.473
2,-32.685,-31.281,4.891
2,36.412,31.712,1.568
2,14.257,34.753,2.734
2,-20.567,37.978,2.645
2,-22.622,40.354,3.049
2,-3.990,43.041,2.066
3,-41.515,10.486,3.007
4,23.233,-26.550,0.930
2,-29.914,-43.288,4.175
2,45.422,-38.190,-1.570
2,-28.489,-24.577,6.118
2,12.224,-0.243,-0.054
2,29.580,-24.437,-0.456
2,-20.056,-39.590,4.871
4,-10.908,-14.439,4.552
2,25.699,-15.051,0.269
2,10.773,19.512,0.774
2,-43.266,11.301,3.075
2,44.341,15.630,-1.817
2,5.062,-42.092,5.045
2,-45.757,19.586,2.076
2,38.656,-16.605,-1.333
2,23.023,-35.680,1.263
2,29.898,-29.235,-0.384
2,43.654,3.446,-2.573
2,25.066,21.051,2.260
2,-34.472,-5.381,5.186
3,41.065,20.973,-0.035
2,31.250,23.864,2.263
2,-32.221,-10.204,6.143
2,25.702,-12.923,-0.245
2,-16.413,-20.296,5.193
2,-16.900,-18.146,4.884
2,-2.099,23.592,2.916
2,-36.030,7.868,2.769
2,-15.786,-13.974,3.775
2,9.788,26.464,1.356
3,-5.784,41.085,3.169
2,-7.007,-39.772,6.009
2,-9.826,-27.534,4.519
4,-33.771,-10.354,6.954
2,27.704,-37.573,0.854
2,-35.891,26.006,1.179
2,3.389,33.466,2.707
4,-43.275,25.898,2.789
2,-35.271,-2.329,5.025
2,36.982,-35.771,-0.886
3,31.045,-10.904,-1.359
2,-14.160,-4.470,3.371
3,-10.297,33.475,3.321
2,-44.026,9.823,3.113
4,-35.992,-2.860,5.756
2,10.473,-48.280,5.072
2,-16.987,7.654,2.267
2,-38.004,47.860,2.548
2,49.310,-14.360,-2.303
4,-43.856,25.807,2.920
2,5.138,-30.922,3.164
2,12.772,-49.584,5.205
2,27.089,28.864,1.826
2,-27.967,-34.591,5.176
2,-49.272,-41.999,2.045
2,-9.769,49.041,2.485
2,45.897,8.891,-2.727
3,-10.549,33.260,3.365
4,30.690,9.685,1.515
2,0.922,-12.649,1.643
2,16.760,35.900,2.785
2,5.280,-39.853,4.615
2,35.737,-19.405,-0.834
2,-15.758,-26.742,5.758
2,-0.216,37.650,3.087
2,48.120,20.208,-1.681
4,-23.944,38.604,3.108
2,27.706,30.661,1.631
2,-2.969,-30.036,3.530
2,-25.409,5.271,1.636
2,21.448,-18.242,0.566
2,-11.545,-25.410,5.141
2,-30.266,21.748,1.444
3,-16.766,4.528,2.910
2,-35.929,10.998,1.925
2,40.195,-47.005,0.016
2,-32.937,9.074,1.877
2,-32.262,-16.023,6.463
2,-2.093,-37.402,4.520
2,-31.841,16.045,1.460
2,-43.832,5.795,4.107
2,-23.622,40.374,3.109
2,46.142,-25.809,-1.748
2,23.118,0.056,-1.564
4,-35.657,-3.392,5.858
2,-24.392,36.272,2.203
2,-11.562,46.297,3.266
3,-15.576,5.306,3.015
2,-14.630,-27.206,5.246
2,44.110,-3.716,-2.315
2,49.888,47.407,0.872
2,-8.544,7.862,1.796
2,-12.266,21.419,2.528
2,18.117,-9.303,-1.255
2,31.024,3.241,-0.835
2,12.169,3.348,0.010
2,-29.362,-33.638,5.082
2,-1.926,40.651,2.512
2,-27.791,22.659,1.339
2,-11.896,-14.427,3.151
2,10.161,25.204,1.132
2,-24.657,11.540,2.278
2,25.087,19.308,1.949
2,36.827,37.092,0.146
2,-15.461,6.247,2.915
2,23.577,48.054,2.010
2,-25.466,-38.932,4.387
2,-47.810,10.262,3.402
2,1.953,-43.174,5.446
2,-28.503,19.308,1.412
2,-42.796,45.039,2.267
2,8.732,35.107,2.265
2,-3.471,-30.455,3.672
2,-28.422,26.483,1.882
2,-3.456,30.775,3.524
2,8.139,7.188,0.726
2,-35.493,-37.678,3.940
2,-30.028,19.523,1.527
2,24.000,-44.185,2.739
2,-10.489,33.426,3.155
2,-22.831,0.154,1.997
2,-39.262,17.569,1.719
2,-34.529,-4.587,4.951
2,-48.905,-4.568,6.460
2,-17.810,17.697,2.043
2,-35.510,-49.267,3.586
2,-15.552,25.035,2.812
2,-28.878,-45.156,4.144
2,46.410,39.871,0.589
2,-43.133,-19.398,6.898
2,17.585,41.364,2.188
4,-15.676,-19.804,5.954
2,31.162,43.067,0.347
2,39.451,-20.643,-1.025
4,-34.362,-2.644,5.640
2,24.624,8.250,0.437
2,3.197,38.907,2.387
4,18.288,-20.130,1.457
4,17.017,-29.634,2.248
2,19.486,-28.009,1.010
2,17.344,27.928,1.552
2,34.592,12.650,-0.218
2,29.173,-34.354,0.149
2,-31.709,-29.987,5.056
2,36.713,10.390,-0.572
2,22.384,17.019,1.535
2,43.866,49.131,0.530
2,33.734,27.159,1.892
3,-5.539,40.402,3.058
2,-16.178,1.414,3.420
2,-27.204,46.714,3.166
2,35.098,37.598,0.571
2,-3.805,29.637,3.520
2,-18.530,13.944,1.725
3,41.608,21.313,-0.205
2,36.743,-37.778,-0.709
2,9.840,48.536,1.206
2,-5.483,-16.521,3.257
2,-35.284,-3.933,4.882
2,-7.614,-26.791,4.410
2,43.519,-21.012,-2.004
7,-58.934,46.723,-75.262
2,-30.088,-26.126,5.831
2,18.465,-37.354,2.243
2,-1.948,10.917,1.469
2,-49.431,23.762,1.632
2,-13.588,18.270,1.946
2,28.376,-4.385,-1.159
2,-19.374,11.396,1.899
7,-16.432,-21.398,-5.049
2,13.566,-46.507,4.508
2,-48.631,29.994,2.614
2,-35.330,-7.394,5.611
2,24.588,24.046,2.746
2,-14.357,-23.683,5.563
2,-34.116,14.920,1.410
2,-18.966,-31.918,5.471
2,-39.142,-32.962,4.613
3,28.314,-17.259,0.541
2,-39.200,13.630,1.669
2,-46.043,9.604,3.431
2,28.666,19.407,2.000
2,-16.329,0.731,3.544
2,-2.661,-47.747,5.889
4,-44.090,24.741,3.060
4,3.207,36.898,3.394
2,-5.196,30.798,3.129
2,29.975,16.934,1.374
3,6.527,-33.850,4.122
7,6.820,-31.767,-5.711
4,-3.440,36.631,4.224
2,-8.947,-3.205,2.601
2,22.650,22.175,2.372
2,3.509,-24.521,1.862
2,40.529,-20.847,-1.246
2,-30.192,2.362,2.678
2,46.546,4.024,-3.076
2,-38.225,-32.314,4.708
4,28.512,-16.762,1.298
2,-45.046,-13.748,6.871
2,-35.650,30.913,1.823
2,-39.082,-26.886,5.580
4,-4.462,36.500,3.717
2,-32.410,-21.959,6.393
3,-43.278,25.871,2.553
2,-48.719,-42.709,2.007
2,-24.040,0.087,1.921
2,37.649,5.961,-1.094
2,-25.640,39.891,2.374
2,-27.158,25.513,2.115
2,-5.739,-14.945,3.321
2,-1.283,-48.087,5.817
2,31.536,46.633,0.344
3,41.981,22.989,0.108
7,125.536,-79.755,-24.309
4,-34.982,-4.300,5.587
2,-44.614,-34.695,4.085
3,2.840,-1.072,1.878
2,47.023,-35.055,-1.316
2,31.202,-36.067,0.165
3,-16.389,5.088,2.959
2,11.525,17.577,0.686
2,7.080,44.877,1.547
3,25.045,-26.133,0.024
2,-47.189,-19.379,6.834
2,33.206,-20.964,-0.527
2,33.773,-7.210,-2.077
2,11.303,41.150,2.309
4,-42.347,-9.889,7.309
2,-39.998,8.177,3.465
3,-3.312,-14.319,3.160
2,-5.243,30.133,3.587
2,45.432,9.422,-2.492
4,-34.871,-2.996,5.596
2,6.404,42.176,1.858
2,26.646,-16.489,0.108
2,-3.725,33.482,3.409
2,11.189,19.875,0.802
2,-15.797,29.668,3.047
2,28.281,16.844,1.291
4,27.767,16.901,1.908
2,-11.373,32.647,3.062
2,45.309,-10.243,-2.278
4,24.998,36.230,2.109
2,-8.279,35.786,3.121
2,-5.012,37.499,3.110
3,27.784,-8.415,-0.502
2,-41.830,9.942,2.845
2,13.040,42.688,2.465
2,-0.665,17.029,1.812
2,28.337,-10.449,-0.718
3,22.988,0.576,-1.426
2,18.993,-7.175,-1.057
2,44.210,-24.249,-1.619
2,-2.365,43.770,1.751
2,2.005,44.014,1.206
2,-29.730,-30.698,5.251
2,10.571,0.600,0.011
2,-35.821,1.016,4.658
2,-36.078,-15.552,6.789
2,27.681,-0.982,-1.665
2,-4.348,-39.229,5.678
2,16.990,39.232,2.522
2,3.306,47.920,0.542
4,2.890,25.963,3.118
2,-22.700,24.385,2.324
2,36.128,-3.819,-2.270
2,28.007,35.718,1.264
4,-18.868,29.857,4.864
2,36.005,-36.689,-0.713
2,-37.307,25.446,0.810
4,18.757,-24.595,1.532
2,-49.944,44.390,2.383
2,47.262,16.213,-2.443
2,31.385,-19.626,-0.182
2,24.762,-35.827,0.992
2,36.515,45.401,0.567
2,-33.918,-39.325,3.745
2,1.357,-41.478,5.103
2,-45.487,-48.460,2.030
2,17.285,-13.527,-0.763
2,-46.317,-46.519,1.932
2,-34.725,-4.686,4.940
4,25.380,37.106,2.106
2,-12.560,9.132,1.875
2,-25.701,3.152,1.844
2,31.852,-9.815,-1.669
2,4.271,14.253,0.835
2,-12.417,-0.734,3.292
2,0.502,4.169,1.933
2,18.231,45.370,1.766
4,3.369,37.790,3.246
2,38.101,47.713,0.419
3,-9.957,32.828,3.418
2,8.690,33.395,2.309
2,28.248,-10.754,-0.714
2,42.336,-45.164,-0.635
2,-17.048,47.005,3.110
2,-5.488,-15.013,3.056
4,-10.294,-14.773,4.358
2,-23.844,-39.415,4.575
3,-16.595,5.858,2.905
3,-24.317,41.214,3.106
2,27.296,0.178,-1.768
2,-35.412,39.397,1.928
2,34.076,9.806,-0.027
2,-34.169,-21.898,6.581
2,23.667,-26.042,-0.062
2,24.463,-26.154,0.018
3,-23.827,-18.007,5.603
2,-23.120,20.597,2.023
2,1.870,9.380,1.018
2,16.157,-17.753,0.351
4,18.109,-21.478,2.115
2,-47.299,-41.149,2.576
2,-30.954,-45.431,4.174
2,-38.352,-16.344,6.843
2,40.739,6.305,-1.996
2,-20.902,36.439,2.807
3,-18.888,-24.962,6.608
2,4.980,-35.625,4.112
2,9.685,-22.527,1.079
2,26.294,-31.608,-0.076
2,22.794,-30.600,0.723
4,28.173,-13.901,0.733
4,-34.143,-39.652,4.544
2,2.024,42.742,1.366
2,-10.712,33.250,3.285
2,23.511,-48.362,4.039
2,27.468,-31.524,-0.051
2,-38.049,-7.350,5.696
2,2.833,26.554,2.185
3,40.428,1.416,-1.466
2,-10.675,-34.612,4.977
2,39.721,-26.232,-1.496
2,-23.489,14.830,1.976
2,-8.378,6.584,2.192
2,-42.950,33.400,1.806
2,-29.110,26.191,2.046
2,12.444,43.014,2.411
3,24.918,-26.307,0.080
2,0.957,-31.607,3.217
2,13.775,30.081,2.047
2,-38.572,17.373,1.653
2,-46.576,26.773,2.330
3,-42.332,9.819,3.166
2,-12.035,12.670,0.972
2,-8.798,-28.832,4.344
2,-47.575,-43.271,2.326
3,-3.940,-14.217,3.260
2,-10.300,-46.142,6.122
7,-49.377,-47.505,-6.184
2,-15.536,21.038,2.624
4,-41.887,10.863,3.104
2,-15.428,-8.849,3.634
2,41.223,11.821,-1.158
2,4.709,45.194,1.048
4,18.009,-24.981,2.657
2,-44.623,9.958,3.078
2,37.887,-49.696,0.246
2,41.956,3.663,-1.993
2,3.219,26.159,2.134
2,-1.412,-4.176,1.744
2,2.580,36.477,2.821
2,-15.145,-0.093,3.544
2,37.660,43.882,0.737
3,42.079,23.051,0.039
2,17.585,-17.262,-0.007
2,-25.094,2.034,1.990
2,-25.378,43.970,2.754
2,-47.168,29.538,2.651
2,-46.680,-40.298,2.712
2,25.285,-26.488,-0.343
2,-19.748,38.323,2.743
2,-28.715,2.091,2.440
4,-33.703,-10.414,7.008
2,2.328,36.197,2.646
2,27.127,-29.480,-0.377
3,42.216,22.559,-0.162
3,28.025,-8.653,-0.581
2,-20.913,-39.030,4.882
2,11.555,-36.482,4.112
3,-14.971,6.228,2.951
2,-26.522,-2.246,2.953
2,-45.727,27.413,2.380
2,33.187,7.807,-0.101
2,-24.960,-41.858,4.240
2,11.756,-9.977,0.055
2,29.933,-0.509,-1.528
4,-11.611,-40.982,6.418
2,-7.183,-15.406,3.200
2,46.093,41.330,0.574
2,39.424,-48.333,0.182
4,-24.287,39.166,3.214
2,13.764,18.002,0.443
2,-18.522,2.712,2.555
2,31.409,1.054,-1.349
2,28.856,-5.807,-1.119
2,38.559,-18.116,-1.119
2,7.739,47.400,0.946
2,15.715,-26.758,1.090
2,26.504,-27.089,-0.489
4,26.738,-11.958,0.430
2,23.604,-45.414,3.178
2,20.523,36.029,2.051
3,27.700,-16.914,0.212
3,40.972,21.274,0.127
2,43.955,43.373,0.651
2,-4.486,36.015,3.122
2,30.355,29.689,1.882
2,-31.759,-8.085,5.412
4,39.858,0.460,-1.292
2,45.122,21.508,-1.278
2,-9.738,33.262,3.108
4,-18.462,30.959,3.946
2,-22.494,-0.519,2.267
2,14.541,-6.223,-0.539
3,-15.289,5.311,2.905
2,4.121,-46.184,5.727
2,29.746,42.506,0.413
2,24.928,39.323,1.724
2,-10.158,-48.595,6.475
2,-44.112,-15.239,6.989
2,-33.783,-12.742,6.542
4,40.704,0.790,-1.356
2,44.447,-10.251,-2.339
2,44.316,40.692,0.624
3,-4.242,-16.074,3.296
2,14.589,-12.704,-0.527
4,23.458,-0.106,-0.882
2,-24.550,-25.263,6.631
2,-23.331,29.167,2.611
2,-21.006,-37.620,5.082
2,-22.964,7.693,1.790
4,-42.639,26.160,2.927
2,-9.041,-30.019,4.281
2,-20.459,12.876,1.818
3,-16.692,7.121,2.900
4,-16.100,-19.847,5.878
2,29.827,34.298,1.287
2,45.204,0.273,-2.538
4,-5.089,37.206,3.899
2,-30.402,11.196,1.453
2,-29.226,14.036,1.772
4,3.128,26.521,3.056
2,-7.707,-6.380,2.247
2,-32.902,-12.397,6.524
2,6.782,35.186,2.351
2,42.676,47.317,0.481
2,31.755,22.691,2.039
2,-5.946,-15.901,3.135
4,18.541,-17.689,1.088
2,6.744,-11.368,0.316
2,10.400,-2.259,0.222
2,26.454,-13.340,-0.171
2,10.193,15.752,0.575
2,19.187,47.848,1.926
2,-4.552,30.443,3.407
2,-15.118,47.029,3.270
2,24.418,-26.151,-0.026
2,37.430,15.249,-0.479
2,35.114,0.903,-1.638
2,39.997,1.372,-1.655
2,28.284,0.382,-1.613
2,30.434,35.670,1.258
2,11.621,-1.283,0.059
4,-34.143,-40.567,4.654
2,-37.379,14.285,1.695
2,-22.922,31.847,2.787
2,24.818,36.818,1.549
2,-5.129,42.704,2.191
3,28.475,-9.812,-0.464
2,-30.665,-26.177,5.718
2,5.769,26.296,1.547
2,28.928,36.767,1.161
2,-39.759,-6.983,5.801
2,-25.317,19.640,2.020
3,27.736,-10.007,-0.599
2,-29.212,-22.832,6.133
3,26.489,-17.522,0.683
2,-19.716,15.110,1.732
2,-33.358,45.094,2.273
2,19.300,32.526,1.977
2,41.047,-46.586,-0.083
2,-10.107,-5.418,2.511
4,-42.260,-10.696,7.813
2,-25.914,-29.310,5.978
2,37.247,-11.477,-2.301
2,18.437,-24.970,0.779
2,-3.858,1.768,2.971
2,4.608,40.418,1.814
2,39.149,-8.396,-2.309
2,44.686,-44.755,-0.633
2,-3.702,35.948,3.259
2,25.302,25.022,2.977
4,19.092,-23.725,1.557
2,17.960,-29.461,1.542
2,-29.297,39.214,2.174
2,-1.363,13.335,1.120
2,44.723,3.146,-2.739
2,18.913,46.150,1.696
2,-39.400,-21.745,6.243
2,40.750,41.342,0.512
2,8.293,-48.715,5.496
2,7.832,37.667,2.134
2,-1.060,-29.607,3.235
2,46.007,30.006,0.210
2,48.662,27.787,-0.757
2,-0.061,-49.105,5.728
2,12.337,26.447,1.289
2,-45.380,44.646,2.524
2,30.036,-9.329,-1.243
2,49.529,-39.946,-1.165
2,-30.455,-18.189,6.462
2,9.908,-49.058,5.265
2,10.642,-29.157,2.194
2,22.337,49.696,2.158
2,23.930,47.346,1.849
2,44.151,-4.902,-2.202
2,-48.592,13.789,2.812
2,45.013,40.534,0.650
4,2.222,26.445,3.022
2,-25.466,-2.351,2.869
2,17.902,-30.668,1.851
2,-22.598,0.952,2.001
2,44.529,49.167,0.606
2,-32.549,35.497,2.220
4,2.323,-10.798,2.290
2,-13.974,-41.540,5.293
2,-44.094,32.772,2.006
2,27.121,-47.202,2.961
2,-26.103,1.807,1.933
2,20.409,44.257,1.708
2,-3.753,29.337,3.615
2,-4.474,40.035,3.058
2,-0.604,-26.249,2.758
2,37.432,-38.329,-0.865
2,-41.838,46.536,2.555
2,-41.786,-34.726,3.987
2,-46.885,14.038,2.677
2,-29.863,-38.557,4.150
2,-11.707,8.311,1.747
2,49.056,37.396,1.294
2,45.906,48.697,0.794
2,-16.549,-20.960,5.191
2,42.166,29.167,0.334
2,16.047,19.209,0.686
2,37.560,-33.458,-1.112
3,18.832,-26.067,1.152
2,-8.820,1.132,3.265
4,27.869,-13.222,0.575
2,0.851,-25.054,2.337
2,-48.873,47.490,2.080
4,30.311,9.512,0.818
2,-10.311,-41.240,5.930
2,1.712,20.603,2.205
2,27.786,17.636,1.553
2,-3.203,40.485,2.776
3,-15.609,6.270,3.064
2,-7.867,-36.112,4.944
2,-38.795,-7.514,5.737
2,-31.960,-36.268,4.411
3,22.671,0.193,-0.691
2,-14.093,-19.432,4.834
2,-8.406,-45.871,6.218
4,24.851,-27.332,0.454
2,23.193,-26.804,0.013
2,-41.175,49.561,2.668
2,-17.418,-8.534,3.865
2,-28.840,-1.678,3.179
2,-22.735,22.395,2.298
2,-6.403,-46.283,6.081
2,-45.976,20.522,2.181
4,22.882,-0.985,-0.793
2,40.609,8.173,-1.409
2,-5.666,-42.045,5.982
2,3.797,38.786,2.199
2,11.955,-45.704,4.521
2,-38.907,-12.427,6.857
2,1.628,6.471,1.464
2,-37.306,-13.108,6.678
2,2.106,-3.664,1.441
2,6.934,-48.386,5.337
2,18.022,-33.950,2.166
2,-17.007,3.864,2.725
2,33.116,-37.072,-0.323
2,-6.605,29.274,3.343
2,22.987,-7.125,-0.797
2,-34.856,-12.642,6.591
2,-26.434,1.878,2.022
2,39.020,21.020,0.527
2,-30.680,22.974,1.474
3,-19.120,14.056,1.760
2,-38.777,49.784,2.689
2,24.602,-8.987,-0.089
3,24.989,-26.714,0.298
2,13.156,-42.962,4.151
2,43.028,-35.651,-1.486
2,-44.104,-4.809,6.541
2,-34.226,20.961,0.916
3,-5.303,40.176,3.187
2,-23.921,1.429,2.021
2,-44.228,-48.616,2.293
2,3.095,37.458,2.703
2,-9.189,16.493,2.042
2,-49.496,-49.018,1.306
2,-43.757,29.362,2.159
2,-8.133,-22.366,4.303
2,-10.566,33.243,3.169
2,-49.854,43.797,2.441
2,-24.258,35.704,2.244
2,2.151,36.992,2.592
4,-11.192,-14.566,4.105
2,-25.890,2.305,2.000
2,-32.948,12.242,1.292
2,13.883,48.016,1.678
4,3.153,35.968,3.433
3,-34.782,-2.266,5.273
2,20.365,-41.549,2.772
2,-5.294,-24.649,3.836
2,35.700,-41.585,-0.583
2,-2.567,34.580,3.362
2,-23.508,11.670,2.504
2,-42.928,-9.826,6.713
2,22.588,29.017,2.241
2,-5.757,33.297,3.126
4,24.314,37.072,2.147
2,39.199,-24.881,-1.551
4,-36.066,-2.760,5.636
2,-0.456,-8.806,1.887
4,-5.645,35.791,3.712
2,-14.908,0.748,3.486
2,34.936,15.291,-0.029
2,36.063,-46.066,-0.164
2,37.129,-16.013,-1.285
2,-2.379,-43.216,5.846
2,-14.840,0.359,3.641
2,-18.076,9.977,2.047
2,-28.046,24.841,1.319
2,6.866,11.120,0.393
2,-39.333,0.662,5.679
4,29.883,-17.077,1.495
2,-10.593,3.459,3.095
2,9.910,38.074,2.298
2,36.122,-15.624,-1.478
2,21.491,5.506,0.209
2,-21.702,41.789,3.010
2,-15.361,-44.473,5.362
4,16.483,-23.094,1.653
2,22.220,13.275,1.205
2,-42.485,-9.937,6.740
2,34.779,44.878,0.504
2,16.693,-2.072,-0.654
2,-38.793,11.806,2.000
2,-35.607,-3.543,4.868
2,23.422,31.547,1.908
2,23.657,-2.044,-1.542
3,41.325,21.838,0.053
2,37.183,-27.326,-1.340
2,-8.208,-19.150,3.897
2,-32.724,12.791,1.239
2,37.215,-32.695,-1.105
2,24.664,35.790,1.551
2,-21.289,23.534,2.485
2,24.506,35.270,1.508
2,-24.885,38.024,2.188
2,0.970,22.273,2.509
4,-18.251,5.556,2.958
2,34.415,5.355,-0.689
2,22.542,-1.407,-1.486
2,12.904,-2.984,0.135
2,17.587,15.981,0.616
2,21.685,10.120,0.835
2,-23.060,40.062,2.564
4,27.609,-17.537,1.155
2,-6.720,-17.190,3.277
2,-9.718,-25.024,4.907
2,-30.884,11.537,1.365
2,-40.343,-43.250,2.928
2,-5.910,11.932,1.198
2,-38.187,-39.971,3.455
2,20.111,13.818,1.028
2,-10.234,31.959,3.042
4,-3.301,4.730,3.137
2,41.968,-38.951,-1.311
2,-40.151,-49.242,2.752
2,-41.778,14.970,1.940
2,-42.647,40.821,2.084
2,-46.913,-31.517,5.399
2,-5.516,40.618,2.810
4,-5.706,39.556,3.473
2,-5.565,23.423,3.078
2,-43.566,10.172,2.997
2,31.705,-40.328,-0.106
4,22.359,0.169,-0.735
2,-35.602,12.848,1.444
2,-28.803,0.177,2.579
2,-17.454,-43.508,4.841
3,29.211,-9.514,-0.655
2,28.058,-34.866,0.187
2,15.803,-24.293,1.000
2,-34.483,-12.598,6.518
2,-34.593,-46.794,3.915
4,39.223,0.202,-1.402
2,10.925,34.515,2.355
2,30.205,-31.866,-0.161
2,34.681,49.963,0.025
2,-26.581,25.351,1.732
4,-23.398,38.376,3.251
2,-30.234,18.884,1.441
2,-43.581,11.083,3.163
2,-23.231,15.753,1.831
4,-33.100,-5.657,5.597
2,-16.679,26.630,2.859
2,-48.536,-20.697,6.962
2,21.866,25.662,2.543
2,31.965,2.923,-0.823
2,-47.177,-20.670,6.706
2,-12.995,27.995,3.145
2,49.464,32.252,0.663
2,4.907,-17.021,1.654
2,-9.610,33.265,3.291
2,-32.271,-45.889,4.092
2,16.669,15.514,0.534
2,-7.692,-42.468,6.301
2,13.830,49.524,1.495
2,-32.385,12.268,1.321
2,-12.005,0.023,3.301
3,-42.085,10.244,3.114
2,24.828,36.500,1.576
3,-11.007,-47.322,6.236
2,49.495,-8.850,-2.568
2,-49.490,30.973,2.566
3,-15.491,3.079,3.436
2,47.346,-22.214,-2.177
2,28.636,6.499,-0.028
4,-23.489,38.269,3.120
2,19.511,-8.768,-1.116
2,-11.262,2.467,3.349
2,-14.589,26.682,2.825
4,24.367,-25.162,0.479
3,4.900,-36.723,4.362
2,46.226,-45.813,-0.323
2,-34.869,-5.485,4.941
2,42.492,25.220,-0.282
2,-38.957,12.795,1.701
2,-24.520,-21.367,5.992
4,-5.655,40.563,3.439
4,24.160,-28.086,0.549
2,32.555,10.710,0.094
2,35.604,-21.685,-0.745
2,7.315,34.686,2.387
2,49.320,-26.708,-2.452
7,-121.133,57.457,-9.939
2,40.857,-22.332,-1.465
2,-12.603,46.234,3.417
2,-20.990,48.813,2.726
2,-2.756,-0.924,2.779
2,12.221,32.514,2.400
4,3.412,-9.380,2.504
4,28.088,-15.975,1.232
2,-42.792,19.574,1.962
2,-46.334,-37.352,3.108
2,-16.047,28.224,3.042
2,1.436,-3.420,1.608
4,-23.606,38.374,3.110
2,-27.858,2.086,2.309
2,31.692,-7.365,-1.831
2,1.388,-24.689,2.262
2,-12.742,43.947,3.741
2,12.139,39.014,2.726
2,-35.043,-24.566,5.932
2,-20.793,41.865,3.007
2,-39.820,5.893,4.073
2,-27.098,-34.272,5.234
2,42.200,-41.645,-1.109
2,-35.544,-3.648,5.341
3,28.220,-10.295,-0.623
2,13.765,43.509,2.509
2,-44.158,25.848,2.270
2,-15.270,1.221,3.591
2,27.795,-44.362,1.780
2,-24.801,0.153,2.036
2,18.962,-44.133,3.456
2,34.562,-16.052,-1.101
2,-35.372,-16.026,6.717
2,11.247,-29.971,2.448
2,-10.865,32.936,2.992
2,24.113,-27.709,-0.063
2,-3.427,-2.227,2.354
2,1.485,2.003,2.216
2,-27.047,16.166,1.806
2,29.999,45.554,0.442
2,30.038,-20.361,0.007
2,-10.331,22.350,2.902
2,1.668,45.198,0.879
2,13.065,-13.552,-0.070
4,-43.712,-11.075,7.586
2,35.920,32.896,1.279
2,13.727,36.363,2.702
2,24.293,37.461,1.838
3,28.283,-16.142,0.127
2,-34.210,47.404,2.417
2,-15.641,6.064,2.827
3,-34.453,-39.868,4.224
2,-6.365,-16.116,3.301
2,6.624,15.955,0.563
3,-33.155,-39.469,4.520
2,-33.334,29.093,1.973
3,3.092,-39.151,4.553
2,43.447,39.558,0.523
3,-16.256,6.776,2.724
2,48.459,-45.886,-0.448
2,2.430,26.067,2.236
2,-3.984,9.045,1.629
2,7.175,-2.165,0.870
3,-32.632,-12.032,6.800
2,-43.225,28.689,2.288
2,7.012,20.223,0.738
4,23.833,36.531,2.266
2,37.751,-19.819,-0.748
2,-44.139,10.111,2.971
2,16.651,21.051,1.066
3,-16.102,5.587,2.958
2,41.621,-20.915,-1.575
2,33.187,13.193,-0.080
2,-25.843,-45.606,4.123
4,3.245,37.685,3.103
2,15.707,-35.451,2.700
2,48.372,-36.936,-1.175
2,-42.868,-21.438,6.715
2,-10.254,33.197,3.224
2,1.930,2.439,1.952
2,-40.709,16.529,1.851
2,-29.334,-32.559,5.201
2,-6.895,-17.517,3.163
2,-14.422,1.215,3.483
2,45.250,-33.273,-1.498
2,6.986,23.794,1.070
2,17.081,-36.167,2.642
2,-0.238,40.397,2.295
2,9.404,39.697,2.093
2,-38.540,-34.319,4.588
2,-26.503,49.958,3.550
2,11.933,-24.619,0.692
4,-10.783,-15.666,4.250
2,-33.522,-31.321,4.849
2,33.179,-45.064,0.499
2,-39.608,-43.751,2.953
4,-42.190,-10.675,7.773
2,-8.973,22.583,3.056
2,34.449,19.444,1.368
4,26.856,-13.713,0.666
2,35.985,44.611,0.634
3,-23.332,39.556,2.906
2,-31.922,0.946,3.369
2,18.943,45.026,1.744
2,-5.342,29.736,3.448
2,21.010,-26.519,0.650
2,21.678,-24.910,0.287
4,29.611,-8.962,-0.603
2,-47.360,15.753,2.515
2,-31.936,13.511,1.336
4,24.752,36.413,2.185
2,-30.393,-6.416,4.776
3,28.627,-9.484,-0.583
2,-13.833,-42.728,5.472
2,-33.996,20.322,1.032
2,-29.511,19.770,1.568
7,16.094,-42.845,-9.282
2,6.755,-18.800,1.898
3,23.800,36.147,1.970
2,-49.991,-0.383,5.781
2,-10.494,-4.284,2.705
2,-24.347,-0.046,2.021
2,-43.015,18.049,2.000
2,-29.525,-34.186,5.078
2,38.372,-37.010,-1.155
4,-42.639,25.367,2.892
2,9.965,-28.683,1.968
2,-18.496,-4.875,3.714
2,-4.886,30.073,3.542
2,31.714,34.458,1.410
4,3.224,26.267,3.240
2,41.783,15.702,-1.170
2,-4.554,28.875,3.520
2,-25.339,-28.458,6.079
2,27.729,18.864,1.848
2,-42.807,-47.856,2.626
2,-33.922,-3.378,4.640
2,-47.706,43.561,2.288
2,35.765,-45.618,-0.167
2,-38.342,12.907,1.599
2,-48.257,-16.568,6.847
2,-37.375,-42.134,3.470
2,-35.831,45.102,1.983
2,-44.283,9.926,3.093
4,15.828,-19.593,1.209
2,42.376,15.629,-1.232
2,43.532,27.614,-0.039
2,-18.912,11.893,1.717
4,19.464,-22.267,0.853
2,-15.442,-20.671,5.629
2,36.634,44.016,0.647
2,-33.620,-40.709,3.787
3,-13.896,3.116,3.554
3,23.029,-0.009,-1.059
2,-20.182,45.132,3.119
2,18.032,-46.049,3.799
2,-19.437,-45.193,4.801
2,1.090,-48.104,5.942
2,-4.042,42.063,2.376
2,16.285,-30.453,2.012
2,-30.990,35.944,2.260
4,16.664,-20.039,1.520
2,-34.841,0.945,4.487
4,27.042,-13.763,0.559
2,22.793,0.026,-1.001
2,26.910,-26.164,-0.425
2,-43.663,33.348,1.949
2,39.662,-31.742,-1.366
4,23.914,-28.337,0.623
2,-49.458,-9.414,6.596
2,-31.740,-30.907,4.871
4,-23.800,37.934,2.893
2,26.124,-8.570,-0.384
2,38.949,1.613,-1.872
4,27.563,-12.468,0.551
2,-37.651,19.593,0.997
4,27.348,-16.573,0.702
2,32.385,41.103,0.421
3,-23.779,38.348,2.683
2,-27.267,47.255,3.274
2,49.737,31.163,0.572
3,26.547,-12.827,0.312
4,16.818,-20.363,1.682
2,-33.811,-28.235,5.590
2,12.119,-34.091,3.751
2,-12.257,-33.368,4.809
2,-15.012,-5.662,3.520
2,34.062,-13.169,-1.541
2,-40.084,32.222,1.994
2,-9.857,33.316,2.972
4,24.686,-27.103,0.685
2,-38.791,-47.601,2.935
2,-4.766,39.000,3.233
2,16.272,9.713,0.495
2,-15.134,-30.020,4.948
2,-0.927,25.929,3.062
2,5.707,-10.749,0.404
2,23.945,-13.484,0.080
2,-36.309,28.359,1.483
2,26.823,-11.231,-0.489
2,-41.067,-39.686,3.366
2,36.009,33.516,0.918
2,23.116,5.675,0.182
2,-4.349,26.292,3.306
3,28.355,-10.701,-0.442
4,-42.518,24.154,2.871
2,-9.141,28.789,3.194
2,1.671,-45.723,6.043
4,-4.226,40.122,3.463
2,25.886,-18.688,0.600
4,-34.578,-2.677,5.892
2,-36.929,-38.573,3.599
2,42.806,30.942,0.491
2,-5.623,6.497,2.517
2,-34.148,21.561,0.897
2,-36.791,-12.609,6.621
2,5.328,13.939,0.549
2,21.354,-31.134,1.098
2,12.800,10.582,0.527
2,39.517,7.579,-1.253
2,39.281,-30.827,-1.363
2,47.332,21.154,-1.444
4,27.679,-13.545,0.242
2,-6.597,-14.706,3.360
2,-26.387,30.701,2.356
2,-3.767,29.916,3.345
2,20.782,17.765,1.428
4,-11.159,-41.686,7.827
2,-4.922,30.347,3.383
2,4.791,-6.745,0.862
4,-5.060,39.362,3.450
2,21.376,11.946,1.066
3,-3.826,40.622,3.109
2,-36.690,4.289,3.972
2,18.847,-1.571,-0.736
2,-37.286,22.432,0.903
2,25.717,31.872,1.422
2,17.948,-40.215,2.898
4,-42.853,-11.793,7.630
2,36.903,-16.646,-1.061
2,36.823,23.444,1.412
2,-29.839,15.868,1.512
2,3.217,-45.177,5.780
2,-31.908,21.839,1.565
4,2.878,26.181,2.690
2,-43.293,-27.616,5.619
2,13.170,40.803,2.383
2,-34.210,23.008,0.897
2,-13.602,-45.031,5.798
4,2.811,26.006,2.785
2,-13.452,-36.534,5.211
2,-49.960,4.806,5.052
4,26.531,-12.716,0.568
2,33.554,-2.118,-1.587
2,33.005,-16.482,-0.884
4,-34.365,-11.530,7.184
2,-12.418,-14.586,3.274
2,17.961,-40.779,3.050
2,-23.224,-47.901,4.453
2,-31.780,38.461,2.179
2,13.940,-42.264,3.994
2,3.541,-32.322,3.134
2,-49.224,14.647,2.668
2,-38.732,23.085,0.951
2,-25.446,-37.870,4.612
2,22.068,2.097,-0.942
2,27.559,42.726,0.750
2,-37.554,-7.576,5.628
2,-8.317,9.659,1.429
2,-40.519,37.154,2.123
2,-42.500,-3.577,6.223
4,-4.019,40.371,3.305
2,-3.274,27.868,3.236
3,-43.095,10.676,3.096
2,-26.265,-8.737,4.781
2,-37.520,-14.498,6.673
4,-35.093,-3.583,5.741
2,22.124,-13.635,-0.097
2,-31.127,9.753,1.582
4,16.774,-20.796,1.545
2,-21.868,-4.351,3.595
3,-35.910,-3.742,5.605
2,30.982,46.601,0.466
2,-28.041,-7.469,4.755
2,25.275,36.976,1.518
2,-15.922,2.615,3.023
2,-27.376,25.711,2.151
2,-45.295,-34.677,4.212
2,9.036,27.200,1.562
2,7.872,44.694,1.765
2,-3.160,-8.766,2.401
2,23.563,32.179,1.691
2,43.855,-23.842,-1.719
4,18.150,-20.861,1.912
2,-15.239,-27.314,5.413
2,-12.088,46.049,3.446
2,-37.192,16.817,1.589
2,-31.550,7.188,2.107
2,6.866,46.851,1.040
2,24.313,19.876,1.955
2,24.611,36.220,1.526
2,-16.082,-38.492,5.157
3,30.063,-46.842,1.921
2,-6.438,-16.248,3.349
2,-30.567,-37.936,4.342
2,-45.941,-33.408,4.768
2,8.307,13.401,0.458
2,-45.392,25.932,2.316
4,24.473,-27.053,0.497
2,-9.852,33.545,3.029
2,11.134,16.588,0.569
2,37.290,32.168,1.438
2,-19.789,12.882,1.762
2,-28.295,-8.199,4.943
2,-6.228,15.123,1.351
2,12.813,-1.039,-0.165
2,-3.306,-33.831,3.787
2,-1.871,44.568,1.473
2,-17.162,-39.565,4.826
2,24.127,37.503,2.018
2,-34.440,12.052,1.529
2,17.967,-27.989,1.238
2,-21.089,39.501,2.649
2,39.549,44.700,0.856
2,-18.798,9.841,1.952
2,-23.252,18.537,2.015
2,-1.044,8.796,1.513
2,-9.004,-8.083,2.307
7,98.140,-12.621,-19.215
2,-36.144,-3.254,4.941
2,1.620,47.288,0.670
2,-32.432,-0.434,3.864
2,-44.470,-37.165,3.377
2,-35.622,-31.323,4.846
2,30.533,-22.004,-0.186
2,35.984,-2.642,-2.043
4,-43.237,-11.487,7.763
2,-44.192,28.949,2.257
2,-27.411,26.918,2.206
2,-2.000,2.484,2.470
2,-35.388,-2.551,4.896
3,-3.646,-16.646,3.212
2,-34.399,-40.735,3.714
2,-26.357,-40.195,4.233
2,21.129,39.360,2.150
2,-16.137,-6.044,3.780
2,-36.029,43.690,1.958
2,11.837,15.242,0.439
2,-7.735,20.233,2.603
2,5.297,28.208,1.826
2,-48.437,7.558,4.048
2,38.453,-9.255,-2.279
2,2.779,-3.697,1.317
2,-49.323,46.691,2.072
2,6.435,27.309,1.553
2,-26.386,-31.337,5.663
2,-25.513,36.500,2.240
2,-22.146,46.306,3.051
2,-15.080,5.109,2.726
4,14.700,-21.564,1.685
2,41.122,-28.784,-1.081
2,6.451,-49.141,5.419
2,-7.996,6.999,2.107
2,-3.274,2.717,2.768
2,-28.395,-42.524,4.009
2,-15.188,-0.519,3.626
2,-2.011,-24.581,2.796
2,36.970,28.102,1.355
3,23.265,-1.050,-0.768
2,49.027,2.837,-3.365
2,2.928,-28.062,2.703
2,26.717,-4.188,-1.053
2,49.634,26.967,-1.002
2,25.918,33.650,1.374
2,9.296,-34.484,4.333
2,-34.257,-40.824,3.751
2,2.945,36.324,2.815
2,-48.301,3.389,5.175
2,-18.257,22.035,2.472
3,-4.178,-15.010,3.228
2,28.151,-8.913,-0.617
2,-2.371,-8.377,2.323
2,8.902,-36.374,4.466
2,1.766,16.911,1.718
2,-43.412,-45.540,2.615
2,-34.104,-40.376,3.732
2,-17.305,36.784,2.859
4,16.717,-29.885,3.332
2,38.878,2.021,-1.964
2,48.802,-3.580,-3.150
2,-6.121,-16.050,3.198
2,47.703,-8.298,-2.570
2,-26.469,5.821,1.556
3,23.619,-27.063,0.234
2,-42.263,-15.485,6.890
2,38.065,-38.475,-0.970
2,-41.591,-21.331,6.486
2,30.995,-22.659,-0.350
2,-24.311,1.789,1.858
4,-43.768,-11.053,7.750
2,9.957,-37.754,4.448
4,-18.028,5.552,3.042
2,-9.315,-12.580,2.962
2,27.322,-8.421,-0.758
2,-47.637,13.675,2.803
2,-49.545,1.109,5.446
4,-36.089,-2.664,5.779
2,3.121,30.484,2.717
2,-10.604,0.497,3.299
2,-24.422,-32.542,5.676
2,23.499,-27.394,-0.064
2,-30.163,29.606,2.114
2,22.315,0.056,-1.550
2,-44.191,-38.623,3.185
2,-32.050,-23.696,6.026
2,-47.410,44.993,2.283
4,-34.295,-4.784,5.778
2,-31.085,-24.690,5.800
2,39.034,29.970,1.352
4,-11.244,-15.861,4.401
2,47.247,-13.121,-2.358
3,24.513,36.129,1.914
2,-45.438,-14.701,6.941
2,-18.280,19.289,2.379
2,40.289,5.071,-1.907
4,3.321,26.149,2.718
2,32.175,10.720,0.125
3,-5.409,40.456,2.963
2,20.127,-48.566,4.411
2,35.646,35.318,0.581
2,49.097,-28.560,-2.292
2,-17.711,33.539,2.935
2,-34.039,-23.113,6.364
2,-18.867,-27.101,6.171
2,7.912,47.975,0.912
2,-47.450,25.511,1.995
2,-42.347,-0.754,6.082
2,-39.254,3.566,4.668
2,-7.392,-7.335,2.264
2,34.371,46.349,0.352
2,-10.741,32.685,2.969
4,26.538,10.575,1.144
2,34.383,16.805,0.391
2,8.141,-44.793,4.843
2,31.077,-16.146,-0.714
2,-29.437,25.682,2.085
2,38.010,-33.903,-1.145
2,-43.816,-8.944,6.559
2,22.177,-12.877,-0.137
2,13.820,22.137,0.919
2,35.323,-33.984,-0.767
2,-24.762,22.876,1.925
2,-22.670,-14.165,5.201
2,-15.537,0.266,3.587
2,45.268,-30.966,-1.516
2,17.248,-12.949,-0.828
2,-35.941,-3.945,4.971
3,-20.688,0.179,2.895
2,0.657,32.038,2.833
2,-36.646,22.167,0.802
2,-0.098,-4.668,1.555
2,-10.362,30.397,3.161
2,8.077,32.367,2.248
2,-4.712,11.518,1.438
2,-8.569,15.531,1.653
2,48.306,42.539,0.653
2,-42.958,48.406,2.790
2,-38.092,-6.009,5.590
2,-29.409,27.068,1.913
2,-38.202,-6.557,5.648
2,-7.706,41.962,2.572
2,39.548,-16.578,-1.534
2,-34.458,-13.187,6.486
2,-24.899,3.819,1.825
2,-32.751,-34.240,4.507
2,35.489,4.640,-0.932
2,-1.398,10.062,1.389
4,-24.600,40.002,3.202
2,24.341,32.266,1.445
2,6.011,-22.039,1.722
2,-14.214,1.259,3.573
4,-11.093,-14.542,4.394
2,-35.704,36.661,2.066
2,-42.742,18.735,2.252
2,-5.690,9.010,1.650
2,42.683,-49.466,0.637
2,15.323,19.706,0.672
2,-37.197,-49.462,3.362
2,19.780,-41.543,2.858
2,-19.147,31.674,3.185
4,28.306,-13.439,0.039
2,10.608,-3.579,0.197
4,27.649,-12.413,0.042
2,5.109,30.734,2.197
2,-37.973,49.943,2.740
2,-35.397,-27.868,5.540
4,17.056,-29.643,2.845
2,45.255,-2.077,-2.440
2,39.362,5.395,-1.713
2,34.310,-23.509,-1.145
2,-34.963,-49.205,3.601
4,26.167,-16.489,1.550
2,-33.566,-40.213,3.751
2,-48.571,16.250,2.474
2,-32.771,3.519,3.238
2,-5.582,9.545,1.552
2,-27.957,25.244,1.895
2,-3.431,30.837,3.378
2,-6.966,-26.789,4.253
2,-45.639,34.976,2.183
2,49.216,27.884,-0.810
2,39.768,37.772,0.417
2,-48.594,-22.231,6.734
2,34.273,-31.768,-0.871
2,49.856,1.657,-3.337
2,-49.498,19.311,2.220
2,-13.671,-11.261,2.973
2,6.385,-13.858,0.608
2,-41.369,-23.963,6.145
4,23.586,-27.348,0.479
2,34.509,35.344,0.736
2,-5.660,-14.600,3.009
2,35.257,-28.501,-1.151
2,-14.609,36.740,2.890
2,-45.757,-34.163,4.478
2,-26.514,6.577,1.516
2,-5.160,-16.639,3.027
2,-26.231,1.532,1.945
2,-49.665,32.107,2.713
2,-40.196,12.818,1.801
2,-40.577,-17.725,6.818
2,-15.714,6.574,2.669
4,27.821,-12.689,0.247
2,-12.225,16.345,1.709
2,20.357,28.405,2.269
2,16.016,-12.677,-0.822
3,41.473,22.333,0.072
2,-31.983,-32.857,4.714
2,-41.749,-29.856,5.261
4,3.551,36.807,3.282
2,-7.125,-15.252,3.295
2,49.692,-29.380,-2.396
3,17.548,-22.119,0.770
4,-15.157,-19.215,5.733
2,20.532,-28.709,1.015
4,-35.499,-3.575,5.789
2,-43.012,34.535,1.876
2,36.181,29.542,1.554
2,-8.361,35.171,3.123
2,37.494,25.748,1.491
2,-0.448,-19.946,2.276
2,49.006,-34.016,-1.383
2,-42.515,17.465,1.863
2,-39.370,24.426,0.899
2,28.916,-11.053,-0.756
2,42.565,21.619,-0.787
2,-49.850,36.736,2.066
2,-11.027,45.221,3.237
2,8.893,10.595,0.539
3,-42.915,-12.008,7.135
2,-12.316,14.183,1.308
2,-25.293,-29.701,6.170
2,14.750,11.514,0.604
3,6.524,-35.876,4.594
2,-23.643,37.957,2.397
2,-1.136,8.261,1.588
2,-17.596,42.489,3.224
2,-34.255,-49.106,3.675
2,-42.223,18.966,2.143
2,-43.437,43.057,2.362
2,-4.341,39.816,2.915
2,-0.636,47.363,0.647
2,48.458,-10.061,-2.428
3,-33.909,-5.263,5.057
2,-48.291,-7.552,6.775
4,41.651,21.516,0.127
2,-45.493,-26.241,5.721
2,33.440,-26.050,-1.039
2,-27.627,17.391,1.697
2,-33.161,41.789,2.029
2,49.188,36.303,1.278
2,16.193,-47.769,4.240
2,-46.530,30.351,2.659
2,31.590,-24.665,-0.687
2,-9.008,9.684,1.326
2,-29.177,-10.503,5.751
2,46.838,27.970,-0.201
2,-23.726,40.303,2.980
4,20.544,-23.511,1.583
2,-10.635,-19.169,4.393
2,42.100,-38.347,-1.302
2,16.983,36.944,2.795
2,-42.271,-4.542,6.221
2,-33.322,-16.313,6.699
2,-12.123,-31.365,4.346
7,-41.235,-24.437,-9.195
4,3.093,26.857,3.372
2,-34.748,32.639,2.002
2,-31.121,-28.738,5.300
2,22.817,34.423,1.557
2,-23.138,47.191,3.200
3,48.985,-31.608,-1.940
2,-23.258,4.558,1.922
2,48.947,-33.482,-1.438
2,42.075,-36.341,-1.455
4,40.614,0.183,-1.282
3,-23.746,41.557,3.037
2,-31.957,-27.139,5.506
2,10.090,-9.608,0.230
2,-37.014,29.685,1.642
3,38.914,0.109,-1.575
2,22.250,-15.158,0.310
2,-49.601,-6.073,6.707
2,38.666,-2.543,-2.244
2,5.779,33.342,2.400
2,-7.424,-25.357,4.191
2,-32.244,17.998,1.208
2,-42.566,29.254,2.171
2,-5.732,19.469,2.394
2,2.004,-21.095,2.314
2,31.590,17.972,1.313
2,-5.107,39.083,2.769
2,24.632,36.784,1.536
2,-37.661,-45.446,3.136
4,-10.825,-14.759,3.791
2,-35.704,5.686,3.084
2,-23.293,-26.405,6.479
2,-17.105,19.440,2.392
2,30.664,4.682,-0.515
2,11.893,39.820,2.530
2,16.857,47.931,1.997
2,11.490,-32.648,3.233
4,22.864,-21.429,2.218
2,10.882,-43.047,4.333
2,-28.108,-30.109,5.772
2,-5.809,26.156,3.576
2,21.125,31.375,2.251
3,40.722,22.360,-0.091
2,12.978,3.995,0.226
2,3.662,36.683,2.640
4,13.363,-41.300,4.816
2,-31.561,10.491,1.471
2,6.586,-0.115,0.764
2,-3.627,-44.931,5.951
4,42.278,21.188,0.036
2,-10.200,32.704,2.960
2,9.995,16.529,0.626
2,39.878,-13.417,-2.201
2,-34.734,22.901,0.891
2,-6.779,24.004,3.435
2,6.908,45.451,1.341
2,-29.118,45.715,2.904
2,-38.717,33.972,1.865
2,-2.178,-19.942,2.701
4,-34.527,-3.813,5.687
2,-32.096,43.912,2.343
4,-42.343,-9.846,7.524
2,-32.878,-1.906,4.261
4,-34.859,-2.545,5.591
2,-16.898,-10.706,3.930
4,-13.242,-15.798,4.514
2,-5.662,-38.921,5.698
2,-8.248,4.606,2.714
2,-22.620,-3.783,3.355
2,-25.640,24.675,1.890
2,-27.255,25.974,2.119
2,7.171,10.521,0.447
2,-42.806,-15.262,7.005
2,47.878,35.742,0.869
2,18.731,21.762,1.837
2,42.356,20.144,-0.862
2,-41.805,5.147,4.215
2,-33.887,12.404,1.318
2,-1.020,49.113,0.395
2,-5.075,-30.421,3.996
6,11.711,-39.837,64.971
6,-28.213,-33.422,15.844
6,38.982,94.245,61.001
6,-22.298,29.906,16.825
6,-0.157,-12.079,31.203
6,3.838,-39.581,48.733
6,20.866,14.778,71.593
6,18.586,-21.623,13.653
6,29.018,13.666,47.670
6,-14.178,8.363,198.913
6,127.733,-53.487,122.653
6,-22.621,73.443,171.651
6,-41.788,32.066,178.562
6,2.980,-12.103,32.559
6,26.214,11.520,47.670
6,-31.224,-16.241,169.409
6,9.959,-39.204,60.711
6,-70.854,-43.614,51.608
6,81.675,-30.026,43.435
6,-56.930,26.204,42.697
6,-69.876,35.393,167.120
6,20.573,81.664,14.271
6,29.608,15.175,47.670
6,18.107,-40.582,53.774
6,-101.633,64.723,95.865
6,87.467,-44.019,47.828
6,-33.046,8.330,178.230
6,-10.429,76.649,53.573
6,-7.453,-99.053,19.039
6,31.856,13.754,47.670
6,17.894,-89.203,44.816
6,45.611,-90.848,45.442
6,-1.435,3.727,20.903
6,88.150,0.863,13.285
6,48.984,7.188,126.087
6,20.559,-24.724,176.599
6,29.617,10.678,47.670
6,9.929,7.671,189.771
6,43.024,-11.402,159.097
6,-75.375,-26.658,32.790
6,30.411,16.316,47.670
6,54.488,-23.163,9.138
6,4.612,-41.210,52.445
6,-4.440,-10.113,200.432
6,-108.227,114.443,28.562
6,-69.382,62.097,80.481
6,-12.070,-42.189,20.587
6,17.470,8.941,148.492
6,-14.816,-8.140,156.643
6,18.467,-22.166,13.147
6,16.851,15.470,141.880
6,30.404,11.540,47.670
6,26.984,13.006,47.670
6,-73.760,34.548,6.501
6,86.769,-1.534,37.466
6,18.694,-19.549,11.023
6,12.567,-39.989,117.941
6,6.055,-9.716,31.398
6,-72.588,-12.137,34.914
6,-90.900,22.130,21.727
6,13.629,-94.098,51.232
6,9.796,-46.858,52.123
6,9.815,-35.544,54.337
6,26.728,-80.196,17.164
6,-32.686,65.828,9.317
6,-42.719,-89.517,90.859
6,-25.437,12.636,89.232
6,31.044,9.975,47.670
6,-56.120,-37.533,15.580
6,-10.849,-43.876,20.316
6,-6.318,6.023,18.691
6,15.529,-36.054,164.894
6,-71.349,20.501,39.935
6,9.377,-31.955,49.350
6,9.583,-40.703,61.537
6,7.989,-40.671,59.491
6,7.479,55.141,42.064
6,25.651,11.659,46.959
6,-60.232,41.173,29.274
6,-2.082,-10.414,28.653
6,49.040,-37.640,92.551
6,25.462,13.535,46.962
6,29.654,16.498,47.670
6,-12.164,34.956,108.202
6,-56.765,48.078,17.508
6,2.524,89.028,26.201
6,-12.787,-44.747,15.582
6,27.410,15.852,47.670
6,-29.838,-15.908,131.920
6,-118.323,150.036,178.322
6,-17.923,32.026,20.438
6,13.300,-46.068,54.970
6,33.659,40.541,93.083
6,4.051,-10.085,34.229
6,-28.788,79.783,26.289
6,4.119,-7.003,31.480
6,26.532,8.382,125.143
6,-51.427,105.210,116.659
6,-3.834,4.204,22.957
6,51.528,10.535,51.598
6,-42.362,-30.918,147.773
6,92.828,-3.185,192.345
6,37.090,-88.315,44.881
6,16.399,79.547,10.793
6,-17.433,31.143,22.129
6,49.287,-9.002,131.032
6,6.090,-7.619,22.983
6,-25.561,-15.218,168.436
6,27.241,-49.896,184.704
6,88.997,-13.857,8.181
6,-95.009,1.025,13.067
6,57.350,-67.923,191.628
6,-10.821,14.256,193.571
6,-71.208,24.785,26.197
6,5.934,-44.582,44.957
6,-76.896,173.297,14.890
6,23.519,-52.667,12.869
6,-23.759,15.011,76.452
6,20.008,-19.733,9.223
6,72.280,21.394,49.767
6,16.603,-34.804,52.311
6,-79.505,-28.825,6.144
6,74.829,41.354,20.965
6,19.394,-17.936,4.127
6,-49.135,61.692,6.034
6,78.955,27.875,23.581
6,29.153,-14.527,1.369
6,16.417,-45.863,53.415
6,106.185,-18.414,20.942
6,-42.219,74.070,42.746
6,80.301,-6.538,47.349
6,-23.646,-34.243,21.152
6,13.150,-37.838,59.699
6,37.083,-28.393,190.019
6,1.771,118.350,17.291
6,20.025,29.199,93.530
6,-44.896,-70.387,48.538
6,32.587,15.104,47.670
6,-28.378,-34.353,19.939
6,25.965,85.737,45.745
6,74.216,-48.056,19.842
6,-52.853,-40.423,40.989
6,-48.871,-31.523,180.246
6,-57.406,25.516,41.243
6,-1.722,1.636,20.004
6,-5.105,96.432,58.387
6,25.708,14.453,46.961
6,18.974,2.629,104.527
6,-94.685,-43.849,53.091
6,22.073,77.070,22.659
6,38.055,-81.675,41.228
6,44.438,24.481,188.624
6,23.034,-71.609,32.911
6,6.212,-12.138,29.092
6,-90.732,-44.104,47.595
6,-45.154,13.542,117.477
6,-20.110,32.375,19.710
6,55.612,-13.403,16.523
6,-22.122,-11.588,110.982
6,-5.183,-24.831,84.213
6,-10.201,-72.038,28.657
6,7.219,-35.849,52.204
6,-32.001,-7.749,103.334
6,-4.230,5.048,21.027
6,-4.493,3.974,21.038
6,-101.008,31.099,195.430
6,13.071,-53.994,63.559
6,1.788,-9.358,37.047
6,76.915,38.678,22.122
6,-33.613,-2.115,142.862
6,57.243,3.778,37.684
6,-11.700,-41.550,21.697
6,-9.528,-14.503,187.996
6,29.266,9.287,46.950
6,-18.337,-30.421,100.387
6,11.967,-40.505,64.971
6,-1.681,5.233,19.288
6,20.962,-41.422,109.993
6,0.916,-60.309,44.209
6,-31.778,-19.436,77.403
6,-21.913,27.436,14.090
6,-26.085,-33.787,20.898
6,43.415,32.056,78.993
6,6.699,5.389,70.411
6,-49.413,18.221,80.669
6,98.726,35.731,57.581
6,10.009,22.327,186.391
6,26.872,-79.759,36.498
6,-24.418,-37.773,22.008
6,6.683,39.870,149.340
6,-10.872,-44.429,14.517
6,23.737,9.572,155.336
6,91.694,-3.949,5.953
6,-38.686,78.739,186.893
6,-94.986,20.578,14.550
6,45.417,-74.716,11.790
6,-109.802,-32.761,186.582
6,15.801,-46.282,53.600
6,-0.025,-10.083,33.829
6,16.694,-33.682,50.558
6,-8.305,-68.498,31.490
6,-24.732,-44.840,92.283
6,-22.399,-67.433,8.600
6,8.811,-19.732,188.564
6,12.169,-40.014,64.971
6,40.229,-32.256,94.873
6,-26.481,-17.029,104.724
6,4.051,-49.336,111.031
6,38.340,126.355,155.651
6,4.751,89.691,59.482
6,9.846,-37.931,59.494
6,-99.953,20.621,18.059
6,75.492,43.934,10.016
6,34.864,-66.808,13.194
6,7.944,-42.152,58.567
6,18.812,78.361,35.156
6,4.200,-5.943,29.613
6,17.825,-37.948,53.162
6,6.879,-44.995,178.971
6,30.367,15.015,47.670
6,14.096,-41.023,60.400
6,3.097,-14.366,26.642
6,-21.949,-35.558,16.492
6,-25.243,-11.193,74.328
6,72.775,26.571,10.726
6,54.942,-49.025,6.883
6,32.485,13.497,47.670
6,-71.000,47.848,14.718
6,158.921,161.927,74.384
6,147.914,-87.643,99.034
6,85.953,-22.013,55.778
6,50.978,47.227,50.727
6,-100.878,98.075,147.805
6,-20.926,-94.848,161.668
6,81.321,-41.705,36.399
6,18.010,-37.944,52.913
6,-12.292,74.935,59.990
6,2.032,-7.995,34.284
6,20.564,-42.235,113.326
6,12.496,37.686,158.731
6,-6.883,4.833,19.666
6,5.748,-35.611,51.969
6,16.740,-42.286,56.040
6,135.834,-83.710,198.660
6,64.162,0.073,24.535
6,19.255,49.330,25.466
6,-4.856,1.972,21.221
6,76.042,22.728,49.353
6,-25.734,-33.488,22.824
6,15.742,-18.489,4.028
6,-15.171,7.065,117.170
6,-34.986,-12.968,182.025
6,-100.042,116.528,63.801
6,-38.240,2.113,101.051
6,24.151,-94.801,27.813
6,-9.941,51.859,59.223
6,-39.254,-61.846,11.480
6,-28.388,88.794,5.419
6,-38.170,42.999,85.079
6,-37.512,69.595,20.544
6,-89.778,-9.222,28.533
6,26.863,-83.463,24.580
6,69.581,163.753,19.234
6,32.983,-77.169,26.121
6,-10.139,35.844,174.821
6,31.173,3.282,66.872
6,10.429,-48.820,48.046
6,-92.366,160.056,126.360
6,10.911,-30.925,178.250
6,18.634,-24.062,11.232
6,-50.226,-18.496,23.625
6,20.228,-61.930,56.429
6,65.067,20.845,6.457
6,79.270,-42.841,62.242
6,145.873,115.026,19.452
6,-26.378,-36.355,21.723
6,40.053,-78.568,10.368
6,47.978,-84.225,46.707
6,11.733,-42.167,61.764
6,-35.296,-41.915,82.257
6,50.312,15.932,24.147
6,-3.605,23.631,125.238
6,-55.936,-44.006,81.703
6,-48.175,6.898,154.865
6,-28.328,-18.224,118.056
6,42.622,-68.198,60.335
6,-44.241,-41.073,172.395
6,11.413,-37.974,85.381
6,39.964,-85.366,156.000
6,-60.306,114.663,168.898
6,-5.200,-26.672,152.764
6,174.993,98.268,128.676
6,-54.493,-33.655,38.560
6,-24.280,29.596,170.456
6,-2.218,2.999,21.248
6,-83.435,-0.529,36.228
6,-35.557,-55.064,21.903
6,1.924,-7.796,34.437
6,5.823,-38.860,54.906
6,-91.891,-47.399,38.731
6,-49.641,58.300,26.570
6,16.630,-24.413,6.280
6,-20.270,29.948,20.071
6,13.495,-42.131,61.327
6,-11.477,-39.867,20.841
6,-57.173,-26.811,38.355
6,89.442,46.214,19.847
6,-15.469,-68.388,54.042
6,-85.139,20.354,44.778
6,-20.033,-69.950,36.556
6,-95.500,-5.040,186.064
6,-15.938,-25.891,158.233
6,-17.691,27.518,17.105
6,10.358,3.067,148.337
6,10.133,148.984,7.960
6,17.736,-20.873,11.219
6,-1.630,31.763,196.279
6,-16.694,-38.937,178.108
6,20.355,-21.829,10.858
6,11.269,-44.044,59.744
6,14.549,-42.361,58.028
6,2.171,-9.203,37.047
6,-14.549,31.863,175.776
6,95.042,4.332,41.321
6,-55.412,-24.335,21.292
6,7.397,-21.368,185.572
6,14.099,-38.092,61.029
6,2.102,-5.916,30.323
6,-84.105,-2.022,35.175
6,30.316,76.583,48.416
6,65.200,-47.110,51.441
6,10.500,15.113,146.110
6,-3.437,24.077,96.079
6,155.676,-16.341,60.763
6,75.470,91.755,56.088
6,-44.435,-90.528,32.672
6,-18.797,30.418,24.419
6,-18.685,29.879,22.358
6,-113.914,32.975,73.280
6,-10.378,-5.836,81.372
6,81.704,31.444,54.392
6,-35.784,-48.948,68.289
6,10.897,-33.789,55.004
6,41.290,85.067,53.403
6,-62.028,16.401,64.524
6,-21.559,-37.880,17.095
6,-38.725,147.559,116.911
6,51.351,-25.573,35.458
6,-93.595,-87.825,76.269
6,110.677,158.951,122.707
6,-22.772,123.207,110.923
6,-23.982,-33.635,20.515
6,-43.710,12.780,192.128
6,1.814,-12.236,31.240
6,-15.145,-42.419,65.932
6,-28.144,158.048,188.334
6,91.876,-39.036,44.897
6,27.415,-16.539,113.377
6,42.882,40.292,151.820
6,32.265,16.147,95.749
6,-43.119,20.860,118.757
6,-26.069,48.925,189.387
6,-51.448,37.491,41.715
6,17.889,-19.858,9.074
6,9.555,60.985,90.611
6,1.793,-58.864,30.083
6,-31.292,-93.406,52.665
6,-62.713,1.715,44.558
6,23.460,26.491,127.264
6,16.316,-39.149,59.707
6,174.017,141.615,41.683
6,12.129,-35.002,55.051
6,-17.347,28.021,21.539
6,100.613,-77.987,67.712
6,-84.855,19.819,5.493
6,-18.976,32.059,22.011
6,-14.625,-40.217,19.570
6,1.830,-5.930,31.777
6,16.141,-46.049,53.562
6,-17.769,-60.939,59.230
6,24.816,58.329,25.483
6,9.597,-33.837,54.060
6,73.481,46.342,38.385
6,130.297,-27.921,5.803
6,-55.885,-17.052,14.077
6,-3.616,14.201,169.685
6,-28.831,-37.172,20.540
6,18.312,-39.444,52.957
6,15.174,-35.970,57.101
6,-37.932,87.602,33.379
6,-31.584,-65.262,39.175
6,42.422,73.264,30.901
6,-15.875,28.168,18.034
6,-7.132,-2.088,133.373
6,2.402,51.359,14.746
6,-84.905,28.655,55.921
6,-24.196,-38.189,19.277
6,10.001,36.914,114.053
6,-17.869,38.286,123.435
6,-42.046,-61.561,22.083
6,1.948,-14.301,30.143
6,32.040,-80.993,5.639
6,-81.988,166.704,171.455
6,72.254,-47.280,7.030
6,-23.791,30.752,165.643
6,-42.104,69.787,16.599
6,9.043,-42.073,60.004
6,-41.113,22.747,174.174
6,1.534,-99.622,13.991
6,-19.889,-15.797,138.031
6,-40.347,-41.781,131.339
6,81.376,13.139,56.210
6,-1.367,70.477,7.756
6,-39.885,-10.623,148.405
6,15.138,88.393,60.742
6,-9.796,-42.296,17.395
6,-7.489,43.837,134.450
6,83.587,12.036,51.320
6,-91.695,24.419,21.366
6,20.803,77.621,45.381
6,32.653,11.369,47.670
6,-15.530,33.104,201.308
6,-44.845,30.471,189.267
6,-99.182,26.110,62.681
6,18.034,-35.979,48.813
6,21.737,-45.469,194.270
6,-50.321,-20.542,154.162
6,-110.354,23.339,137.844
6,11.344,-35.814,58.444
6,5.736,-42.750,54.522
6,-42.450,-8.938,85.044
6,73.067,-40.307,53.176
6,5.299,-16.173,167.132
6,-5.343,7.568,18.744
6,16.952,-17.859,2.789
6,32.471,81.637,38.880
6,89.785,-43.306,19.168
6,-23.619,-31.629,14.796
6,-1.943,-8.466,178.580
6,173.783,7.720,3.319
6,12.303,-48.231,42.669
6,-9.851,-40.660,19.403
6,-13.809,76.597,5.410
6,3.658,-42.576,43.161
6,-54.300,31.600,61.141
6,0.263,4.495,12.263
6,-9.285,-39.423,15.199
6,-2.571,1.451,18.579
6,-6.063,3.878,20.884
6,-34.978,96.081,33.360
6,6.035,-10.186,30.278
6,5.849,-37.910,54.856
6,-101.374,-99.985,162.965
6,-26.155,-31.937,19.473
6,18.034,-45.245,48.905
6,-3.719,6.011,21.508
6,22.233,-21.762,5.952
6,-41.267,-28.234,172.599
6,90.462,-40.950,64.389
6,125.795,83.113,52.194
6,-27.794,-45.213,192.178
6,7.941,-46.383,46.008
6,-14.122,-39.793,15.584
6,-38.174,161.946,26.207
6,49.278,-19.979,144.466
6,-72.739,-27.209,60.506
6,13.251,-64.468,53.560
6,-99.821,144.373,44.695
6,-44.236,-35.865,89.722
6,36.960,-24.235,104.418
6,-19.376,27.771,19.426
6,97.842,-18.284,39.053
6,27.910,-25.088,87.280
6,28.727,-75.788,58.671
6,2.546,87.094,35.670
6,90.450,35.846,56.482
6,-36.269,-92.354,42.350
6,98.974,-2.647,18.617
6,-114.833,-39.013,159.911
6,-12.020,-39.973,18.666
6,45.723,-18.897,110.907
6,-81.547,49.649,7.809
6,16.141,-41.323,58.875
6,15.957,-23.829,7.445
6,49.540,12.884,110.307
6,-6.350,-94.268,191.519
6,9.912,-45.716,51.941
6,-48.041,-54.300,64.406
6,46.247,95.997,11.450
6,41.041,-11.188,125.030
6,-70.482,148.065,58.064
6,-23.095,-37.245,22.038
6,4.932,-12.136,30.932
6,-85.692,-42.407,6.319
6,21.021,-2.685,92.502
6,18.004,-46.097,36.708
6,-71.192,34.017,33.565
6,14.803,85.754,4.803
6,40.138,-66.114,58.399
6,-23.432,-58.780,62.951
6,15.878,-33.502,50.473
6,-23.963,6.026,76.051
6,-26.366,-38.770,20.597
6,-44.400,98.278,39.429
6,-27.417,94.558,57.229
6,7.786,-38.173,56.195
6,15.144,-44.081,57.632
6,31.721,-46.189,127.087
6,-2.045,-8.785,29.656
6,0.676,-50.682,57.624
6,-35.533,85.769,51.421
6,-0.621,-3.673,122.455
6,-14.691,41.966,120.051
6,-77.879,-9.659,40.677
6,12.216,-33.926,54.750
6,42.900,-43.665,68.842
6,33.502,42.891,170.481
6,126.558,1.673,44.355
6,23.220,61.589,48.837
6,32.626,-66.804,57.922
6,33.286,56.746,51.767
6,-46.810,23.757,147.576
6,69.301,-91.567,159.046
6,-25.381,21.357,72.623
6,58.444,171.360,96.145
6,-0.753,-5.918,29.986
6,49.037,16.391,158.933
6,-2.307,30.868,65.534
6,-51.947,3.714,38.481
6,-87.333,147.093,52.442
6,10.993,-64.707,59.745
6,75.199,-2.259,42.206
6,-2.689,-12.144,20.428
6,-4.003,19.888,169.418
6,-57.517,-16.487,48.896
6,-47.391,76.217,17.854
6,3.404,-11.517,127.407
6,-107.383,-91.133,150.797
6,75.985,-13.227,14.673
6,-30.226,97.609,25.440
6,5.817,-46.022,44.493
6,18.787,-42.072,52.962
6,-0.267,-7.353,32.654
6,13.516,-44.066,58.450
6,59.160,-43.238,49.048
6,4.740,-71.841,21.417
6,7.433,-36.992,56.508
6,-99.023,36.895,11.434
6,7.304,-70.755,46.679
6,131.061,133.979,118.848
6,-5.679,117.515,101.102
6,-5.849,41.669,125.719
6,72.534,-22.431,34.065
6,-29.605,30.435,184.540
6,10.191,-47.442,77.379
6,-25.121,-35.091,22.778
6,4.054,-9.995,34.228
6,66.540,-16.162,10.512
6,88.575,-71.710,190.669
6,-61.405,29.771,19.868
6,15.726,-20.681,7.747
6,-88.065,-40.157,25.504
6,-86.254,-32.731,72.980
6,3.405,-21.132,117.402
6,21.098,88.996,20.222
6,8.307,84.410,57.606
6,-24.116,95.012,59.105
6,-24.165,90.767,22.323
6,-20.538,31.101,151.243
6,-13.242,56.583,58.624
6,27.571,16.587,47.670
6,-18.331,-13.202,72.547
6,1.235,-77.999,38.290
6,-12.808,-41.773,20.238
6,-4.275,-7.136,200.404
6,17.765,-22.504,11.344
6,-23.241,-23.385,152.877
6,113.594,110.626,14.634
6,3.522,81.311,47.638
6,53.860,22.365,15.995
6,20.114,-23.367,11.122
6,-30.158,-54.663,45.498
6,33.125,34.263,184.508
6,20.293,-92.748,11.410
6,-64.882,34.768,19.567
6,-71.621,-20.732,42.025
6,37.347,-53.650,13.180
6,119.859,19.492,59.782
6,51.267,33.791,58.724
6,113.524,-5.068,191.237
6,43.369,38.003,103.665
6,-47.441,-10.793,197.175
6,-23.076,-38.161,12.846
6,-26.307,-12.766,149.402
6,-24.564,-31.559,16.430
6,1.735,-10.299,35.885
6,172.555,-28.439,148.841
6,-75.745,44.643,40.970
6,43.856,-20.992,130.721
6,-90.416,-13.357,12.115
6,2.250,68.526,7.884
6,-20.939,-33.759,19.408
6,4.014,-14.094,23.055
6,121.022,-33.984,163.390
6,-26.387,-34.456,22.311
6,-25.096,-75.813,51.707
6,39.882,-24.409,142.560
